{"type":"FeatureCollection","features":[{"type":"Feature","properties":{"t":"lac","km":8.0,"nom":"涸沼"},"geometry":{"type":"MultiPolygon","coordinates":[[[[140.5273,36.2915],[140.529,36.2945],[140.5288,36.2953],[140.5297,36.2958],[140.5318,36.2995],[140.5322,36.3025],[140.536,36.3057],[140.5375,36.3064],[140.5378,36.3059],[140.5358,36.3047],[140.5333,36.3018],[140.5344,36.3026],[140.5344,36.3009],[140.5338,36.3011],[140.5346,36.3001],[140.5346,36.2986],[140.532,36.2859],[140.5324,36.2792],[140.5312,36.2761],[140.5259,36.2703],[140.5225,36.2703],[140.5214,36.2693],[140.5186,36.2698],[140.5147,36.2695],[140.5116,36.2685],[140.5082,36.2689],[140.5083,36.2693],[140.4996,36.2694],[140.4977,36.2699],[140.4915,36.269],[140.4883,36.2696],[140.4832,36.2724],[140.4826,36.2719],[140.4821,36.269],[140.4795,36.2681],[140.4758,36.2692],[140.4729,36.2686],[140.4627,36.2695],[140.4628,36.2706],[140.4654,36.2734],[140.4665,36.2737],[140.466,36.2747],[140.4721,36.2789],[140.4758,36.279],[140.4796,36.2768],[140.4799,36.2795],[140.4856,36.2823],[140.4899,36.2812],[140.4915,36.2826],[140.4939,36.283],[140.5019,36.2821],[140.5058,36.2841],[140.506,36.2856],[140.5076,36.2861],[140.5108,36.2837],[140.5145,36.2847],[140.5168,36.2865],[140.5213,36.2849],[140.5228,36.285],[140.5241,36.2858],[140.5273,36.2915]]]]}},{"type":"Feature","properties":{"t":"lac","km":17.0,"nom":"支笏湖"},"geometry":{"type":"MultiPolygon","coordinates":[[[[141.331,42.8034],[141.3367,42.8039],[141.3443,42.8032],[141.3588,42.7984],[141.3691,42.793],[141.3874,42.7809],[141.3927,42.7793],[141.3947,42.7771],[141.399,42.7764],[141.4015,42.7742],[141.4033,42.7714],[141.4023,42.7695],[141.4029,42.7677],[141.4017,42.7654],[141.4016,42.7589],[141.4028,42.7571],[141.4027,42.7545],[141.4043,42.751],[141.4068,42.7494],[141.4085,42.7473],[141.4086,42.7455],[141.4078,42.7439],[141.4058,42.743],[141.402,42.743],[141.393,42.7412],[141.3854,42.7415],[141.3811,42.7401],[141.3746,42.7358],[141.3705,42.7374],[141.3666,42.7367],[141.3637,42.7369],[141.3587,42.7383],[141.3558,42.7375],[141.3522,42.7375],[141.3499,42.7359],[141.3476,42.7359],[141.3425,42.7344],[141.3383,42.7322],[141.3351,42.7283],[141.3323,42.7269],[141.3304,42.7246],[141.3297,42.7224],[141.3264,42.7188],[141.3215,42.7176],[141.3185,42.7157],[141.3121,42.7098],[141.3077,42.7079],[141.303,42.7044],[141.297,42.7038],[141.2925,42.7051],[141.2866,42.7091],[141.2854,42.7109],[141.2805,42.7121],[141.2765,42.7141],[141.2744,42.714],[141.2685,42.7169],[141.264,42.72],[141.2623,42.722],[141.2624,42.7231],[141.2669,42.7281],[141.2669,42.7301],[141.2648,42.7314],[141.2619,42.7352],[141.2584,42.7378],[141.2579,42.7387],[141.2581,42.7409],[141.2557,42.743],[141.2556,42.7437],[141.2545,42.744],[141.2521,42.7493],[141.2523,42.7504],[141.2514,42.7521],[141.2522,42.754],[141.2539,42.755],[141.2547,42.7575],[141.2548,42.7617],[141.2576,42.7659],[141.2606,42.7683],[141.2644,42.7703],[141.2691,42.7697],[141.2736,42.7712],[141.2786,42.7699],[141.281,42.7705],[141.2823,42.7693],[141.2827,42.7672],[141.282,42.7662],[141.283,42.7656],[141.2895,42.7686],[141.2919,42.7673],[141.2938,42.7671],[141.2979,42.7689],[141.3036,42.7689],[141.3048,42.771],[141.3032,42.7734],[141.3036,42.7753],[141.3049,42.7766],[141.3081,42.7771],[141.3098,42.7782],[141.3114,42.7809],[141.313,42.7819],[141.3144,42.7856],[141.3132,42.7875],[141.3144,42.789],[141.3171,42.7915],[141.3235,42.7947],[141.3239,42.7968],[141.3259,42.7983],[141.3281,42.8023],[141.331,42.8034]]]]}},{"type":"Feature","properties":{"t":"lac","km":4.3,"nom":"法皇湖"},"geometry":{"type":"MultiPolygon","coordinates":[[[[133.4677,33.8678],[133.4676,33.8651],[133.4628,33.8651],[133.4616,33.8665],[133.4588,33.866],[133.4572,33.8667],[133.4575,33.8645],[133.4569,33.8643],[133.4544,33.8654],[133.4495,33.8644],[133.4463,33.8648],[133.4461,33.8639],[133.4465,33.8647],[133.4475,33.8641],[133.4529,33.8646],[133.453,33.864],[133.453,33.8646],[133.4545,33.8649],[133.4575,33.8637],[133.4583,33.8648],[133.4578,33.8657],[133.4611,33.8654],[133.462,33.8642],[133.4614,33.8635],[133.4641,33.8632],[133.4711,33.8639],[133.473,33.8626],[133.4764,33.862],[133.4773,33.8611],[133.4767,33.8624],[133.4735,33.8632],[133.4714,33.8656],[133.4715,33.8664],[133.4701,33.8672],[133.471,33.8688],[133.4707,33.8701],[133.4721,33.8689],[133.4747,33.8686],[133.4756,33.8704],[133.476,33.8701],[133.4761,33.8708],[133.4781,33.872],[133.4771,33.8732],[133.4813,33.8736],[133.4823,33.8745],[133.4836,33.8737],[133.483,33.8751],[133.4819,33.8757],[133.4834,33.8765],[133.4805,33.8768],[133.48,33.8775],[133.4816,33.8797],[133.48,33.8827],[133.4809,33.8833],[133.4785,33.8834],[133.4778,33.8819],[133.4787,33.8799],[133.4783,33.8787],[133.4775,33.8785],[133.4768,33.8762],[133.4733,33.876],[133.4734,33.8745],[133.4727,33.8732],[133.4735,33.8723],[133.4717,33.8716],[133.4695,33.8727],[133.4682,33.8725],[133.4694,33.8719],[133.4684,33.8704],[133.4696,33.8689],[133.4677,33.8678]]]]}},{"type":"Feature","properties":{"t":"lac","km":3.8,"nom":"千丈寺湖"},"geometry":{"type":"MultiPolygon","coordinates":[[[[135.2075,34.9345],[135.2065,34.9364],[135.2083,34.9365],[135.2082,34.9387],[135.2061,34.9395],[135.2053,34.9414],[135.2059,34.942],[135.2068,34.9416],[135.208,34.9429],[135.2066,34.9433],[135.206,34.9444],[135.2057,34.9456],[135.2064,34.9468],[135.2053,34.948],[135.2061,34.9496],[135.2056,34.952],[135.2032,34.9548],[135.2026,34.9576],[135.2033,34.956],[135.2047,34.9557],[135.2071,34.9535],[135.208,34.9512],[135.2069,34.9499],[135.2079,34.9493],[135.2078,34.9485],[135.2106,34.9488],[135.2114,34.9482],[135.2109,34.9473],[135.2119,34.946],[135.211,34.945],[135.2113,34.9441],[135.2105,34.944],[135.2101,34.9433],[135.2089,34.9388],[135.2093,34.9364],[135.2105,34.9363],[135.2108,34.9375],[135.2118,34.9359],[135.2129,34.9367],[135.2158,34.935],[135.2169,34.9355],[135.2166,34.9365],[135.218,34.9383],[135.2172,34.9367],[135.2174,34.9361],[135.222,34.9354],[135.2222,34.9365],[135.2226,34.9357],[135.2243,34.9362],[135.2254,34.9398],[135.2271,34.9403],[135.2278,34.9368],[135.2312,34.9348],[135.2281,34.9358],[135.2251,34.9354],[135.225,34.9346],[135.2221,34.9336],[135.2174,34.9337],[135.2169,34.9327],[135.216,34.9335],[135.2143,34.9335],[135.214,34.9322],[135.2123,34.9343],[135.2116,34.9343],[135.2114,34.9334],[135.2109,34.9345],[135.2081,34.9334],[135.207,34.9341],[135.2075,34.9345]]]]}},{"type":"Feature","properties":{"t":"lac","km":7.0,"nom":"塘路湖"},"geometry":{"type":"MultiPolygon","coordinates":[[[[144.5141,43.1507],[144.514,43.1512],[144.512,43.1513],[144.5109,43.1533],[144.5084,43.1532],[144.507,43.155],[144.5057,43.1551],[144.5044,43.156],[144.5027,43.1547],[144.5015,43.1569],[144.5023,43.1571],[144.5002,43.1583],[144.4991,43.1598],[144.4999,43.1617],[144.4989,43.1627],[144.4992,43.1631],[144.5088,43.162],[144.5108,43.1602],[144.5129,43.156],[144.5147,43.1576],[144.5166,43.1582],[144.5196,43.1568],[144.5222,43.157],[144.5241,43.1558],[144.5265,43.1558],[144.528,43.153],[144.532,43.1489],[144.5323,43.1499],[144.5336,43.15],[144.5354,43.1488],[144.5394,43.1482],[144.5405,43.1471],[144.5409,43.149],[144.5429,43.1498],[144.5445,43.1529],[144.5472,43.1542],[144.5536,43.1536],[144.5571,43.1544],[144.563,43.1527],[144.5682,43.1548],[144.5706,43.1548],[144.5735,43.1536],[144.5754,43.1512],[144.5763,43.1452],[144.5771,43.1427],[144.5785,43.1414],[144.5785,43.1402],[144.578,43.139],[144.5772,43.1387],[144.5759,43.1399],[144.5733,43.1403],[144.5731,43.1415],[144.5695,43.141],[144.5658,43.1417],[144.5623,43.1431],[144.5582,43.1461],[144.5571,43.1462],[144.5541,43.1455],[144.5518,43.1421],[144.5505,43.1416],[144.548,43.1412],[144.5456,43.1421],[144.5391,43.1403],[144.5334,43.1425],[144.5313,43.1448],[144.5294,43.1444],[144.5269,43.1455],[144.526,43.1474],[144.5223,43.1471],[144.5215,43.1496],[144.5219,43.151],[144.5197,43.1503],[144.5176,43.1508],[144.5172,43.1516],[144.5141,43.1507]]]]}},{"type":"Feature","properties":{"t":"lac","km":6.8,"nom":"コムケ湖"},"geometry":{"type":"MultiPolygon","coordinates":[[[[143.5117,44.2683],[143.5148,44.2674],[143.5162,44.2646],[143.5148,44.2636],[143.516,44.2629],[143.5158,44.2636],[143.5164,44.2637],[143.517,44.2619],[143.5182,44.2558],[143.5166,44.2502],[143.5148,44.2484],[143.5109,44.2472],[143.5083,44.2471],[143.5068,44.2478],[143.505,44.2472],[143.5023,44.2476],[143.5003,44.2484],[143.4993,44.2524],[143.4978,44.2538],[143.4917,44.2549],[143.4867,44.2551],[143.4885,44.2571],[143.4941,44.2602],[143.4941,44.262],[143.4915,44.2644],[143.4927,44.2641],[143.4938,44.2653],[143.4965,44.2661],[143.5027,44.2662],[143.506,44.2683],[143.5061,44.2695],[143.5031,44.27],[143.4964,44.2734],[143.4941,44.2738],[143.4886,44.2727],[143.4873,44.273],[143.4842,44.2719],[143.4826,44.275],[143.4834,44.2783],[143.4796,44.2788],[143.4781,44.2804],[143.4771,44.2802],[143.4728,44.2764],[143.4683,44.2745],[143.4678,44.2819],[143.4633,44.2845],[143.4583,44.2849],[143.4568,44.2861],[143.4566,44.2889],[143.4578,44.2887],[143.4595,44.2854],[143.4631,44.2851],[143.4696,44.2822],[143.4716,44.282],[143.4737,44.2827],[143.4744,44.2819],[143.4805,44.2799],[143.4817,44.2788],[143.4837,44.2785],[143.4893,44.2758],[143.4973,44.2734],[143.5036,44.2701],[143.5057,44.2703],[143.5071,44.2694],[143.5117,44.2683]]]]}},{"type":"Feature","properties":{"t":"lac","km":4.4,"nom":"パンケトー"},"geometry":{"type":"MultiPolygon","coordinates":[[[[144.1795,43.4752],[144.1782,43.4758],[144.1798,43.4764],[144.1811,43.4783],[144.179,43.481],[144.1706,43.4827],[144.1676,43.4818],[144.1667,43.4799],[144.1639,43.4808],[144.1647,43.4821],[144.1641,43.4831],[144.1608,43.4852],[144.1589,43.4855],[144.1583,43.4873],[144.1561,43.4888],[144.161,43.4899],[144.1634,43.4916],[144.1667,43.4923],[144.1713,43.4909],[144.1739,43.491],[144.1745,43.4862],[144.1796,43.4867],[144.1826,43.4845],[144.1863,43.4856],[144.1914,43.4857],[144.1911,43.484],[144.1927,43.4804],[144.1949,43.4791],[144.1935,43.4763],[144.1989,43.4776],[144.2013,43.4788],[144.2021,43.4781],[144.2017,43.4774],[144.2021,43.4762],[144.1971,43.475],[144.1925,43.4716],[144.1886,43.4715],[144.1903,43.4744],[144.1874,43.4761],[144.184,43.4771],[144.1805,43.4758],[144.1814,43.4746],[144.1811,43.4739],[144.1795,43.4752]]]]}},{"type":"Feature","properties":{"t":"lac","km":5.1,"nom":"加茂湖"},"geometry":{"type":"MultiPolygon","coordinates":[[[[138.4236,38.0806],[138.4241,38.0811],[138.4241,38.0824],[138.4262,38.0819],[138.4269,38.0824],[138.4254,38.0851],[138.429,38.086],[138.4318,38.0838],[138.4323,38.0825],[138.4342,38.0824],[138.4337,38.081],[138.4343,38.0808],[138.4334,38.0801],[138.4344,38.079],[138.4357,38.0792],[138.4363,38.0781],[138.4371,38.0784],[138.4389,38.0769],[138.4386,38.0764],[138.4396,38.0761],[138.4397,38.0749],[138.441,38.0738],[138.4419,38.0741],[138.4411,38.071],[138.4383,38.0684],[138.4379,38.0667],[138.4397,38.0648],[138.4429,38.063],[138.4438,38.061],[138.4452,38.06],[138.4476,38.0568],[138.4469,38.0527],[138.4441,38.0499],[138.4435,38.048],[138.4444,38.0467],[138.4437,38.0462],[138.4416,38.0461],[138.441,38.045],[138.4386,38.047],[138.4385,38.0493],[138.4374,38.0512],[138.4382,38.0521],[138.4379,38.0531],[138.4399,38.054],[138.4389,38.0557],[138.4371,38.0565],[138.4353,38.056],[138.4351,38.0565],[138.4323,38.0561],[138.431,38.0534],[138.4302,38.0532],[138.4279,38.0539],[138.4294,38.0554],[138.429,38.0565],[138.4214,38.0592],[138.4221,38.0602],[138.4263,38.0603],[138.4272,38.0611],[138.4288,38.0605],[138.4288,38.0616],[138.4276,38.0622],[138.4284,38.0627],[138.4309,38.0619],[138.4303,38.0638],[138.4292,38.0648],[138.4298,38.066],[138.4277,38.0675],[138.4256,38.0674],[138.4241,38.0648],[138.4212,38.0634],[138.4243,38.0684],[138.424,38.0702],[138.4225,38.0718],[138.4227,38.0738],[138.4222,38.0742],[138.4228,38.076],[138.4236,38.0761],[138.4235,38.0779],[138.4249,38.0787],[138.4255,38.0803],[138.4239,38.0801],[138.4236,38.0806]]]]}},{"type":"Feature","properties":{"t":"lac","km":7.1,"nom":"手賀沼"},"geometry":{"type":"MultiPolygon","coordinates":[[[[140.021,35.8587],[140.0152,35.8586],[140.01,35.86],[140.01,35.8592],[140.0067,35.8587],[140.006,35.8604],[140.0041,35.8593],[140.0043,35.8608],[140.0028,35.8613],[139.9993,35.8645],[139.9962,35.8656],[139.993,35.8657],[139.9949,35.866],[139.9945,35.8667],[139.9923,35.8667],[139.9925,35.8681],[139.9938,35.8694],[140.0032,35.866],[140.0051,35.8661],[140.009,35.865],[140.0145,35.8654],[140.0146,35.8642],[140.0169,35.8632],[140.0219,35.8631],[140.0252,35.8614],[140.0264,35.8622],[140.027,35.8617],[140.0267,35.8613],[140.0271,35.8617],[140.031,35.8592],[140.036,35.859],[140.0383,35.8615],[140.0417,35.8617],[140.0464,35.8599],[140.0506,35.8561],[140.0594,35.8554],[140.0592,35.8548],[140.0599,35.8554],[140.0621,35.8552],[140.0655,35.8502],[140.0627,35.8499],[140.0582,35.8471],[140.0547,35.8462],[140.053,35.8486],[140.0492,35.8521],[140.0424,35.8573],[140.0395,35.8575],[140.0369,35.8568],[140.036,35.8557],[140.0327,35.8539],[140.031,35.8537],[140.0259,35.8586],[140.021,35.8587]]]]}},{"type":"Feature","properties":{"t":"lac","km":4.8,"nom":"伊豆沼"},"geometry":{"type":"MultiPolygon","coordinates":[[[[141.1274,38.7201],[141.1271,38.7173],[141.1262,38.7155],[141.1216,38.7153],[141.1199,38.7155],[141.1185,38.7165],[141.1171,38.7163],[141.1114,38.7137],[141.1097,38.7116],[141.1034,38.7099],[141.1023,38.7138],[141.0958,38.7161],[141.0911,38.7149],[141.0879,38.7181],[141.08,38.7222],[141.0785,38.7224],[141.0782,38.7234],[141.0761,38.7225],[141.0753,38.7252],[141.081,38.7256],[141.0916,38.7214],[141.0962,38.7227],[141.1044,38.7232],[141.1049,38.7244],[141.1074,38.7245],[141.1274,38.7201]]]]}},{"type":"Feature","properties":{"t":"lac","km":7.4,"nom":"御所湖"},"geometry":{"type":"MultiPolygon","coordinates":[[[[140.981,39.681],[140.9812,39.6814],[140.9793,39.6821],[140.9796,39.6827],[140.9821,39.6821],[140.9811,39.6835],[140.9857,39.6844],[140.9872,39.6824],[140.9899,39.6804],[140.99,39.6783],[140.9916,39.6752],[140.9923,39.6748],[140.9935,39.6753],[140.9937,39.6764],[140.9916,39.6797],[140.9916,39.682],[140.9959,39.6822],[140.9987,39.6792],[140.9967,39.6763],[140.9966,39.675],[140.9988,39.6742],[141.0117,39.6791],[141.0168,39.6824],[141.0185,39.6828],[141.0178,39.6831],[141.0181,39.6836],[141.0194,39.6834],[141.0217,39.6845],[141.0273,39.6921],[141.0295,39.6934],[141.0304,39.6936],[141.0309,39.6923],[141.0319,39.6916],[141.0322,39.6891],[141.0352,39.6872],[141.0329,39.6877],[141.0318,39.6858],[141.0265,39.6822],[141.0256,39.6805],[141.0219,39.6773],[141.0206,39.6774],[141.0199,39.6764],[141.0194,39.6767],[141.0167,39.6749],[141.0116,39.6731],[141.0124,39.6721],[141.0115,39.6711],[141.0107,39.6727],[141.0063,39.6699],[140.9994,39.668],[140.9972,39.6655],[140.9959,39.6653],[140.9972,39.6641],[140.9963,39.6633],[140.9953,39.6607],[140.9966,39.6593],[140.9952,39.6585],[140.9938,39.6585],[140.9951,39.6592],[140.9935,39.6614],[140.9948,39.664],[140.9937,39.6648],[140.9933,39.6663],[140.992,39.6661],[140.9928,39.668],[140.9918,39.6678],[140.9888,39.6653],[140.9819,39.6659],[140.9806,39.6633],[140.9813,39.6622],[140.9783,39.6639],[140.9757,39.6637],[140.9741,39.6645],[140.9719,39.6641],[140.9616,39.6655],[140.9628,39.666],[140.9674,39.6658],[140.9692,39.665],[140.9737,39.6654],[140.9744,39.6657],[140.9744,39.6666],[140.9764,39.6662],[140.9781,39.6667],[140.9792,39.6678],[140.9822,39.6687],[140.9855,39.6711],[140.9894,39.6719],[140.9867,39.6761],[140.9815,39.6804],[140.9783,39.6818],[140.981,39.681]]]]}},{"type":"Feature","properties":{"t":"lac","km":5.6,"nom":"月山湖"},"geometry":{"type":"MultiPolygon","coordinates":[[[[139.9966,38.4584],[139.9973,38.4571],[139.9975,38.4533],[139.9986,38.4517],[140.0017,38.4522],[140.0019,38.4512],[140.0036,38.4534],[140.0057,38.4535],[140.0075,38.4527],[140.0106,38.4529],[140.0111,38.4538],[140.0123,38.4541],[140.0117,38.4556],[140.015,38.4564],[140.0169,38.455],[140.0178,38.4553],[140.0209,38.4536],[140.0219,38.4523],[140.0231,38.4546],[140.0242,38.4542],[140.0258,38.4556],[140.0327,38.455],[140.0339,38.4563],[140.0359,38.4568],[140.0378,38.4559],[140.04,38.4534],[140.0376,38.4534],[140.037,38.452],[140.0359,38.4521],[140.0344,38.4514],[140.0326,38.4514],[140.0315,38.4527],[140.0289,38.4525],[140.0285,38.4512],[140.0264,38.4492],[140.0267,38.4487],[140.0251,38.448],[140.0249,38.4486],[140.0237,38.4485],[140.0237,38.4493],[140.0221,38.4497],[140.0202,38.4494],[140.0198,38.4486],[140.0164,38.4509],[140.0161,38.4488],[140.0154,38.4479],[140.0143,38.4477],[140.014,38.4489],[140.0131,38.4462],[140.011,38.4493],[140.01,38.4498],[140.0089,38.4487],[140.0082,38.4488],[140.0084,38.4493],[140.0066,38.4491],[140.0059,38.4509],[140.005,38.4509],[140.0049,38.4494],[140.0037,38.4493],[140.0026,38.4483],[140.0009,38.4491],[140.0001,38.4488],[139.9979,38.4503],[139.9972,38.4492],[139.997,38.4465],[139.9958,38.4462],[139.9954,38.445],[139.998,38.4404],[139.998,38.4376],[139.9986,38.4359],[139.996,38.4309],[139.9952,38.4272],[139.9956,38.4263],[139.9946,38.426],[139.9945,38.4304],[139.9965,38.4337],[139.9945,38.4365],[139.9948,38.438],[139.9933,38.4419],[139.9926,38.4467],[139.9949,38.4487],[139.9954,38.4507],[139.9969,38.451],[139.9968,38.4516],[139.9941,38.452],[139.9965,38.4521],[139.9953,38.4535],[139.9964,38.4574],[139.9959,38.4582],[139.9949,38.4584],[139.9952,38.4599],[139.9966,38.4584]]]]}},{"type":"Feature","properties":{"t":"lac","km":8.0,"nom":"印旛沼"},"geometry":{"type":"MultiPolygon","coordinates":[[[[140.1448,35.7635],[140.1485,35.7641],[140.1543,35.759],[140.1685,35.7501],[140.1737,35.7492],[140.1803,35.7493],[140.181,35.7505],[140.1813,35.7491],[140.1858,35.7504],[140.1991,35.7625],[140.2025,35.7671],[140.2058,35.7703],[140.2083,35.7702],[140.211,35.7691],[140.2234,35.7609],[140.2249,35.7593],[140.223,35.7556],[140.2214,35.7554],[140.2187,35.7564],[140.216,35.7586],[140.2155,35.7608],[140.2109,35.7629],[140.2093,35.7632],[140.2046,35.7613],[140.2034,35.7604],[140.2012,35.7544],[140.1991,35.751],[140.1996,35.7504],[140.1987,35.7474],[140.1991,35.7463],[140.2041,35.7429],[140.2041,35.7418],[140.2032,35.7407],[140.2022,35.7418],[140.1998,35.7429],[140.2004,35.7433],[140.1978,35.7434],[140.1942,35.7414],[140.1908,35.7408],[140.191,35.74],[140.1907,35.7407],[140.1892,35.7399],[140.186,35.741],[140.1805,35.7454],[140.18,35.7466],[140.1795,35.7462],[140.1803,35.7455],[140.1795,35.7461],[140.18,35.7486],[140.1792,35.7483],[140.1787,35.7467],[140.168,35.7487],[140.1508,35.7596],[140.148,35.7635],[140.1448,35.7635]]]]}},{"type":"Feature","properties":{"t":"lac","km":5.5,"nom":"印旛沼"},"geometry":{"type":"MultiPolygon","coordinates":[[[[140.2489,35.7925],[140.2496,35.7932],[140.248,35.7947],[140.2411,35.7981],[140.2323,35.8007],[140.2322,35.8015],[140.2362,35.8045],[140.2371,35.8039],[140.237,35.8056],[140.2381,35.8065],[140.2478,35.809],[140.2504,35.809],[140.251,35.8096],[140.2577,35.8111],[140.2606,35.8094],[140.2623,35.8066],[140.263,35.8065],[140.2626,35.806],[140.2642,35.804],[140.2642,35.8026],[140.2604,35.7972],[140.2542,35.7933],[140.2528,35.7916],[140.2503,35.7926],[140.2498,35.792],[140.251,35.7913],[140.2514,35.79],[140.2505,35.7885],[140.2512,35.786],[140.2556,35.7837],[140.2564,35.7838],[140.2559,35.7834],[140.2597,35.7816],[140.2615,35.7797],[140.2616,35.7768],[140.2623,35.775],[140.2623,35.773],[140.2616,35.7721],[140.2625,35.7698],[140.2588,35.7696],[140.2568,35.7707],[140.258,35.7731],[140.2576,35.7749],[140.2583,35.7754],[140.2582,35.7762],[140.2563,35.7768],[140.255,35.7784],[140.253,35.7786],[140.2526,35.7794],[140.2533,35.7801],[140.2526,35.7806],[140.2528,35.7813],[140.2501,35.7834],[140.2505,35.7844],[140.2493,35.7854],[140.2483,35.7893],[140.2461,35.7899],[140.2489,35.7925]]]]}},{"type":"Feature","properties":{"t":"lac","km":5.6,"nom":"河北潟"},"geometry":{"type":"MultiPolygon","coordinates":[[[[136.6509,36.661],[136.654,36.6593],[136.6602,36.6594],[136.6921,36.6535],[136.6926,36.6508],[136.6876,36.6512],[136.6859,36.6498],[136.6866,36.6481],[136.6715,36.6427],[136.6717,36.6356],[136.6693,36.6359],[136.6681,36.6367],[136.6666,36.6356],[136.6678,36.6387],[136.6669,36.6375],[136.6673,36.6389],[136.6663,36.638],[136.6658,36.6363],[136.665,36.6365],[136.6676,36.6417],[136.6663,36.6451],[136.6616,36.6467],[136.6591,36.6456],[136.656,36.6487],[136.653,36.6493],[136.6555,36.6569],[136.6482,36.6613],[136.6428,36.6654],[136.6436,36.6662],[136.6509,36.661]]]]}},{"type":"Feature","properties":{"t":"lac","km":5.8,"nom":"北潟湖"},"geometry":{"type":"MultiPolygon","coordinates":[[[[136.2151,36.2533],[136.2135,36.2527],[136.2129,36.2533],[136.2132,36.2536],[136.2127,36.2535],[136.2177,36.2579],[136.2188,36.2581],[136.2212,36.26],[136.224,36.2588],[136.2266,36.2622],[136.2297,36.2624],[136.2292,36.2628],[136.2303,36.2633],[136.2312,36.2651],[136.2308,36.2666],[136.2324,36.2673],[136.2323,36.2691],[136.2348,36.2696],[136.2357,36.2718],[136.2401,36.2738],[136.2417,36.2756],[136.2416,36.2767],[136.2431,36.2768],[136.245,36.2759],[136.2467,36.2762],[136.2465,36.2777],[136.2483,36.279],[136.2484,36.2801],[136.2507,36.2815],[136.2511,36.2827],[136.2499,36.285],[136.2482,36.2863],[136.2489,36.2876],[136.2482,36.2879],[136.2479,36.2922],[136.2505,36.2926],[136.252,36.2921],[136.2524,36.2908],[136.2503,36.2885],[136.249,36.2879],[136.251,36.2853],[136.2533,36.2847],[136.2536,36.2829],[136.2522,36.2803],[136.2512,36.2797],[136.2502,36.2773],[136.2483,36.2772],[136.2473,36.2755],[136.245,36.2737],[136.2435,36.2646],[136.241,36.264],[136.2366,36.2668],[136.2348,36.267],[136.2344,36.2665],[136.2349,36.2656],[136.233,36.2653],[136.2333,36.2637],[136.2323,36.2623],[136.2297,36.262],[136.2347,36.2595],[136.2338,36.2592],[136.233,36.2569],[136.2312,36.2565],[136.2304,36.2539],[136.2287,36.2537],[136.2268,36.2523],[136.2232,36.2522],[136.2243,36.2539],[136.2258,36.2545],[136.2264,36.2558],[136.2295,36.2573],[136.2289,36.2584],[136.2299,36.2599],[136.2272,36.2608],[136.2272,36.2595],[136.2248,36.2593],[136.225,36.2586],[136.2234,36.2573],[136.2222,36.2572],[136.2215,36.2596],[136.2208,36.2596],[136.2199,36.2581],[136.2185,36.2579],[136.2168,36.2566],[136.2151,36.2533]]]]}},{"type":"Feature","properties":{"t":"lac","km":4.1,"nom":"水月湖"},"geometry":{"type":"MultiPolygon","coordinates":[[[[135.8934,35.5852],[135.8907,35.5801],[135.8904,35.5775],[135.8898,35.5768],[135.8878,35.5761],[135.8863,35.5765],[135.8782,35.5758],[135.878,35.5779],[135.8767,35.5787],[135.872,35.5783],[135.8704,35.5797],[135.8701,35.5815],[135.8675,35.5853],[135.8643,35.5878],[135.8665,35.5888],[135.8672,35.5904],[135.8692,35.5917],[135.8736,35.5879],[135.8778,35.5885],[135.8773,35.5905],[135.8754,35.5925],[135.8765,35.5941],[135.8767,35.5963],[135.879,35.5996],[135.8793,35.6013],[135.881,35.6018],[135.8831,35.6003],[135.883,35.5982],[135.8848,35.5971],[135.8847,35.5966],[135.8863,35.5965],[135.8868,35.5977],[135.8881,35.5979],[135.8882,35.5943],[135.8895,35.592],[135.8956,35.5909],[135.8957,35.5899],[135.8936,35.5892],[135.8924,35.588],[135.8924,35.5861],[135.8934,35.5852]]]]}},{"type":"Feature","properties":{"t":"lac","km":3.5,"nom":"神竜湖"},"geometry":{"type":"MultiPolygon","coordinates":[[[[133.2272,34.8428],[133.2261,34.8427],[133.2247,34.8445],[133.2238,34.8441],[133.2244,34.8449],[133.2234,34.8459],[133.2226,34.8459],[133.223,34.8443],[133.2206,34.8441],[133.2197,34.8428],[133.2176,34.8426],[133.2199,34.8432],[133.2199,34.844],[133.2206,34.8444],[133.2223,34.8446],[133.2218,34.8464],[133.2238,34.8462],[133.225,34.8451],[133.2271,34.8454],[133.2232,34.8486],[133.2227,34.8495],[133.223,34.8508],[133.2216,34.851],[133.2227,34.853],[133.2212,34.8541],[133.2202,34.8539],[133.2198,34.8555],[133.2204,34.8543],[133.2229,34.8536],[133.223,34.8529],[133.2221,34.8515],[133.2236,34.8506],[133.2235,34.8492],[133.2265,34.8465],[133.2282,34.8478],[133.2284,34.8471],[133.2277,34.8462],[133.2283,34.8454],[133.226,34.8443],[133.2264,34.8437],[133.2311,34.8441],[133.231,34.8416],[133.2289,34.8396],[133.2308,34.838],[133.2304,34.8368],[133.231,34.8362],[133.2321,34.8361],[133.2329,34.8353],[133.234,34.8355],[133.235,34.8347],[133.2349,34.8309],[133.2358,34.8304],[133.236,34.8283],[133.2339,34.8279],[133.2339,34.8288],[133.2349,34.8296],[133.2348,34.8302],[133.2341,34.8299],[133.2335,34.8307],[133.2338,34.8343],[133.2291,34.8362],[133.2299,34.8379],[133.2277,34.8392],[133.2278,34.8405],[133.2297,34.8415],[133.2306,34.8433],[133.2299,34.8427],[133.2272,34.8428]]]]}},{"type":"Feature","properties":{"t":"lac","km":4.8,"nom":"朝霧湖"},"geometry":{"type":"MultiPolygon","coordinates":[[[[132.5906,33.3471],[132.5899,33.3473],[132.5922,33.3492],[132.5954,33.3504],[132.5951,33.3521],[132.5963,33.3507],[132.6021,33.3524],[132.6046,33.3522],[132.607,33.3548],[132.6096,33.3547],[132.6108,33.3553],[132.6124,33.3575],[132.6122,33.3582],[132.6113,33.3584],[132.6126,33.3588],[132.6145,33.3605],[132.6144,33.3612],[132.6151,33.3612],[132.6151,33.3636],[132.6131,33.3663],[132.6089,33.3686],[132.608,33.3683],[132.6091,33.3714],[132.6089,33.3741],[132.6096,33.3728],[132.6096,33.3694],[132.6135,33.3672],[132.6146,33.3653],[132.6163,33.3645],[132.6166,33.3624],[132.6179,33.3618],[132.6196,33.3592],[132.6237,33.3602],[132.6243,33.361],[132.627,33.361],[132.6297,33.3582],[132.6293,33.3578],[132.6283,33.3583],[132.628,33.3578],[132.6265,33.3593],[132.6267,33.3585],[132.6256,33.3589],[132.6255,33.3595],[132.6223,33.3579],[132.6197,33.3574],[132.6194,33.3578],[132.6185,33.3569],[132.6185,33.3552],[132.6178,33.3538],[132.6183,33.3551],[132.6169,33.3564],[132.6175,33.357],[132.6171,33.3575],[132.6184,33.3583],[132.6165,33.3612],[132.6162,33.3599],[132.6139,33.3572],[132.6132,33.3572],[132.6113,33.3543],[132.6097,33.3538],[132.6094,33.3532],[132.6078,33.354],[132.6061,33.3528],[132.6063,33.3503],[132.6052,33.3513],[132.6018,33.3516],[132.599,33.3504],[132.5991,33.3497],[132.5985,33.3503],[132.5937,33.3495],[132.5906,33.3471]]]]}},{"type":"Feature","properties":{"t":"lac","km":5.5,"nom":"新宮ダム湖"},"geometry":{"type":"MultiPolygon","coordinates":[[[[133.625,33.9565],[133.6263,33.957],[133.6261,33.9596],[133.6252,33.9606],[133.6227,33.9601],[133.6222,33.9593],[133.6228,33.9579],[133.6218,33.9571],[133.6212,33.9587],[133.6188,33.9595],[133.6178,33.9583],[133.6184,33.957],[133.6169,33.9542],[133.6148,33.9528],[133.6144,33.9509],[133.6151,33.9496],[133.6142,33.9486],[133.6067,33.9495],[133.6031,33.9482],[133.6013,33.946],[133.5963,33.9446],[133.5886,33.9464],[133.5852,33.9448],[133.5793,33.9443],[133.578,33.9411],[133.5719,33.9404],[133.5727,33.9396],[133.5722,33.9402],[133.5725,33.9405],[133.5783,33.9409],[133.5794,33.9441],[133.5851,33.9446],[133.5884,33.946],[133.5917,33.9455],[133.5913,33.9438],[133.5925,33.9432],[133.5925,33.9424],[133.5927,33.9434],[133.5916,33.9442],[133.5922,33.945],[133.5958,33.9441],[133.5992,33.9446],[133.6018,33.9458],[133.6035,33.9479],[133.6069,33.9491],[133.6144,33.9478],[133.6158,33.949],[133.616,33.9527],[133.6178,33.954],[133.6193,33.9569],[133.6189,33.9584],[133.6196,33.9586],[133.6212,33.9562],[133.6217,33.9561],[133.6235,33.957],[133.6237,33.9596],[133.6248,33.9597],[133.625,33.9565]]]]}},{"type":"Feature","properties":{"t":"lac","km":70.2,"nom":"琵琶湖"},"geometry":{"type":"MultiPolygon","coordinates":[[[[135.87,35.0104],[135.8669,35.0122],[135.8655,35.0137],[135.8638,35.0137],[135.8628,35.0147],[135.8606,35.0139],[135.8623,35.0151],[135.862,35.0155],[135.8598,35.0145],[135.8599,35.0152],[135.8618,35.0162],[135.8612,35.0164],[135.8619,35.0207],[135.8637,35.0213],[135.8631,35.0215],[135.8632,35.0233],[135.8658,35.0258],[135.8699,35.0265],[135.8676,35.0294],[135.8684,35.0304],[135.8694,35.0305],[135.8675,35.0326],[135.8674,35.0356],[135.8695,35.037],[135.8681,35.0383],[135.8676,35.0399],[135.8686,35.0431],[135.8696,35.0444],[135.8724,35.0446],[135.8746,35.0462],[135.8745,35.0482],[135.8737,35.0481],[135.8746,35.0483],[135.8741,35.051],[135.876,35.0541],[135.8772,35.0547],[135.8795,35.0544],[135.8789,35.0566],[135.8781,35.0573],[135.8795,35.0586],[135.8794,35.0616],[135.8802,35.0628],[135.881,35.0626],[135.8819,35.0634],[135.8815,35.0639],[135.8835,35.0651],[135.8847,35.0652],[135.8851,35.066],[135.8886,35.0651],[135.887,35.0668],[135.8872,35.0682],[135.8888,35.0701],[135.8892,35.0717],[135.8907,35.0716],[135.8908,35.0732],[135.8878,35.0752],[135.8887,35.0756],[135.8887,35.0766],[135.8905,35.076],[135.8904,35.0774],[135.8921,35.0777],[135.8909,35.0788],[135.8929,35.0813],[135.8953,35.0815],[135.8956,35.0832],[135.8977,35.0831],[135.8965,35.084],[135.8967,35.0848],[135.8952,35.0854],[135.8954,35.0863],[135.8945,35.0872],[135.8953,35.0889],[135.896,35.0891],[135.8959,35.0883],[135.8973,35.0866],[135.8992,35.0888],[135.9013,35.0894],[135.9031,35.0916],[135.906,35.092],[135.9063,35.0951],[135.9085,35.096],[135.9089,35.0966],[135.9084,35.0972],[135.9103,35.0977],[135.9098,35.099],[135.9069,35.0983],[135.9065,35.1002],[135.9042,35.0997],[135.904,35.1004],[135.9047,35.101],[135.9042,35.1012],[135.905,35.1014],[135.9061,35.103],[135.9074,35.1028],[135.9071,35.1032],[135.9108,35.1026],[135.9089,35.1041],[135.9117,35.1051],[135.9125,35.1048],[135.9142,35.1026],[135.9154,35.1027],[135.9158,35.1067],[135.9182,35.1079],[135.9182,35.1087],[135.9188,35.1082],[135.9195,35.1085],[135.9193,35.1091],[135.9211,35.1093],[135.9227,35.1128],[135.9229,35.1142],[135.9224,35.1143],[135.9233,35.1141],[135.9235,35.1151],[135.9243,35.1151],[135.923,35.1157],[135.9242,35.1153],[135.9264,35.1172],[135.9271,35.1166],[135.9269,35.1172],[135.9273,35.1167],[135.9279,35.1172],[135.927,35.118],[135.9279,35.1175],[135.9282,35.118],[135.9275,35.1213],[135.928,35.1215],[135.9294,35.1264],[135.9302,35.1268],[135.9306,35.1257],[135.932,35.1254],[135.9292,35.1281],[135.9311,35.1272],[135.9262,35.1322],[135.9241,35.1372],[135.9242,35.1389],[135.9264,35.1428],[135.9259,35.1469],[135.9263,35.1458],[135.928,35.1488],[135.9308,35.1496],[135.9327,35.1512],[135.9334,35.1528],[135.9368,35.1562],[135.9339,35.1568],[135.9303,35.1591],[135.9242,35.1649],[135.9237,35.1659],[135.9241,35.1684],[135.9218,35.1699],[135.9194,35.1738],[135.9164,35.181],[135.9178,35.1835],[135.9175,35.1866],[135.9188,35.1892],[135.9204,35.1908],[135.9218,35.1946],[135.924,35.197],[135.9247,35.2003],[135.9268,35.2032],[135.9296,35.2054],[135.9327,35.2061],[135.9338,35.2052],[135.9359,35.205],[135.9365,35.2062],[135.9366,35.2095],[135.9394,35.2133],[135.9452,35.2182],[135.9487,35.2197],[135.9482,35.2203],[135.9491,35.2199],[135.9519,35.2206],[135.9541,35.2233],[135.9579,35.2244],[135.9598,35.2267],[135.9634,35.2282],[135.9631,35.2302],[135.9604,35.2342],[135.9615,35.2391],[135.964,35.2431],[135.971,35.2459],[135.9739,35.2507],[135.9751,35.2539],[135.9766,35.2557],[135.9757,35.2555],[135.9767,35.2572],[135.9856,35.2621],[135.9889,35.2635],[135.9934,35.2642],[135.9947,35.2672],[135.9971,35.2693],[136.0113,35.2742],[136.019,35.2793],[136.0187,35.2861],[136.0165,35.2908],[136.0166,35.2919],[136.0164,35.2914],[136.0146,35.2935],[136.0132,35.2938],[136.0146,35.2937],[136.0149,35.2942],[136.016,35.2933],[136.0236,35.3005],[136.0289,35.3035],[136.0373,35.3043],[136.041,35.3035],[136.0434,35.3018],[136.0453,35.302],[136.047,35.3035],[136.0483,35.3066],[136.054,35.3111],[136.0559,35.3118],[136.0572,35.3134],[136.0594,35.3141],[136.0612,35.3156],[136.0604,35.3162],[136.061,35.3167],[136.063,35.3159],[136.0667,35.3177],[136.0688,35.3178],[136.0697,35.3174],[136.0686,35.3169],[136.0699,35.316],[136.0712,35.318],[136.0702,35.3159],[136.0713,35.3157],[136.0709,35.3164],[136.0723,35.3155],[136.0721,35.3162],[136.0736,35.3146],[136.0744,35.315],[136.0734,35.3152],[136.0721,35.3179],[136.0736,35.316],[136.0731,35.3173],[136.0737,35.3167],[136.0744,35.3152],[136.075,35.3159],[136.0792,35.3168],[136.078,35.3173],[136.0782,35.3179],[136.077,35.3191],[136.0776,35.3206],[136.0786,35.321],[136.0775,35.3234],[136.0795,35.3245],[136.0793,35.3259],[136.0769,35.329],[136.0742,35.3302],[136.0722,35.3322],[136.0725,35.3331],[136.0707,35.3378],[136.071,35.3412],[136.0703,35.3483],[136.0693,35.3493],[136.0669,35.3573],[136.0657,35.3585],[136.0619,35.3603],[136.0601,35.3622],[136.0574,35.3633],[136.0576,35.3638],[136.0565,35.3647],[136.0545,35.3652],[136.0545,35.3661],[136.0537,35.3659],[136.0538,35.3667],[136.0503,35.3693],[136.0506,35.3703],[136.0499,35.3716],[136.0449,35.3756],[136.0453,35.3762],[136.0378,35.3771],[136.0362,35.3778],[136.0358,35.3787],[136.0356,35.3798],[136.0373,35.3832],[136.0367,35.3835],[136.0345,35.3879],[136.0341,35.3898],[136.0354,35.3978],[136.0358,35.3986],[136.0367,35.3984],[136.0355,35.3989],[136.0361,35.3986],[136.0384,35.4036],[136.0405,35.4056],[136.0452,35.4058],[136.048,35.4072],[136.0463,35.4094],[136.046,35.4089],[136.0466,35.4083],[136.0459,35.4084],[136.0454,35.4098],[136.0464,35.416],[136.0459,35.4229],[136.0433,35.4266],[136.0419,35.4305],[136.0407,35.4308],[136.0413,35.4312],[136.0407,35.4325],[136.0418,35.4352],[136.0443,35.4391],[136.0504,35.446],[136.0535,35.4475],[136.0561,35.4478],[136.0552,35.449],[136.0567,35.4479],[136.0579,35.4484],[136.0569,35.4487],[136.0575,35.4492],[136.0576,35.4486],[136.06,35.449],[136.0604,35.4539],[136.062,35.4557],[136.0688,35.461],[136.072,35.4623],[136.0709,35.4622],[136.0714,35.4627],[136.0718,35.4624],[136.0718,35.463],[136.0744,35.4639],[136.0785,35.4645],[136.0808,35.4622],[136.081,35.4592],[136.083,35.4545],[136.0847,35.452],[136.0868,35.4504],[136.0864,35.4499],[136.0875,35.4489],[136.0893,35.4491],[136.0921,35.4483],[136.1014,35.4523],[136.1042,35.4561],[136.106,35.4599],[136.1074,35.4667],[136.1105,35.4705],[136.1112,35.473],[136.1108,35.4747],[136.1126,35.4773],[136.1137,35.4806],[136.1137,35.4833],[136.1187,35.4871],[136.1222,35.4871],[136.1232,35.4853],[136.1227,35.485],[136.1232,35.4831],[136.1241,35.4824],[136.1257,35.4829],[136.1271,35.4851],[136.1324,35.4835],[136.1326,35.4814],[136.1311,35.4792],[136.133,35.4781],[136.1325,35.4772],[136.1307,35.4768],[136.1275,35.4778],[136.1258,35.4762],[136.1245,35.4776],[136.1247,35.4732],[136.124,35.471],[136.1234,35.4701],[136.1235,35.4707],[136.123,35.4704],[136.1231,35.4688],[136.126,35.4647],[136.1261,35.4636],[136.1244,35.4622],[136.1244,35.4612],[136.1294,35.4583],[136.1276,35.4564],[136.1291,35.4558],[136.1345,35.4578],[136.1378,35.458],[136.1399,35.4588],[136.1433,35.458],[136.144,35.4574],[136.1435,35.4557],[136.1439,35.4508],[136.1426,35.4475],[136.1404,35.4456],[136.1401,35.4447],[136.1411,35.4439],[136.1463,35.443],[136.1478,35.4421],[136.1506,35.4433],[136.1523,35.4471],[136.1514,35.4503],[136.1554,35.4529],[136.1556,35.4538],[136.1546,35.4548],[136.1543,35.4563],[136.1552,35.4582],[136.1581,35.4602],[136.1589,35.463],[136.1587,35.4637],[136.1518,35.4634],[136.1503,35.464],[136.1482,35.4678],[136.1499,35.4719],[136.148,35.4745],[136.15,35.4772],[136.1536,35.4786],[136.154,35.4807],[136.1563,35.4845],[136.1624,35.488],[136.162,35.49],[136.1609,35.4906],[136.1593,35.4937],[136.1593,35.4959],[136.1629,35.4976],[136.1643,35.5024],[136.1639,35.5028],[136.1633,35.502],[136.1621,35.503],[136.1631,35.5074],[136.1604,35.5129],[136.1623,35.5134],[136.1626,35.5125],[136.1638,35.515],[136.164,35.5145],[136.1691,35.515],[136.1664,35.5143],[136.1689,35.5089],[136.1693,35.5072],[136.1688,35.506],[136.1695,35.5035],[136.1708,35.5018],[136.1742,35.4992],[136.176,35.4989],[136.1771,35.4993],[136.1782,35.5018],[136.1802,35.5037],[136.1825,35.504],[136.1864,35.5019],[136.1876,35.4998],[136.1915,35.4961],[136.1909,35.4916],[136.192,35.4898],[136.1919,35.4887],[136.1903,35.4872],[136.1901,35.4863],[136.1917,35.4852],[136.1917,35.4837],[136.191,35.4814],[136.1888,35.4796],[136.1928,35.4755],[136.1933,35.4741],[136.1923,35.4723],[136.1923,35.4701],[136.1943,35.4676],[136.1927,35.4663],[136.1932,35.4654],[136.1939,35.4656],[136.1933,35.4662],[136.1941,35.4665],[136.1937,35.4659],[136.1946,35.4654],[136.1951,35.4638],[136.1949,35.4621],[136.1961,35.4619],[136.1974,35.4598],[136.1986,35.4591],[136.1981,35.4553],[136.199,35.4552],[136.1985,35.4551],[136.1982,35.4533],[136.196,35.4518],[136.1872,35.4502],[136.1883,35.45],[136.1884,35.4493],[136.1873,35.4493],[136.1869,35.4487],[136.1874,35.4485],[136.1867,35.4482],[136.1892,35.4462],[136.1895,35.4444],[136.1894,35.4417],[136.1874,35.4421],[136.1907,35.4398],[136.1908,35.4391],[136.1914,35.4394],[136.1937,35.4372],[136.194,35.436],[136.1933,35.4355],[136.1962,35.4338],[136.1968,35.4319],[136.1961,35.4304],[136.1965,35.4302],[136.1952,35.4294],[136.1966,35.4283],[136.1957,35.4278],[136.1963,35.428],[136.1958,35.4276],[136.196,35.4262],[136.1954,35.4263],[136.1956,35.4268],[136.195,35.4263],[136.1972,35.422],[136.198,35.4218],[136.1979,35.4209],[136.1985,35.421],[136.1981,35.4205],[136.1986,35.4198],[136.2001,35.4198],[136.199,35.4191],[136.2,35.4186],[136.1996,35.4182],[136.2006,35.4175],[136.2001,35.4172],[136.2009,35.416],[136.2017,35.4159],[136.2013,35.4155],[136.2018,35.4149],[136.2032,35.4152],[136.2028,35.4149],[136.2043,35.414],[136.2043,35.4132],[136.2092,35.4104],[136.2106,35.4085],[136.211,35.409],[136.2109,35.408],[136.2121,35.4069],[136.2125,35.4074],[136.2123,35.4068],[136.2138,35.4041],[136.2146,35.4043],[136.2139,35.4037],[136.2163,35.4006],[136.2172,35.3957],[136.2167,35.3921],[136.2143,35.3883],[136.2181,35.3902],[136.2187,35.3897],[136.2155,35.3873],[136.2168,35.3875],[136.219,35.3862],[136.2251,35.3872],[136.227,35.3869],[136.2248,35.3892],[136.2269,35.3886],[136.2268,35.3873],[136.2273,35.388],[136.2289,35.3879],[136.2381,35.386],[136.2425,35.3864],[136.2431,35.387],[136.2448,35.3866],[136.2466,35.3855],[136.2461,35.385],[136.2467,35.3856],[136.2463,35.3851],[136.2483,35.3838],[136.2537,35.3827],[136.2561,35.3812],[136.2578,35.3782],[136.2602,35.3772],[136.2605,35.3765],[136.2595,35.3757],[136.2602,35.3743],[136.2623,35.3724],[136.2618,35.373],[136.2637,35.3745],[136.2624,35.3728],[136.2635,35.3724],[136.2647,35.3737],[136.2656,35.3733],[136.2648,35.3714],[136.2661,35.3721],[136.2663,35.374],[136.2683,35.373],[136.2722,35.369],[136.2742,35.3654],[136.2766,35.3643],[136.278,35.3566],[136.2765,35.3429],[136.2742,35.3375],[136.2705,35.3316],[136.2679,35.3305],[136.2686,35.3305],[136.2689,35.3298],[136.2676,35.3296],[136.2684,35.3296],[136.2677,35.329],[136.27,35.3289],[136.2705,35.3278],[136.2692,35.3237],[136.2672,35.3207],[136.268,35.3198],[136.2643,35.3144],[136.2589,35.3083],[136.2606,35.3084],[136.2533,35.3004],[136.2548,35.2982],[136.2553,35.2959],[136.2573,35.2951],[136.2505,35.2879],[136.2493,35.2879],[136.2479,35.2865],[136.2429,35.2837],[136.2457,35.2856],[136.2479,35.2855],[136.2467,35.2842],[136.2453,35.2838],[136.2453,35.2829],[136.2443,35.2831],[136.2444,35.2836],[136.2439,35.2832],[136.2447,35.2824],[136.2432,35.2806],[136.2415,35.2799],[136.2374,35.2763],[136.2354,35.2757],[136.2359,35.2766],[136.2341,35.2748],[136.2333,35.2752],[136.2332,35.2743],[136.225,35.2691],[136.2208,35.2673],[136.218,35.2673],[136.218,35.2661],[136.2155,35.2647],[136.2148,35.2649],[136.2134,35.2633],[136.2136,35.2628],[136.2143,35.2633],[136.2138,35.263],[136.2144,35.2629],[136.2141,35.2619],[136.2077,35.2569],[136.1962,35.2508],[136.1947,35.2514],[136.1954,35.251],[136.1941,35.2504],[136.1957,35.2506],[136.1945,35.2499],[136.1933,35.2504],[136.1937,35.251],[136.1932,35.2503],[136.194,35.2501],[136.1936,35.2494],[136.1891,35.2468],[136.1575,35.2322],[136.1569,35.2311],[136.1546,35.2299],[136.152,35.2294],[136.1528,35.229],[136.154,35.2296],[136.1544,35.2291],[136.1529,35.2287],[136.1542,35.2287],[136.1547,35.2279],[136.1536,35.2286],[136.1511,35.2261],[136.1366,35.2203],[136.12,35.2171],[136.1157,35.217],[136.1133,35.2178],[136.1116,35.216],[136.1093,35.2159],[136.1094,35.2106],[136.1101,35.2108],[136.1098,35.2104],[136.1104,35.2097],[136.1098,35.2079],[136.1112,35.2077],[136.1094,35.2074],[136.1105,35.2076],[136.11,35.2064],[136.1096,35.2072],[136.1098,35.2063],[136.1088,35.2045],[136.1055,35.2035],[136.106,35.2029],[136.1056,35.2032],[136.1009,35.2016],[136.1013,35.2011],[136.0964,35.2006],[136.0928,35.2012],[136.0907,35.2054],[136.0869,35.203],[136.0846,35.2029],[136.0849,35.2017],[136.0837,35.2002],[136.0836,35.1985],[136.0852,35.1988],[136.0874,35.1981],[136.0883,35.199],[136.0896,35.1987],[136.0902,35.1978],[136.0899,35.1961],[136.093,35.1954],[136.0931,35.194],[136.0926,35.194],[136.0933,35.194],[136.0932,35.193],[136.0908,35.1928],[136.0897,35.1917],[136.0888,35.192],[136.0894,35.1906],[136.0882,35.1897],[136.0838,35.1904],[136.0828,35.1896],[136.0793,35.1895],[136.0763,35.1916],[136.0742,35.1913],[136.0697,35.1894],[136.0666,35.1823],[136.0619,35.1803],[136.0617,35.1791],[136.063,35.1773],[136.0628,35.1743],[136.0589,35.1712],[136.0595,35.1679],[136.0583,35.1656],[136.0583,35.1621],[136.0598,35.1582],[136.0609,35.1575],[136.0626,35.1581],[136.0653,35.157],[136.0648,35.1562],[136.0662,35.1531],[136.0644,35.1503],[136.0649,35.1496],[136.0644,35.1499],[136.0635,35.1493],[136.0606,35.1459],[136.0601,35.1451],[136.0607,35.1447],[136.0595,35.1446],[136.0598,35.144],[136.0592,35.1444],[136.0571,35.1434],[136.0568,35.1441],[136.0564,35.1437],[136.057,35.1426],[136.0556,35.1435],[136.0526,35.1427],[136.0527,35.1415],[136.0516,35.1424],[136.0504,35.141],[136.0503,35.1419],[136.0488,35.1425],[136.044,35.1421],[136.0409,35.1431],[136.0403,35.144],[136.0397,35.1437],[136.0408,35.1442],[136.0398,35.1448],[136.0392,35.1443],[136.0394,35.145],[136.0401,35.1449],[136.0389,35.1448],[136.0388,35.1454],[136.0326,35.1458],[136.0281,35.1475],[136.0284,35.1463],[136.0272,35.1463],[136.027,35.1472],[136.0198,35.1469],[136.0171,35.1462],[136.018,35.1455],[136.0189,35.1459],[136.0177,35.1453],[136.0155,35.1422],[136.0165,35.142],[136.0158,35.142],[136.0157,35.1409],[136.0146,35.14],[136.0142,35.1378],[136.0128,35.1371],[136.0136,35.1367],[136.0133,35.1363],[136.0125,35.1367],[136.0121,35.1361],[136.0099,35.1358],[136.0079,35.1363],[136.0077,35.1353],[136.0018,35.1366],[136.0004,35.1376],[136.0014,35.1373],[136.0008,35.1378],[135.9998,35.1373],[136.0024,35.1385],[136.0015,35.1382],[135.9968,35.14],[135.9967,35.1407],[135.995,35.1414],[135.9937,35.1418],[135.993,35.1413],[135.9935,35.142],[135.9904,35.1431],[135.99,35.1439],[135.9877,35.1442],[135.983,35.1412],[135.9834,35.1408],[135.9821,35.1398],[135.9826,35.1395],[135.9809,35.1383],[135.9813,35.1379],[135.9795,35.1357],[135.9802,35.1354],[135.9794,35.1355],[135.9794,35.1332],[135.98,35.1335],[135.9809,35.1313],[135.9788,35.1291],[135.9805,35.1279],[135.979,35.129],[135.9761,35.126],[135.9807,35.1236],[135.9804,35.1232],[135.9759,35.1258],[135.971,35.1211],[135.9629,35.1219],[135.9597,35.125],[135.9585,35.125],[135.9587,35.1257],[135.955,35.1268],[135.9546,35.126],[135.9548,35.1267],[135.9522,35.1276],[135.9487,35.1271],[135.9458,35.1252],[135.9457,35.1243],[135.9425,35.1218],[135.9449,35.1214],[135.9429,35.1212],[135.9416,35.1191],[135.9435,35.1184],[135.944,35.1153],[135.9409,35.1081],[135.9376,35.0966],[135.937,35.0962],[135.9365,35.0944],[135.9368,35.0931],[135.9403,35.0914],[135.9415,35.087],[135.9455,35.0859],[135.9468,35.0849],[135.947,35.0834],[135.9461,35.0831],[135.9462,35.0813],[135.9469,35.0811],[135.9463,35.0796],[135.9469,35.0787],[135.9481,35.0786],[135.9473,35.0781],[135.9481,35.076],[135.9473,35.076],[135.9448,35.0722],[135.9408,35.0715],[135.9424,35.071],[135.9383,35.0715],[135.9422,35.0741],[135.9419,35.0749],[135.9317,35.0759],[135.9315,35.0748],[135.9333,35.0715],[135.9339,35.0717],[135.935,35.0702],[135.9341,35.069],[135.9345,35.0686],[135.9334,35.0682],[135.9319,35.0663],[135.9324,35.0658],[135.9313,35.0655],[135.9308,35.0649],[135.9314,35.0646],[135.9308,35.0648],[135.9297,35.0634],[135.9294,35.0583],[135.9283,35.0573],[135.9278,35.0576],[135.9239,35.0563],[135.9229,35.0551],[135.923,35.0545],[135.9241,35.0543],[135.9237,35.0537],[135.9226,35.0543],[135.9227,35.0548],[135.9208,35.0518],[135.9194,35.0508],[135.9169,35.0505],[135.9164,35.047],[135.918,35.0467],[135.9178,35.0457],[135.9158,35.0454],[135.9146,35.0447],[135.915,35.044],[135.9143,35.0444],[135.912,35.043],[135.9122,35.0422],[135.9104,35.0408],[135.9118,35.0422],[135.9111,35.0424],[135.91,35.0412],[135.9095,35.0394],[135.9085,35.0392],[135.9077,35.0384],[135.9082,35.038],[135.9075,35.0382],[135.9059,35.036],[135.9095,35.0341],[135.9099,35.0345],[135.9078,35.0352],[135.9102,35.0346],[135.91,35.034],[135.9114,35.0337],[135.912,35.0343],[135.9127,35.0336],[135.9125,35.0319],[135.9129,35.0317],[135.9124,35.031],[135.9129,35.0299],[135.914,35.0296],[135.9136,35.0305],[135.9144,35.0308],[135.9155,35.0292],[135.9147,35.0287],[135.9137,35.0293],[135.914,35.0282],[135.9167,35.0272],[135.9177,35.0217],[135.9169,35.0196],[135.9142,35.0168],[135.9186,35.0156],[135.921,35.0098],[135.9207,35.0081],[135.9184,35.0062],[135.9178,35.004],[135.9155,35.0017],[135.9096,35.0013],[135.9087,34.9998],[135.9096,34.999],[135.9078,34.9993],[135.9067,34.9974],[135.9072,34.9964],[135.9095,34.9961],[135.9097,34.9954],[135.9082,34.9829],[135.9043,34.9823],[135.9034,34.9842],[135.8991,34.987],[135.8962,34.9908],[135.8951,34.9944],[135.896,34.9944],[135.8964,34.9951],[135.8947,34.9961],[135.8948,34.9973],[135.896,34.9978],[135.8944,34.9986],[135.8928,35.0006],[135.8929,35.0036],[135.8921,35.0053],[135.8912,35.0055],[135.8902,35.0047],[135.8901,35.0059],[135.8804,35.0068],[135.8764,35.0081],[135.8744,35.0076],[135.87,35.0104]],[[136.0663,35.2111],[136.0615,35.2095],[136.0584,35.2105],[136.0552,35.2104],[136.0539,35.2088],[136.0554,35.2056],[136.0546,35.2035],[136.0546,35.2014],[136.051,35.2002],[136.0509,35.1989],[136.0522,35.1985],[136.0587,35.2002],[136.0566,35.1997],[136.0562,35.2006],[136.0589,35.2018],[136.0624,35.2052],[136.0644,35.2052],[136.0675,35.2031],[136.0738,35.2072],[136.0757,35.2094],[136.0752,35.2113],[136.0694,35.2124],[136.0663,35.2111]],[[136.1905,35.4293],[136.1939,35.4284],[136.191,35.4285],[136.1905,35.4293]],[[136.1428,35.4196],[136.1408,35.4194],[136.1405,35.4204],[136.1424,35.4228],[136.1427,35.4241],[136.1452,35.425],[136.1458,35.4245],[136.1458,35.4218],[136.1444,35.4201],[136.1434,35.4205],[136.1436,35.4202],[136.1428,35.4196]],[[136.178,35.2961],[136.1791,35.2972],[136.1776,35.2966],[136.1773,35.2959],[136.178,35.2961]],[[135.9089,35.0073],[135.9089,35.0029],[135.9129,35.0034],[135.9147,35.0044],[135.9178,35.0094],[135.9167,35.0132],[135.9115,35.0136],[135.9094,35.0102],[135.9089,35.0073]],[[136.0573,35.3129],[136.0577,35.3126],[136.0569,35.3127],[136.0573,35.3129]]]]}},{"type":"Feature","properties":{"t":"lac","km":36.5,"nom":"霞ヶ浦（西浦）"},"geometry":{"type":"MultiPolygon","coordinates":[[[[140.3829,36.1032],[140.3824,36.1023],[140.3798,36.1013],[140.3809,36.1013],[140.38,36.1009],[140.3774,36.1001],[140.3746,36.1001],[140.3749,36.0981],[140.377,36.0957],[140.3768,36.0964],[140.3791,36.0943],[140.3826,36.0926],[140.3875,36.0906],[140.3867,36.0913],[140.3936,36.0892],[140.3937,36.0856],[140.3883,36.08],[140.3813,36.0758],[140.3738,36.0684],[140.3715,36.065],[140.368,36.0619],[140.3665,36.0615],[140.3549,36.063],[140.3476,36.0631],[140.3439,36.0627],[140.336,36.0607],[140.3313,36.0605],[140.3256,36.0622],[140.316,36.0664],[140.3103,36.0682],[140.3057,36.0689],[140.3023,36.0673],[140.3003,36.0648],[140.2956,36.0615],[140.2932,36.0605],[140.2843,36.0647],[140.2803,36.0658],[140.2797,36.0654],[140.2757,36.0672],[140.2642,36.068],[140.264,36.0687],[140.2625,36.0681],[140.261,36.0687],[140.2566,36.0678],[140.2473,36.0684],[140.2449,36.0691],[140.2407,36.0711],[140.2413,36.0737],[140.241,36.0745],[140.2402,36.0744],[140.2392,36.0754],[140.2385,36.0803],[140.2364,36.0826],[140.2339,36.0831],[140.2335,36.0839],[140.2327,36.0827],[140.2308,36.0844],[140.2257,36.0861],[140.2226,36.086],[140.2185,36.0848],[140.2184,36.0824],[140.218,36.0833],[140.2156,36.0835],[140.2155,36.0823],[140.2168,36.0822],[140.2141,36.0819],[140.2142,36.0803],[140.211,36.0797],[140.2093,36.08],[140.2085,36.0777],[140.21,36.0792],[140.213,36.0782],[140.2139,36.0792],[140.2181,36.0803],[140.2186,36.0796],[140.2188,36.0765],[140.2112,36.076],[140.2064,36.0746],[140.2061,36.0739],[140.2156,36.0752],[140.2199,36.0741],[140.2201,36.0699],[140.2197,36.0694],[140.2202,36.0697],[140.2198,36.0682],[140.2204,36.0662],[140.2198,36.066],[140.2214,36.0658],[140.2223,36.0632],[140.2222,36.0616],[140.2209,36.0598],[140.223,36.0549],[140.2265,36.0492],[140.2273,36.0489],[140.2283,36.0468],[140.2279,36.0461],[140.2334,36.0428],[140.2436,36.0408],[140.2509,36.0383],[140.2512,36.0389],[140.2518,36.0387],[140.2516,36.0381],[140.2571,36.0367],[140.2581,36.036],[140.2576,36.036],[140.2575,36.0353],[140.2595,36.0345],[140.2661,36.0342],[140.272,36.0354],[140.2766,36.0347],[140.2768,36.0342],[140.2773,36.0348],[140.2847,36.0304],[140.2894,36.0289],[140.2898,36.0294],[140.2946,36.0282],[140.2945,36.0276],[140.2964,36.027],[140.3038,36.0276],[140.309,36.0301],[140.3152,36.0315],[140.3169,36.0312],[140.3174,36.0295],[140.3192,36.0276],[140.3227,36.0262],[140.3249,36.0264],[140.3302,36.0289],[140.3356,36.0294],[140.3415,36.029],[140.3453,36.0303],[140.3529,36.0281],[140.354,36.0238],[140.3557,36.0217],[140.3625,36.0154],[140.3724,36.0101],[140.3752,36.0068],[140.3766,36.0026],[140.3718,36.0017],[140.3672,35.9985],[140.3636,35.995],[140.3628,35.9967],[140.3484,35.9921],[140.3463,35.9907],[140.3454,35.9893],[140.3469,35.9836],[140.3462,35.9774],[140.3484,35.9754],[140.3525,35.9737],[140.3533,35.9722],[140.3499,35.9711],[140.3489,35.9715],[140.345,35.9699],[140.337,35.959],[140.3333,35.9587],[140.3272,35.9612],[140.3257,35.9608],[140.3243,35.9577],[140.3249,35.9583],[140.3296,35.9585],[140.3335,35.9576],[140.3315,35.9552],[140.3321,35.9549],[140.3345,35.9571],[140.3341,35.9573],[140.3381,35.958],[140.3401,35.9595],[140.3417,35.9637],[140.3452,35.9685],[140.3478,35.9694],[140.3512,35.9692],[140.3535,35.9703],[140.3541,35.9731],[140.3505,35.9755],[140.3501,35.9764],[140.3504,35.9787],[140.354,35.9848],[140.3545,35.9871],[140.3541,35.988],[140.3575,35.9876],[140.361,35.9853],[140.3654,35.9837],[140.3714,35.9831],[140.3738,35.9837],[140.3787,35.9826],[140.381,35.983],[140.3846,35.9823],[140.3864,35.9827],[140.3887,35.9824],[140.3933,35.9827],[140.3966,35.9841],[140.3977,35.9852],[140.3971,35.9855],[140.3992,35.9898],[140.4035,35.9909],[140.4114,35.9897],[140.4165,35.9869],[140.4162,35.9866],[140.4203,35.9856],[140.4195,35.9853],[140.42,35.9851],[140.4367,35.9806],[140.4425,35.9779],[140.446,35.9774],[140.4473,35.9778],[140.4477,35.9771],[140.4488,35.9772],[140.4504,35.9752],[140.45,35.9741],[140.4477,35.9736],[140.4473,35.9753],[140.445,35.9742],[140.4449,35.9718],[140.4463,35.9696],[140.4511,35.9659],[140.4593,35.963],[140.4645,35.9619],[140.4691,35.9592],[140.467,35.9583],[140.4582,35.957],[140.4574,35.9587],[140.4577,35.9568],[140.4558,35.9558],[140.4523,35.9486],[140.4529,35.9476],[140.4523,35.9468],[140.4525,35.9457],[140.4498,35.945],[140.4498,35.9445],[140.4528,35.945],[140.4529,35.9443],[140.4538,35.9448],[140.4539,35.9437],[140.4526,35.9428],[140.4536,35.943],[140.4534,35.9418],[140.4542,35.9426],[140.4548,35.942],[140.4551,35.9451],[140.4569,35.9491],[140.4594,35.9514],[140.4626,35.9568],[140.4751,35.959],[140.4835,35.9574],[140.49,35.9529],[140.4979,35.9567],[140.4982,35.9573],[140.4975,35.9575],[140.4984,35.9608],[140.5001,35.9619],[140.5033,35.9615],[140.5072,35.9594],[140.509,35.9612],[140.5025,35.9652],[140.5017,35.9679],[140.5005,35.969],[140.5012,35.9691],[140.501,35.9725],[140.4991,35.9761],[140.4962,35.9793],[140.4905,35.9825],[140.4856,35.9843],[140.4837,35.9845],[140.4838,35.9838],[140.4833,35.9844],[140.4824,35.984],[140.4837,35.9837],[140.4826,35.9836],[140.4766,35.9847],[140.4765,35.9843],[140.4745,35.9859],[140.4748,35.9865],[140.4726,35.9907],[140.4728,35.9927],[140.472,35.9958],[140.4703,35.9991],[140.4703,36.0006],[140.4693,36.002],[140.466,36.0118],[140.4649,36.0132],[140.462,36.012],[140.4516,36.0291],[140.4539,36.03],[140.4483,36.0356],[140.4466,36.0365],[140.4443,36.0394],[140.4416,36.0449],[140.4371,36.0508],[140.4322,36.0559],[140.4282,36.0586],[140.4208,36.0663],[140.4168,36.0756],[140.4171,36.0827],[140.4158,36.0872],[140.4121,36.0902],[140.4023,36.0937],[140.4027,36.0941],[140.401,36.0976],[140.4011,36.1024],[140.3964,36.1053],[140.397,36.1059],[140.3964,36.1067],[140.3971,36.1088],[140.3996,36.1144],[140.3989,36.1147],[140.3984,36.1157],[140.3988,36.1161],[140.3934,36.1256],[140.3897,36.1284],[140.3868,36.1295],[140.3845,36.1323],[140.3823,36.1382],[140.3787,36.1403],[140.3738,36.1449],[140.3682,36.1487],[140.366,36.1494],[140.3599,36.1497],[140.358,36.1489],[140.3575,36.1498],[140.3523,36.1458],[140.3531,36.142],[140.3515,36.1394],[140.346,36.139],[140.3412,36.1399],[140.3407,36.1426],[140.3394,36.1447],[140.3346,36.1498],[140.3248,36.1533],[140.3211,36.1579],[140.3158,36.1612],[140.3076,36.1606],[140.3056,36.1612],[140.3054,36.16],[140.3088,36.1584],[140.3094,36.1563],[140.3066,36.1506],[140.3121,36.1488],[140.321,36.1443],[140.3244,36.1463],[140.3358,36.1371],[140.3364,36.1363],[140.3362,36.133],[140.3328,36.1291],[140.334,36.1268],[140.3369,36.1244],[140.3404,36.1229],[140.348,36.1219],[140.3594,36.1174],[140.3652,36.1142],[140.3716,36.1089],[140.3785,36.1061],[140.3829,36.1032]]]]}},{"type":"Feature","properties":{"t":"lac","km":18.0,"nom":"猪苗代湖"},"geometry":{"type":"MultiPolygon","coordinates":[[[[140.0223,37.5169],[140.0242,37.5158],[140.0247,37.5169],[140.025,37.5153],[140.0249,37.5161],[140.0258,37.5157],[140.0261,37.5148],[140.0301,37.5114],[140.0335,37.5116],[140.035,37.5126],[140.035,37.5144],[140.0364,37.5167],[140.038,37.5171],[140.0404,37.5157],[140.0449,37.5167],[140.046,37.5177],[140.0458,37.5196],[140.0464,37.5214],[140.0474,37.5214],[140.0464,37.5217],[140.0466,37.5225],[140.0482,37.5241],[140.054,37.5257],[140.058,37.5291],[140.0569,37.5295],[140.0577,37.53],[140.0587,37.5295],[140.065,37.5326],[140.0676,37.5327],[140.068,37.532],[140.0728,37.5326],[140.0738,37.5321],[140.0749,37.5324],[140.075,37.5334],[140.0781,37.5329],[140.0831,37.5337],[140.0883,37.5334],[140.0899,37.5327],[140.0902,37.5333],[140.0926,37.5325],[140.0933,37.533],[140.0971,37.5315],[140.0974,37.5322],[140.0983,37.5324],[140.1061,37.5324],[140.1117,37.5309],[140.1123,37.5284],[140.1131,37.5277],[140.1126,37.5271],[140.1133,37.5268],[140.1134,37.5272],[140.1141,37.5262],[140.1148,37.5264],[140.116,37.5217],[140.1149,37.5178],[140.1121,37.514],[140.1113,37.5104],[140.1139,37.5081],[140.1184,37.5058],[140.126,37.5057],[140.131,37.5047],[140.135,37.5032],[140.1379,37.5012],[140.1416,37.5015],[140.1385,37.5018],[140.1379,37.5022],[140.1382,37.5027],[140.1426,37.5023],[140.1431,37.503],[140.1453,37.5003],[140.1467,37.4935],[140.1507,37.4908],[140.1546,37.4901],[140.1543,37.4864],[140.1532,37.4836],[140.1488,37.4802],[140.1479,37.4781],[140.155,37.4645],[140.1549,37.4621],[140.1512,37.4559],[140.1526,37.454],[140.1524,37.452],[140.1535,37.4495],[140.1513,37.445],[140.1472,37.4401],[140.1463,37.4366],[140.1419,37.4316],[140.1307,37.4219],[140.1202,37.415],[140.1156,37.413],[140.1101,37.4135],[140.1096,37.4141],[140.1099,37.4163],[140.1075,37.4182],[140.1044,37.4177],[140.1018,37.4163],[140.0996,37.4173],[140.1012,37.4158],[140.101,37.4152],[140.0977,37.4136],[140.0965,37.414],[140.0957,37.4152],[140.0966,37.4162],[140.0968,37.4186],[140.0973,37.4184],[140.0972,37.417],[140.098,37.4181],[140.0967,37.4196],[140.0911,37.4203],[140.0858,37.4195],[140.0778,37.4206],[140.0779,37.4228],[140.077,37.4241],[140.0776,37.4256],[140.0753,37.4269],[140.0715,37.4276],[140.071,37.4283],[140.0708,37.4309],[140.0684,37.4349],[140.0675,37.4385],[140.0691,37.44],[140.0694,37.4421],[140.0673,37.4446],[140.0637,37.4454],[140.063,37.4472],[140.064,37.4495],[140.0611,37.448],[140.0585,37.4485],[140.0569,37.45],[140.0561,37.4524],[140.0518,37.4543],[140.0506,37.4573],[140.0473,37.4595],[140.0465,37.4647],[140.0474,37.4734],[140.0426,37.4765],[140.0418,37.4785],[140.0424,37.4844],[140.0413,37.4848],[140.04,37.4836],[140.0396,37.4821],[140.04,37.4811],[140.0361,37.4777],[140.0327,37.4771],[140.0301,37.4786],[140.0299,37.4812],[140.0308,37.4819],[140.031,37.48],[140.0322,37.4829],[140.0317,37.4841],[140.03,37.4847],[140.0297,37.487],[140.0318,37.489],[140.0319,37.4905],[140.0304,37.4918],[140.0267,37.4925],[140.0261,37.4942],[140.0262,37.4969],[140.0217,37.4987],[140.0216,37.5015],[140.0202,37.5026],[140.0217,37.5048],[140.019,37.5058],[140.0199,37.5092],[140.0218,37.5116],[140.0223,37.5116],[140.022,37.5123],[140.0235,37.5122],[140.0229,37.5137],[140.0212,37.5146],[140.0212,37.516],[140.0223,37.5169]],[[140.0357,37.5124],[140.0363,37.511],[140.0354,37.5091],[140.0373,37.5083],[140.0396,37.509],[140.0369,37.5123],[140.0357,37.5124]]]]}},{"type":"Feature","properties":{"t":"lac","km":14.1,"nom":"十和田湖"},"geometry":{"type":"MultiPolygon","coordinates":[[[[140.9215,40.4585],[140.9228,40.4602],[140.923,40.4622],[140.9195,40.4652],[140.9095,40.4665],[140.9058,40.4654],[140.904,40.4633],[140.9037,40.4608],[140.9023,40.4587],[140.9029,40.4571],[140.9041,40.4565],[140.9063,40.4567],[140.9072,40.4558],[140.9065,40.455],[140.9082,40.4551],[140.911,40.4536],[140.9133,40.45],[140.9139,40.4481],[140.9134,40.4465],[140.9143,40.4463],[140.9151,40.4446],[140.9145,40.4422],[140.9152,40.4416],[140.9143,40.4409],[140.9149,40.4398],[140.9129,40.4393],[140.9137,40.438],[140.9136,40.4369],[140.9128,40.4359],[140.9073,40.4328],[140.8973,40.4321],[140.8945,40.4334],[140.8925,40.4359],[140.8897,40.4361],[140.8853,40.4414],[140.8859,40.4416],[140.8856,40.4422],[140.8838,40.4426],[140.884,40.444],[140.8844,40.4437],[140.8853,40.4443],[140.8848,40.4451],[140.8851,40.4465],[140.8841,40.446],[140.8804,40.4461],[140.8806,40.4471],[140.878,40.4479],[140.8776,40.4487],[140.8784,40.4497],[140.8782,40.4515],[140.8765,40.4511],[140.8768,40.4504],[140.8758,40.4501],[140.8771,40.4486],[140.8761,40.4475],[140.8767,40.4461],[140.8761,40.4453],[140.8794,40.443],[140.8805,40.4409],[140.8791,40.4395],[140.879,40.4376],[140.8802,40.4372],[140.8791,40.4353],[140.8807,40.4345],[140.8824,40.4348],[140.883,40.4359],[140.8831,40.4347],[140.8836,40.4354],[140.8843,40.4347],[140.8855,40.4356],[140.8848,40.4348],[140.8858,40.4336],[140.8869,40.4339],[140.8888,40.4331],[140.8915,40.4305],[140.8929,40.428],[140.8919,40.4233],[140.8928,40.4221],[140.8927,40.4208],[140.8883,40.4182],[140.8863,40.416],[140.8827,40.4143],[140.8761,40.413],[140.8752,40.4134],[140.8735,40.4158],[140.8713,40.4137],[140.8657,40.4141],[140.8601,40.4164],[140.8589,40.4181],[140.8573,40.4191],[140.8561,40.4239],[140.8567,40.4259],[140.8555,40.4302],[140.85,40.4328],[140.847,40.4358],[140.8472,40.4385],[140.8441,40.442],[140.8453,40.4432],[140.8431,40.4438],[140.8396,40.4471],[140.8396,40.4507],[140.8442,40.4536],[140.8446,40.4556],[140.8429,40.4576],[140.841,40.4576],[140.8379,40.4606],[140.8361,40.4641],[140.8363,40.4668],[140.8308,40.4728],[140.83,40.4748],[140.8284,40.4764],[140.828,40.4793],[140.8286,40.4805],[140.8307,40.4811],[140.8339,40.4834],[140.8321,40.4848],[140.8328,40.4894],[140.8336,40.4903],[140.8382,40.4918],[140.8392,40.4936],[140.843,40.4958],[140.8462,40.4968],[140.851,40.4973],[140.8575,40.4997],[140.8625,40.4998],[140.8652,40.4991],[140.867,40.4978],[140.871,40.4968],[140.8753,40.4982],[140.878,40.4981],[140.8806,40.4998],[140.8843,40.5002],[140.8861,40.4996],[140.8879,40.5005],[140.8914,40.4999],[140.8938,40.5021],[140.8972,40.5036],[140.9021,40.5021],[140.9052,40.5035],[140.9078,40.5033],[140.9095,40.5043],[140.9163,40.5036],[140.9216,40.4966],[140.9216,40.4957],[140.9197,40.4945],[140.9207,40.4928],[140.9244,40.4917],[140.9258,40.4919],[140.9321,40.4855],[140.9329,40.4828],[140.9371,40.481],[140.9395,40.4785],[140.941,40.4782],[140.941,40.4756],[140.9417,40.4747],[140.9412,40.4745],[140.9417,40.474],[140.9413,40.4722],[140.9402,40.4704],[140.9406,40.4674],[140.944,40.4642],[140.9447,40.4627],[140.9436,40.4593],[140.9437,40.4571],[140.9419,40.4556],[140.9389,40.4546],[140.9383,40.4538],[140.9382,40.4502],[140.9372,40.4491],[140.937,40.4475],[140.934,40.4463],[140.9308,40.4458],[140.9285,40.4461],[140.9286,40.447],[140.9296,40.4476],[140.9293,40.4484],[140.9271,40.4494],[140.9207,40.4497],[140.9233,40.4509],[140.9168,40.4526],[140.9178,40.454],[140.9175,40.455],[140.9191,40.4556],[140.9215,40.4585]]]]}},{"type":"Feature","properties":{"t":"lac","km":16.9,"nom":"小川原湖"},"geometry":{"type":"MultiPolygon","coordinates":[[[[141.2873,40.7467],[141.2876,40.7475],[141.2865,40.748],[141.2859,40.7518],[141.2844,40.7551],[141.2852,40.7543],[141.2862,40.7544],[141.2856,40.7552],[141.287,40.7548],[141.2883,40.7532],[141.2873,40.7526],[141.2886,40.7524],[141.2878,40.7521],[141.2909,40.7502],[141.2928,40.7495],[141.2939,40.7504],[141.2955,40.7501],[141.2975,40.7487],[141.2969,40.7497],[141.2989,40.7496],[141.3004,40.7486],[141.3002,40.748],[141.3009,40.7472],[141.3018,40.7472],[141.3038,40.7456],[141.3056,40.7461],[141.3083,40.7493],[141.3164,40.749],[141.3207,40.7511],[141.3248,40.7516],[141.3265,40.7533],[141.3264,40.7567],[141.3253,40.7591],[141.3234,40.7604],[141.3205,40.7611],[141.318,40.7636],[141.318,40.7654],[141.3168,40.768],[141.3167,40.7697],[141.3174,40.77],[141.3164,40.7743],[141.3119,40.776],[141.3113,40.7782],[141.3091,40.7798],[141.3083,40.7823],[141.3089,40.7823],[141.3085,40.783],[141.309,40.7835],[141.3082,40.7842],[141.3087,40.785],[141.3066,40.7894],[141.3029,40.7946],[141.302,40.7973],[141.3017,40.803],[141.3005,40.8057],[141.2981,40.8086],[141.2968,40.8141],[141.297,40.818],[141.2985,40.8221],[141.3024,40.8272],[141.3077,40.8313],[141.3126,40.8415],[141.3146,40.8433],[141.3139,40.8444],[141.3154,40.8474],[141.3188,40.8492],[141.3241,40.8502],[141.3283,40.8528],[141.329,40.8521],[141.329,40.8497],[141.328,40.8486],[141.3265,40.8485],[141.3261,40.8473],[141.3306,40.846],[141.3372,40.8429],[141.3483,40.8425],[141.3557,40.8446],[141.3583,40.8447],[141.3654,40.8429],[141.3674,40.8413],[141.3682,40.8362],[141.366,40.8319],[141.3669,40.8308],[141.3653,40.8289],[141.3661,40.8274],[141.3638,40.8245],[141.3621,40.8204],[141.3591,40.816],[141.3562,40.8139],[141.3539,40.8133],[141.3532,40.8136],[141.3514,40.8122],[141.3497,40.8099],[141.3479,40.804],[141.3491,40.784],[141.3482,40.7794],[141.349,40.7779],[141.3555,40.7746],[141.3571,40.7721],[141.3582,40.7677],[141.3597,40.7527],[141.3596,40.7443],[141.3591,40.7439],[141.3594,40.7417],[141.3584,40.7357],[141.3548,40.7278],[141.3537,40.7267],[141.3528,40.7269],[141.3522,40.7264],[141.3529,40.7268],[141.3538,40.7264],[141.352,40.7239],[141.3482,40.7211],[141.3451,40.7203],[141.345,40.7211],[141.3314,40.727],[141.3289,40.7263],[141.3252,40.7267],[141.3184,40.7247],[141.3157,40.7224],[141.3137,40.7224],[141.313,40.7216],[141.3118,40.7219],[141.3117,40.7214],[141.3126,40.7213],[141.3122,40.7201],[141.311,40.719],[141.3085,40.7186],[141.3083,40.7183],[141.3092,40.7181],[141.3086,40.7177],[141.3078,40.7181],[141.3069,40.7171],[141.3048,40.7167],[141.2999,40.7179],[141.2969,40.7171],[141.2958,40.7179],[141.2972,40.7193],[141.2968,40.7179],[141.299,40.7205],[141.2976,40.7212],[141.2959,40.7203],[141.292,40.7214],[141.291,40.7209],[141.2905,40.7216],[141.2914,40.7226],[141.2882,40.7234],[141.288,40.7258],[141.287,40.7271],[141.2828,40.729],[141.2832,40.7297],[141.2824,40.7295],[141.2807,40.7359],[141.2799,40.7365],[141.2788,40.7395],[141.2769,40.7415],[141.2822,40.7456],[141.2847,40.7448],[141.2873,40.7467]]]]}},{"type":"Feature","properties":{"t":"lac","km":9.6,"nom":"桧原湖"},"geometry":{"type":"MultiPolygon","coordinates":[[[[140.0381,37.6502],[140.0402,37.6543],[140.0403,37.6558],[140.0416,37.6572],[140.0406,37.6582],[140.0422,37.6593],[140.0418,37.6599],[140.0425,37.6618],[140.0472,37.6616],[140.0511,37.6624],[140.0506,37.6635],[140.0495,37.6634],[140.0505,37.6636],[140.0491,37.6643],[140.0498,37.6651],[140.0492,37.6665],[140.0502,37.6669],[140.0502,37.6675],[140.0511,37.6669],[140.0515,37.6672],[140.0492,37.6687],[140.0489,37.6706],[140.0477,37.6716],[140.047,37.674],[140.0456,37.6747],[140.0455,37.6764],[140.0435,37.6768],[140.043,37.6775],[140.0437,37.6788],[140.0449,37.6794],[140.0444,37.6801],[140.046,37.68],[140.045,37.6814],[140.0451,37.6823],[140.0466,37.6825],[140.0467,37.6834],[140.048,37.6835],[140.0483,37.6843],[140.05,37.684],[140.0513,37.6847],[140.052,37.6886],[140.0528,37.6891],[140.0519,37.6902],[140.0523,37.6934],[140.0521,37.6949],[140.0498,37.6958],[140.0526,37.697],[140.0531,37.6986],[140.0514,37.6997],[140.0522,37.7006],[140.0515,37.701],[140.0521,37.702],[140.0512,37.7022],[140.0522,37.7036],[140.0516,37.7049],[140.0546,37.7072],[140.0534,37.7091],[140.0535,37.7111],[140.0542,37.7118],[140.0534,37.7129],[140.0536,37.715],[140.0494,37.7181],[140.0482,37.7184],[140.0483,37.7178],[140.0497,37.717],[140.0478,37.7161],[140.0492,37.7149],[140.0489,37.7138],[140.0498,37.7134],[140.05,37.7123],[140.0494,37.7113],[140.0496,37.7099],[140.048,37.7098],[140.0459,37.7116],[140.0449,37.7111],[140.044,37.7118],[140.0408,37.7151],[140.0401,37.7171],[140.0387,37.7174],[140.0382,37.7184],[140.0353,37.719],[140.0358,37.7198],[140.0348,37.7205],[140.0386,37.722],[140.0406,37.7216],[140.0477,37.7283],[140.0505,37.7284],[140.0505,37.7292],[140.0512,37.7286],[140.0531,37.7298],[140.0548,37.729],[140.0556,37.7279],[140.0549,37.7272],[140.0554,37.7259],[140.0546,37.7246],[140.0577,37.7218],[140.0591,37.7217],[140.0572,37.7196],[140.0604,37.7165],[140.0626,37.7125],[140.0618,37.7074],[140.0624,37.7057],[140.0615,37.7051],[140.0599,37.7021],[140.0616,37.6987],[140.0605,37.6983],[140.061,37.697],[140.0593,37.6947],[140.0597,37.6915],[140.0613,37.6901],[140.0614,37.6867],[140.0629,37.6869],[140.0626,37.6862],[140.0644,37.6857],[140.0654,37.6847],[140.0646,37.6835],[140.0663,37.6828],[140.0664,37.6817],[140.0672,37.682],[140.065,37.6798],[140.0651,37.6789],[140.0641,37.679],[140.0646,37.6784],[140.0632,37.6781],[140.0632,37.6763],[140.0641,37.6748],[140.0617,37.6738],[140.0617,37.6731],[140.0635,37.673],[140.0626,37.6714],[140.0611,37.6714],[140.0611,37.6703],[140.0634,37.6683],[140.063,37.6677],[140.0628,37.6683],[140.062,37.6681],[140.062,37.6672],[140.0631,37.6674],[140.064,37.6662],[140.0634,37.6652],[140.064,37.665],[140.0643,37.6635],[140.0651,37.6636],[140.0655,37.6648],[140.0663,37.6647],[140.0663,37.6642],[140.0667,37.6648],[140.0674,37.6634],[140.0659,37.6638],[140.0654,37.6626],[140.0658,37.6618],[140.0646,37.6618],[140.0641,37.661],[140.0633,37.6621],[140.0645,37.6627],[140.0642,37.6635],[140.0636,37.6642],[140.063,37.6636],[140.0632,37.6644],[140.0625,37.6645],[140.0617,37.6624],[140.0627,37.6621],[140.0613,37.6613],[140.0622,37.6603],[140.0612,37.6604],[140.0618,37.6595],[140.0614,37.6585],[140.0642,37.6579],[140.0646,37.6588],[140.0658,37.6576],[140.0678,37.6585],[140.0704,37.6582],[140.0686,37.6577],[140.0684,37.6571],[140.0711,37.657],[140.0698,37.6556],[140.0685,37.6564],[140.0682,37.6559],[140.0668,37.6565],[140.0655,37.656],[140.064,37.653],[140.061,37.652],[140.0614,37.6494],[140.0604,37.6494],[140.0589,37.6482],[140.0578,37.6491],[140.0566,37.6486],[140.0554,37.649],[140.055,37.6505],[140.0536,37.6505],[140.0533,37.6519],[140.0521,37.6517],[140.0524,37.6541],[140.0506,37.6538],[140.05,37.6547],[140.0505,37.656],[140.0469,37.6555],[140.0441,37.6543],[140.0398,37.6495],[140.038,37.6492],[140.0381,37.6502]],[[140.0512,37.6787],[140.0503,37.6778],[140.0514,37.6768],[140.0517,37.6774],[140.0512,37.6787]],[[140.0613,37.7107],[140.0612,37.7101],[140.0618,37.7102],[140.0613,37.7107]],[[140.054,37.7248],[140.053,37.7257],[140.051,37.7254],[140.054,37.7248]],[[140.0576,37.6675],[140.0573,37.6671],[140.0584,37.667],[140.0576,37.6675]],[[140.063,37.666],[140.0635,37.6663],[140.0629,37.6664],[140.063,37.666]],[[140.0599,37.6663],[140.0605,37.6663],[140.0604,37.6669],[140.0597,37.6668],[140.0599,37.6663]],[[140.0617,37.6661],[140.0607,37.6645],[140.0619,37.6654],[140.0617,37.6661]],[[140.0599,37.6648],[140.059,37.6645],[140.0602,37.6641],[140.0602,37.6635],[140.0596,37.6636],[140.0603,37.6631],[140.0608,37.6637],[140.0602,37.6647],[140.0604,37.6658],[140.0599,37.6648]],[[140.0398,37.651],[140.0402,37.6505],[140.0394,37.6505],[140.0395,37.6496],[140.0405,37.6505],[140.0398,37.651]],[[140.0502,37.6836],[140.0516,37.6832],[140.0505,37.6831],[140.0502,37.6836]]]]}},{"type":"Feature","properties":{"t":"lac","km":5.5,"nom":"大沼"},"geometry":{"type":"MultiPolygon","coordinates":[[[[140.6786,41.9884],[140.6782,41.9878],[140.6764,41.9883],[140.6752,41.9873],[140.6771,41.9872],[140.6763,41.9866],[140.6789,41.9861],[140.6788,41.9855],[140.6772,41.9858],[140.6766,41.9849],[140.6755,41.9847],[140.6743,41.9851],[140.6739,41.9847],[140.6748,41.9845],[140.6747,41.984],[140.6757,41.9844],[140.6755,41.9838],[140.6726,41.9846],[140.6712,41.9832],[140.6704,41.9832],[140.6703,41.9824],[140.6696,41.9827],[140.6698,41.9844],[140.6695,41.9851],[140.669,41.985],[140.6692,41.9856],[140.6716,41.9841],[140.6714,41.9854],[140.6723,41.9858],[140.67,41.9859],[140.6708,41.9869],[140.6691,41.9879],[140.6676,41.9873],[140.6673,41.9879],[140.6679,41.9884],[140.6672,41.9882],[140.6665,41.9905],[140.667,41.9916],[140.6665,41.9915],[140.6666,41.9927],[140.6656,41.9931],[140.6663,41.994],[140.6661,41.9956],[140.6667,41.9967],[140.6679,41.9967],[140.6696,41.9982],[140.6698,41.9993],[140.672,41.9992],[140.6719,41.9996],[140.6725,41.9991],[140.6734,42.0004],[140.6717,42.0005],[140.6752,42.0007],[140.6726,42.0014],[140.6727,42.0021],[140.6742,42.0023],[140.6744,42.0014],[140.6766,42.0008],[140.677,42.0],[140.6808,42.0021],[140.6832,42.0014],[140.6858,42.0016],[140.6864,42.0028],[140.6928,42.005],[140.6932,42.0059],[140.696,42.0072],[140.6963,42.0066],[140.6972,42.0066],[140.6973,42.006],[140.6965,42.0062],[140.697,42.0053],[140.6965,42.006],[140.6946,42.0062],[140.6958,42.0055],[140.6966,42.0039],[140.6973,42.0051],[140.6996,42.0046],[140.7003,42.0059],[140.6996,42.0059],[140.7,42.0066],[140.6994,42.0067],[140.7035,42.0089],[140.705,42.0108],[140.7088,42.0117],[140.7094,42.0135],[140.7125,42.0143],[140.7154,42.0126],[140.7158,42.0117],[140.7136,42.0114],[140.7135,42.0089],[140.7141,42.0072],[140.7158,42.0057],[140.7161,42.0041],[140.7139,42.0024],[140.7117,42.0023],[140.7114,42.0007],[140.7098,42.0013],[140.7099,42.0008],[140.7079,41.9996],[140.7076,41.9988],[140.7062,41.9991],[140.7071,41.9982],[140.7065,41.9974],[140.7076,41.9967],[140.7072,41.9961],[140.7065,41.9958],[140.706,41.9965],[140.7046,41.9967],[140.7039,41.9962],[140.7042,41.9953],[140.7033,41.9956],[140.7041,41.9958],[140.7033,41.9963],[140.702,41.9956],[140.7025,41.9961],[140.7017,41.9962],[140.7002,41.9953],[140.7006,41.9948],[140.7001,41.9951],[140.6994,41.9945],[140.6998,41.9958],[140.6988,41.9964],[140.6981,41.9959],[140.6998,41.9969],[140.6987,41.9975],[140.6977,41.9953],[140.6966,41.9951],[140.6962,41.9943],[140.6955,41.9955],[140.6952,41.9941],[140.6932,41.9939],[140.6928,41.9927],[140.6901,41.9935],[140.6877,41.9924],[140.6857,41.9892],[140.684,41.9896],[140.6842,41.989],[140.6832,41.9891],[140.6834,41.9883],[140.6822,41.9884],[140.6796,41.9904],[140.6789,41.9893],[140.6769,41.9889],[140.6786,41.9884]],[[140.6727,41.985],[140.6737,41.9847],[140.674,41.9853],[140.6733,41.9856],[140.6727,41.985]],[[140.6697,41.9835],[140.6701,41.983],[140.6703,41.9836],[140.6713,41.9836],[140.6697,41.9835]],[[140.6699,41.9846],[140.6701,41.984],[140.6708,41.9845],[140.6699,41.9846]],[[140.6709,41.9884],[140.6717,41.9873],[140.6716,41.9883],[140.6709,41.9884]],[[140.6695,41.9881],[140.6699,41.9877],[140.67,41.9883],[140.6695,41.9881]],[[140.7004,41.9973],[140.7009,41.997],[140.701,41.9976],[140.7004,41.9973]]]]}},{"type":"Feature","properties":{"t":"lac","km":8.3,"nom":"奥多摩湖"},"geometry":{"type":"MultiPolygon","coordinates":[[[[139.0251,35.7695],[139.0219,35.7704],[139.0223,35.7691],[139.0218,35.7683],[139.0209,35.7707],[139.0225,35.7717],[139.0183,35.7727],[139.0177,35.7743],[139.0156,35.7756],[139.0128,35.7753],[139.0082,35.7771],[139.0074,35.7767],[139.0069,35.7746],[139.0054,35.7742],[139.0058,35.7722],[139.0046,35.7737],[139.0026,35.7725],[138.999,35.7727],[138.9984,35.7718],[139.0002,35.7688],[139.0001,35.7676],[138.9977,35.7664],[138.995,35.7666],[138.9933,35.7647],[138.9948,35.7634],[138.9939,35.7625],[138.9941,35.7632],[138.9929,35.764],[138.9927,35.765],[138.9941,35.767],[138.9984,35.7674],[138.9989,35.768],[138.9972,35.7716],[138.9978,35.7733],[138.9989,35.7743],[138.9962,35.7753],[138.993,35.7739],[138.9912,35.7741],[138.9896,35.7746],[138.9862,35.7797],[138.9841,35.7778],[138.9805,35.7781],[138.9787,35.7793],[138.9777,35.7792],[138.9786,35.7797],[138.9764,35.7821],[138.9761,35.7835],[138.9707,35.7825],[138.9691,35.7845],[138.9713,35.7828],[138.9762,35.7839],[138.9773,35.7816],[138.9812,35.7788],[138.9841,35.7793],[138.9866,35.7809],[138.9859,35.7814],[138.9861,35.782],[138.9861,35.7814],[138.9869,35.7812],[138.9903,35.7774],[138.9908,35.7761],[138.9913,35.7758],[138.9924,35.7765],[138.9918,35.7755],[138.9987,35.7778],[138.9983,35.7771],[138.9993,35.7762],[139.0021,35.7744],[139.003,35.7764],[139.0037,35.776],[139.0049,35.7771],[139.0046,35.7784],[139.0077,35.7789],[139.0085,35.7798],[139.0088,35.7791],[139.0185,35.7767],[139.0219,35.7744],[139.0226,35.7785],[139.0213,35.7788],[139.0207,35.7777],[139.0195,35.7772],[139.018,35.7777],[139.0182,35.7794],[139.016,35.7786],[139.0138,35.7791],[139.0142,35.7806],[139.0134,35.782],[139.0147,35.7825],[139.0149,35.7836],[139.014,35.786],[139.0151,35.7858],[139.0155,35.7851],[139.0154,35.7825],[139.0146,35.7815],[139.0159,35.7795],[139.0184,35.7806],[139.0193,35.7799],[139.019,35.7787],[139.0196,35.7783],[139.0201,35.7805],[139.0214,35.7805],[139.0214,35.7812],[139.0229,35.7815],[139.0224,35.7808],[139.0235,35.7802],[139.0257,35.7816],[139.0264,35.7813],[139.0286,35.7824],[139.0298,35.7817],[139.0297,35.7807],[139.0311,35.7795],[139.0308,35.7833],[139.0327,35.7814],[139.0332,35.784],[139.0339,35.7848],[139.0345,35.7822],[139.0359,35.7821],[139.037,35.7836],[139.0396,35.7842],[139.0426,35.7839],[139.0461,35.7824],[139.0463,35.7836],[139.0448,35.7842],[139.0444,35.7853],[139.0428,35.7866],[139.0444,35.7867],[139.046,35.7879],[139.0439,35.7893],[139.0442,35.7907],[139.0489,35.7924],[139.051,35.7912],[139.0505,35.7882],[139.0496,35.7885],[139.0496,35.787],[139.0512,35.7864],[139.0511,35.7844],[139.0517,35.783],[139.0533,35.7825],[139.0518,35.7817],[139.053,35.78],[139.0521,35.7789],[139.0535,35.7755],[139.0494,35.7819],[139.0477,35.78],[139.0485,35.7781],[139.0479,35.7764],[139.0502,35.7736],[139.0502,35.7728],[139.0474,35.7749],[139.046,35.7746],[139.0466,35.7763],[139.0465,35.778],[139.0457,35.7788],[139.0437,35.7783],[139.0429,35.7792],[139.04,35.7794],[139.0389,35.7769],[139.0385,35.7778],[139.0365,35.7772],[139.0339,35.7791],[139.0326,35.7769],[139.03,35.7763],[139.0284,35.7778],[139.0278,35.7799],[139.0256,35.778],[139.0268,35.7769],[139.0262,35.7753],[139.0275,35.7746],[139.0259,35.774],[139.0258,35.7718],[139.0245,35.7716],[139.0242,35.7708],[139.0251,35.7695]]]]}},{"type":"Feature","properties":{"t":"lac","km":8.4,"nom":"阿寒湖"},"geometry":{"type":"MultiPolygon","coordinates":[[[[144.0865,43.4578],[144.0872,43.4593],[144.0917,43.463],[144.0918,43.4644],[144.0942,43.4673],[144.0982,43.4691],[144.1021,43.469],[144.1022,43.4708],[144.1078,43.4732],[144.1087,43.4742],[144.1093,43.4763],[144.1124,43.4766],[144.1144,43.4757],[144.1158,43.473],[144.1171,43.4721],[144.1179,43.4726],[144.1178,43.4743],[144.1185,43.4753],[144.116,43.4779],[144.1157,43.4794],[144.117,43.48],[144.1213,43.4799],[144.1231,43.4784],[144.1233,43.4792],[144.1241,43.4792],[144.1229,43.4781],[144.1243,43.4783],[144.1238,43.4783],[144.123,43.4763],[144.1235,43.4751],[144.1249,43.4741],[144.1261,43.4717],[144.1257,43.4709],[144.1235,43.4699],[144.1228,43.4688],[144.1234,43.467],[144.1224,43.4653],[144.1239,43.4632],[144.1229,43.4623],[144.1237,43.4608],[144.1209,43.4617],[144.1188,43.4614],[144.1179,43.4606],[144.1179,43.4596],[144.1198,43.4564],[144.1171,43.4567],[144.1129,43.4534],[144.1126,43.4517],[144.1139,43.4497],[144.1172,43.4487],[144.1183,43.449],[144.1192,43.4481],[144.1216,43.4474],[144.1199,43.4452],[144.1214,43.4421],[144.1253,43.4412],[144.1256,43.4399],[144.1268,43.4392],[144.1304,43.4395],[144.1323,43.439],[144.1318,43.438],[144.133,43.4371],[144.1314,43.4365],[144.1367,43.4364],[144.136,43.4349],[144.1375,43.4347],[144.1385,43.4327],[144.1369,43.432],[144.1353,43.4332],[144.137,43.4331],[144.135,43.4344],[144.1348,43.4358],[144.1308,43.4361],[144.1295,43.437],[144.1281,43.4351],[144.1261,43.4354],[144.1214,43.4331],[144.1173,43.4343],[144.1128,43.4335],[144.1118,43.4343],[144.1101,43.4343],[144.1104,43.4352],[144.1087,43.4351],[144.1074,43.4362],[144.1062,43.4363],[144.1059,43.438],[144.1036,43.4388],[144.097,43.4376],[144.0988,43.4347],[144.0976,43.4336],[144.0923,43.4346],[144.0896,43.4359],[144.0889,43.4376],[144.0869,43.4382],[144.0856,43.4405],[144.0845,43.4407],[144.0851,43.4419],[144.0814,43.445],[144.08,43.448],[144.0788,43.4482],[144.0756,43.4472],[144.0739,43.448],[144.0738,43.4499],[144.071,43.4499],[144.069,43.4517],[144.0664,43.4522],[144.0655,43.4532],[144.061,43.4539],[144.0588,43.4559],[144.0601,43.4583],[144.0692,43.4579],[144.0726,43.4564],[144.0754,43.4565],[144.0808,43.4554],[144.0821,43.4556],[144.0849,43.4578],[144.0865,43.4578]],[[144.0991,43.4392],[144.0989,43.4407],[144.0979,43.4407],[144.0991,43.4392]],[[144.1155,43.4395],[144.1143,43.4376],[144.1176,43.4361],[144.1185,43.4402],[144.1169,43.4404],[144.1155,43.4395]],[[144.1072,43.4694],[144.1069,43.4688],[144.1092,43.4696],[144.1088,43.471],[144.1072,43.4694]],[[144.0877,43.4551],[144.0891,43.4551],[144.088,43.4557],[144.0877,43.4551]]]]}},{"type":"Feature","properties":{"t":"lac","km":8.2,"nom":"摩周湖"},"geometry":{"type":"MultiPolygon","coordinates":[[[[144.5537,43.5808],[144.548,43.5788],[144.5433,43.5749],[144.541,43.5705],[144.5413,43.569],[144.5401,43.5636],[144.5366,43.5616],[144.5377,43.56],[144.5375,43.5581],[144.5321,43.554],[144.5238,43.5511],[144.5201,43.5512],[144.5144,43.5535],[144.5112,43.5555],[144.5105,43.5576],[144.5074,43.5619],[144.5069,43.5651],[144.5075,43.5676],[144.5064,43.5727],[144.508,43.5768],[144.5059,43.5801],[144.5087,43.5825],[144.5082,43.5849],[144.5096,43.5882],[144.5137,43.5894],[144.5184,43.5923],[144.5204,43.5971],[144.5256,43.6018],[144.5308,43.6036],[144.5329,43.605],[144.5373,43.6052],[144.5448,43.6043],[144.5463,43.6056],[144.5517,43.6069],[144.5536,43.6067],[144.5618,43.6038],[144.565,43.6017],[144.5691,43.5977],[144.5722,43.5923],[144.5702,43.5858],[144.5704,43.583],[144.571,43.5819],[144.57,43.5806],[144.5662,43.5798],[144.5642,43.5831],[144.5595,43.5848],[144.5561,43.5839],[144.5547,43.5828],[144.5537,43.5808]],[[144.527,43.5793],[144.5279,43.579],[144.5275,43.5796],[144.527,43.5793]]]]}},{"type":"Feature","properties":{"t":"lac","km":18.1,"nom":"屈斜路湖"},"geometry":{"type":"MultiPolygon","coordinates":[[[[144.3483,43.6008],[144.349,43.5991],[144.3478,43.5934],[144.3482,43.5867],[144.3499,43.5834],[144.3501,43.5811],[144.3488,43.5774],[144.3463,43.5737],[144.3408,43.5683],[144.3416,43.5657],[144.3417,43.5626],[144.337,43.559],[144.3341,43.5581],[144.328,43.5577],[144.325,43.5581],[144.3233,43.5591],[144.3226,43.5599],[144.3235,43.5623],[144.3237,43.5654],[144.3221,43.5699],[144.3214,43.5704],[144.3218,43.5705],[144.321,43.5723],[144.3216,43.5729],[144.3205,43.5737],[144.3137,43.5759],[144.3116,43.5773],[144.3114,43.5792],[144.3125,43.5811],[144.3151,43.5819],[144.3184,43.5843],[144.3183,43.5853],[144.3172,43.5862],[144.3143,43.5872],[144.3079,43.5847],[144.3092,43.5838],[144.309,43.5825],[144.311,43.5818],[144.3101,43.5809],[144.3108,43.5802],[144.3099,43.5799],[144.3104,43.5791],[144.3063,43.5769],[144.3024,43.5757],[144.2978,43.576],[144.2937,43.5773],[144.2929,43.578],[144.2925,43.5806],[144.2904,43.5825],[144.2863,43.5834],[144.2799,43.5833],[144.2769,43.5842],[144.276,43.5856],[144.2722,43.5881],[144.2716,43.5896],[144.2687,43.5916],[144.2635,43.5971],[144.2622,43.6001],[144.26,43.6028],[144.2592,43.6081],[144.26,43.6102],[144.2599,43.6135],[144.2617,43.616],[144.262,43.6194],[144.2653,43.6235],[144.2678,43.6247],[144.2703,43.6288],[144.2678,43.6326],[144.2689,43.6363],[144.2753,43.6408],[144.2761,43.6442],[144.2762,43.6488],[144.2787,43.6507],[144.2795,43.6544],[144.2815,43.6559],[144.2843,43.6566],[144.2869,43.6585],[144.2903,43.6588],[144.2941,43.6602],[144.2969,43.6599],[144.2999,43.6582],[144.3023,43.6584],[144.3048,43.6607],[144.3091,43.6617],[144.3121,43.6646],[144.3164,43.6705],[144.3216,43.6722],[144.3305,43.6706],[144.3418,43.6709],[144.3546,43.6731],[144.3581,43.6748],[144.364,43.6746],[144.3663,43.6752],[144.3703,43.6746],[144.3764,43.6718],[144.3786,43.6715],[144.3826,43.6722],[144.3855,43.6738],[144.3906,43.6743],[144.3934,43.6732],[144.3978,43.6693],[144.4001,43.6682],[144.4043,43.6677],[144.4081,43.6693],[144.412,43.6684],[144.4144,43.6645],[144.4152,43.6569],[144.4143,43.6522],[144.412,43.648],[144.4059,43.6463],[144.3999,43.6454],[144.3964,43.6457],[144.392,43.6446],[144.3884,43.6453],[144.3872,43.646],[144.387,43.6475],[144.3845,43.6487],[144.3803,43.6479],[144.3785,43.6463],[144.376,43.642],[144.3722,43.6399],[144.3659,43.6342],[144.3625,43.6329],[144.3613,43.6315],[144.3599,43.6289],[144.3609,43.6263],[144.3586,43.6229],[144.3577,43.6175],[144.3589,43.6174],[144.3593,43.6155],[144.3601,43.6153],[144.3603,43.6116],[144.3583,43.6085],[144.3547,43.6057],[144.3548,43.6052],[144.3512,43.6033],[144.3483,43.6008]],[[144.3026,43.6434],[144.2986,43.6428],[144.2942,43.6404],[144.29,43.6372],[144.2855,43.6356],[144.2875,43.6337],[144.2915,43.6265],[144.2985,43.6208],[144.3042,43.6189],[144.3082,43.6184],[144.3169,43.6239],[144.3227,43.6306],[144.3225,43.6374],[144.3237,43.6388],[144.3195,43.6399],[144.3157,43.6423],[144.3074,43.6439],[144.3026,43.6434]]]]}},{"type":"Feature","properties":{"t":"lac","km":12.9,"nom":"網走湖"},"geometry":{"type":"MultiPolygon","coordinates":[[[[144.2248,44.0026],[144.2255,44.0025],[144.2222,43.9997],[144.2233,43.9979],[144.2225,43.994],[144.2229,43.9939],[144.2188,43.9915],[144.218,43.9904],[144.2204,43.9846],[144.2196,43.9836],[144.2173,43.983],[144.2177,43.9817],[144.2163,43.9803],[144.216,43.9784],[144.2161,43.9794],[144.2154,43.9789],[144.2158,43.9772],[144.215,43.9756],[144.2133,43.976],[144.2124,43.9777],[144.213,43.9794],[144.2111,43.9816],[144.2127,43.9845],[144.2126,43.9865],[144.2141,43.9877],[144.2124,43.9888],[144.2127,43.9898],[144.2143,43.9908],[144.2146,43.9926],[144.2131,43.9947],[144.2135,43.9949],[144.2143,43.9939],[144.2162,43.9951],[144.2163,43.9976],[144.2134,43.9953],[144.2102,43.9952],[144.2052,43.9934],[144.2036,43.9939],[144.2014,43.9909],[144.1997,43.9902],[144.1983,43.9869],[144.1981,43.9835],[144.2001,43.9823],[144.2004,43.9802],[144.1994,43.979],[144.1988,43.9793],[144.1987,43.9784],[144.1973,43.9772],[144.1967,43.9748],[144.1969,43.969],[144.1966,43.968],[144.1949,43.9677],[144.1958,43.9666],[144.1957,43.9675],[144.1963,43.9676],[144.1967,43.9663],[144.1961,43.9662],[144.1968,43.9658],[144.1959,43.9656],[144.198,43.9658],[144.2007,43.9612],[144.199,43.9579],[144.1974,43.9569],[144.1912,43.9554],[144.1901,43.9556],[144.1899,43.9565],[144.188,43.9567],[144.1849,43.9554],[144.1843,43.9546],[144.1814,43.9547],[144.1775,43.9512],[144.1775,43.949],[144.18,43.9462],[144.1809,43.9431],[144.1793,43.9396],[144.1764,43.9369],[144.1762,43.9352],[144.1774,43.9326],[144.1781,43.9288],[144.1795,43.9269],[144.181,43.9265],[144.1812,43.9245],[144.1792,43.9213],[144.1765,43.9191],[144.1684,43.9172],[144.1632,43.9172],[144.1614,43.9179],[144.1602,43.9203],[144.1611,43.9216],[144.1586,43.9213],[144.161,43.9218],[144.1613,43.9226],[144.159,43.9228],[144.1575,43.9243],[144.1578,43.9254],[144.1597,43.9265],[144.1608,43.9279],[144.1622,43.9283],[144.165,43.9279],[144.1653,43.9267],[144.1662,43.9261],[144.166,43.9278],[144.1643,43.9288],[144.1617,43.9293],[144.163,43.9304],[144.16,43.932],[144.1586,43.9349],[144.155,43.9335],[144.1509,43.9339],[144.1496,43.9357],[144.1489,43.9385],[144.1471,43.9396],[144.1472,43.9406],[144.1464,43.9413],[144.1438,43.9414],[144.1359,43.9372],[144.1314,43.9385],[144.1268,43.9373],[144.1251,43.9387],[144.1248,43.9402],[144.1257,43.943],[144.1271,43.9448],[144.1277,43.947],[144.129,43.9478],[144.1299,43.9518],[144.1311,43.9535],[144.1351,43.9569],[144.1445,43.9606],[144.1495,43.9639],[144.1526,43.9704],[144.1614,43.9825],[144.1623,43.985],[144.167,43.9924],[144.1672,43.9955],[144.1687,43.9975],[144.1725,43.999],[144.1766,43.9994],[144.1809,44.0011],[144.1833,44.0033],[144.1857,44.0041],[144.19,44.0073],[144.198,44.007],[144.207,44.0079],[144.2098,44.0075],[144.2176,44.0054],[144.2248,44.0026]],[[144.1622,43.9313],[144.1629,43.9314],[144.1632,43.9306],[144.1622,43.9313]],[[144.1646,43.9305],[144.1681,43.9297],[144.1665,43.9289],[144.1627,43.9293],[144.1646,43.9305]],[[144.1681,43.9294],[144.1674,43.9278],[144.1654,43.9287],[144.1681,43.9294]],[[144.1683,43.9268],[144.1674,43.9276],[144.168,43.9282],[144.1683,43.9268]],[[144.1667,43.9261],[144.1662,43.9279],[144.1679,43.9268],[144.1668,43.9268],[144.1667,43.9261]]]]}},{"type":"Feature","properties":{"t":"lac","km":4.4,"nom":"然別湖"},"geometry":{"type":"MultiPolygon","coordinates":[[[[143.116,43.2974],[143.116,43.2981],[143.1163,43.2975],[143.1196,43.298],[143.1206,43.2965],[143.1227,43.2964],[143.1216,43.2932],[143.1193,43.2914],[143.1196,43.2892],[143.1212,43.2882],[143.1205,43.2865],[143.1217,43.2853],[143.1228,43.2857],[143.1246,43.2834],[143.1243,43.2824],[143.1217,43.2799],[143.1213,43.277],[143.1259,43.2767],[143.1283,43.2776],[143.1302,43.2772],[143.1294,43.2726],[143.1224,43.2711],[143.1213,43.2687],[143.1195,43.2679],[143.1169,43.265],[143.1141,43.2654],[143.1124,43.2686],[143.1099,43.2681],[143.1084,43.2665],[143.1026,43.2651],[143.1006,43.2686],[143.1008,43.2698],[143.1064,43.2693],[143.1044,43.2722],[143.1062,43.2737],[143.109,43.2732],[143.1094,43.2739],[143.1072,43.2757],[143.1076,43.2769],[143.1118,43.2772],[143.1096,43.2783],[143.1097,43.2803],[143.1109,43.2833],[143.1135,43.2834],[143.1167,43.2848],[143.1152,43.2857],[143.1163,43.2869],[143.1155,43.2882],[143.1131,43.2892],[143.1125,43.2908],[143.1112,43.2917],[143.1113,43.293],[143.1139,43.294],[143.1127,43.2947],[143.1127,43.2959],[143.116,43.2974]]]]}},{"type":"Feature","properties":{"t":"lac","km":30.2,"nom":"サロマ湖"},"geometry":{"type":"MultiPolygon","coordinates":[[[[143.6829,44.1994],[143.6846,44.1988],[143.6878,44.1943],[143.6874,44.1955],[143.6886,44.1949],[143.6883,44.1945],[143.6898,44.1943],[143.698,44.1947],[143.704,44.1941],[143.7077,44.1952],[143.7129,44.1954],[143.7194,44.1945],[143.7206,44.1938],[143.7189,44.192],[143.7201,44.1914],[143.7192,44.192],[143.7202,44.1923],[143.7196,44.1925],[143.7207,44.1937],[143.7251,44.1906],[143.7282,44.1864],[143.7292,44.1861],[143.7316,44.1873],[143.7382,44.1877],[143.7393,44.1871],[143.7394,44.1841],[143.7422,44.1841],[143.7397,44.1843],[143.7396,44.1861],[143.7408,44.1862],[143.7411,44.185],[143.741,44.1862],[143.7421,44.1862],[143.7422,44.185],[143.743,44.1851],[143.7429,44.1862],[143.745,44.1864],[143.745,44.1875],[143.7534,44.1872],[143.763,44.1858],[143.765,44.1846],[143.7741,44.1815],[143.7822,44.1798],[143.7827,44.179],[143.7838,44.1796],[143.7887,44.1787],[143.7868,44.1771],[143.7883,44.176],[143.7902,44.1765],[143.8002,44.1753],[143.8338,44.1668],[143.8395,44.1643],[143.8428,44.1643],[143.8572,44.1606],[143.8747,44.1535],[143.9022,44.1466],[143.9068,44.1436],[143.9106,44.1425],[143.9172,44.1444],[143.9247,44.1452],[143.9276,44.1448],[143.9289,44.147],[143.9295,44.1469],[143.9285,44.1447],[143.934,44.1441],[143.9366,44.1426],[143.9451,44.1403],[143.9529,44.1367],[143.9551,44.1366],[143.9602,44.1349],[143.9632,44.1329],[143.9653,44.1284],[143.9673,44.1289],[143.9662,44.1303],[143.9683,44.1314],[143.9697,44.1334],[143.971,44.1329],[143.9702,44.1333],[143.9717,44.1345],[143.9698,44.1335],[143.9686,44.1339],[143.9677,44.1333],[143.9637,44.135],[143.9632,44.136],[143.9692,44.1369],[143.9827,44.1358],[143.9859,44.1346],[143.9961,44.1334],[143.9985,44.1324],[144.0006,44.1328],[144.002,44.1321],[144.0036,44.1324],[144.005,44.1311],[144.0066,44.1318],[144.0128,44.1308],[144.0054,44.1307],[144.0042,44.1314],[144.0013,44.1305],[143.9978,44.1304],[143.9915,44.1314],[143.987,44.1295],[143.9874,44.13],[143.9863,44.1311],[143.9846,44.1316],[143.9761,44.1309],[143.9764,44.1317],[143.9803,44.1321],[143.9762,44.1331],[143.9774,44.1337],[143.9789,44.1329],[143.9771,44.134],[143.9752,44.1337],[143.9722,44.1321],[143.9717,44.1307],[143.9706,44.1307],[143.9713,44.1306],[143.9701,44.1261],[143.9706,44.1258],[143.9704,44.1235],[143.9687,44.1182],[143.9618,44.1035],[143.9557,44.0956],[143.9495,44.0899],[143.944,44.0859],[143.9417,44.0862],[143.9393,44.0852],[143.9376,44.086],[143.9343,44.0852],[143.9306,44.0873],[143.9281,44.0897],[143.9301,44.092],[143.9282,44.0928],[143.9298,44.0917],[143.9293,44.091],[143.9275,44.092],[143.9276,44.0926],[143.9271,44.0922],[143.9258,44.0928],[143.925,44.0921],[143.9159,44.093],[143.9074,44.0979],[143.9072,44.0994],[143.9065,44.1003],[143.907,44.1023],[143.9059,44.1046],[143.9068,44.1049],[143.9055,44.1055],[143.9121,44.1077],[143.9121,44.1086],[143.9109,44.1094],[143.8892,44.0993],[143.886,44.099],[143.8857,44.1],[143.8832,44.0987],[143.8757,44.0981],[143.8684,44.1001],[143.8654,44.1003],[143.8647,44.101],[143.8598,44.101],[143.8532,44.1042],[143.8509,44.1046],[143.8445,44.1073],[143.8397,44.1079],[143.8348,44.107],[143.819,44.1012],[143.809,44.0968],[143.8068,44.0963],[143.8061,44.0971],[143.8063,44.0963],[143.805,44.0962],[143.8051,44.0972],[143.8078,44.0981],[143.8038,44.0976],[143.8035,44.099],[143.8023,44.0988],[143.8028,44.0965],[143.7986,44.0955],[143.7953,44.0961],[143.7904,44.0957],[143.7886,44.0969],[143.7853,44.0968],[143.7825,44.0978],[143.7812,44.0991],[143.7818,44.1],[143.7826,44.1],[143.782,44.1008],[143.779,44.101],[143.7767,44.1024],[143.776,44.1039],[143.7769,44.1067],[143.7758,44.1077],[143.7735,44.107],[143.7698,44.1045],[143.7666,44.1],[143.7654,44.1004],[143.7648,44.0992],[143.7636,44.0996],[143.7648,44.0989],[143.7643,44.098],[143.761,44.0978],[143.7575,44.0993],[143.7578,44.0999],[143.7565,44.1],[143.7572,44.1004],[143.7563,44.1003],[143.7567,44.1007],[143.756,44.1015],[143.7565,44.1042],[143.7575,44.1042],[143.7567,44.1044],[143.7572,44.1062],[143.759,44.108],[143.7599,44.1106],[143.759,44.1138],[143.7583,44.1145],[143.7587,44.1146],[143.7558,44.1158],[143.7552,44.1171],[143.7498,44.1202],[143.7467,44.1211],[143.7389,44.121],[143.7373,44.1205],[143.7345,44.1209],[143.7355,44.1193],[143.7355,44.1178],[143.7343,44.1145],[143.7339,44.1109],[143.7342,44.1105],[143.7348,44.1128],[143.7358,44.1131],[143.7365,44.1124],[143.7359,44.1054],[143.7352,44.1044],[143.7341,44.1049],[143.7329,44.1071],[143.731,44.107],[143.7273,44.1096],[143.7262,44.1123],[143.7243,44.1136],[143.7247,44.114],[143.7233,44.114],[143.7236,44.1161],[143.721,44.1207],[143.7216,44.1252],[143.7223,44.1261],[143.7233,44.1258],[143.7228,44.1264],[143.7237,44.1259],[143.7227,44.1289],[143.7231,44.1312],[143.7213,44.1328],[143.7194,44.1359],[143.7155,44.1366],[143.7131,44.139],[143.7141,44.1396],[143.7113,44.1395],[143.7101,44.1412],[143.709,44.1445],[143.7104,44.1469],[143.7098,44.1485],[143.7128,44.1491],[143.7126,44.1498],[143.7086,44.1493],[143.7081,44.1505],[143.7062,44.1503],[143.7057,44.1538],[143.7069,44.1568],[143.7067,44.159],[143.7074,44.1602],[143.7059,44.1587],[143.7074,44.1609],[143.705,44.1592],[143.6977,44.1656],[143.6859,44.1695],[143.6823,44.1746],[143.6758,44.1804],[143.6747,44.1835],[143.6689,44.1838],[143.6682,44.1869],[143.6692,44.1904],[143.674,44.196],[143.6778,44.1985],[143.6829,44.1994]],[[143.9696,44.1263],[143.9705,44.1278],[143.9691,44.128],[143.9681,44.1291],[143.9676,44.1286],[143.9696,44.1263]]]]}},{"type":"Feature","properties":{"t":"lac","km":23.0,"nom":"風蓮湖"},"geometry":{"type":"MultiPolygon","coordinates":[[[[145.2376,43.3552],[145.2415,43.3586],[145.2659,43.358],[145.2771,43.3571],[145.294,43.3541],[145.3007,43.3501],[145.3011,43.3506],[145.2994,43.3509],[145.3014,43.3522],[145.3031,43.3528],[145.3037,43.3521],[145.3039,43.3527],[145.3055,43.3525],[145.3065,43.3507],[145.3059,43.3498],[145.3059,43.3507],[145.3056,43.3486],[145.3069,43.3468],[145.3074,43.3444],[145.3061,43.3406],[145.3064,43.3354],[145.3072,43.3329],[145.3095,43.3305],[145.3116,43.3297],[145.3126,43.3301],[145.3116,43.3299],[145.3098,43.3306],[145.311,43.331],[145.3108,43.3315],[145.3099,43.3314],[145.31,43.333],[145.3142,43.3327],[145.3144,43.3314],[145.3134,43.3311],[145.3135,43.3306],[145.3148,43.3299],[145.3172,43.3299],[145.3198,43.328],[145.3251,43.3263],[145.3232,43.3259],[145.3226,43.3251],[145.3216,43.3251],[145.3223,43.3257],[145.3213,43.3255],[145.3215,43.325],[145.3273,43.3241],[145.3305,43.3209],[145.3342,43.3201],[145.335,43.3205],[145.3352,43.3215],[145.3309,43.33],[145.3337,43.3284],[145.3357,43.3281],[145.3365,43.3283],[145.3354,43.3299],[145.3464,43.3214],[145.3487,43.3172],[145.351,43.3176],[145.3522,43.3167],[145.3544,43.3133],[145.3578,43.3125],[145.3586,43.3129],[145.3563,43.3156],[145.3584,43.3134],[145.3593,43.3133],[145.3566,43.3167],[145.3575,43.3164],[145.3571,43.317],[145.3602,43.3156],[145.3586,43.3167],[145.3631,43.3135],[145.3724,43.3095],[145.3752,43.3071],[145.3779,43.3061],[145.3837,43.2996],[145.3835,43.2976],[145.3819,43.2994],[145.3831,43.2973],[145.3859,43.2974],[145.3896,43.2882],[145.3917,43.286],[145.3936,43.2865],[145.3942,43.2886],[145.3927,43.2876],[145.3952,43.2895],[145.3979,43.2906],[145.4022,43.2912],[145.4096,43.291],[145.4217,43.2867],[145.4248,43.286],[145.4263,43.2863],[145.4274,43.2853],[145.4256,43.2857],[145.4296,43.2845],[145.4306,43.2834],[145.4269,43.2843],[145.4248,43.2841],[145.4076,43.2903],[145.4049,43.2909],[145.4014,43.2907],[145.398,43.2892],[145.3981,43.2885],[145.4007,43.2888],[145.4027,43.2883],[145.4029,43.2892],[145.4042,43.2898],[145.4069,43.2893],[145.4101,43.2879],[145.4126,43.2853],[145.4164,43.2859],[145.4219,43.284],[145.425,43.2821],[145.4233,43.281],[145.4146,43.2833],[145.409,43.2838],[145.4036,43.2826],[145.4046,43.2816],[145.4101,43.2792],[145.4235,43.2777],[145.4383,43.2721],[145.4512,43.27],[145.4544,43.2684],[145.4535,43.2668],[145.4566,43.2645],[145.4603,43.2655],[145.4658,43.2695],[145.4657,43.2703],[145.4642,43.2714],[145.4652,43.2725],[145.4644,43.2737],[145.468,43.2739],[145.4724,43.2725],[145.4731,43.2709],[145.4693,43.2681],[145.4626,43.265],[145.4615,43.2635],[145.4619,43.2631],[145.4596,43.2621],[145.4607,43.2616],[145.4515,43.2641],[145.4433,43.2622],[145.4395,43.2622],[145.4235,43.2655],[145.4025,43.2661],[145.3949,43.2656],[145.3927,43.2644],[145.3908,43.2623],[145.3889,43.2619],[145.3878,43.2627],[145.3847,43.263],[145.3813,43.2667],[145.3781,43.2691],[145.3735,43.2706],[145.3709,43.2706],[145.3667,43.2739],[145.3582,43.2781],[145.3472,43.2793],[145.3388,43.2824],[145.331,43.2845],[145.3266,43.2846],[145.3222,43.2836],[145.3194,43.2815],[145.3214,43.2788],[145.3246,43.2785],[145.3269,43.2757],[145.3284,43.2751],[145.3277,43.2743],[145.3281,43.273],[145.3261,43.2729],[145.3245,43.2742],[145.321,43.275],[145.3102,43.2758],[145.3081,43.2793],[145.3057,43.281],[145.3016,43.2833],[145.2953,43.2849],[145.2937,43.2863],[145.2927,43.2884],[145.2907,43.2898],[145.293,43.2891],[145.2961,43.2901],[145.3013,43.2898],[145.3028,43.2932],[145.3022,43.297],[145.2997,43.302],[145.2952,43.3068],[145.2932,43.307],[145.2941,43.3091],[145.2967,43.3077],[145.2995,43.3072],[145.3062,43.3087],[145.3136,43.3074],[145.3194,43.3055],[145.3218,43.3038],[145.3267,43.3032],[145.3298,43.3014],[145.3338,43.3058],[145.333,43.3077],[145.3254,43.3128],[145.3101,43.3184],[145.3048,43.3212],[145.2886,43.3242],[145.2841,43.324],[145.2768,43.3223],[145.2735,43.3186],[145.2605,43.3098],[145.2617,43.3107],[145.2623,43.3124],[145.2609,43.313],[145.2604,43.3119],[145.2591,43.311],[145.2592,43.312],[145.2566,43.3122],[145.2542,43.3156],[145.2548,43.3169],[145.2519,43.3167],[145.2507,43.3192],[145.2524,43.3152],[145.2502,43.3172],[145.2484,43.3169],[145.2471,43.3141],[145.2465,43.314],[145.2466,43.3147],[145.2458,43.3151],[145.2448,43.3144],[145.2425,43.3183],[145.2437,43.3201],[145.2448,43.3204],[145.2437,43.3204],[145.2426,43.3193],[145.2421,43.3196],[145.2401,43.322],[145.2413,43.3214],[145.2429,43.3214],[145.2429,43.3218],[145.2422,43.3224],[145.2418,43.3219],[145.2421,43.3224],[145.2416,43.3225],[145.2419,43.3228],[145.2414,43.3234],[145.2395,43.3241],[145.239,43.3267],[145.2346,43.3302],[145.2291,43.3327],[145.2299,43.3341],[145.2287,43.3334],[145.228,43.3337],[145.2249,43.3365],[145.2218,43.3404],[145.2231,43.3424],[145.2268,43.3435],[145.2266,43.3448],[145.2303,43.3474],[145.2309,43.3486],[145.2376,43.3552]],[[145.2445,43.3158],[145.2455,43.316],[145.2447,43.3166],[145.2454,43.3173],[145.2456,43.3168],[145.2461,43.3171],[145.2457,43.3175],[145.2442,43.3171],[145.2448,43.3169],[145.2441,43.316],[145.2445,43.3158]],[[145.2446,43.3202],[145.2446,43.3194],[145.2454,43.3193],[145.2446,43.3202]],[[145.3404,43.319],[145.3395,43.3194],[145.3399,43.3201],[145.3422,43.3198],[145.3421,43.3191],[145.3404,43.319]],[[145.3509,43.3104],[145.3497,43.3094],[145.351,43.3095],[145.3525,43.3111],[145.3522,43.3114],[145.3509,43.3104]],[[145.2454,43.3183],[145.2454,43.3189],[145.2446,43.319],[145.2455,43.3191],[145.2457,43.3178],[145.2446,43.3182],[145.2454,43.3183]],[[145.246,43.3186],[145.2463,43.3179],[145.2461,43.3186],[145.2457,43.3182],[145.246,43.3186]],[[145.2463,43.3174],[145.2472,43.3171],[145.2473,43.3164],[145.2463,43.3174]],[[145.3957,43.2892],[145.398,43.2897],[145.3973,43.29],[145.3957,43.2892]],[[145.3945,43.2885],[145.3964,43.2887],[145.3954,43.2892],[145.3945,43.2885]]]]}},{"type":"Feature","properties":{"t":"lac","km":7.9,"nom":"糠平湖"},"geometry":{"type":"MultiPolygon","coordinates":[[[[143.2106,43.3785],[143.21,43.3783],[143.2102,43.3778],[143.2087,43.3776],[143.2089,43.3785],[143.2061,43.3779],[143.2052,43.3794],[143.2024,43.3809],[143.2015,43.3796],[143.2017,43.3817],[143.1987,43.3833],[143.1982,43.3828],[143.1971,43.3839],[143.1985,43.384],[143.1985,43.3849],[143.1955,43.3884],[143.194,43.3881],[143.1937,43.3889],[143.1946,43.3907],[143.1942,43.3917],[143.1925,43.394],[143.1912,43.3942],[143.192,43.3949],[143.1916,43.3954],[143.1929,43.3982],[143.1922,43.4011],[143.1901,43.4008],[143.1896,43.4016],[143.1875,43.402],[143.1877,43.4026],[143.1912,43.4032],[143.19,43.4037],[143.1887,43.4054],[143.1856,43.406],[143.1879,43.4065],[143.1864,43.4091],[143.1866,43.4115],[143.1804,43.414],[143.1761,43.4196],[143.1711,43.4235],[143.1705,43.4246],[143.1717,43.4249],[143.1724,43.4232],[143.1732,43.4235],[143.1728,43.4241],[143.1752,43.4234],[143.1804,43.42],[143.182,43.4199],[143.1834,43.4182],[143.1857,43.4177],[143.1877,43.4164],[143.1894,43.4167],[143.191,43.4184],[143.1915,43.4203],[143.1925,43.4206],[143.1926,43.4177],[143.1906,43.4148],[143.193,43.4123],[143.1937,43.4098],[143.1944,43.4097],[143.1943,43.4105],[143.195,43.4105],[143.1978,43.4088],[143.2013,43.408],[143.2022,43.4069],[143.206,43.405],[143.2071,43.4038],[143.2082,43.401],[143.2094,43.4003],[143.2089,43.3997],[143.2093,43.3981],[143.2104,43.3967],[143.2108,43.3946],[143.2122,43.394],[143.2114,43.3922],[143.2128,43.391],[143.2126,43.3886],[143.2136,43.3885],[143.2123,43.3869],[143.213,43.386],[143.2127,43.3852],[143.2137,43.3843],[143.2144,43.3851],[143.2157,43.3851],[143.2152,43.3836],[143.2161,43.3836],[143.2157,43.383],[143.2165,43.3821],[143.2179,43.3823],[143.2151,43.3817],[143.2147,43.3803],[143.2173,43.3785],[143.2195,43.3778],[143.2209,43.3782],[143.2217,43.3765],[143.2253,43.3769],[143.2246,43.3763],[143.2247,43.3756],[143.2223,43.3753],[143.2222,43.374],[143.2227,43.3736],[143.2199,43.3729],[143.2195,43.3735],[143.2176,43.3733],[143.2163,43.3712],[143.2155,43.372],[143.214,43.3718],[143.2139,43.371],[143.2112,43.371],[143.21,43.3699],[143.2061,43.3691],[143.2044,43.3679],[143.1986,43.3664],[143.1984,43.3672],[143.1929,43.3681],[143.1962,43.3684],[143.1998,43.3699],[143.2015,43.3695],[143.2029,43.37],[143.203,43.3707],[143.2042,43.3706],[143.2066,43.3723],[143.2055,43.3737],[143.207,43.3732],[143.2094,43.3743],[143.2096,43.3748],[143.2089,43.3751],[143.2113,43.3757],[143.2115,43.3763],[143.2136,43.376],[143.2106,43.3785]]]]}},{"type":"Feature","properties":{"t":"lac","km":9.1,"nom":"牛久沼"},"geometry":{"type":"MultiPolygon","coordinates":[[[[140.0975,36.0083],[140.098,36.0069],[140.0974,36.0015],[140.0979,35.9993],[140.1096,35.9874],[140.1113,35.9865],[140.1129,35.9842],[140.1136,35.9807],[140.115,35.9786],[140.1151,35.972],[140.1158,35.9698],[140.1151,35.9678],[140.1158,35.9647],[140.1177,35.9629],[140.1178,35.9613],[140.1195,35.9601],[140.1195,35.9583],[140.1216,35.957],[140.1238,35.957],[140.1249,35.9575],[140.1252,35.9588],[140.1252,35.9605],[140.1215,35.9683],[140.1216,35.9714],[140.1226,35.9745],[140.1219,35.9706],[140.1225,35.967],[140.1261,35.9608],[140.126,35.9578],[140.1272,35.9547],[140.1296,35.9523],[140.1309,35.952],[140.1353,35.9489],[140.1361,35.9474],[140.1348,35.9408],[140.1354,35.9405],[140.1345,35.9408],[140.1336,35.9386],[140.1336,35.9352],[140.1297,35.9393],[140.1238,35.9414],[140.1209,35.9442],[140.1108,35.9502],[140.0995,35.955],[140.097,35.9569],[140.0944,35.9607],[140.0938,35.9635],[140.0906,35.9669],[140.0913,35.967],[140.0947,35.9634],[140.0958,35.9636],[140.0977,35.9619],[140.1011,35.9576],[140.1018,35.9549],[140.1105,35.9513],[140.1186,35.9463],[140.1214,35.9467],[140.1238,35.9482],[140.1221,35.9509],[140.1207,35.9502],[140.1202,35.9507],[140.1208,35.9507],[140.1206,35.9511],[140.1193,35.9509],[140.1185,35.9524],[140.1176,35.9522],[140.1178,35.9529],[140.1185,35.9526],[140.1173,35.9538],[140.117,35.9546],[140.1175,35.9551],[140.1166,35.9557],[140.1167,35.9566],[140.1162,35.9565],[140.1162,35.959],[140.1151,35.9604],[140.1141,35.9632],[140.1121,35.9654],[140.1118,35.9679],[140.1125,35.9697],[140.1119,35.9703],[140.1123,35.9704],[140.1119,35.976],[140.1125,35.9769],[140.1113,35.977],[140.113,35.977],[140.113,35.9785],[140.112,35.9788],[140.1116,35.98],[140.1118,35.9807],[140.1124,35.9807],[140.1112,35.9823],[140.1109,35.9812],[140.1104,35.9819],[140.1095,35.9815],[140.1106,35.9823],[140.1087,35.9827],[140.1084,35.9836],[140.1089,35.9843],[140.108,35.9845],[140.1085,35.9847],[140.1078,35.9854],[140.1083,35.9873],[140.102,35.9919],[140.0956,35.9996],[140.0975,36.0083]],[[140.1181,35.9574],[140.118,35.9565],[140.1189,35.9563],[140.1189,35.9571],[140.1181,35.9574]],[[140.118,35.9549],[140.1176,35.9544],[140.1189,35.9547],[140.118,35.9549]],[[140.1212,35.9506],[140.1216,35.9509],[140.121,35.9514],[140.1212,35.9506]],[[140.1316,35.9423],[140.1327,35.9411],[140.1338,35.9412],[140.133,35.9423],[140.1316,35.9423]]]]}},{"type":"Feature","properties":{"t":"lac","km":5.2,"nom":"万石浦"},"geometry":{"type":"MultiPolygon","coordinates":[[[[141.3731,38.4162],[141.3727,38.4181],[141.3736,38.4189],[141.3739,38.4185],[141.3765,38.4195],[141.3765,38.4202],[141.3792,38.4215],[141.3799,38.423],[141.3785,38.4254],[141.3798,38.4297],[141.3784,38.4298],[141.3809,38.4301],[141.382,38.4314],[141.3825,38.4312],[141.3874,38.437],[141.3898,38.437],[141.3919,38.4357],[141.3955,38.4355],[141.3972,38.437],[141.402,38.436],[141.4058,38.4365],[141.4069,38.4362],[141.4088,38.4333],[141.4143,38.4333],[141.4143,38.4321],[141.4201,38.4361],[141.4212,38.4364],[141.423,38.4352],[141.423,38.4336],[141.4235,38.4332],[141.4226,38.4317],[141.4234,38.43],[141.423,38.4275],[141.4218,38.426],[141.4187,38.4249],[141.4179,38.4238],[141.417,38.4236],[141.4157,38.4249],[141.4134,38.424],[141.4128,38.4249],[141.4113,38.4245],[141.4096,38.4266],[141.4081,38.4252],[141.4064,38.4261],[141.4049,38.4261],[141.4058,38.4249],[141.4053,38.4243],[141.407,38.4233],[141.4055,38.4212],[141.4073,38.42],[141.4097,38.4203],[141.4127,38.4187],[141.4117,38.4176],[141.4103,38.4181],[141.41,38.4172],[141.4074,38.4154],[141.4032,38.4148],[141.4021,38.4135],[141.4002,38.4131],[141.3989,38.4131],[141.3977,38.4143],[141.3966,38.4141],[141.3955,38.4155],[141.3943,38.4146],[141.3928,38.4149],[141.3918,38.4144],[141.3904,38.4151],[141.3887,38.4147],[141.3856,38.4152],[141.3847,38.4165],[141.3831,38.416],[141.3831,38.4165],[141.3811,38.4147],[141.3798,38.4145],[141.3731,38.4162]],[[141.4056,38.433],[141.4064,38.4328],[141.407,38.4334],[141.4056,38.433]],[[141.4021,38.4207],[141.4027,38.4197],[141.4039,38.4195],[141.405,38.4204],[141.404,38.4209],[141.4042,38.4225],[141.4014,38.4216],[141.4021,38.4207]]]]}},{"type":"Feature","properties":{"t":"lac","km":7.8,"nom":"岩洞湖"},"geometry":{"type":"MultiPolygon","coordinates":[[[[141.3038,39.8159],[141.3124,39.8173],[141.313,39.8187],[141.315,39.8202],[141.3151,39.8212],[141.3165,39.821],[141.3179,39.8226],[141.3195,39.8228],[141.3201,39.8239],[141.3192,39.8253],[141.3215,39.8262],[141.3213,39.8281],[141.3198,39.8307],[141.3161,39.832],[141.3164,39.8325],[141.3212,39.8329],[141.3235,39.8314],[141.3237,39.8303],[141.3246,39.8305],[141.3246,39.8315],[141.3264,39.8307],[141.3245,39.8297],[141.3256,39.8279],[141.3254,39.8271],[141.3262,39.8266],[141.329,39.8267],[141.3266,39.8252],[141.3276,39.8237],[141.3266,39.8199],[141.3279,39.8184],[141.3301,39.8176],[141.3307,39.8182],[141.3315,39.8177],[141.334,39.8181],[141.3379,39.8167],[141.3409,39.8165],[141.3456,39.8136],[141.3479,39.8143],[141.3501,39.8137],[141.3508,39.8157],[141.354,39.8182],[141.354,39.8188],[141.3559,39.8195],[141.3538,39.8228],[141.3539,39.824],[141.355,39.8254],[141.3526,39.8251],[141.3495,39.8227],[141.3465,39.8235],[141.3445,39.8253],[141.3454,39.8254],[141.347,39.824],[141.3505,39.825],[141.3503,39.8265],[141.3479,39.828],[141.3471,39.8291],[141.3487,39.8309],[141.3493,39.8295],[141.3519,39.8292],[141.3515,39.8315],[141.3536,39.832],[141.3542,39.8329],[141.3536,39.8334],[141.3554,39.836],[141.3577,39.8345],[141.3609,39.8343],[141.3613,39.8349],[141.3607,39.8357],[141.3608,39.8371],[141.3625,39.8363],[141.3638,39.8344],[141.3659,39.8337],[141.3665,39.8341],[141.366,39.8362],[141.3666,39.837],[141.3695,39.8329],[141.3711,39.8321],[141.3745,39.828],[141.3717,39.8262],[141.3688,39.827],[141.3659,39.8256],[141.3651,39.8263],[141.3663,39.8279],[141.3656,39.8289],[141.3605,39.8281],[141.3582,39.8271],[141.3573,39.8236],[141.3601,39.8202],[141.3593,39.818],[141.3559,39.8153],[141.3563,39.8138],[141.3582,39.8124],[141.3602,39.8096],[141.3601,39.8055],[141.359,39.8032],[141.3578,39.8029],[141.3555,39.8001],[141.3527,39.7996],[141.3509,39.7985],[141.345,39.7966],[141.3427,39.7942],[141.3428,39.7967],[141.344,39.7981],[141.3507,39.8001],[141.355,39.8033],[141.3565,39.8053],[141.3568,39.8069],[141.354,39.8108],[141.3514,39.8113],[141.3475,39.8102],[141.3465,39.8115],[141.3416,39.8124],[141.3407,39.8133],[141.3375,39.8144],[141.3357,39.816],[141.3346,39.8159],[141.3341,39.8149],[141.3306,39.8146],[141.328,39.8153],[141.3261,39.8167],[141.3233,39.8147],[141.3238,39.8167],[141.3213,39.8169],[141.3188,39.8161],[141.3169,39.8144],[141.3152,39.8158],[141.3122,39.816],[141.3074,39.8147],[141.308,39.816],[141.3065,39.8153],[141.3041,39.8153],[141.304,39.8159],[141.3028,39.8159],[141.3038,39.8159]],[[141.3113,39.8167],[141.3097,39.8161],[141.3115,39.8163],[141.3113,39.8167]],[[141.353,39.8283],[141.3523,39.8278],[141.3526,39.8274],[141.3553,39.8272],[141.3541,39.8282],[141.353,39.8283]]]]}},{"type":"Feature","properties":{"t":"lac","km":13.0,"nom":"能取湖"},"geometry":{"type":"MultiPolygon","coordinates":[[[[144.106,44.0619],[144.1068,44.0631],[144.1084,44.0637],[144.1074,44.0652],[144.1079,44.0673],[144.1127,44.0765],[144.1133,44.0808],[144.1121,44.0872],[144.1132,44.0874],[144.1121,44.0883],[144.1151,44.0906],[144.1186,44.0903],[144.1174,44.0919],[144.1182,44.092],[144.1194,44.0903],[144.119,44.0914],[144.1235,44.0929],[144.134,44.0947],[144.152,44.0963],[144.1527,44.097],[144.1623,44.0977],[144.1653,44.0968],[144.1714,44.0978],[144.1774,44.1003],[144.1807,44.1009],[144.1817,44.1008],[144.1812,44.0992],[144.1771,44.0999],[144.1768,44.0995],[144.1828,44.099],[144.1831,44.1022],[144.1838,44.1027],[144.1857,44.1025],[144.1862,44.104],[144.1895,44.1035],[144.1906,44.1025],[144.1911,44.1001],[144.1888,44.0977],[144.1927,44.0957],[144.1915,44.0911],[144.1913,44.0843],[144.193,44.0807],[144.1942,44.0801],[144.1966,44.0768],[144.1972,44.0747],[144.1963,44.0733],[144.1978,44.0695],[144.1954,44.057],[144.1929,44.0514],[144.1934,44.0498],[144.1907,44.0462],[144.1893,44.0465],[144.1897,44.0476],[144.1885,44.0482],[144.1861,44.0476],[144.1807,44.0393],[144.1766,44.0357],[144.1807,44.0331],[144.1798,44.032],[144.1697,44.0253],[144.1621,44.0213],[144.1585,44.0199],[144.1578,44.0202],[144.1576,44.0196],[144.1509,44.0164],[144.1439,44.0144],[144.1394,44.014],[144.1306,44.012],[144.1185,44.013],[144.1192,44.014],[144.1209,44.0139],[144.1192,44.0143],[144.1159,44.0164],[144.115,44.0147],[144.1142,44.0149],[144.115,44.0162],[144.1144,44.0164],[144.1134,44.0143],[144.1127,44.0143],[144.1072,44.0181],[144.102,44.0195],[144.1017,44.0202],[144.1034,44.0215],[144.1022,44.0217],[144.1037,44.0225],[144.1036,44.0232],[144.099,44.0249],[144.0977,44.0305],[144.0995,44.034],[144.1,44.0333],[144.1014,44.0358],[144.101,44.0367],[144.0998,44.0372],[144.1016,44.0401],[144.1013,44.0425],[144.1032,44.0445],[144.1023,44.0461],[144.1032,44.0483],[144.1042,44.0491],[144.1055,44.0524],[144.1053,44.0582],[144.1059,44.0596],[144.1073,44.0602],[144.1062,44.0607],[144.106,44.0619]]]]}},{"type":"Feature","properties":{"t":"lac","km":7.6,"nom":"鷹架沼"},"geometry":{"type":"MultiPolygon","coordinates":[[[[141.2979,40.9445],[141.301,40.9438],[141.3022,40.9446],[141.3051,40.945],[141.3089,40.9426],[141.3111,40.9459],[141.3141,40.9471],[141.3192,40.9422],[141.3219,40.9421],[141.3285,40.9394],[141.3324,40.9393],[141.3344,40.9386],[141.3383,40.9391],[141.3443,40.9388],[141.3477,40.943],[141.3503,40.9439],[141.3548,40.9421],[141.3569,40.9421],[141.3583,40.941],[141.3584,40.9372],[141.3568,40.9371],[141.3573,40.9352],[141.3587,40.9346],[141.3589,40.9355],[141.3636,40.9349],[141.3682,40.935],[141.3747,40.9332],[141.3751,40.932],[141.3767,40.9323],[141.3781,40.9334],[141.379,40.9331],[141.3771,40.9321],[141.3802,40.9308],[141.3802,40.9293],[141.3738,40.9316],[141.3696,40.9317],[141.3695,40.9324],[141.36,40.9321],[141.3578,40.9334],[141.3584,40.9342],[141.3576,40.9346],[141.356,40.9326],[141.3525,40.9319],[141.3455,40.9285],[141.3397,40.9287],[141.3348,40.9308],[141.331,40.9298],[141.3288,40.9311],[141.3282,40.9323],[141.3281,40.9349],[141.3245,40.9345],[141.3219,40.936],[141.3213,40.9371],[141.3162,40.9369],[141.3155,40.9376],[141.3154,40.9392],[141.3139,40.938],[141.3062,40.9357],[141.3046,40.9362],[141.3043,40.9371],[141.3032,40.937],[141.3024,40.939],[141.297,40.9383],[141.2949,40.9387],[141.2947,40.9393],[141.2962,40.9393],[141.2937,40.9403],[141.2932,40.9421],[141.2962,40.9451],[141.2979,40.9445]]]]}},{"type":"Feature","properties":{"t":"lac","km":5.6,"nom":"丹沢湖"},"geometry":{"type":"MultiPolygon","coordinates":[[[[139.0282,35.4143],[139.0282,35.4152],[139.0276,35.4154],[139.0238,35.4123],[139.0221,35.4123],[139.0211,35.4114],[139.0196,35.4111],[139.0182,35.4115],[139.0152,35.4086],[139.014,35.4092],[139.0162,35.4096],[139.0175,35.4123],[139.02,35.4123],[139.0203,35.4131],[139.0218,35.4138],[139.0216,35.4147],[139.0226,35.4141],[139.0234,35.4144],[139.0241,35.4153],[139.0238,35.4163],[139.025,35.4163],[139.0257,35.4172],[139.0254,35.4177],[139.0283,35.4176],[139.0293,35.4159],[139.0338,35.4163],[139.0351,35.4142],[139.038,35.4153],[139.0402,35.4151],[139.0408,35.4174],[139.0427,35.4175],[139.045,35.415],[139.0464,35.4144],[139.0457,35.4164],[139.0432,35.4178],[139.044,35.4201],[139.0424,35.4214],[139.0433,35.4233],[139.0428,35.4247],[139.0433,35.4268],[139.0462,35.4305],[139.0465,35.4293],[139.0452,35.4288],[139.0446,35.4277],[139.0445,35.4259],[139.0452,35.424],[139.0444,35.4222],[139.0452,35.4222],[139.0442,35.4215],[139.0464,35.4202],[139.0462,35.4198],[139.0474,35.4197],[139.0459,35.4192],[139.0456,35.4185],[139.0479,35.4169],[139.0484,35.4157],[139.0494,35.4154],[139.0492,35.4149],[139.0502,35.4146],[139.0498,35.4143],[139.0507,35.4136],[139.0523,35.4138],[139.0529,35.4148],[139.053,35.4135],[139.0556,35.4129],[139.0607,35.4146],[139.0596,35.4146],[139.0606,35.4154],[139.0658,35.4163],[139.0692,35.4204],[139.0685,35.4177],[139.0702,35.4171],[139.0681,35.4166],[139.0681,35.4159],[139.0657,35.4138],[139.0605,35.4125],[139.0599,35.4121],[139.0606,35.4115],[139.0541,35.4089],[139.051,35.4109],[139.0479,35.4103],[139.0457,35.4108],[139.0436,35.4128],[139.044,35.414],[139.043,35.4151],[139.0418,35.4133],[139.0434,35.4118],[139.0389,35.4089],[139.0371,35.4095],[139.0362,35.4113],[139.0364,35.412],[139.033,35.4116],[139.0324,35.4144],[139.0305,35.4134],[139.0288,35.4136],[139.0282,35.4143]],[[139.0412,35.4126],[139.042,35.4122],[139.0414,35.4119],[139.0412,35.4126]]]]}},{"type":"Feature","properties":{"t":"lac","km":8.9,"nom":"相模湖"},"geometry":{"type":"MultiPolygon","coordinates":[[[[139.1003,35.6158],[139.1039,35.6143],[139.1061,35.6143],[139.109,35.6158],[139.1087,35.6173],[139.1096,35.617],[139.1094,35.6157],[139.1232,35.6176],[139.1247,35.6173],[139.1251,35.6151],[139.1277,35.6135],[139.1376,35.6184],[139.1388,35.6181],[139.1387,35.6166],[139.1448,35.6163],[139.1495,35.6142],[139.1571,35.6139],[139.1625,35.6119],[139.1653,35.6129],[139.1641,35.6146],[139.1644,35.6151],[139.1659,35.6131],[139.1726,35.614],[139.1702,35.617],[139.1712,35.6165],[139.1714,35.6184],[139.1725,35.6195],[139.172,35.6201],[139.1752,35.6199],[139.1755,35.6206],[139.176,35.6197],[139.1779,35.6193],[139.1802,35.6189],[139.1804,35.6195],[139.1818,35.6179],[139.1817,35.617],[139.1864,35.615],[139.1888,35.6122],[139.1937,35.6125],[139.1947,35.6141],[139.1947,35.6155],[139.1961,35.6152],[139.1955,35.6116],[139.1924,35.6103],[139.1917,35.6093],[139.1938,35.605],[139.1947,35.6051],[139.1941,35.6045],[139.1951,35.6045],[139.1954,35.6035],[139.1939,35.6018],[139.1945,35.6021],[139.1945,35.6033],[139.1932,35.6035],[139.1927,35.6054],[139.192,35.6059],[139.191,35.6049],[139.1917,35.6063],[139.1904,35.6071],[139.1895,35.6058],[139.1889,35.6059],[139.1895,35.6064],[139.1893,35.6071],[139.1876,35.6079],[139.1871,35.6072],[139.186,35.6075],[139.1855,35.6065],[139.1849,35.6082],[139.1831,35.6067],[139.1824,35.6073],[139.1808,35.606],[139.1783,35.6076],[139.1784,35.6068],[139.1766,35.6056],[139.1765,35.6064],[139.1781,35.608],[139.1811,35.608],[139.1828,35.6097],[139.1818,35.6108],[139.1787,35.6125],[139.1743,35.6136],[139.1715,35.6112],[139.1681,35.6121],[139.1647,35.6116],[139.1651,35.6099],[139.1647,35.6094],[139.1643,35.6115],[139.1626,35.6109],[139.16,35.6113],[139.1562,35.6127],[139.1547,35.6104],[139.1545,35.6073],[139.1519,35.6061],[139.1526,35.6051],[139.1508,35.6041],[139.1498,35.6008],[139.1495,35.6031],[139.1511,35.6053],[139.1511,35.607],[139.1542,35.6085],[139.1536,35.6102],[139.1551,35.6121],[139.1538,35.6131],[139.1505,35.6131],[139.1502,35.6136],[139.1474,35.614],[139.1451,35.6156],[139.1382,35.6158],[139.1374,35.6176],[139.1284,35.6133],[139.1285,35.6122],[139.1277,35.612],[139.1277,35.6114],[139.1249,35.6124],[139.1244,35.6136],[139.1208,35.6164],[139.1169,35.616],[139.111,35.614],[139.1043,35.6139],[139.1003,35.6158]]]]}},{"type":"Feature","properties":{"t":"lac","km":5.8,"nom":"河口湖"},"geometry":{"type":"MultiPolygon","coordinates":[[[[138.7562,35.5216],[138.755,35.5224],[138.7526,35.5224],[138.7502,35.5235],[138.7475,35.5234],[138.7455,35.5221],[138.7443,35.5202],[138.7435,35.5204],[138.7441,35.5202],[138.7428,35.5181],[138.743,35.5171],[138.7413,35.5166],[138.7412,35.515],[138.7403,35.5143],[138.7386,35.5138],[138.7366,35.5149],[138.7353,35.5141],[138.7346,35.5126],[138.7324,35.5125],[138.7315,35.5141],[138.7292,35.5141],[138.7281,35.513],[138.7275,35.5099],[138.7267,35.5098],[138.7257,35.5113],[138.7239,35.5116],[138.7232,35.5111],[138.7224,35.5083],[138.7204,35.5102],[138.7179,35.5105],[138.7164,35.5073],[138.7161,35.5064],[138.717,35.5058],[138.7163,35.5051],[138.72,35.5042],[138.7213,35.5025],[138.7247,35.5016],[138.728,35.5027],[138.7296,35.5021],[138.7322,35.5031],[138.7331,35.5043],[138.7328,35.5052],[138.7354,35.5071],[138.7353,35.509],[138.7372,35.5088],[138.7382,35.5106],[138.7399,35.5096],[138.7426,35.5095],[138.7439,35.5101],[138.7431,35.5108],[138.7439,35.5114],[138.7443,35.5115],[138.7438,35.5109],[138.7442,35.5108],[138.7454,35.5114],[138.7478,35.5113],[138.7501,35.5126],[138.7512,35.5104],[138.7528,35.5118],[138.7549,35.5121],[138.7544,35.5127],[138.7549,35.5136],[138.7558,35.5137],[138.7593,35.5131],[138.7575,35.5123],[138.7571,35.511],[138.7582,35.5112],[138.763,35.5098],[138.7631,35.5082],[138.7641,35.5079],[138.7644,35.5069],[138.7636,35.5069],[138.7636,35.5061],[138.7631,35.5061],[138.7642,35.5055],[138.7643,35.5048],[138.7661,35.505],[138.7674,35.5041],[138.7686,35.5047],[138.7684,35.5041],[138.7693,35.5038],[138.7712,35.5042],[138.7715,35.5067],[138.773,35.5072],[138.7736,35.5084],[138.7734,35.5126],[138.7719,35.5131],[138.7686,35.5123],[138.7658,35.5128],[138.7666,35.5143],[138.7701,35.5174],[138.7686,35.5213],[138.7676,35.5225],[138.7622,35.5246],[138.7587,35.5243],[138.7579,35.5233],[138.7578,35.5213],[138.7562,35.5216]],[[138.7432,35.5141],[138.7451,35.5139],[138.7458,35.5148],[138.7443,35.5153],[138.7432,35.5141]]]]}},{"type":"Feature","properties":{"t":"lac","km":5.1,"nom":"湖山池"},"geometry":{"type":"MultiPolygon","coordinates":[[[[134.1357,35.5048],[134.1355,35.5056],[134.1347,35.5055],[134.1358,35.5066],[134.1309,35.5051],[134.1299,35.5061],[134.1293,35.5057],[134.1303,35.5051],[134.1295,35.5045],[134.1299,35.505],[134.1288,35.5048],[134.1293,35.5057],[134.1283,35.5051],[134.1295,35.5059],[134.1287,35.506],[134.1297,35.5062],[134.1304,35.5087],[134.1336,35.5104],[134.1352,35.5102],[134.1356,35.5109],[134.1379,35.5116],[134.1365,35.5122],[134.136,35.5135],[134.1385,35.5141],[134.1427,35.5175],[134.1487,35.5186],[134.1506,35.5176],[134.1509,35.5191],[134.1561,35.5207],[134.161,35.5215],[134.1676,35.5196],[134.167,35.5167],[134.1646,35.5157],[134.163,35.5131],[134.1637,35.5099],[134.1661,35.5081],[134.1685,35.5087],[134.1702,35.5101],[134.1749,35.5113],[134.1742,35.5101],[134.1739,35.5065],[134.1722,35.5034],[134.1729,35.5028],[134.1722,35.5034],[134.1693,35.5028],[134.1676,35.5014],[134.1677,35.5009],[134.1661,35.5017],[134.165,35.5008],[134.1647,35.4985],[134.1635,35.4977],[134.1621,35.4981],[134.1608,35.4977],[134.1582,35.499],[134.1573,35.4983],[134.1554,35.4982],[134.1533,35.4966],[134.1515,35.4965],[134.1492,35.4975],[134.1482,35.499],[134.1442,35.4983],[134.1433,35.4971],[134.1393,35.4956],[134.1369,35.4969],[134.1368,35.4982],[134.1327,35.4993],[134.1319,35.5005],[134.1316,35.5003],[134.1319,35.5007],[134.1311,35.5016],[134.1357,35.5048]],[[134.1543,35.5057],[134.1535,35.5047],[134.1539,35.5036],[134.1526,35.5025],[134.1552,35.4998],[134.156,35.5015],[134.1556,35.5032],[134.1567,35.5055],[134.1558,35.5064],[134.1543,35.5057]],[[134.1473,35.5125],[134.1483,35.5131],[134.1467,35.5136],[134.1457,35.5123],[134.1473,35.5125]]]]}},{"type":"Feature","properties":{"t":"lac","km":10.0,"nom":"十三湖"},"geometry":{"type":"MultiPolygon","coordinates":[[[[140.3642,41.0154],[140.3633,41.0123],[140.3598,41.0119],[140.3579,41.0108],[140.3615,41.0097],[140.3585,41.004],[140.3586,41.0006],[140.3599,40.9985],[140.3589,40.9971],[140.3577,40.9974],[140.3558,40.9962],[140.3524,40.9971],[140.3473,40.9997],[140.3426,41.0035],[140.3382,41.0084],[140.3348,41.0139],[140.3324,41.0203],[140.3306,41.0338],[140.3305,41.0356],[140.3311,41.0364],[140.3299,41.0379],[140.3311,41.0359],[140.3305,41.0357],[140.3307,41.0364],[140.3297,41.0364],[140.3299,41.0367],[140.3291,41.0372],[140.3295,41.0375],[140.3284,41.0368],[140.3269,41.0387],[140.3264,41.0361],[140.3257,41.0355],[140.3248,41.0353],[140.324,41.0362],[140.3211,41.036],[140.3216,41.0375],[140.3238,41.0377],[140.3267,41.0404],[140.3295,41.0459],[140.3295,41.0481],[140.3296,41.0477],[140.331,41.0484],[140.332,41.0502],[140.3351,41.0513],[140.3396,41.0518],[140.3421,41.0504],[140.3443,41.0479],[140.3448,41.0456],[140.346,41.0446],[140.344,41.0434],[140.3438,41.0422],[140.3466,41.0411],[140.349,41.0391],[140.3575,41.0391],[140.359,41.0411],[140.3625,41.0419],[140.3669,41.0387],[140.3691,41.0399],[140.3711,41.0389],[140.372,41.0394],[140.3747,41.0386],[140.3791,41.0401],[140.3827,41.0389],[140.3864,41.0396],[140.3918,41.0394],[140.3938,41.04],[140.4031,41.0389],[140.4053,41.0373],[140.4061,41.0348],[140.4068,41.0342],[140.4069,41.0326],[140.4114,41.0303],[140.414,41.0271],[140.4132,41.0264],[140.4147,41.0257],[140.4134,41.0235],[140.4111,41.023],[140.4079,41.0242],[140.4063,41.0236],[140.4037,41.0243],[140.4021,41.0256],[140.4005,41.0256],[140.3907,41.0288],[140.3772,41.0292],[140.3715,41.0266],[140.3686,41.0231],[140.3677,41.0198],[140.3697,41.0158],[140.3677,41.0155],[140.3682,41.0162],[140.3667,41.0174],[140.3661,41.0172],[140.3664,41.0165],[140.3639,41.0167],[140.3642,41.0154]],[[140.3374,41.0505],[140.337,41.0493],[140.3353,41.0491],[140.3322,41.0474],[140.3321,41.0455],[140.3327,41.0449],[140.3346,41.0452],[140.3355,41.0471],[140.3372,41.0487],[140.338,41.0508],[140.3378,41.0512],[140.3374,41.0505]]]]}},{"type":"Feature","properties":{"t":"lac","km":3.8,"nom":"大沼"},"geometry":{"type":"MultiPolygon","coordinates":[[[[141.7722,45.39],[141.7728,45.3885],[141.7751,45.3869],[141.7758,45.3855],[141.7773,45.3851],[141.7776,45.3836],[141.7784,45.3828],[141.7733,45.3793],[141.7732,45.3764],[141.7746,45.3781],[141.774,45.3752],[141.7732,45.3744],[141.7686,45.3741],[141.7625,45.3716],[141.7617,45.3695],[141.7602,45.3686],[141.7535,45.3668],[141.7491,45.3688],[141.7442,45.3748],[141.7426,45.3794],[141.7448,45.3824],[141.7467,45.3868],[141.7488,45.3888],[141.7638,45.3895],[141.7707,45.3905],[141.7722,45.39]]]]}},{"type":"Feature","properties":{"t":"lac","km":5.1,"nom":"秋元湖"},"geometry":{"type":"MultiPolygon","coordinates":[[[[140.1303,37.658],[140.1367,37.6583],[140.1374,37.6588],[140.1381,37.6582],[140.1396,37.6592],[140.1421,37.6585],[140.1442,37.6588],[140.1451,37.6582],[140.1481,37.6601],[140.147,37.6583],[140.1517,37.6578],[140.1535,37.6584],[140.1568,37.6567],[140.1602,37.6563],[140.1611,37.6555],[140.1603,37.6548],[140.1617,37.6544],[140.1628,37.6527],[140.1621,37.6512],[140.161,37.6516],[140.1608,37.6507],[140.1617,37.6502],[140.1612,37.6499],[140.1582,37.6507],[140.1566,37.6501],[140.1581,37.6492],[140.157,37.6493],[140.1573,37.6486],[140.1565,37.649],[140.1556,37.6484],[140.1553,37.65],[140.1541,37.651],[140.1461,37.6535],[140.1452,37.652],[140.1444,37.6533],[140.1397,37.6537],[140.139,37.6528],[140.1387,37.6535],[140.1382,37.6532],[140.1361,37.6539],[140.1357,37.6531],[140.1347,37.6539],[140.1324,37.6541],[140.1311,37.6539],[140.1306,37.6528],[140.1294,37.6539],[140.1286,37.653],[140.1276,37.6529],[140.128,37.652],[140.126,37.6528],[140.1249,37.6505],[140.1243,37.6532],[140.1229,37.6534],[140.1217,37.6523],[140.1215,37.6536],[140.1171,37.6539],[140.1155,37.6533],[140.116,37.6526],[140.1128,37.6526],[140.1096,37.6572],[140.1107,37.6587],[140.1098,37.6603],[140.1107,37.6604],[140.1114,37.6593],[140.1179,37.6612],[140.12,37.661],[140.1177,37.6617],[140.1171,37.661],[140.1168,37.6622],[140.1182,37.6624],[140.1187,37.6653],[140.1196,37.6642],[140.12,37.6618],[140.1216,37.6617],[140.1246,37.6643],[140.1247,37.6633],[140.1231,37.6612],[140.1251,37.6593],[140.1253,37.6604],[140.1286,37.6647],[140.1284,37.6654],[140.1293,37.6652],[140.1317,37.667],[140.1334,37.667],[140.1353,37.6658],[140.1378,37.6654],[140.1336,37.6642],[140.1303,37.6613],[140.1289,37.6591],[140.137,37.6607],[140.1373,37.6613],[140.1375,37.6608],[140.1303,37.658]]]]}},{"type":"Feature","properties":{"t":"lac","km":7.8,"nom":"中禅寺湖"},"geometry":{"type":"MultiPolygon","coordinates":[[[[139.485,36.7276],[139.4857,36.7267],[139.4842,36.7241],[139.4801,36.721],[139.4783,36.7213],[139.4768,36.7201],[139.4744,36.7208],[139.4766,36.725],[139.4762,36.7252],[139.4749,36.7248],[139.4747,36.7236],[139.4726,36.7212],[139.4714,36.7212],[139.4712,36.7221],[139.4699,36.7209],[139.4654,36.7209],[139.4642,36.7217],[139.4621,36.7213],[139.4612,36.7223],[139.4617,36.7237],[139.4614,36.7248],[139.4629,36.7259],[139.464,36.7259],[139.4641,36.727],[139.4651,36.7276],[139.4646,36.7288],[139.466,36.73],[139.4646,36.7311],[139.4626,36.7313],[139.4619,36.7323],[139.4638,36.7348],[139.4637,36.7365],[139.4603,36.7347],[139.4577,36.7363],[139.458,36.7371],[139.4571,36.7385],[139.4529,36.7361],[139.452,36.7343],[139.449,36.734],[139.4483,36.7344],[139.4479,36.7368],[139.4454,36.7355],[139.4434,36.7353],[139.4421,36.7358],[139.4424,36.7376],[139.4385,36.7373],[139.4375,36.7392],[139.4359,36.7389],[139.4357,36.7379],[139.4342,36.7371],[139.4315,36.7363],[139.4293,36.7373],[139.4273,36.7397],[139.4253,36.7402],[139.4227,36.7393],[139.4211,36.7397],[139.4203,36.7409],[139.4216,36.7436],[139.4213,36.7443],[139.4223,36.7452],[139.4225,36.749],[139.4245,36.7498],[139.4244,36.7511],[139.4253,36.7523],[139.4281,36.7533],[139.4308,36.7519],[139.4316,36.7506],[139.4352,36.7516],[139.4355,36.7527],[139.4366,36.7532],[139.438,36.7521],[139.4416,36.7517],[139.4438,36.7504],[139.448,36.752],[139.4513,36.7499],[139.4523,36.7513],[139.4519,36.752],[139.4539,36.7523],[139.4556,36.7514],[139.4567,36.7528],[139.4609,36.7536],[139.4622,36.7523],[139.4626,36.7493],[139.4672,36.748],[139.4718,36.7444],[139.4752,36.7428],[139.4778,36.7425],[139.4792,36.7413],[139.4827,36.7404],[139.4866,36.7404],[139.4884,36.741],[139.4931,36.7394],[139.4968,36.7391],[139.4949,36.7356],[139.492,36.7343],[139.4914,36.732],[139.4901,36.7302],[139.4879,36.7299],[139.4851,36.7283],[139.485,36.7276]]]]}},{"type":"Feature","properties":{"t":"lac","km":4.2,"nom":"野尻湖"},"geometry":{"type":"MultiPolygon","coordinates":[[[[138.2387,36.8277],[138.2375,36.8259],[138.2362,36.8254],[138.2301,36.8262],[138.2331,36.8221],[138.2332,36.8213],[138.232,36.8208],[138.2321,36.8193],[138.2334,36.8188],[138.2344,36.8171],[138.233,36.8164],[138.2319,36.8142],[138.2308,36.8138],[138.2295,36.8145],[138.2289,36.8156],[138.2292,36.8163],[138.2283,36.8165],[138.2281,36.8177],[138.227,36.8185],[138.2255,36.8183],[138.2275,36.8156],[138.2265,36.8148],[138.2229,36.818],[138.2212,36.8178],[138.2215,36.8194],[138.2205,36.821],[138.2176,36.8199],[138.2131,36.8201],[138.208,36.8247],[138.2062,36.8249],[138.2054,36.826],[138.2071,36.8292],[138.2063,36.8295],[138.2073,36.8293],[138.2078,36.8317],[138.2095,36.8324],[138.2088,36.835],[138.2101,36.8361],[138.2135,36.8369],[138.2185,36.8361],[138.2216,36.8286],[138.2231,36.83],[138.2244,36.8298],[138.2257,36.8305],[138.2254,36.8319],[138.226,36.8328],[138.228,36.8325],[138.2318,36.8358],[138.2333,36.8347],[138.2327,36.8334],[138.2335,36.8329],[138.2389,36.8357],[138.2396,36.8347],[138.2418,36.8346],[138.2428,36.8339],[138.2419,36.8321],[138.2421,36.8303],[138.2412,36.8294],[138.2373,36.8298],[138.2372,36.8285],[138.2387,36.8277]],[[138.2153,36.8332],[138.2139,36.8333],[138.2143,36.8325],[138.2167,36.8325],[138.2166,36.8331],[138.2153,36.8332]]]]}},{"type":"Feature","properties":{"t":"lac","km":6.9,"nom":"諏訪湖"},"geometry":{"type":"MultiPolygon","coordinates":[[[[138.0943,36.0398],[138.0944,36.0392],[138.0936,36.0397],[138.0914,36.0376],[138.0909,36.0378],[138.0912,36.0374],[138.0898,36.0364],[138.0882,36.0338],[138.0842,36.0333],[138.0805,36.0292],[138.0787,36.0287],[138.0752,36.0319],[138.0707,36.0343],[138.0692,36.0371],[138.065,36.0395],[138.0622,36.0438],[138.0561,36.0477],[138.0529,36.0531],[138.0533,36.0537],[138.0563,36.0535],[138.0598,36.0556],[138.0619,36.0556],[138.0654,36.0575],[138.0665,36.0572],[138.0693,36.0598],[138.0737,36.0612],[138.0745,36.061],[138.0762,36.0592],[138.0773,36.0597],[138.078,36.0588],[138.0789,36.0588],[138.0807,36.0595],[138.0802,36.0623],[138.0808,36.063],[138.0859,36.0636],[138.0885,36.0649],[138.0935,36.0651],[138.0965,36.0672],[138.1013,36.0666],[138.1062,36.0617],[138.109,36.0607],[138.1088,36.0597],[138.1089,36.0601],[138.1094,36.0596],[138.1093,36.0589],[138.1106,36.0571],[138.1123,36.0518],[138.1121,36.0487],[138.1115,36.0478],[138.1107,36.0481],[138.1081,36.0455],[138.1057,36.0441],[138.1049,36.0427],[138.1032,36.0425],[138.1038,36.0421],[138.103,36.041],[138.1016,36.0417],[138.1006,36.0406],[138.101,36.0387],[138.0999,36.0384],[138.0966,36.04],[138.0943,36.0398]]]]}},{"type":"Feature","properties":{"t":"lac","km":3.8,"nom":"小野川湖"},"geometry":{"type":"MultiPolygon","coordinates":[[[[140.0913,37.6728],[140.0929,37.6728],[140.0933,37.6742],[140.0948,37.6755],[140.0956,37.6753],[140.0956,37.6765],[140.097,37.6771],[140.0976,37.6781],[140.0999,37.6765],[140.1006,37.6778],[140.1017,37.6774],[140.1025,37.6779],[140.1028,37.6795],[140.1049,37.6797],[140.1053,37.6803],[140.1054,37.6791],[140.1069,37.679],[140.1103,37.6811],[140.1118,37.683],[140.1129,37.6822],[140.1118,37.6811],[140.1115,37.6798],[140.1145,37.679],[140.1142,37.6781],[140.1116,37.6778],[140.1088,37.6766],[140.1085,37.6761],[140.1094,37.675],[140.1071,37.6756],[140.1053,37.6742],[140.1047,37.6746],[140.1032,37.6732],[140.1028,37.6737],[140.1014,37.6731],[140.101,37.6722],[140.1017,37.6716],[140.1012,37.671],[140.1017,37.6704],[140.1008,37.6699],[140.1014,37.6676],[140.0998,37.6676],[140.098,37.6689],[140.097,37.6675],[140.0958,37.667],[140.0939,37.6677],[140.092,37.6665],[140.089,37.6665],[140.0896,37.6651],[140.0884,37.6649],[140.0879,37.664],[140.0862,37.6639],[140.0849,37.6645],[140.0854,37.664],[140.0842,37.6624],[140.0848,37.6614],[140.0844,37.661],[140.083,37.6616],[140.0837,37.6615],[140.0833,37.662],[140.0837,37.6621],[140.083,37.6629],[140.0832,37.6637],[140.0823,37.6639],[140.082,37.6656],[140.0851,37.6669],[140.084,37.6681],[140.0852,37.6675],[140.0861,37.6678],[140.0853,37.6703],[140.0871,37.6707],[140.0874,37.6695],[140.0883,37.6693],[140.0888,37.6707],[140.0884,37.6712],[140.0879,37.6706],[140.0876,37.6714],[140.0883,37.6721],[140.0895,37.6717],[140.0907,37.673],[140.0913,37.6728]],[[140.0945,37.674],[140.0941,37.6741],[140.0942,37.6728],[140.0957,37.6731],[140.095,37.6742],[140.0945,37.674]]]]}},{"type":"Feature","properties":{"t":"lac","km":18.9,"nom":"浜名湖"},"geometry":{"type":"MultiPolygon","coordinates":[[[[137.5973,34.7886],[137.6005,34.7889],[137.5995,34.7889],[137.5996,34.7883],[137.6038,34.7874],[137.6064,34.7854],[137.6068,34.7826],[137.6053,34.7804],[137.606,34.7798],[137.6099,34.7813],[137.6141,34.7807],[137.6134,34.7827],[137.6158,34.7841],[137.6148,34.7858],[137.6152,34.7874],[137.6134,34.789],[137.6135,34.7899],[137.6142,34.7905],[137.6142,34.7896],[137.6153,34.7898],[137.6152,34.789],[137.6158,34.789],[137.6162,34.7899],[137.6154,34.7929],[137.6185,34.7931],[137.6207,34.7949],[137.6202,34.7977],[137.619,34.7987],[137.6199,34.801],[137.6212,34.8014],[137.623,34.799],[137.624,34.7989],[137.6245,34.7998],[137.623,34.8015],[137.6246,34.8011],[137.6253,34.8019],[137.6274,34.8007],[137.6298,34.8003],[137.6304,34.7978],[137.6323,34.7971],[137.6336,34.7971],[137.6336,34.7977],[137.6341,34.7975],[137.6337,34.7971],[137.641,34.7945],[137.6437,34.7946],[137.6454,34.7935],[137.6439,34.7906],[137.6453,34.7929],[137.6457,34.7916],[137.645,34.7919],[137.6458,34.7912],[137.6448,34.7916],[137.6458,34.7909],[137.6446,34.7913],[137.6459,34.7908],[137.6445,34.7911],[137.6458,34.7906],[137.6443,34.7908],[137.6455,34.7899],[137.6425,34.7894],[137.6395,34.7876],[137.64,34.7868],[137.6424,34.7873],[137.6432,34.7865],[137.6431,34.7852],[137.642,34.7834],[137.6378,34.7835],[137.6364,34.783],[137.6365,34.7834],[137.6352,34.7826],[137.6332,34.7832],[137.631,34.7815],[137.6259,34.7791],[137.6238,34.7765],[137.6249,34.7757],[137.6262,34.776],[137.6259,34.7744],[137.6239,34.7737],[137.6205,34.7741],[137.6173,34.7764],[137.6167,34.776],[137.6172,34.7754],[137.616,34.7752],[137.6173,34.7736],[137.6174,34.7718],[137.6166,34.7714],[137.6173,34.7688],[137.621,34.7679],[137.6263,34.7675],[137.6269,34.7683],[137.6272,34.7679],[137.6277,34.7683],[137.6276,34.7676],[137.6277,34.7683],[137.6282,34.7679],[137.6284,34.7683],[137.6291,34.7672],[137.628,34.7647],[137.6274,34.765],[137.6183,34.7627],[137.6176,34.7631],[137.6181,34.7647],[137.6174,34.7656],[137.6146,34.7674],[137.6133,34.7667],[137.6135,34.7679],[137.6155,34.77],[137.6133,34.7703],[137.6102,34.7682],[137.6114,34.7679],[137.6124,34.7666],[137.6114,34.7665],[137.6122,34.766],[137.6113,34.7625],[137.6117,34.7622],[137.611,34.7626],[137.6099,34.7617],[137.6093,34.7605],[137.6101,34.76],[137.6093,34.7604],[137.6078,34.7586],[137.6094,34.7575],[137.6077,34.7584],[137.6051,34.7562],[137.6059,34.7551],[137.6047,34.7563],[137.6039,34.7554],[137.6011,34.7545],[137.5974,34.7492],[137.5969,34.7475],[137.595,34.7455],[137.5914,34.7388],[137.5882,34.7285],[137.5877,34.7251],[137.5889,34.7252],[137.5882,34.7245],[137.5896,34.7233],[137.5903,34.7236],[137.5898,34.7231],[137.5913,34.7226],[137.591,34.7222],[137.5928,34.7211],[137.5936,34.7217],[137.5935,34.7212],[137.5942,34.7212],[137.5934,34.7209],[137.596,34.7203],[137.5996,34.7209],[137.6029,34.723],[137.6026,34.7235],[137.603,34.723],[137.6063,34.725],[137.6081,34.7298],[137.6065,34.7303],[137.6082,34.73],[137.6086,34.7329],[137.6076,34.7337],[137.6119,34.7382],[137.6118,34.7392],[137.614,34.7374],[137.6163,34.7375],[137.615,34.7363],[137.6171,34.7351],[137.6179,34.7365],[137.6174,34.7349],[137.6224,34.7321],[137.6215,34.7327],[137.6226,34.7324],[137.6242,34.7348],[137.6257,34.7409],[137.6255,34.7431],[137.6271,34.7458],[137.6272,34.7473],[137.6286,34.7486],[137.6285,34.7504],[137.6313,34.7519],[137.6314,34.7537],[137.6321,34.7531],[137.6354,34.7544],[137.6386,34.7543],[137.6396,34.7555],[137.6414,34.7561],[137.6474,34.7605],[137.6502,34.7611],[137.6496,34.7615],[137.652,34.761],[137.6514,34.7608],[137.652,34.7573],[137.6477,34.7557],[137.6442,34.7505],[137.641,34.7481],[137.6391,34.7479],[137.635,34.7427],[137.6356,34.7411],[137.6354,34.7393],[137.6363,34.7389],[137.6399,34.7397],[137.6427,34.7359],[137.6385,34.7317],[137.6379,34.7325],[137.6358,34.7317],[137.6359,34.731],[137.6338,34.731],[137.6317,34.7285],[137.6322,34.7282],[137.6297,34.7294],[137.6215,34.7197],[137.6235,34.7178],[137.6222,34.7158],[137.6198,34.7146],[137.6191,34.711],[137.6212,34.7093],[137.6197,34.7101],[137.6191,34.7096],[137.6181,34.7072],[137.618,34.7053],[137.6138,34.7061],[137.6136,34.7012],[137.6081,34.6886],[137.6085,34.6874],[137.6078,34.6865],[137.6071,34.687],[137.6066,34.6863],[137.6066,34.6851],[137.6067,34.686],[137.6072,34.685],[137.607,34.6866],[137.6079,34.6847],[137.6068,34.6844],[137.6066,34.6848],[137.6071,34.6832],[137.6062,34.682],[137.6074,34.6829],[137.6072,34.6844],[137.6079,34.6846],[137.6087,34.6833],[137.6086,34.6814],[137.6077,34.6815],[137.6079,34.6823],[137.6067,34.6804],[137.6045,34.6801],[137.6043,34.6808],[137.5994,34.6799],[137.5987,34.679],[137.5986,34.6761],[137.5965,34.6773],[137.5962,34.6801],[137.5881,34.6828],[137.5858,34.6851],[137.5853,34.6846],[137.5856,34.6852],[137.5838,34.6859],[137.5785,34.6908],[137.5787,34.6928],[137.5843,34.6928],[137.5842,34.695],[137.5691,34.6949],[137.5641,34.6956],[137.5651,34.6983],[137.5647,34.6985],[137.5655,34.6995],[137.564,34.7001],[137.5657,34.7],[137.5659,34.7008],[137.5658,34.7026],[137.5648,34.7022],[137.5649,34.7033],[137.5637,34.7034],[137.5661,34.7041],[137.5645,34.7067],[137.5628,34.706],[137.5651,34.707],[137.5637,34.711],[137.5586,34.7101],[137.5577,34.7074],[137.5572,34.7078],[137.5583,34.7104],[137.5577,34.7135],[137.5566,34.7156],[137.5568,34.7149],[137.5557,34.7146],[137.5555,34.7159],[137.5565,34.7158],[137.5552,34.7181],[137.5536,34.7182],[137.5553,34.7184],[137.553,34.7229],[137.5493,34.7238],[137.5473,34.7235],[137.5473,34.7219],[137.5467,34.7219],[137.5457,34.7183],[137.5454,34.7188],[137.5446,34.7174],[137.5451,34.7183],[137.5443,34.719],[137.5441,34.7182],[137.5436,34.7185],[137.5442,34.719],[137.542,34.7208],[137.5412,34.7214],[137.5402,34.7209],[137.5412,34.7215],[137.5404,34.7224],[137.5397,34.722],[137.541,34.7232],[137.5367,34.725],[137.5341,34.7245],[137.5339,34.725],[137.5315,34.7249],[137.5303,34.7243],[137.531,34.7239],[137.5291,34.7235],[137.5302,34.7244],[137.5288,34.7252],[137.5293,34.7264],[137.5308,34.727],[137.5281,34.7323],[137.5287,34.7315],[137.5303,34.7319],[137.5301,34.7324],[137.5305,34.7319],[137.5329,34.7324],[137.5327,34.7329],[137.533,34.7324],[137.5357,34.7327],[137.5357,34.7337],[137.5358,34.7327],[137.538,34.7328],[137.538,34.7335],[137.5384,34.7318],[137.5419,34.7336],[137.5409,34.7387],[137.5394,34.7407],[137.5375,34.7461],[137.5327,34.7492],[137.5306,34.7484],[137.5301,34.749],[137.5295,34.7481],[137.5293,34.7508],[137.5287,34.7509],[137.531,34.7522],[137.5306,34.7525],[137.5312,34.752],[137.5349,34.7551],[137.5374,34.756],[137.5385,34.7576],[137.5322,34.7584],[137.5299,34.7568],[137.5302,34.7553],[137.5295,34.7546],[137.5273,34.7553],[137.5291,34.7564],[137.5271,34.7553],[137.5256,34.7561],[137.5221,34.7546],[137.5202,34.7559],[137.5155,34.7539],[137.5144,34.7543],[137.5147,34.7557],[137.5127,34.7567],[137.5146,34.7577],[137.5136,34.7587],[137.5139,34.7595],[137.5164,34.7588],[137.5237,34.7635],[137.5265,34.7641],[137.5276,34.7626],[137.531,34.7611],[137.5317,34.7597],[137.5324,34.7609],[137.5315,34.7611],[137.5318,34.7623],[137.5305,34.7629],[137.5303,34.7638],[137.5325,34.7669],[137.5348,34.7669],[137.5381,34.7692],[137.5413,34.7699],[137.5479,34.7697],[137.5472,34.7709],[137.5471,34.7753],[137.5449,34.7753],[137.5442,34.776],[137.544,34.7795],[137.5425,34.78],[137.5419,34.7812],[137.5423,34.7824],[137.5432,34.7824],[137.5424,34.7829],[137.5429,34.7834],[137.545,34.7827],[137.5471,34.7829],[137.5479,34.7836],[137.5479,34.7856],[137.5437,34.7867],[137.5454,34.7883],[137.5461,34.7875],[137.5475,34.7881],[137.5466,34.7906],[137.5477,34.7898],[137.5492,34.7905],[137.5489,34.7921],[137.5474,34.7927],[137.5469,34.7937],[137.5489,34.796],[137.5488,34.8003],[137.5508,34.8004],[137.5519,34.802],[137.5537,34.8022],[137.5569,34.8014],[137.5562,34.8008],[137.5554,34.8012],[137.556,34.8005],[137.5549,34.8011],[137.556,34.8005],[137.5555,34.7998],[137.5535,34.8011],[137.5543,34.8003],[137.5532,34.7988],[137.5562,34.797],[137.5569,34.7959],[137.5582,34.7967],[137.5595,34.7963],[137.5607,34.7939],[137.5604,34.7929],[137.5639,34.7947],[137.5648,34.796],[137.5677,34.7962],[137.5688,34.7949],[137.5691,34.7955],[137.572,34.7954],[137.5728,34.7948],[137.5722,34.7934],[137.5704,34.7933],[137.5692,34.7926],[137.5694,34.7914],[137.5712,34.7911],[137.5702,34.7886],[137.5685,34.7881],[137.5679,34.7872],[137.5666,34.7876],[137.5659,34.787],[137.5661,34.7862],[137.5678,34.7846],[137.566,34.7836],[137.5639,34.781],[137.5636,34.7792],[137.5643,34.7762],[137.5612,34.7728],[137.5549,34.7714],[137.5533,34.7722],[137.5517,34.7704],[137.5499,34.7706],[137.5496,34.7716],[137.5482,34.771],[137.5493,34.77],[137.5489,34.7682],[137.5499,34.7671],[137.5525,34.7675],[137.5541,34.7663],[137.5561,34.7663],[137.5582,34.7639],[137.5583,34.7626],[137.5573,34.7618],[137.5586,34.7607],[137.5618,34.7616],[137.5628,34.7643],[137.5645,34.7662],[137.5688,34.7687],[137.5696,34.7775],[137.5716,34.7811],[137.5752,34.782],[137.5798,34.7815],[137.5824,34.7835],[137.5829,34.7849],[137.5844,34.7854],[137.5941,34.7843],[137.5971,34.7861],[137.5968,34.7884],[137.5973,34.7886]],[[137.6084,34.6875],[137.6079,34.6879],[137.6071,34.687],[137.6077,34.6866],[137.6084,34.6875]],[[137.5557,34.7603],[137.5546,34.7598],[137.556,34.7601],[137.5557,34.7603]],[[137.5989,34.7124],[137.605,34.7129],[137.6075,34.7176],[137.6027,34.7223],[137.5982,34.7198],[137.5989,34.7124]],[[137.604,34.6916],[137.6052,34.6936],[137.602,34.6949],[137.6003,34.6918],[137.6036,34.6908],[137.604,34.6916]],[[137.6069,34.6933],[137.6077,34.695],[137.6031,34.6968],[137.6022,34.6953],[137.6069,34.6933]],[[137.5842,34.6901],[137.5849,34.6892],[137.5847,34.6871],[137.5839,34.6876],[137.5842,34.6901]],[[137.601,34.6967],[137.6014,34.6975],[137.5971,34.6993],[137.5962,34.6979],[137.6005,34.696],[137.601,34.6967]],[[137.604,34.6975],[137.6084,34.6955],[137.6104,34.6991],[137.606,34.7009],[137.604,34.6975]],[[137.6085,34.7183],[137.6106,34.72],[137.6055,34.7241],[137.6029,34.7226],[137.6077,34.7179],[137.6085,34.7183]],[[137.6101,34.7073],[137.6097,34.7081],[137.6092,34.7079],[137.6101,34.7022],[137.6107,34.702],[137.6101,34.7073]],[[137.5997,34.6902],[137.6048,34.6873],[137.6065,34.6891],[137.6002,34.6917],[137.5997,34.6902]],[[137.5904,34.7117],[137.5948,34.7113],[137.5985,34.712],[137.5977,34.7199],[137.5929,34.7203],[137.5904,34.7117]],[[137.6185,34.7092],[137.6191,34.7103],[137.6187,34.7107],[137.6191,34.7133],[137.6168,34.7141],[137.6147,34.7102],[137.6138,34.7065],[137.6175,34.7058],[137.6185,34.7092]],[[137.5844,34.7153],[137.5829,34.7115],[137.5837,34.7107],[137.5873,34.7109],[137.5874,34.7103],[137.59,34.7112],[137.5929,34.7209],[137.5876,34.7246],[137.5844,34.7153]],[[137.5982,34.6859],[137.6006,34.6853],[137.6001,34.6864],[137.6008,34.6868],[137.601,34.6846],[137.6002,34.6838],[137.598,34.6849],[137.5936,34.6857],[137.5982,34.6859]],[[137.6058,34.6934],[137.6053,34.6935],[137.6036,34.6908],[137.6051,34.6903],[137.6067,34.6929],[137.6058,34.6934]],[[137.5662,34.6955],[137.5726,34.6957],[137.5723,34.7011],[137.5744,34.701],[137.5743,34.6961],[137.5727,34.6957],[137.5756,34.6956],[137.5755,34.7008],[137.5744,34.7015],[137.5671,34.7012],[137.5656,34.6962],[137.5662,34.6955]],[[137.5906,34.6952],[137.5895,34.6944],[137.5896,34.6935],[137.5904,34.6936],[137.5898,34.6932],[137.5974,34.6912],[137.6004,34.6955],[137.5959,34.6974],[137.5943,34.6949],[137.5947,34.6944],[137.5906,34.6952]]]]}},{"type":"Feature","properties":{"t":"lac","km":19.0,"nom":"宍道湖"},"geometry":{"type":"MultiPolygon","coordinates":[[[[132.9312,35.4715],[132.9336,35.4723],[132.9363,35.4722],[132.9419,35.4744],[132.9479,35.4751],[132.9498,35.4747],[132.9518,35.4731],[132.9516,35.4737],[132.9527,35.4735],[132.9528,35.4746],[132.9553,35.4764],[132.9631,35.4796],[132.9666,35.4804],[132.97,35.4798],[132.9717,35.4806],[132.9765,35.4781],[132.9768,35.4785],[132.99,35.4747],[132.9939,35.4747],[132.9944,35.4752],[132.995,35.4749],[132.995,35.4736],[132.9983,35.4746],[133.0021,35.4744],[133.0033,35.4753],[133.0056,35.4748],[133.0035,35.4754],[133.0055,35.4749],[133.0079,35.4753],[133.0105,35.4739],[133.0121,35.4741],[133.0138,35.4728],[133.0157,35.473],[133.0182,35.4719],[133.0182,35.4724],[133.0193,35.4729],[133.0225,35.4731],[133.0228,35.4725],[133.0228,35.4731],[133.023,35.4725],[133.027,35.4712],[133.0267,35.4718],[133.0276,35.4716],[133.0271,35.4715],[133.0289,35.4701],[133.0318,35.4688],[133.0346,35.4664],[133.0387,35.4646],[133.0388,35.4652],[133.039,35.4646],[133.0445,35.4649],[133.0525,35.4684],[133.0539,35.4662],[133.0525,35.465],[133.0529,35.4616],[133.0537,35.4606],[133.0513,35.4596],[133.045,35.4457],[133.0436,35.4445],[133.044,35.4436],[133.039,35.4401],[133.0361,35.4372],[133.0348,35.4368],[133.0345,35.4375],[133.0293,35.4364],[133.0271,35.4366],[133.0235,35.4353],[133.018,35.4349],[133.0186,35.4353],[133.0158,35.4354],[133.0135,35.4368],[133.0135,35.4374],[133.0089,35.4383],[133.0072,35.4341],[133.0043,35.4314],[133.0003,35.4299],[132.9982,35.4297],[132.9886,35.431],[132.9859,35.4322],[132.9828,35.4311],[132.9807,35.4266],[132.9784,35.4262],[132.974,35.4236],[132.9618,35.4233],[132.9582,35.4245],[132.9547,35.4216],[132.9532,35.4215],[132.9526,35.422],[132.9495,35.4213],[132.9466,35.4215],[132.9447,35.4231],[132.9417,35.4237],[132.942,35.4224],[132.9402,35.4191],[132.9362,35.4184],[132.9334,35.4166],[132.9293,35.4175],[132.9279,35.4171],[132.9259,35.4149],[132.9245,35.4146],[132.9246,35.4137],[132.9238,35.4139],[132.9222,35.4124],[132.9207,35.4119],[132.9153,35.4135],[132.9129,35.412],[132.9094,35.4118],[132.9053,35.4094],[132.9063,35.4098],[132.903,35.4067],[132.8978,35.4121],[132.8967,35.4119],[132.8958,35.4128],[132.8968,35.4144],[132.8967,35.4158],[132.9013,35.4181],[132.9001,35.4197],[132.8952,35.4174],[132.8926,35.4182],[132.8778,35.414],[132.8725,35.4142],[132.8647,35.4126],[132.8701,35.4141],[132.8699,35.4149],[132.8765,35.4156],[132.8841,35.4175],[132.886,35.4197],[132.8858,35.4218],[132.8842,35.4249],[132.8818,35.426],[132.881,35.4282],[132.88,35.428],[132.8805,35.4284],[132.878,35.429],[132.8777,35.43],[132.8792,35.4323],[132.8792,35.435],[132.8795,35.4345],[132.8803,35.435],[132.8807,35.4364],[132.8774,35.4418],[132.8767,35.4448],[132.8707,35.4439],[132.8712,35.4442],[132.8705,35.4443],[132.8703,35.4452],[132.868,35.445],[132.8677,35.4481],[132.8668,35.4484],[132.8672,35.4536],[132.8708,35.4549],[132.8708,35.457],[132.8727,35.4584],[132.879,35.4604],[132.8822,35.4607],[132.8849,35.46],[132.887,35.4617],[132.8948,35.4608],[132.8995,35.4613],[132.901,35.4598],[132.9011,35.4588],[132.9016,35.4597],[132.9034,35.4595],[132.9044,35.4608],[132.9127,35.4648],[132.9165,35.4657],[132.9201,35.465],[132.9212,35.4666],[132.9237,35.4673],[132.9254,35.4692],[132.9312,35.4715]]]]}},{"type":"Feature","properties":{"t":"lac","km":23.0,"nom":"中海"},"geometry":{"type":"MultiPolygon","coordinates":[[[[133.1371,35.4836],[133.1395,35.4829],[133.144,35.4785],[133.1442,35.4765],[133.1434,35.4749],[133.1405,35.4723],[133.1389,35.4692],[133.1361,35.4692],[133.1339,35.4676],[133.1277,35.4659],[133.1264,35.4645],[133.1262,35.4617],[133.1256,35.4619],[133.1246,35.4609],[133.1261,35.4546],[133.1255,35.4528],[133.1261,35.4509],[133.138,35.453],[133.1376,35.4519],[133.1387,35.451],[133.1425,35.4499],[133.1444,35.4502],[133.1556,35.4486],[133.1572,35.4478],[133.158,35.4461],[133.1591,35.4458],[133.164,35.447],[133.1695,35.4417],[133.1715,35.4404],[133.1734,35.4402],[133.174,35.4373],[133.176,35.4356],[133.1834,35.4316],[133.1859,35.4314],[133.1897,35.4328],[133.1943,35.4332],[133.1966,35.434],[133.1992,35.4361],[133.1996,35.4358],[133.199,35.4365],[133.2007,35.4403],[133.2044,35.4454],[133.208,35.4466],[133.2096,35.4481],[133.2116,35.4484],[133.2147,35.4461],[133.2162,35.4463],[133.2151,35.4454],[133.2166,35.4447],[133.2176,35.446],[133.2167,35.4463],[133.2181,35.4466],[133.2189,35.4483],[133.2184,35.4526],[133.2189,35.455],[133.2217,35.4515],[133.2227,35.4518],[133.2224,35.4534],[133.2211,35.455],[133.2212,35.4562],[133.2282,35.4504],[133.2379,35.449],[133.2389,35.4478],[133.2397,35.4451],[133.2406,35.4449],[133.2409,35.4433],[133.2436,35.4445],[133.2443,35.4444],[133.2443,35.4433],[133.2453,35.4434],[133.2456,35.4445],[133.2474,35.4436],[133.2537,35.4438],[133.2539,35.4414],[133.2549,35.4415],[133.2538,35.4414],[133.2539,35.4396],[133.254,35.4384],[133.255,35.4385],[133.2549,35.4413],[133.2551,35.4374],[133.255,35.438],[133.254,35.438],[133.2552,35.4365],[133.2553,35.4345],[133.2549,35.4341],[133.2541,35.4349],[133.2551,35.4338],[133.2548,35.4333],[133.2568,35.4334],[133.2562,35.4331],[133.2591,35.4298],[133.2621,35.4315],[133.2591,35.4327],[133.2587,35.4335],[133.2579,35.4334],[133.2594,35.4339],[133.2592,35.435],[133.2616,35.4348],[133.2633,35.4364],[133.2648,35.4357],[133.2679,35.4368],[133.269,35.4363],[133.2693,35.4335],[133.2713,35.431],[133.2722,35.4329],[133.2742,35.4335],[133.2752,35.4352],[133.2773,35.4352],[133.2789,35.4344],[133.2792,35.4327],[133.2844,35.4306],[133.2856,35.4315],[133.287,35.4298],[133.2891,35.4302],[133.291,35.4297],[133.2914,35.4286],[133.2923,35.4287],[133.2928,35.4278],[133.295,35.4281],[133.2965,35.4294],[133.2986,35.429],[133.2988,35.4303],[133.3005,35.4321],[133.3012,35.4284],[133.3025,35.4279],[133.3034,35.4263],[133.3102,35.4223],[133.3159,35.4164],[133.3162,35.4143],[133.3147,35.4125],[133.3113,35.4118],[133.3062,35.4126],[133.3005,35.4155],[133.2953,35.4145],[133.2925,35.4169],[133.2922,35.4189],[133.2913,35.417],[133.2951,35.4131],[133.2963,35.4131],[133.2972,35.4143],[133.2995,35.4144],[133.3002,35.415],[133.3058,35.4119],[133.3111,35.411],[133.3151,35.4116],[133.3179,35.4129],[133.3213,35.4127],[133.3212,35.4133],[133.3192,35.4143],[133.3176,35.4169],[133.3208,35.4208],[133.322,35.421],[133.3229,35.4189],[133.3224,35.421],[133.3252,35.4221],[133.3252,35.4226],[133.3217,35.4234],[133.3218,35.4249],[133.32,35.4258],[133.3212,35.4307],[133.3224,35.4309],[133.3218,35.4323],[133.3224,35.4327],[133.3201,35.4325],[133.3194,35.4331],[133.3213,35.4326],[133.3211,35.4336],[133.3187,35.4339],[133.3166,35.4314],[133.3115,35.4337],[133.2994,35.4372],[133.3,35.4383],[133.3017,35.4378],[133.3028,35.4406],[133.3015,35.438],[133.3008,35.4386],[133.2968,35.4394],[133.2952,35.4403],[133.2958,35.4412],[133.2954,35.4408],[133.2938,35.4412],[133.2934,35.4427],[133.2886,35.4442],[133.2877,35.4451],[133.2886,35.4459],[133.2875,35.4451],[133.2849,35.4459],[133.2807,35.4494],[133.2814,35.4503],[133.2794,35.4484],[133.2752,35.4506],[133.2734,35.4521],[133.2747,35.4529],[133.2741,35.4539],[133.2734,35.4537],[133.2713,35.4554],[133.272,35.4562],[133.2711,35.4555],[133.266,35.4588],[133.2648,35.4586],[133.2639,35.4594],[133.2662,35.4611],[133.2623,35.4644],[133.2611,35.4666],[133.2567,35.4712],[133.256,35.4709],[133.2538,35.473],[133.251,35.4741],[133.2484,35.477],[133.2474,35.476],[133.2418,35.4823],[133.2422,35.4829],[133.2394,35.4854],[133.2361,35.4859],[133.2323,35.489],[133.2265,35.4867],[133.2247,35.4867],[133.2237,35.4882],[133.2245,35.49],[133.2306,35.4925],[133.2301,35.4954],[133.2285,35.4971],[133.2266,35.4976],[133.2247,35.5003],[133.2234,35.4999],[133.2241,35.499],[133.2234,35.4999],[133.2241,35.5003],[133.2232,35.5001],[133.2201,35.5053],[133.2175,35.5078],[133.2072,35.5134],[133.208,35.5135],[133.2065,35.5147],[133.2063,35.514],[133.2036,35.5172],[133.2032,35.5184],[133.2036,35.5186],[133.2031,35.5192],[133.203,35.5186],[133.2009,35.5223],[133.2019,35.5213],[133.2029,35.5214],[133.2026,35.5249],[133.2004,35.5243],[133.2008,35.5224],[133.1989,35.5264],[133.1984,35.5288],[133.1991,35.53],[133.2035,35.5317],[133.2028,35.5339],[133.2035,35.5317],[133.2041,35.532],[133.2031,35.5343],[133.1988,35.5363],[133.1958,35.5343],[133.1958,35.5336],[133.1946,35.5341],[133.1943,35.5336],[133.1956,35.5319],[133.1945,35.5318],[133.194,35.5309],[133.1955,35.5303],[133.1907,35.5268],[133.1877,35.5271],[133.1849,35.5283],[133.1834,35.5344],[133.1823,35.5341],[133.1825,35.5356],[133.1803,35.5377],[133.1791,35.5365],[133.178,35.5367],[133.1757,35.5352],[133.176,35.5346],[133.1777,35.5356],[133.1786,35.5348],[133.1792,35.5354],[133.1795,35.5338],[133.1782,35.5334],[133.1786,35.533],[133.1801,35.5335],[133.1794,35.5322],[133.1807,35.5321],[133.1803,35.5311],[133.1821,35.5276],[133.18,35.5309],[133.1785,35.5307],[133.1781,35.5315],[133.1773,35.5315],[133.1776,35.5338],[133.1771,35.5343],[133.1724,35.5331],[133.1723,35.5341],[133.1737,35.5342],[133.1737,35.5352],[133.1711,35.5351],[133.1627,35.533],[133.1618,35.5363],[133.1602,35.5378],[133.1569,35.5382],[133.1534,35.5365],[133.152,35.5348],[133.152,35.5337],[133.1533,35.5326],[133.1524,35.5317],[133.153,35.5308],[133.1542,35.5321],[133.1536,35.5347],[133.154,35.5358],[133.1567,35.5374],[133.1584,35.5374],[133.1608,35.5362],[133.1613,35.5329],[133.162,35.5321],[133.1628,35.5318],[133.1636,35.5327],[133.1647,35.5309],[133.1802,35.5244],[133.1825,35.521],[133.1821,35.5208],[133.1796,35.5243],[133.1646,35.5306],[133.162,35.5307],[133.1622,35.5316],[133.161,35.5328],[133.1608,35.5355],[133.16,35.5365],[133.157,35.5373],[133.1545,35.5359],[133.1539,35.5348],[133.1544,35.5317],[133.1525,35.5301],[133.1527,35.5291],[133.1496,35.5271],[133.1484,35.5239],[133.1464,35.5234],[133.1453,35.5221],[133.1495,35.5204],[133.1468,35.5206],[133.1454,35.5219],[133.1446,35.5193],[133.142,35.5205],[133.1393,35.52],[133.1369,35.5171],[133.1374,35.5156],[133.1361,35.5147],[133.1325,35.5144],[133.1313,35.513],[133.1313,35.5117],[133.1304,35.5104],[133.1309,35.5087],[133.1304,35.5071],[133.1307,35.5032],[133.132,35.5009],[133.1336,35.5004],[133.1343,35.4993],[133.1341,35.498],[133.1333,35.4974],[133.1347,35.4965],[133.136,35.4967],[133.1353,35.4955],[133.1368,35.4945],[133.1364,35.4938],[133.1373,35.4921],[133.1329,35.4892],[133.1321,35.4882],[133.1321,35.487],[133.1322,35.4881],[133.1326,35.488],[133.1329,35.4857],[133.1366,35.4839],[133.1329,35.4858],[133.1325,35.4866],[133.133,35.4867],[133.1371,35.4836]],[[133.1881,35.5078],[133.1865,35.5052],[133.1812,35.5033],[133.1764,35.504],[133.1769,35.5044],[133.1747,35.5041],[133.1704,35.5062],[133.1638,35.5079],[133.1608,35.5073],[133.1588,35.505],[133.159,35.5009],[133.1568,35.497],[133.1576,35.4939],[133.1616,35.4912],[133.1614,35.4885],[133.1477,35.4811],[133.1459,35.4804],[133.1446,35.4808],[133.1442,35.4799],[133.1466,35.48],[133.1636,35.4886],[133.1641,35.4893],[133.1653,35.489],[133.1656,35.4903],[133.165,35.49],[133.1647,35.4907],[133.1688,35.4889],[133.1686,35.4879],[133.1694,35.488],[133.1711,35.4863],[133.171,35.4846],[133.1736,35.4863],[133.1769,35.4866],[133.1772,35.4859],[133.1768,35.4875],[133.1794,35.4863],[133.18,35.4866],[133.1804,35.4855],[133.1823,35.486],[133.1828,35.4854],[133.1843,35.4865],[133.1853,35.4856],[133.1864,35.4856],[133.1875,35.4865],[133.1859,35.4894],[133.1875,35.4913],[133.1854,35.4925],[133.1878,35.4937],[133.1875,35.4924],[133.1878,35.4938],[133.1897,35.4954],[133.1887,35.497],[133.1891,35.4988],[133.1907,35.4989],[133.1899,35.5001],[133.1904,35.5002],[133.1902,35.5015],[133.1892,35.5024],[133.1898,35.5029],[133.1884,35.5037],[133.1887,35.5031],[133.1879,35.5024],[133.1884,35.5031],[133.1877,35.5027],[133.1871,35.5032],[133.1876,35.5034],[133.1865,35.5037],[133.1886,35.5076],[133.1891,35.5075],[133.1887,35.5072],[133.1911,35.5068],[133.1933,35.5081],[133.194,35.5077],[133.1966,35.5088],[133.1972,35.5096],[133.2019,35.5108],[133.1957,35.5213],[133.1892,35.5186],[133.1886,35.5183],[133.1894,35.5177],[133.1884,35.5173],[133.1883,35.5182],[133.1846,35.5174],[133.1828,35.5205],[133.1823,35.5203],[133.1841,35.5173],[133.1853,35.517],[133.1874,35.5177],[133.1898,35.5139],[133.1896,35.5116],[133.1891,35.5113],[133.1894,35.5106],[133.1881,35.5078]],[[133.2193,35.4543],[133.2212,35.4534],[133.2199,35.4549],[133.2193,35.4543]],[[133.2093,35.5112],[133.2084,35.5103],[133.2079,35.5111],[133.2161,35.4957],[133.2207,35.4923],[133.2221,35.4923],[133.2255,35.4955],[133.2256,35.4967],[133.2187,35.5064],[133.2099,35.5118],[133.2093,35.5112]],[[133.2614,35.4563],[133.2607,35.4544],[133.261,35.4531],[133.2717,35.4462],[133.2924,35.4391],[133.2939,35.4397],[133.2923,35.4423],[133.2847,35.4456],[133.2814,35.4481],[133.2793,35.4481],[133.2751,35.4503],[133.2732,35.4519],[133.2727,35.4538],[133.2665,35.458],[133.2629,35.459],[133.2614,35.4563]],[[133.2505,35.4744],[133.2498,35.474],[133.2492,35.4744],[133.2477,35.4728],[133.2502,35.4702],[133.2515,35.4698],[133.2533,35.4703],[133.2572,35.4666],[133.2571,35.4655],[133.2636,35.4596],[133.2658,35.4611],[133.2621,35.4644],[133.261,35.4665],[133.2566,35.471],[133.256,35.4707],[133.2536,35.4729],[133.2505,35.4744]],[[133.1873,35.486],[133.1881,35.4858],[133.1877,35.4863],[133.1873,35.486]],[[133.18,35.4855],[133.1798,35.4862],[133.1795,35.4856],[133.178,35.4857],[133.18,35.4855]],[[133.1734,35.4825],[133.1723,35.481],[133.1736,35.4814],[133.1742,35.4811],[133.1743,35.4818],[133.1734,35.4817],[133.1734,35.4825]],[[133.297,35.4372],[133.2958,35.4363],[133.2965,35.4357],[133.2975,35.4366],[133.297,35.4372]],[[133.2416,35.4823],[133.2397,35.4811],[133.2397,35.4804],[133.2471,35.4731],[133.2487,35.4746],[133.2488,35.4756],[133.2482,35.4763],[133.2474,35.4758],[133.2416,35.4823]],[[133.28,35.4373],[133.2796,35.4371],[133.2801,35.4369],[133.28,35.4373]],[[133.1914,35.5057],[133.1917,35.5062],[133.191,35.5065],[133.1914,35.5057]],[[133.2909,35.4333],[133.2913,35.4338],[133.2908,35.4344],[133.2909,35.4333]],[[133.2938,35.4388],[133.295,35.4403],[133.2997,35.4383],[133.2993,35.4372],[133.2938,35.4388]]]]}},{"type":"Feature","properties":{"t":"lac","km":5.3,"nom":"芦田湖"},"geometry":{"type":"MultiPolygon","coordinates":[[[[133.1257,34.6226],[133.1273,34.6236],[133.1294,34.6227],[133.1255,34.6181],[133.126,34.6171],[133.1274,34.6161],[133.1327,34.6149],[133.1341,34.614],[133.1337,34.6122],[133.1306,34.6091],[133.131,34.6075],[133.1342,34.6073],[133.1368,34.6081],[133.1385,34.6071],[133.1364,34.6031],[133.1404,34.5995],[133.1406,34.5977],[133.1384,34.5953],[133.1381,34.5937],[133.1412,34.5942],[133.1417,34.595],[133.1426,34.5946],[133.1427,34.5955],[133.1421,34.5957],[133.1426,34.597],[133.1467,34.5985],[133.1467,34.6003],[133.1475,34.5995],[133.1466,34.5966],[133.1455,34.5962],[133.1453,34.5942],[133.1442,34.5935],[133.1443,34.5922],[133.1461,34.5895],[133.1452,34.5876],[133.1415,34.5853],[133.1368,34.5851],[133.1353,34.5836],[133.1345,34.5801],[133.1338,34.5841],[133.135,34.5856],[133.1379,34.5874],[133.1387,34.5863],[133.1412,34.5866],[133.1422,34.5882],[133.1439,34.5891],[133.1423,34.5905],[133.1391,34.5893],[133.1392,34.5906],[133.137,34.5916],[133.1362,34.5931],[133.1356,34.593],[133.1359,34.5944],[133.1353,34.5954],[133.1359,34.5956],[133.1354,34.5962],[133.1363,34.5963],[133.1374,34.5977],[133.1351,34.6022],[133.1356,34.6058],[133.1339,34.6063],[133.1295,34.6058],[133.1283,34.6078],[133.1288,34.6089],[133.1321,34.6118],[133.133,34.6139],[133.1262,34.6156],[133.1247,34.6175],[133.1249,34.6185],[133.1287,34.6227],[133.1257,34.6226]]]]}},{"type":"Feature","properties":{"t":"lac","km":13.0,"nom":"池原貯水池"},"geometry":{"type":"MultiPolygon","coordinates":[[[[135.9692,34.0549],[135.9678,34.0552],[135.9652,34.0543],[135.9674,34.0557],[135.97,34.0558],[135.9696,34.0569],[135.9709,34.057],[135.9712,34.0577],[135.9713,34.0591],[135.9706,34.0596],[135.9675,34.0601],[135.9672,34.0611],[135.9662,34.0607],[135.9674,34.0627],[135.9662,34.0639],[135.9679,34.0639],[135.9688,34.0655],[135.9678,34.0664],[135.9683,34.0697],[135.9646,34.0681],[135.9644,34.069],[135.9605,34.0687],[135.9643,34.0704],[135.964,34.0711],[135.9624,34.0713],[135.9639,34.0722],[135.9635,34.073],[135.9642,34.0736],[135.9634,34.0741],[135.9635,34.0747],[135.9645,34.0763],[135.9631,34.077],[135.9621,34.0759],[135.9611,34.076],[135.9621,34.0762],[135.9624,34.0775],[135.9637,34.0777],[135.9624,34.0799],[135.9632,34.0819],[135.9621,34.0818],[135.9612,34.0826],[135.9613,34.0836],[135.9605,34.0838],[135.9599,34.0855],[135.9567,34.086],[135.9581,34.0866],[135.9581,34.0873],[135.959,34.0878],[135.9589,34.0888],[135.9596,34.0874],[135.9587,34.0866],[135.9608,34.0859],[135.9608,34.0851],[135.9621,34.0843],[135.9626,34.0831],[135.9644,34.0828],[135.9647,34.0817],[135.9636,34.0808],[135.9652,34.0787],[135.9647,34.0772],[135.9656,34.077],[135.9662,34.0757],[135.9651,34.0746],[135.9659,34.0743],[135.9658,34.0704],[135.9688,34.0718],[135.9703,34.071],[135.9704,34.0696],[135.9698,34.069],[135.9696,34.0676],[135.9703,34.0664],[135.9722,34.0665],[135.973,34.066],[135.976,34.0671],[135.9771,34.0703],[135.9719,34.071],[135.9722,34.0724],[135.9716,34.073],[135.9721,34.0733],[135.9715,34.0736],[135.9725,34.0739],[135.9727,34.0751],[135.9723,34.0788],[135.9734,34.0801],[135.9759,34.0799],[135.9764,34.0809],[135.9789,34.0814],[135.98,34.0835],[135.9759,34.085],[135.9748,34.0872],[135.9758,34.0877],[135.9766,34.0893],[135.9763,34.0898],[135.9779,34.0909],[135.9779,34.0916],[135.9807,34.0908],[135.9796,34.0937],[135.9805,34.0962],[135.9825,34.0967],[135.9857,34.0951],[135.9879,34.0953],[135.9877,34.0965],[135.986,34.0981],[135.9859,34.1005],[135.9887,34.1018],[135.9901,34.1038],[135.9927,34.1051],[135.9915,34.1059],[135.9916,34.1074],[135.9909,34.1086],[135.99,34.1089],[135.988,34.108],[135.9875,34.1101],[135.9852,34.1106],[135.9854,34.1118],[135.9882,34.1105],[135.9881,34.1092],[135.9912,34.1097],[135.9919,34.1095],[135.993,34.1075],[135.9946,34.108],[135.9953,34.1097],[135.9947,34.1119],[135.995,34.1151],[135.9973,34.1179],[135.9963,34.1204],[135.9982,34.1222],[135.9998,34.1221],[136.0014,34.1204],[136.0026,34.1219],[136.0032,34.1217],[136.0027,34.1205],[136.0011,34.1193],[136.0003,34.1195],[135.9997,34.1212],[135.9981,34.1214],[135.9972,34.1195],[135.9983,34.1174],[135.9966,34.1156],[135.9977,34.1138],[135.9975,34.1144],[135.9959,34.1148],[135.9956,34.1134],[135.996,34.1113],[135.9967,34.1109],[135.9962,34.1106],[135.9965,34.1084],[135.9954,34.1058],[135.9947,34.1058],[135.9944,34.1037],[135.992,34.1036],[135.9899,34.1011],[135.9873,34.1002],[135.9887,34.0974],[135.9903,34.0957],[135.9912,34.0959],[135.991,34.0953],[135.9897,34.0956],[135.9891,34.0938],[135.9864,34.093],[135.9824,34.0948],[135.9821,34.0927],[135.9839,34.0901],[135.9829,34.09],[135.9819,34.0889],[135.9803,34.089],[135.9819,34.0876],[135.9822,34.086],[135.9868,34.0851],[135.9869,34.0846],[135.9819,34.0856],[135.9813,34.0873],[135.9793,34.0885],[135.9791,34.0894],[135.9773,34.087],[135.978,34.0859],[135.9815,34.0845],[135.982,34.0833],[135.9816,34.0821],[135.9825,34.0817],[135.9811,34.0809],[135.9816,34.0803],[135.9777,34.0797],[135.978,34.0789],[135.9773,34.0791],[135.9767,34.0782],[135.9745,34.0783],[135.9752,34.0755],[135.9746,34.0736],[135.9749,34.073],[135.9772,34.0729],[135.9778,34.072],[135.9786,34.0727],[135.9805,34.0726],[135.979,34.0722],[135.9789,34.071],[135.9795,34.0704],[135.9791,34.0693],[135.9809,34.0691],[135.9789,34.0679],[135.9784,34.0654],[135.9778,34.0658],[135.9762,34.0642],[135.9759,34.065],[135.9739,34.064],[135.9712,34.0648],[135.9696,34.0632],[135.9697,34.0619],[135.9728,34.061],[135.974,34.0591],[135.9748,34.0594],[135.9745,34.0571],[135.9733,34.056],[135.973,34.0548],[135.9742,34.055],[135.9748,34.0545],[135.9759,34.0562],[135.9777,34.0565],[135.9782,34.0572],[135.9786,34.0566],[135.9799,34.0574],[135.9799,34.0557],[135.9814,34.0563],[135.9813,34.0549],[135.9826,34.055],[135.9827,34.054],[135.9843,34.0538],[135.9836,34.0529],[135.984,34.052],[135.9867,34.0518],[135.9878,34.0524],[135.9871,34.0535],[135.9876,34.055],[135.9867,34.0548],[135.9855,34.0558],[135.9864,34.0563],[135.9854,34.0574],[135.986,34.0593],[135.9847,34.0602],[135.9862,34.0605],[135.9863,34.0616],[135.9906,34.0626],[135.9931,34.0616],[135.9942,34.0621],[135.9944,34.0612],[135.9939,34.0606],[135.995,34.0604],[135.9955,34.0631],[135.9969,34.0627],[135.9966,34.0615],[136.0005,34.0625],[136.0009,34.0634],[136.0003,34.0635],[136.001,34.0635],[136.0024,34.0654],[136.003,34.0647],[136.0021,34.0636],[136.0019,34.0617],[136.0036,34.0591],[136.0037,34.056],[136.0114,34.0549],[136.0125,34.056],[136.0128,34.0587],[136.0123,34.0597],[136.0145,34.0606],[136.0172,34.0599],[136.0149,34.0616],[136.0146,34.0637],[136.0188,34.0644],[136.0203,34.0657],[136.0179,34.0683],[136.0183,34.0702],[136.0185,34.0698],[136.0202,34.0708],[136.0225,34.0695],[136.0249,34.0716],[136.026,34.0717],[136.0262,34.0725],[136.0253,34.0727],[136.0252,34.0755],[136.0259,34.0763],[136.0259,34.0752],[136.0267,34.075],[136.0305,34.0761],[136.0337,34.0763],[136.0361,34.0774],[136.0372,34.0786],[136.0376,34.0803],[136.0369,34.081],[136.0377,34.0814],[136.0387,34.0845],[136.0391,34.084],[136.0411,34.0845],[136.0408,34.0841],[136.0444,34.0834],[136.0449,34.0845],[136.047,34.0862],[136.0471,34.0872],[136.0461,34.09],[136.0446,34.0908],[136.0444,34.0915],[136.0464,34.0901],[136.0506,34.0909],[136.0505,34.0903],[136.0474,34.0894],[136.0477,34.0855],[136.0455,34.0841],[136.0454,34.0811],[136.0449,34.0822],[136.0423,34.0832],[136.0393,34.0832],[136.0385,34.0806],[136.0385,34.0777],[136.0377,34.0776],[136.0372,34.0762],[136.0314,34.0743],[136.0285,34.0744],[136.0279,34.0734],[136.0286,34.0727],[136.0275,34.0716],[136.0276,34.0709],[136.0245,34.07],[136.0229,34.0681],[136.0201,34.0695],[136.0195,34.0691],[136.0221,34.0661],[136.0214,34.0645],[136.0199,34.0633],[136.0227,34.0627],[136.0169,34.0628],[136.0171,34.0621],[136.0188,34.0611],[136.0188,34.0587],[136.0175,34.058],[136.0147,34.0589],[136.0143,34.0584],[136.0143,34.0563],[136.0201,34.054],[136.0219,34.0521],[136.0227,34.0491],[136.0237,34.0483],[136.0229,34.0463],[136.0245,34.046],[136.0282,34.0481],[136.0303,34.0443],[136.0337,34.0432],[136.0339,34.0413],[136.0381,34.0413],[136.0385,34.04],[136.0381,34.038],[136.0399,34.0366],[136.0409,34.0372],[136.0407,34.0389],[136.0413,34.04],[136.0437,34.0408],[136.0443,34.0391],[136.0433,34.0374],[136.0437,34.0358],[136.0446,34.0351],[136.0436,34.0357],[136.0432,34.0375],[136.044,34.0389],[136.0436,34.0403],[136.0418,34.0399],[136.0415,34.0369],[136.0396,34.036],[136.0374,34.0374],[136.0377,34.0403],[136.0367,34.0407],[136.0326,34.0401],[136.032,34.0415],[136.0326,34.0423],[136.0286,34.0438],[136.0276,34.0463],[136.026,34.0459],[136.0238,34.0444],[136.0237,34.0449],[136.0219,34.0453],[136.0214,34.0446],[136.0221,34.0474],[136.0214,34.048],[136.0217,34.0488],[136.0204,34.0512],[136.0193,34.0527],[136.0166,34.0534],[136.0155,34.0548],[136.014,34.0546],[136.0119,34.0527],[136.0096,34.0531],[136.0092,34.0526],[136.0069,34.054],[136.005,34.054],[136.0046,34.0524],[136.0034,34.0539],[136.0019,34.0532],[136.0016,34.0581],[135.9999,34.0602],[135.9978,34.0592],[135.9973,34.0583],[135.9964,34.0585],[135.9942,34.0574],[135.9929,34.0585],[135.9899,34.0588],[135.9905,34.0576],[135.9901,34.057],[135.9907,34.0569],[135.9904,34.0562],[135.9896,34.0563],[135.9899,34.0545],[135.9919,34.0534],[135.9901,34.053],[135.9895,34.0507],[135.9869,34.0498],[135.9865,34.0487],[135.9878,34.0482],[135.9877,34.0473],[135.9871,34.0474],[135.9872,34.0483],[135.9855,34.0483],[135.9854,34.0497],[135.9845,34.0497],[135.9834,34.049],[135.9829,34.0466],[135.9812,34.0465],[135.9802,34.0449],[135.9779,34.0434],[135.9762,34.0434],[135.9737,34.0422],[135.9741,34.043],[135.973,34.0421],[135.9707,34.043],[135.9691,34.0461],[135.9713,34.0469],[135.9719,34.0486],[135.9725,34.0475],[135.9741,34.0468],[135.9741,34.0453],[135.9794,34.0484],[135.9816,34.0516],[135.9805,34.0522],[135.9793,34.0494],[135.9767,34.0475],[135.9754,34.048],[135.975,34.0475],[135.9728,34.0493],[135.973,34.0517],[135.9713,34.0511],[135.9707,34.052],[135.9689,34.0528],[135.9692,34.0549]],[[135.9763,34.0519],[135.9762,34.051],[135.9771,34.0512],[135.9763,34.0519]]]]}},{"type":"Feature","properties":{"t":"lac","km":8.0,"nom":"風屋貯水池"},"geometry":{"type":"MultiPolygon","coordinates":[[[[135.7891,34.0436],[135.7882,34.0422],[135.7824,34.0401],[135.7777,34.0402],[135.7758,34.0412],[135.7748,34.0409],[135.7749,34.0421],[135.7737,34.0432],[135.7738,34.0458],[135.7766,34.0501],[135.7753,34.0505],[135.7692,34.0501],[135.768,34.0483],[135.7655,34.0472],[135.7652,34.046],[135.7633,34.0483],[135.7624,34.0512],[135.7605,34.0522],[135.761,34.057],[135.7564,34.0554],[135.7538,34.056],[135.7518,34.0582],[135.7496,34.0552],[135.7454,34.0533],[135.7436,34.0503],[135.7436,34.0525],[135.7409,34.052],[135.7392,34.0531],[135.7386,34.056],[135.7375,34.0551],[135.7331,34.0537],[135.7292,34.055],[135.7297,34.0524],[135.728,34.0515],[135.7268,34.05],[135.7251,34.05],[135.7242,34.051],[135.7257,34.0507],[135.7284,34.0526],[135.7276,34.0548],[135.7268,34.0549],[135.7277,34.0557],[135.7294,34.0562],[135.7336,34.0552],[135.738,34.058],[135.7375,34.0586],[135.7352,34.0587],[135.7347,34.0592],[135.7315,34.0594],[135.7358,34.0596],[135.7348,34.0612],[135.7349,34.0646],[135.7338,34.0664],[135.7348,34.0676],[135.7359,34.0682],[135.7377,34.0677],[135.7409,34.0616],[135.7432,34.0623],[135.7443,34.0656],[135.7423,34.0692],[135.7431,34.0712],[135.7425,34.0715],[135.7431,34.0719],[135.738,34.0754],[135.7408,34.0774],[135.7461,34.0783],[135.7501,34.0831],[135.752,34.0836],[135.755,34.0825],[135.7568,34.0833],[135.7573,34.0844],[135.7564,34.0855],[135.7515,34.0858],[135.7499,34.0877],[135.7519,34.0863],[135.7539,34.0868],[135.7572,34.0864],[135.758,34.0849],[135.7579,34.0831],[135.7571,34.082],[135.7557,34.0813],[135.7528,34.082],[135.7507,34.0817],[135.7467,34.0772],[135.7407,34.0754],[135.7452,34.073],[135.7457,34.0709],[135.7439,34.0692],[135.7458,34.0664],[135.7449,34.062],[135.7432,34.0596],[135.7398,34.0607],[135.7373,34.0649],[135.7365,34.0612],[135.7411,34.0578],[135.7418,34.0566],[135.7406,34.055],[135.7408,34.054],[135.7424,34.0539],[135.7461,34.0552],[135.7491,34.0584],[135.7487,34.0594],[135.7498,34.0607],[135.754,34.0606],[135.7556,34.059],[135.7558,34.0576],[135.7588,34.0593],[135.7601,34.0593],[135.7602,34.0598],[135.7615,34.0593],[135.7623,34.0597],[135.7628,34.059],[135.7647,34.0588],[135.7642,34.0584],[135.7647,34.0576],[135.7644,34.0557],[135.7628,34.054],[135.7643,34.0522],[135.7652,34.0497],[135.7671,34.0512],[135.7703,34.0524],[135.7776,34.0525],[135.7795,34.0506],[135.779,34.0493],[135.7794,34.0482],[135.7766,34.0459],[135.7772,34.0445],[135.7803,34.0427],[135.7843,34.0448],[135.7865,34.0451],[135.7891,34.0436]],[[135.7373,34.0651],[135.7369,34.0663],[135.7362,34.0665],[135.7373,34.0651]]]]}},{"type":"Feature","properties":{"t":"lac","km":7.8,"nom":"阿武湖"},"geometry":{"type":"MultiPolygon","coordinates":[[[[131.5084,34.3361],[131.5052,34.3342],[131.4999,34.3369],[131.4989,34.3365],[131.4999,34.3387],[131.5028,34.3395],[131.5028,34.3457],[131.5009,34.3452],[131.5022,34.344],[131.5014,34.3427],[131.5005,34.343],[131.5015,34.3432],[131.5016,34.3438],[131.5004,34.3446],[131.5004,34.3455],[131.5057,34.3493],[131.503,34.3496],[131.5019,34.3504],[131.501,34.3546],[131.4972,34.3525],[131.4951,34.3524],[131.4952,34.3539],[131.4944,34.3548],[131.4933,34.3548],[131.4931,34.3539],[131.4928,34.3552],[131.4939,34.3558],[131.4931,34.3566],[131.494,34.3568],[131.4951,34.3595],[131.4942,34.3612],[131.4894,34.3586],[131.4907,34.3576],[131.4881,34.357],[131.488,34.3582],[131.4871,34.3581],[131.4876,34.3588],[131.4871,34.3602],[131.488,34.3599],[131.4896,34.3606],[131.4919,34.3635],[131.4927,34.3631],[131.4955,34.3635],[131.4973,34.3645],[131.4967,34.3656],[131.4976,34.3659],[131.4971,34.3668],[131.4976,34.3676],[131.4966,34.3683],[131.4965,34.3691],[131.497,34.3701],[131.4987,34.3706],[131.5004,34.3703],[131.5015,34.3697],[131.5025,34.3672],[131.504,34.3684],[131.5049,34.3716],[131.5019,34.3725],[131.5009,34.374],[131.4977,34.3736],[131.5005,34.3744],[131.5004,34.3754],[131.4992,34.3754],[131.5001,34.3758],[131.5024,34.3742],[131.5025,34.3731],[131.5035,34.3729],[131.5041,34.3737],[131.5048,34.3764],[131.5041,34.3771],[131.5015,34.377],[131.5026,34.3779],[131.5001,34.3802],[131.5033,34.3787],[131.504,34.3808],[131.5062,34.3829],[131.5037,34.3779],[131.5053,34.3769],[131.5059,34.3771],[131.506,34.3751],[131.5074,34.375],[131.5068,34.3736],[131.5054,34.3726],[131.5074,34.3695],[131.5094,34.3689],[131.5091,34.3675],[131.5099,34.3659],[131.5122,34.3649],[131.5162,34.3647],[131.5174,34.3618],[131.5196,34.3595],[131.523,34.3596],[131.5265,34.3606],[131.529,34.3627],[131.5324,34.3627],[131.5355,34.3619],[131.5359,34.3632],[131.5355,34.3645],[131.5344,34.3654],[131.534,34.3669],[131.5348,34.3679],[131.5339,34.3695],[131.5389,34.3662],[131.5412,34.367],[131.5438,34.3642],[131.5481,34.3635],[131.549,34.3626],[131.5489,34.362],[131.5459,34.3635],[131.543,34.3637],[131.541,34.3661],[131.5388,34.365],[131.536,34.3665],[131.5369,34.3625],[131.5378,34.362],[131.5359,34.3609],[131.5348,34.3606],[131.5309,34.3615],[131.5271,34.359],[131.5253,34.359],[131.5252,34.3586],[131.5212,34.3576],[131.5189,34.3579],[131.5177,34.3571],[131.5179,34.3582],[131.5152,34.3593],[131.5123,34.3578],[131.5126,34.3588],[131.515,34.3602],[131.5151,34.3617],[131.5143,34.3632],[131.5113,34.3637],[131.5108,34.3633],[131.5062,34.3657],[131.5062,34.3636],[131.5052,34.363],[131.5056,34.3649],[131.5045,34.3634],[131.5027,34.3626],[131.5008,34.3646],[131.4996,34.3681],[131.5,34.3663],[131.4991,34.364],[131.4996,34.3632],[131.4987,34.3632],[131.4979,34.361],[131.5005,34.3593],[131.4998,34.359],[131.4992,34.357],[131.4969,34.3559],[131.4988,34.3555],[131.5004,34.3563],[131.502,34.3563],[131.5028,34.3554],[131.5027,34.3526],[131.5035,34.3512],[131.5052,34.3506],[131.5072,34.351],[131.5085,34.3499],[131.5075,34.3483],[131.5046,34.347],[131.5041,34.3392],[131.5004,34.3376],[131.5028,34.3358],[131.5054,34.3348],[131.5068,34.3363],[131.5084,34.3361]]]]}},{"type":"Feature","properties":{"t":"lac","km":3.7,"nom":"北山湖"},"geometry":{"type":"MultiPolygon","coordinates":[[[[130.2537,33.432],[130.2547,33.4312],[130.2567,33.4322],[130.2578,33.4315],[130.2583,33.4334],[130.26,33.4332],[130.2614,33.4341],[130.2611,33.4349],[130.2599,33.4337],[130.2587,33.4341],[130.2567,33.4335],[130.2559,33.4345],[130.2565,33.4353],[130.2553,33.4352],[130.2549,33.4365],[130.2541,33.4369],[130.2562,33.4373],[130.258,33.4386],[130.2597,33.4381],[130.2619,33.4415],[130.2617,33.4427],[130.2604,33.4404],[130.259,33.4396],[130.2558,33.44],[130.2546,33.4395],[130.2544,33.438],[130.2521,33.436],[130.2536,33.4353],[130.2525,33.4337],[130.2505,33.434],[130.2478,33.4331],[130.2482,33.4355],[130.2501,33.436],[130.2487,33.4367],[130.2507,33.4371],[130.2503,33.4383],[130.25,33.4374],[130.2483,33.4375],[130.2489,33.4382],[130.2485,33.4385],[130.2469,33.4372],[130.2459,33.4377],[130.2413,33.4345],[130.2404,33.4354],[130.2398,33.4344],[130.2385,33.4354],[130.2385,33.4346],[130.2372,33.4344],[130.2374,33.433],[130.2401,33.4328],[130.2402,33.4319],[130.2413,33.4311],[130.2421,33.4315],[130.242,33.4323],[130.2428,33.432],[130.2427,33.4327],[130.2446,33.4322],[130.2459,33.4329],[130.2471,33.4319],[130.2396,33.4299],[130.242,33.43],[130.2413,33.4272],[130.2433,33.4303],[130.2452,33.4306],[130.2452,33.4293],[130.2457,33.4305],[130.2471,33.4305],[130.2476,33.4309],[130.2469,33.4311],[130.2481,33.4313],[130.2482,33.432],[130.2494,33.4317],[130.2494,33.4326],[130.2507,33.4329],[130.2523,33.4316],[130.2491,33.431],[130.2513,33.4303],[130.2514,33.4294],[130.2507,33.4288],[130.2502,33.4292],[130.2499,33.4287],[130.2488,33.4288],[130.2505,33.4279],[130.2503,33.4261],[130.2479,33.4258],[130.2469,33.4242],[130.245,33.4252],[130.2447,33.4249],[130.2455,33.424],[130.244,33.4221],[130.2451,33.4226],[130.2461,33.4214],[130.2461,33.4204],[130.245,33.4194],[130.2465,33.4196],[130.2466,33.4165],[130.2475,33.4182],[130.2471,33.4202],[130.248,33.4209],[130.249,33.4206],[130.2493,33.4212],[130.251,33.4193],[130.2498,33.4181],[130.2532,33.4172],[130.2557,33.4176],[130.2557,33.4183],[130.2538,33.4189],[130.2533,33.4199],[130.2523,33.4198],[130.2526,33.422],[130.2508,33.4219],[130.2499,33.4225],[130.2539,33.4259],[130.2547,33.426],[130.2547,33.4273],[130.2554,33.4275],[130.2535,33.4287],[130.254,33.4296],[130.2547,33.4294],[130.2535,33.4309],[130.2537,33.432]]]]}},{"type":"Feature","properties":{"t":"lac","km":7.0,"nom":"福上湖"},"geometry":{"type":"MultiPolygon","coordinates":[[[[128.2088,26.6497],[128.2123,26.6523],[128.2103,26.6496],[128.2097,26.6494],[128.2099,26.6489],[128.2117,26.6481],[128.2126,26.6492],[128.2131,26.6483],[128.2126,26.6475],[128.2138,26.6468],[128.2147,26.648],[128.2152,26.6473],[128.2171,26.6475],[128.2168,26.6484],[128.2175,26.6493],[128.2165,26.6499],[128.217,26.6511],[128.2207,26.6523],[128.2225,26.6537],[128.2226,26.6554],[128.2233,26.654],[128.225,26.6571],[128.226,26.6574],[128.2258,26.6589],[128.2272,26.6601],[128.226,26.6586],[128.2266,26.6566],[128.2252,26.6569],[128.2249,26.6547],[128.2227,26.6528],[128.2214,26.6528],[128.2215,26.6514],[128.2203,26.6518],[128.2174,26.6502],[128.2185,26.6496],[128.2181,26.6481],[128.2191,26.6469],[128.2177,26.6461],[128.2161,26.6467],[128.2172,26.6452],[128.2193,26.6446],[128.2196,26.6452],[128.2199,26.6441],[128.2215,26.6447],[128.2213,26.6441],[128.222,26.6439],[128.2236,26.6447],[128.224,26.6456],[128.2246,26.6453],[128.224,26.6453],[128.2225,26.6434],[128.2293,26.6416],[128.2299,26.6438],[128.2313,26.6436],[128.2312,26.6452],[128.2324,26.646],[128.2313,26.6464],[128.2302,26.6487],[128.231,26.6502],[128.2322,26.6496],[128.2323,26.6524],[128.2337,26.6535],[128.2344,26.6531],[128.2329,26.6529],[128.2326,26.6493],[128.2318,26.6491],[128.2313,26.6499],[128.2309,26.6486],[128.2324,26.6469],[128.2321,26.6464],[128.2329,26.6461],[128.233,26.6452],[128.2338,26.6449],[128.2324,26.6451],[128.2319,26.6443],[128.2324,26.6432],[128.2338,26.6426],[128.2344,26.643],[128.2364,26.641],[128.2375,26.6422],[128.2389,26.6415],[128.2395,26.6422],[128.2388,26.6414],[128.2371,26.6414],[128.2374,26.64],[128.2369,26.6407],[128.2365,26.6404],[128.2368,26.6398],[128.2357,26.6403],[128.2355,26.6391],[128.2369,26.6379],[128.2365,26.6376],[128.2351,26.6391],[128.2357,26.6411],[128.2352,26.641],[128.2344,26.6422],[128.2334,26.642],[128.2335,26.6402],[128.233,26.6417],[128.2308,26.6424],[128.2301,26.642],[128.2303,26.6408],[128.2332,26.6383],[128.227,26.6412],[128.2269,26.6407],[128.2246,26.6418],[128.2241,26.6414],[128.2232,26.6424],[128.2206,26.6425],[128.2167,26.6446],[128.2152,26.6451],[128.2148,26.6444],[128.2141,26.6455],[128.2114,26.6471],[128.2108,26.6469],[128.2106,26.6475],[128.2073,26.6477],[128.2049,26.6489],[128.2035,26.6484],[128.2027,26.6489],[128.2022,26.6482],[128.2004,26.6484],[128.2005,26.6475],[128.1987,26.648],[128.1986,26.6464],[128.1965,26.6465],[128.1952,26.6475],[128.1927,26.6459],[128.1927,26.6454],[128.1905,26.6463],[128.1892,26.6454],[128.1887,26.6466],[128.1886,26.6459],[128.1851,26.6456],[128.1836,26.6443],[128.1824,26.6449],[128.182,26.644],[128.1817,26.6453],[128.1805,26.6452],[128.1809,26.646],[128.1776,26.6459],[128.1759,26.6478],[128.1755,26.6472],[128.1734,26.648],[128.1749,26.6498],[128.1733,26.6509],[128.1741,26.6519],[128.1745,26.6512],[128.1776,26.65],[128.1791,26.6482],[128.1826,26.6479],[128.1834,26.6472],[128.1837,26.6481],[128.181,26.6496],[128.1816,26.6514],[128.1816,26.6498],[128.1833,26.6497],[128.1869,26.6474],[128.1876,26.6485],[128.1888,26.6489],[128.1887,26.6497],[128.1897,26.649],[128.1905,26.6502],[128.19,26.6506],[128.1903,26.6515],[128.1891,26.6525],[128.1907,26.6528],[128.19,26.6542],[128.1905,26.6556],[128.1884,26.6572],[128.1891,26.6569],[128.19,26.6578],[128.1898,26.6567],[128.1908,26.6558],[128.1915,26.6559],[128.1905,26.6543],[128.1912,26.6536],[128.1914,26.6542],[128.1932,26.6547],[128.1933,26.6562],[128.1941,26.6561],[128.1947,26.6573],[128.1944,26.659],[128.1951,26.6569],[128.194,26.6552],[128.1943,26.6545],[128.1954,26.6545],[128.1924,26.6538],[128.1921,26.6515],[128.1914,26.651],[128.1922,26.6504],[128.1909,26.6486],[128.1922,26.6475],[128.1945,26.6489],[128.1948,26.6506],[128.1958,26.6486],[128.197,26.6482],[128.1968,26.6498],[128.1975,26.6501],[128.1989,26.6492],[128.1985,26.6504],[128.1996,26.6514],[128.1982,26.6518],[128.1991,26.6518],[128.1989,26.6548],[128.2003,26.6528],[128.1996,26.6525],[128.2004,26.6514],[128.1995,26.6503],[128.2013,26.6498],[128.2019,26.6506],[128.2014,26.651],[128.2018,26.6518],[128.2025,26.6515],[128.2052,26.6536],[128.2049,26.6518],[128.2065,26.6528],[128.2084,26.6566],[128.2088,26.6557],[128.2104,26.6554],[128.21,26.6566],[128.2106,26.6593],[128.2131,26.66],[128.2121,26.659],[128.211,26.6589],[128.2105,26.6564],[128.2115,26.6554],[128.2096,26.655],[128.2093,26.6532],[128.2086,26.6541],[128.2064,26.6512],[128.2058,26.6512],[128.2086,26.6503],[128.2088,26.6497]]]]}},{"type":"Feature","properties":{"t":"lac","km":4.7,"nom":"亀山湖"},"geometry":{"type":"MultiPolygon","coordinates":[[[[140.0732,35.2194],[140.0731,35.2199],[140.0716,35.2199],[140.0723,35.2219],[140.0738,35.2233],[140.0756,35.2234],[140.076,35.2246],[140.0773,35.2246],[140.0784,35.2228],[140.0809,35.2239],[140.0798,35.2256],[140.0791,35.2258],[140.0825,35.2273],[140.0824,35.2279],[140.0834,35.2278],[140.0848,35.2301],[140.0861,35.2297],[140.0855,35.2283],[140.0866,35.2269],[140.0891,35.2307],[140.0908,35.2305],[140.0925,35.2293],[140.0943,35.2296],[140.0961,35.2274],[140.096,35.2255],[140.0974,35.2255],[140.0982,35.2242],[140.0993,35.2259],[140.0974,35.2317],[140.0976,35.2325],[140.0986,35.2331],[140.0998,35.2322],[140.1,35.2304],[140.1026,35.2272],[140.1014,35.2237],[140.1019,35.2233],[140.1038,35.2252],[140.1048,35.2242],[140.1043,35.2234],[140.1047,35.223],[140.1041,35.2231],[140.1051,35.223],[140.1055,35.2233],[140.1048,35.2233],[140.106,35.2238],[140.1069,35.2253],[140.1077,35.2255],[140.1074,35.2258],[140.1088,35.2265],[140.1082,35.2255],[140.1089,35.2257],[140.1103,35.2282],[140.1116,35.2267],[140.1121,35.2235],[140.1133,35.2229],[140.1132,35.2277],[140.1141,35.2289],[140.1153,35.2285],[140.1151,35.2274],[140.1145,35.2288],[140.1132,35.2272],[140.114,35.2235],[140.1136,35.2226],[140.1119,35.2233],[140.1115,35.2241],[140.1119,35.2253],[140.1102,35.2279],[140.1095,35.2258],[140.1068,35.2247],[140.105,35.2221],[140.1037,35.2225],[140.1043,35.224],[140.1042,35.2247],[140.1035,35.2247],[140.101,35.2205],[140.1011,35.2185],[140.1006,35.2189],[140.1004,35.2202],[140.1012,35.2219],[140.0998,35.2243],[140.0977,35.2228],[140.0965,35.2232],[140.0963,35.2245],[140.0952,35.2255],[140.0954,35.2273],[140.0935,35.2285],[140.0926,35.2268],[140.0927,35.2282],[140.0905,35.2266],[140.091,35.2273],[140.0899,35.228],[140.0912,35.2296],[140.0897,35.2299],[140.0885,35.2292],[140.0893,35.2288],[140.0885,35.229],[140.0877,35.2278],[140.0885,35.2277],[140.0871,35.2261],[140.0872,35.2242],[140.086,35.2233],[140.0873,35.2215],[140.0843,35.2237],[140.0825,35.2222],[140.0825,35.2215],[140.0822,35.2225],[140.0811,35.2231],[140.0796,35.2216],[140.0775,35.2222],[140.077,35.2235],[140.0753,35.2226],[140.0767,35.2198],[140.0771,35.2168],[140.076,35.2146],[140.0765,35.212],[140.0757,35.2111],[140.0765,35.2108],[140.0755,35.2111],[140.0748,35.2145],[140.0751,35.2153],[140.076,35.2123],[140.0756,35.2146],[140.0767,35.2168],[140.0763,35.22],[140.0748,35.222],[140.0732,35.2194]],[[140.0833,35.2241],[140.0838,35.2256],[140.0833,35.2264],[140.0805,35.2258],[140.0823,35.2237],[140.083,35.2235],[140.0833,35.2241]],[[140.0737,35.222],[140.0722,35.2204],[140.0733,35.2209],[140.0737,35.222]],[[140.1021,35.2273],[140.0991,35.2325],[140.0985,35.2324],[140.0981,35.2308],[140.1011,35.2229],[140.1017,35.223],[140.1012,35.2238],[140.1021,35.2273]]]]}},{"type":"Feature","properties":{"t":"lac","km":6.1,"nom":"有峰湖"},"geometry":{"type":"MultiPolygon","coordinates":[[[[137.4592,36.4886],[137.4554,36.485],[137.4529,36.4846],[137.4532,36.4838],[137.4514,36.4834],[137.4511,36.4824],[137.4488,36.4824],[137.4499,36.4811],[137.4479,36.4809],[137.4483,36.4799],[137.4475,36.4793],[137.4479,36.4786],[137.4474,36.4778],[137.4456,36.4773],[137.4455,36.4767],[137.4467,36.476],[137.4465,36.4753],[137.4432,36.4752],[137.4423,36.474],[137.443,36.472],[137.4427,36.4708],[137.4453,36.472],[137.4442,36.471],[137.4447,36.4691],[137.4457,36.4688],[137.446,36.4693],[137.4475,36.4693],[137.4474,36.4705],[137.4481,36.4705],[137.4498,36.4722],[137.4504,36.4746],[137.4503,36.4718],[137.4527,36.4715],[137.4504,36.4708],[137.4503,36.4698],[137.4496,36.4699],[137.4497,36.4678],[137.4488,36.4685],[137.4471,36.4677],[137.4505,36.466],[137.4463,36.4663],[137.4455,36.4659],[137.4464,36.4646],[137.4441,36.4646],[137.4435,36.4658],[137.442,36.4653],[137.4409,36.4657],[137.4411,36.4649],[137.4403,36.4646],[137.4417,36.4644],[137.4423,36.4635],[137.4419,36.4629],[137.4433,36.4629],[137.4422,36.4614],[137.4447,36.461],[137.4432,36.4602],[137.448,36.4587],[137.4455,36.4575],[137.4434,36.4577],[137.4439,36.456],[137.4454,36.4551],[137.4458,36.4534],[137.4441,36.4541],[137.4446,36.4525],[137.4435,36.4528],[137.4406,36.4569],[137.44,36.4546],[137.4408,36.4543],[137.4409,36.4538],[137.4403,36.4536],[137.4413,36.4524],[137.44,36.4531],[137.4392,36.4524],[137.4387,36.4513],[137.4397,36.4506],[137.4381,36.4501],[137.4387,36.4487],[137.4379,36.4486],[137.4382,36.4467],[137.4372,36.4461],[137.4366,36.4466],[137.436,36.4463],[137.4347,36.4488],[137.4353,36.4496],[137.4344,36.4496],[137.4353,36.4509],[137.4347,36.4516],[137.4356,36.4526],[137.4343,36.4527],[137.4346,36.4533],[137.4359,36.4534],[137.4361,36.4541],[137.4352,36.4547],[137.4365,36.4557],[137.4358,36.4563],[137.4362,36.4571],[137.4355,36.4576],[137.4363,36.4586],[137.4357,36.4596],[137.4361,36.4613],[137.4355,36.462],[137.4349,36.4608],[137.433,36.4606],[137.4318,36.4588],[137.4316,36.4575],[137.431,36.458],[137.4291,36.457],[137.4296,36.4561],[137.4288,36.4562],[137.4289,36.4553],[137.4278,36.4565],[137.4207,36.4507],[137.4213,36.4522],[137.4205,36.4525],[137.4207,36.4531],[137.4231,36.4539],[137.4225,36.4553],[137.4229,36.4564],[137.4258,36.4588],[137.424,36.4587],[137.4249,36.4595],[137.4259,36.4594],[137.4265,36.4603],[137.4272,36.4601],[137.4281,36.4634],[137.4315,36.4664],[137.4314,36.4683],[137.4332,36.4687],[137.4336,36.4699],[137.4331,36.4706],[137.4347,36.472],[137.4341,36.4728],[137.4352,36.4728],[137.4369,36.4742],[137.4366,36.4754],[137.4375,36.4766],[137.4367,36.4768],[137.4406,36.4809],[137.4406,36.4821],[137.4421,36.4826],[137.4444,36.4855],[137.446,36.4865],[137.4444,36.4878],[137.4475,36.4882],[137.4509,36.4908],[137.4522,36.4892],[137.4535,36.4897],[137.4552,36.4875],[137.4595,36.4893],[137.4592,36.4886]],[[137.4303,36.463],[137.4309,36.4627],[137.4319,36.4636],[137.4332,36.4656],[137.431,36.4648],[137.4303,36.463]]]]}},{"type":"Feature","properties":{"t":"lac","km":4.2,"nom":"東郷池"},"geometry":{"type":"MultiPolygon","coordinates":[[[[133.8991,35.47],[133.8931,35.4696],[133.8918,35.4688],[133.8943,35.4667],[133.8934,35.4673],[133.8921,35.466],[133.8926,35.4655],[133.892,35.466],[133.8904,35.4651],[133.8908,35.4644],[133.8885,35.4641],[133.8883,35.4635],[133.8871,35.4653],[133.8854,35.4663],[133.8847,35.4659],[133.8849,35.4664],[133.8829,35.4683],[133.8824,35.468],[133.8804,35.4709],[133.8798,35.4702],[133.8799,35.471],[133.8788,35.4708],[133.8769,35.4716],[133.8774,35.4732],[133.8758,35.4736],[133.8781,35.4733],[133.8783,35.4738],[133.8775,35.474],[133.8784,35.4738],[133.879,35.4752],[133.8783,35.4755],[133.879,35.4753],[133.8793,35.4768],[133.8794,35.4755],[133.882,35.4754],[133.8821,35.476],[133.8835,35.4758],[133.8838,35.4767],[133.8857,35.477],[133.8858,35.4783],[133.884,35.4787],[133.884,35.4795],[133.8829,35.4803],[133.8824,35.4797],[133.8829,35.4803],[133.8816,35.4805],[133.8823,35.4808],[133.8814,35.4811],[133.882,35.4824],[133.8814,35.4827],[133.8821,35.4823],[133.8824,35.4837],[133.8819,35.4839],[133.8832,35.4836],[133.8839,35.4847],[133.8826,35.485],[133.884,35.4848],[133.8845,35.4858],[133.8845,35.4871],[133.8832,35.4871],[133.8846,35.4872],[133.8847,35.4879],[133.8829,35.488],[133.884,35.4881],[133.8847,35.4908],[133.8843,35.4912],[133.8848,35.4917],[133.8867,35.4908],[133.8874,35.4917],[133.8867,35.4907],[133.8889,35.4903],[133.8894,35.4915],[133.8954,35.4916],[133.8971,35.4937],[133.8995,35.4934],[133.8994,35.4922],[133.8975,35.4909],[133.8955,35.4862],[133.894,35.4852],[133.8938,35.4841],[133.8948,35.4829],[133.8948,35.4815],[133.898,35.4806],[133.8994,35.4793],[133.9019,35.4792],[133.9047,35.4802],[133.9014,35.479],[133.9018,35.4784],[133.904,35.4787],[133.9017,35.4781],[133.9029,35.4749],[133.9043,35.4748],[133.9029,35.4712],[133.9012,35.47],[133.9013,35.4696],[133.9008,35.4701],[133.8991,35.47]],[[133.886,35.4777],[133.8859,35.4771],[133.8865,35.477],[133.8862,35.4773],[133.8873,35.4779],[133.886,35.4777]]]]}},{"type":"Feature","properties":{"t":"lac","km":6.2,"nom":"静内調整池"},"geometry":{"type":"MultiPolygon","coordinates":[[[[142.5663,42.415],[142.5686,42.4129],[142.5689,42.4144],[142.5716,42.4158],[142.5753,42.4136],[142.5733,42.4164],[142.5738,42.4173],[142.575,42.4169],[142.575,42.4178],[142.5761,42.4176],[142.5768,42.4181],[142.5771,42.4199],[142.578,42.4206],[142.5812,42.4215],[142.5845,42.4192],[142.5854,42.4192],[142.5817,42.4222],[142.5788,42.4221],[142.5788,42.4227],[142.5803,42.424],[142.5835,42.4251],[142.5865,42.4277],[142.587,42.4288],[142.5898,42.4306],[142.5936,42.4308],[142.5902,42.4315],[142.5908,42.4333],[142.5901,42.4354],[142.5905,42.4371],[142.5877,42.4404],[142.5911,42.4418],[142.592,42.4428],[142.5946,42.4431],[142.5986,42.4422],[142.6012,42.4435],[142.6045,42.4428],[142.6058,42.4438],[142.6091,42.4437],[142.6164,42.4453],[142.6177,42.4464],[142.6199,42.4469],[142.6204,42.448],[142.6198,42.4504],[142.617,42.4522],[142.619,42.4502],[142.6196,42.4477],[142.6158,42.4458],[142.6121,42.4454],[142.6105,42.4445],[142.6037,42.4437],[142.6009,42.4448],[142.5989,42.4432],[142.5974,42.443],[142.5948,42.4439],[142.5908,42.4435],[142.5857,42.4407],[142.5864,42.4389],[142.5886,42.4374],[142.5881,42.4364],[142.589,42.4332],[142.5887,42.4322],[142.588,42.4314],[142.5865,42.4313],[142.585,42.4304],[142.585,42.4285],[142.5794,42.4252],[142.5784,42.4252],[142.5771,42.4237],[142.5748,42.4183],[142.5683,42.4171],[142.5663,42.415]]]]}},{"type":"Feature","properties":{"t":"lac","km":7.2,"nom":"金砂湖"},"geometry":{"type":"MultiPolygon","coordinates":[[[[133.5714,33.937],[133.5681,33.9362],[133.5691,33.9349],[133.5685,33.9335],[133.5669,33.9362],[133.5655,33.9361],[133.565,33.9369],[133.5612,33.9354],[133.5609,33.9348],[133.5614,33.9341],[133.5601,33.9352],[133.5605,33.9362],[133.5591,33.9364],[133.5585,33.9379],[133.5558,33.9368],[133.554,33.9372],[133.5511,33.9347],[133.5524,33.9337],[133.5506,33.9342],[133.5494,33.9328],[133.5446,33.931],[133.5457,33.9296],[133.5449,33.9276],[133.546,33.9254],[133.5438,33.9252],[133.5448,33.9258],[133.5434,33.9281],[133.5445,33.9291],[133.5433,33.9306],[133.5417,33.9315],[133.541,33.9312],[133.5411,33.9304],[133.5425,33.9283],[133.542,33.927],[133.5408,33.9262],[133.5369,33.9261],[133.5327,33.9276],[133.5286,33.9263],[133.5271,33.9266],[133.5272,33.9271],[133.5259,33.9276],[133.526,33.9256],[133.5243,33.9212],[133.5227,33.9202],[133.5199,33.9196],[133.52,33.9176],[133.5146,33.9161],[133.513,33.9148],[133.5089,33.914],[133.5026,33.9092],[133.5037,33.9107],[133.5076,33.9136],[133.513,33.9151],[133.5149,33.9168],[133.5187,33.9179],[133.5189,33.9188],[133.5188,33.9181],[133.5181,33.918],[133.5186,33.9204],[133.5239,33.9215],[133.5237,33.9234],[133.5245,33.9255],[133.5238,33.9269],[133.5242,33.9292],[133.5264,33.9304],[133.5286,33.9292],[133.5292,33.9279],[133.5311,33.9286],[133.5304,33.9304],[133.5316,33.9295],[133.5318,33.9282],[133.533,33.9286],[133.5378,33.9276],[133.5391,33.9286],[133.5391,33.9307],[133.5406,33.9327],[133.5454,33.9329],[133.5496,33.9353],[133.5524,33.9393],[133.555,33.9384],[133.5565,33.9392],[133.5566,33.9401],[133.5571,33.9395],[133.5585,33.94],[133.5602,33.9388],[133.5608,33.9376],[133.5622,33.9374],[133.562,33.938],[133.5631,33.9377],[133.5655,33.9391],[133.5678,33.9377],[133.5707,33.9385],[133.5718,33.9376],[133.5714,33.937]]]]}},{"type":"Feature","properties":{"t":"lac","km":14.9,"nom":"洞爺湖"},"geometry":{"type":"MultiPolygon","coordinates":[[[[140.8924,42.5714],[140.8922,42.5692],[140.8914,42.5687],[140.8905,42.5693],[140.8894,42.569],[140.8895,42.5672],[140.8879,42.5653],[140.8859,42.5651],[140.8862,42.5643],[140.8852,42.5632],[140.8833,42.5646],[140.8809,42.5652],[140.8787,42.5633],[140.8778,42.5633],[140.8775,42.5604],[140.8751,42.5579],[140.862,42.5577],[140.8582,42.5565],[140.853,42.56],[140.8472,42.5622],[140.8444,42.559],[140.847,42.5622],[140.8465,42.5629],[140.8446,42.5639],[140.8352,42.5659],[140.8286,42.5652],[140.8253,42.5667],[140.8235,42.5668],[140.8202,42.5663],[140.8175,42.5666],[140.8167,42.566],[140.8095,42.566],[140.8059,42.5685],[140.805,42.5706],[140.8063,42.5717],[140.8014,42.57],[140.7988,42.5719],[140.7981,42.575],[140.7985,42.577],[140.7962,42.5807],[140.7957,42.5835],[140.793,42.5893],[140.7924,42.5914],[140.7927,42.593],[140.7893,42.5958],[140.7897,42.5971],[140.7889,42.5974],[140.7899,42.6013],[140.7891,42.6041],[140.7907,42.6066],[140.793,42.6082],[140.7953,42.6083],[140.8,42.6112],[140.803,42.6108],[140.8031,42.6137],[140.8023,42.6153],[140.8034,42.6174],[140.806,42.6193],[140.8094,42.6189],[140.8106,42.6208],[140.8113,42.6237],[140.8136,42.625],[140.8164,42.6255],[140.8171,42.6273],[140.819,42.627],[140.8196,42.6306],[140.8204,42.6317],[140.8187,42.633],[140.8194,42.6345],[140.8232,42.6381],[140.8254,42.6389],[140.8268,42.6386],[140.8267,42.6391],[140.8259,42.639],[140.825,42.6398],[140.8251,42.6404],[140.8293,42.6443],[140.835,42.6471],[140.8365,42.6473],[140.8384,42.6468],[140.8393,42.6455],[140.8422,42.6457],[140.844,42.6451],[140.8465,42.6419],[140.8506,42.6398],[140.8543,42.6394],[140.857,42.6396],[140.8623,42.642],[140.8624,42.6431],[140.8664,42.6463],[140.8717,42.6459],[140.8749,42.6432],[140.8779,42.6431],[140.8819,42.6407],[140.8858,42.6404],[140.8899,42.6364],[140.8906,42.6346],[140.8929,42.6334],[140.8953,42.6335],[140.8978,42.6321],[140.9036,42.6264],[140.9033,42.6238],[140.9039,42.6219],[140.9117,42.6188],[140.9144,42.6158],[140.916,42.612],[140.9174,42.6111],[140.9199,42.6113],[140.9223,42.608],[140.9228,42.6037],[140.9224,42.5979],[140.9179,42.5926],[140.9176,42.5905],[140.914,42.5862],[140.9117,42.5844],[140.9086,42.5822],[140.9067,42.5823],[140.9049,42.577],[140.9018,42.5725],[140.9006,42.572],[140.893,42.5719],[140.8924,42.5714]],[[140.8385,42.5898],[140.843,42.5897],[140.8425,42.5927],[140.841,42.5924],[140.8383,42.5932],[140.8388,42.5924],[140.8379,42.5911],[140.8385,42.5898]],[[140.8527,42.5877],[140.8546,42.5882],[140.856,42.587],[140.854,42.5864],[140.8528,42.5867],[140.8527,42.5877]],[[140.8642,42.611],[140.8615,42.6101],[140.8589,42.6103],[140.8554,42.6128],[140.8529,42.6135],[140.8505,42.6129],[140.8477,42.6108],[140.845,42.6112],[140.8417,42.6087],[140.8356,42.6057],[140.8352,42.6041],[140.8364,42.5998],[140.8371,42.5988],[140.8412,42.5964],[140.8434,42.5931],[140.8442,42.5933],[140.8445,42.5949],[140.846,42.5953],[140.8499,42.5925],[140.8537,42.591],[140.86,42.5926],[140.8621,42.5915],[140.8649,42.5919],[140.8669,42.5932],[140.8671,42.5957],[140.8691,42.5981],[140.8696,42.6005],[140.8675,42.603],[140.8639,42.6047],[140.8643,42.6063],[140.8669,42.608],[140.8649,42.6109],[140.8642,42.611]],[[140.838,42.5899],[140.835,42.5899],[140.8323,42.5882],[140.8353,42.5877],[140.8376,42.5888],[140.838,42.5899]]]]}},{"type":"Feature","properties":{"t":"lac","km":6.5,"nom":"神流湖"},"geometry":{"type":"MultiPolygon","coordinates":[[[[139.0216,36.129],[139.0212,36.1282],[139.0196,36.1296],[139.0183,36.1285],[139.0175,36.1297],[139.0145,36.131],[139.013,36.1299],[139.0089,36.1302],[139.0088,36.129],[139.008,36.1286],[139.007,36.1259],[139.006,36.1261],[139.0059,36.1254],[139.0047,36.1251],[139.0047,36.1243],[139.006,36.1226],[139.0058,36.122],[139.0031,36.1238],[139.0014,36.1231],[138.9971,36.1244],[138.997,36.1238],[138.9945,36.1236],[138.9931,36.1219],[138.9918,36.1218],[138.9921,36.1201],[138.9909,36.1196],[138.9914,36.1182],[138.9901,36.117],[138.989,36.1169],[138.9894,36.1164],[138.9891,36.1155],[138.9872,36.1163],[138.9864,36.1145],[138.9828,36.1155],[138.9818,36.1165],[138.979,36.1153],[138.9769,36.1164],[138.9765,36.1149],[138.9764,36.116],[138.9751,36.117],[138.9755,36.1178],[138.9736,36.1193],[138.9733,36.1212],[138.9702,36.1233],[138.9697,36.1242],[138.9675,36.1238],[138.9643,36.1257],[138.9598,36.1237],[138.9585,36.124],[138.9589,36.1242],[138.9585,36.1245],[138.9597,36.1244],[138.9645,36.1263],[138.9656,36.1261],[138.9669,36.1248],[138.9697,36.1253],[138.9714,36.1234],[138.9745,36.1217],[138.975,36.1209],[138.9745,36.1198],[138.9778,36.117],[138.9792,36.1167],[138.9816,36.1179],[138.985,36.1161],[138.9872,36.1183],[138.9885,36.1181],[138.9877,36.119],[138.9897,36.1202],[138.99,36.1218],[138.9908,36.122],[138.9905,36.1235],[138.9914,36.1246],[138.9911,36.1252],[138.993,36.126],[138.9921,36.1271],[138.9922,36.1287],[138.9946,36.127],[138.9967,36.1272],[138.9979,36.1265],[139.001,36.1262],[139.0039,36.1287],[139.0024,36.1313],[139.0012,36.1322],[139.0022,36.1325],[139.0029,36.1346],[139.0038,36.1348],[139.0037,36.1358],[139.008,36.1352],[139.0098,36.1337],[139.0106,36.1361],[139.0122,36.1374],[139.0109,36.1385],[139.0143,36.1383],[139.0161,36.1393],[139.0179,36.1388],[139.017,36.1373],[139.0182,36.1364],[139.0183,36.1337],[139.0237,36.1319],[139.0225,36.1295],[139.0216,36.129]]]]}},{"type":"Feature","properties":{"t":"lac","km":5.2,"nom":"富士しゃくなげ湖"},"geometry":{"type":"MultiPolygon","coordinates":[[[[130.2209,33.4217],[130.2192,33.4205],[130.2181,33.4188],[130.2143,33.4122],[130.2136,33.4094],[130.2126,33.4101],[130.2129,33.4116],[130.2117,33.4117],[130.2106,33.4153],[130.2103,33.414],[130.2117,33.4105],[130.2108,33.4104],[130.2091,33.4116],[130.2095,33.4124],[130.2084,33.4135],[130.2088,33.4142],[130.208,33.4138],[130.2052,33.4144],[130.2021,33.417],[130.1998,33.4173],[130.2,33.4199],[130.2028,33.4257],[130.2004,33.4231],[130.1993,33.4204],[130.1986,33.4201],[130.1961,33.4212],[130.1957,33.4227],[130.1957,33.4209],[130.1969,33.4201],[130.1945,33.4193],[130.1948,33.4183],[130.1948,33.4194],[130.1973,33.4192],[130.1987,33.4184],[130.1989,33.4164],[130.1998,33.4153],[130.1983,33.4136],[130.1991,33.4134],[130.1992,33.4123],[130.1996,33.4128],[130.1991,33.4138],[130.2003,33.4146],[130.2007,33.4156],[130.2027,33.4157],[130.2038,33.4131],[130.2071,33.4123],[130.207,33.4109],[130.2097,33.4097],[130.2101,33.4087],[130.2115,33.4087],[130.2127,33.4075],[130.2125,33.4056],[130.2134,33.4052],[130.213,33.404],[130.2144,33.4044],[130.2143,33.403],[130.2149,33.4033],[130.2163,33.4026],[130.2171,33.4033],[130.2192,33.4029],[130.2188,33.402],[130.2196,33.4018],[130.2192,33.4013],[130.2201,33.4007],[130.2195,33.4001],[130.2203,33.3998],[130.2196,33.3972],[130.2189,33.3962],[130.2171,33.3956],[130.2167,33.3947],[130.2158,33.3948],[130.2153,33.3933],[130.216,33.393],[130.2146,33.3926],[130.2166,33.3919],[130.2154,33.3916],[130.2153,33.3901],[130.219,33.3882],[130.2215,33.3907],[130.2213,33.3921],[130.2225,33.3923],[130.2217,33.3936],[130.2221,33.3942],[130.2232,33.3932],[130.2261,33.3944],[130.2269,33.3953],[130.2267,33.3962],[130.2275,33.3961],[130.2274,33.3979],[130.2264,33.3981],[130.2269,33.399],[130.2262,33.3995],[130.2271,33.3998],[130.2268,33.4003],[130.2273,33.4009],[130.2266,33.4024],[130.2246,33.4015],[130.2241,33.4025],[130.2226,33.4033],[130.2226,33.404],[130.221,33.404],[130.2213,33.4049],[130.2192,33.4054],[130.2191,33.4065],[130.2181,33.4058],[130.2165,33.4072],[130.2167,33.4077],[130.2148,33.4076],[130.2158,33.409],[130.2155,33.4096],[130.2162,33.4099],[130.2155,33.4101],[130.2154,33.4109],[130.2181,33.4178],[130.2187,33.418],[130.2191,33.4199],[130.2209,33.4217]]]]}},{"type":"Feature","properties":{"t":"lac","km":5.2,"nom":"山中湖"},"geometry":{"type":"MultiPolygon","coordinates":[[[[138.8836,35.4214],[138.8896,35.4213],[138.8947,35.4229],[138.8977,35.4247],[138.8966,35.425],[138.8937,35.4234],[138.8929,35.4245],[138.8932,35.4253],[138.8957,35.4285],[138.8985,35.4285],[138.9006,35.4257],[138.9004,35.4239],[138.9012,35.4218],[138.8992,35.4197],[138.8985,35.4197],[138.8984,35.4186],[138.8951,35.4149],[138.8909,35.4133],[138.8831,35.4087],[138.8779,35.4089],[138.8748,35.4081],[138.8696,35.4081],[138.8667,35.4088],[138.863,35.4109],[138.862,35.4122],[138.862,35.4145],[138.8603,35.4145],[138.8592,35.4152],[138.8584,35.4165],[138.8501,35.4233],[138.8496,35.4251],[138.8514,35.4283],[138.8554,35.4294],[138.8585,35.4285],[138.8603,35.4286],[138.8617,35.428],[138.8744,35.4264],[138.8799,35.4241],[138.8836,35.4214]]]]}},{"type":"Feature","properties":{"t":"lac","km":3.7,"nom":"西湖"},"geometry":{"type":"MultiPolygon","coordinates":[[[[138.687,35.4934],[138.6837,35.4915],[138.6812,35.4948],[138.6743,35.4977],[138.6738,35.4988],[138.6712,35.4988],[138.6675,35.4967],[138.6642,35.4982],[138.6639,35.4995],[138.6649,35.5007],[138.6668,35.4992],[138.6698,35.5009],[138.6716,35.4995],[138.6737,35.5018],[138.675,35.5018],[138.6766,35.5008],[138.679,35.5023],[138.6812,35.5017],[138.6855,35.5023],[138.6863,35.503],[138.6853,35.5037],[138.6864,35.5032],[138.6886,35.5041],[138.6909,35.5038],[138.6926,35.5049],[138.6964,35.5055],[138.7004,35.5038],[138.698,35.5019],[138.6987,35.501],[138.6986,35.4997],[138.6968,35.4987],[138.6968,35.4972],[138.6959,35.4967],[138.6943,35.4975],[138.6919,35.4958],[138.6879,35.4956],[138.687,35.4934]]]]}},{"type":"Feature","properties":{"t":"lac","km":4.0,"nom":"本栖湖"},"geometry":{"type":"MultiPolygon","coordinates":[[[[138.5694,35.4546],[138.5703,35.455],[138.5699,35.4568],[138.5707,35.4581],[138.5707,35.4599],[138.5738,35.4648],[138.5761,35.4648],[138.5795,35.4663],[138.5789,35.4672],[138.5753,35.4669],[138.5747,35.4678],[138.5746,35.4686],[138.5756,35.4689],[138.5749,35.4719],[138.5778,35.4743],[138.5826,35.4753],[138.5841,35.4737],[138.5867,35.4738],[138.588,35.4743],[138.5899,35.4761],[138.5922,35.4763],[138.5932,35.4756],[138.5932,35.4738],[138.5958,35.4728],[138.5958,35.4707],[138.5949,35.4687],[138.5953,35.4672],[138.5949,35.467],[138.596,35.4667],[138.5975,35.4643],[138.5998,35.4638],[138.6001,35.4625],[138.6022,35.4632],[138.6013,35.462],[138.6017,35.4614],[138.5998,35.4605],[138.5986,35.4588],[138.598,35.4564],[138.5949,35.4549],[138.5934,35.4557],[138.5883,35.4563],[138.5795,35.4557],[138.5744,35.4521],[138.5712,35.4526],[138.5697,35.4536],[138.5694,35.4546]]]]}},{"type":"Feature","properties":{"t":"lac","km":4.1,"nom":"秩父さくら湖"},"geometry":{"type":"MultiPolygon","coordinates":[[[[139.0699,35.9213],[139.0681,35.9219],[139.0675,35.9228],[139.0673,35.9249],[139.0682,35.9271],[139.0677,35.928],[139.0658,35.9283],[139.0653,35.9299],[139.0632,35.9299],[139.0603,35.9324],[139.0577,35.9296],[139.0567,35.9298],[139.0541,35.9288],[139.0527,35.9267],[139.054,35.9288],[139.0584,35.932],[139.0596,35.9345],[139.0565,35.9362],[139.0558,35.9387],[139.0541,35.9387],[139.0552,35.9398],[139.0559,35.9421],[139.0548,35.9433],[139.0546,35.9452],[139.053,35.9451],[139.0525,35.9455],[139.0529,35.9462],[139.0504,35.9465],[139.0514,35.9472],[139.0517,35.9498],[139.0505,35.9496],[139.051,35.9501],[139.05,35.9507],[139.0498,35.9527],[139.0506,35.9539],[139.0537,35.9531],[139.0534,35.9521],[139.0553,35.9498],[139.0549,35.9492],[139.056,35.9492],[139.0574,35.9479],[139.0585,35.9457],[139.0577,35.9451],[139.0579,35.9443],[139.0602,35.9426],[139.0581,35.941],[139.0598,35.9393],[139.0591,35.9382],[139.0607,35.9368],[139.0621,35.9366],[139.0641,35.9353],[139.0614,35.9335],[139.0633,35.9327],[139.0643,35.9312],[139.0661,35.9321],[139.067,35.9292],[139.0688,35.9284],[139.0691,35.9273],[139.0679,35.9248],[139.0679,35.9232],[139.0683,35.9222],[139.0699,35.9213]]]]}},{"type":"Feature","properties":{"t":"lac","km":3.8,"nom":"ならまた湖"},"geometry":{"type":"MultiPolygon","coordinates":[[[[139.0805,36.8847],[139.0817,36.8852],[139.0811,36.8868],[139.0824,36.8875],[139.0805,36.888],[139.0802,36.8887],[139.081,36.8896],[139.0834,36.8893],[139.0843,36.891],[139.084,36.8916],[139.0852,36.8916],[139.086,36.8928],[139.085,36.8949],[139.0852,36.8958],[139.0863,36.896],[139.0858,36.8952],[139.0876,36.8939],[139.0883,36.8946],[139.0891,36.8942],[139.0902,36.8956],[139.0904,36.8934],[139.0918,36.8933],[139.0926,36.8925],[139.0951,36.8929],[139.0974,36.8952],[139.0987,36.8954],[139.0985,36.8988],[139.0994,36.8975],[139.1006,36.8975],[139.1022,36.8995],[139.1032,36.8999],[139.104,36.8992],[139.1068,36.9022],[139.1058,36.9003],[139.1077,36.8995],[139.1096,36.901],[139.1122,36.9008],[139.1095,36.9004],[139.1081,36.8988],[139.1065,36.8992],[139.104,36.8981],[139.1042,36.8968],[139.1024,36.8939],[139.0999,36.893],[139.0987,36.8912],[139.1038,36.8879],[139.1036,36.8861],[139.1044,36.8841],[139.1025,36.8851],[139.1019,36.8864],[139.0993,36.8872],[139.0996,36.8874],[139.0965,36.8889],[139.0961,36.8897],[139.0956,36.8888],[139.0945,36.89],[139.0933,36.8898],[139.0934,36.8903],[139.092,36.8891],[139.0919,36.8901],[139.0901,36.8894],[139.0899,36.8907],[139.0886,36.8918],[139.0887,36.8903],[139.0857,36.8864],[139.0899,36.8855],[139.0889,36.8843],[139.0906,36.8828],[139.0879,36.8831],[139.0861,36.8846],[139.0854,36.882],[139.0831,36.8821],[139.0808,36.8804],[139.079,36.8844],[139.0801,36.8841],[139.0805,36.8847]]]]}},{"type":"Feature","properties":{"t":"lac","km":7.1,"nom":"芦ノ湖"},"geometry":{"type":"MultiPolygon","coordinates":[[[[138.986,35.2391],[138.987,35.2399],[138.9871,35.2391],[138.9971,35.2369],[138.9971,35.2345],[138.9982,35.2333],[138.9968,35.2302],[138.9983,35.2272],[138.9979,35.2256],[138.9994,35.2243],[138.9997,35.223],[138.9991,35.2222],[139.0018,35.2211],[139.0016,35.2187],[139.0039,35.2165],[139.0065,35.2155],[139.0069,35.213],[139.01,35.211],[139.0113,35.2089],[139.0132,35.209],[139.0145,35.2078],[139.0167,35.2075],[139.0175,35.2057],[139.0233,35.2032],[139.0259,35.2028],[139.0284,35.2042],[139.0302,35.2034],[139.0304,35.2009],[139.0276,35.1952],[139.0279,35.1973],[139.0269,35.199],[139.0232,35.1957],[139.0236,35.195],[139.025,35.1949],[139.0259,35.194],[139.0259,35.1921],[139.0264,35.1918],[139.0248,35.1901],[139.0226,35.1891],[139.0211,35.1891],[139.0204,35.1893],[139.0206,35.1912],[139.0194,35.1926],[139.0168,35.1919],[139.0144,35.1928],[139.0128,35.192],[139.0134,35.1906],[139.0125,35.1893],[139.0098,35.1895],[139.0084,35.1909],[139.0074,35.1942],[139.0078,35.1946],[139.0067,35.1952],[139.0073,35.1973],[139.005,35.1968],[139.0027,35.1989],[139.0035,35.2018],[139.0012,35.2019],[139.0004,35.2027],[138.9987,35.2029],[138.9981,35.2043],[138.9964,35.2048],[138.9965,35.2103],[138.9949,35.2123],[138.9976,35.2148],[138.9977,35.2156],[138.9953,35.2185],[138.9948,35.2214],[138.9926,35.2214],[138.9897,35.2229],[138.9893,35.224],[138.9899,35.2259],[138.9908,35.2264],[138.9901,35.2281],[138.9907,35.2292],[138.9866,35.2299],[138.9851,35.2295],[138.984,35.2308],[138.9844,35.2337],[138.9838,35.2364],[138.986,35.2391]]]]}},{"type":"Feature","properties":{"t":"lac","km":8.5,"nom":"田沢湖"},"geometry":{"type":"MultiPolygon","coordinates":[[[[140.669,39.7481],[140.676,39.7481],[140.6809,39.746],[140.692,39.7382],[140.6935,39.7378],[140.6946,39.7363],[140.6958,39.7361],[140.6982,39.732],[140.6976,39.7318],[140.6982,39.732],[140.6987,39.7311],[140.6983,39.7309],[140.6992,39.7304],[140.6997,39.726],[140.6977,39.7249],[140.6959,39.722],[140.693,39.7193],[140.6897,39.7173],[140.6885,39.711],[140.6869,39.708],[140.687,39.7057],[140.6839,39.7024],[140.684,39.7018],[140.6801,39.7011],[140.6798,39.7017],[140.6695,39.7038],[140.6653,39.7023],[140.6606,39.6993],[140.6525,39.6979],[140.6496,39.6985],[140.6459,39.7012],[140.6442,39.7037],[140.6415,39.705],[140.6408,39.7067],[140.6368,39.7107],[140.6347,39.7113],[140.6352,39.7133],[140.6321,39.7155],[140.6293,39.7189],[140.6283,39.7233],[140.6294,39.7261],[140.631,39.7272],[140.6324,39.7296],[140.6317,39.7319],[140.6332,39.7374],[140.6363,39.7398],[140.6365,39.7423],[140.6388,39.7465],[140.6391,39.7483],[140.6408,39.7499],[140.6424,39.7499],[140.6442,39.7513],[140.6478,39.7517],[140.6494,39.7508],[140.6514,39.7514],[140.6562,39.7509],[140.6617,39.7494],[140.6644,39.7498],[140.669,39.7481]]]]}},{"type":"Feature","properties":{"t":"lac","km":7.0,"nom":"宮ヶ瀬湖"},"geometry":{"type":"MultiPolygon","coordinates":[[[[139.2146,35.5321],[139.2151,35.5337],[139.2173,35.5333],[139.2169,35.5342],[139.2178,35.5342],[139.2174,35.5349],[139.2183,35.5346],[139.2182,35.5356],[139.2203,35.5358],[139.2206,35.5362],[139.2201,35.537],[139.2212,35.5375],[139.2231,35.536],[139.2232,35.5373],[139.2237,35.5375],[139.2245,35.5363],[139.2253,35.536],[139.2249,35.5355],[139.2258,35.5348],[139.2291,35.5333],[139.2301,35.5342],[139.231,35.5333],[139.2327,35.5345],[139.2331,35.534],[139.2347,35.5354],[139.2367,35.5356],[139.2367,35.5361],[139.2381,35.5367],[139.2378,35.5371],[139.2393,35.5369],[139.239,35.5379],[139.2378,35.5382],[139.2393,35.5393],[139.2385,35.5404],[139.2426,35.5411],[139.2435,35.5424],[139.242,35.5442],[139.2425,35.5446],[139.2487,35.5445],[139.2493,35.5431],[139.248,35.5405],[139.2474,35.5409],[139.2473,35.5404],[139.2464,35.5404],[139.2454,35.5386],[139.2442,35.5391],[139.2436,35.5381],[139.2422,35.538],[139.2423,35.5358],[139.2414,35.5353],[139.2412,35.5332],[139.2402,35.5341],[139.2392,35.5319],[139.2371,35.5324],[139.237,35.5316],[139.2357,35.5327],[139.2345,35.5316],[139.2345,35.5288],[139.2373,35.5268],[139.2389,35.5266],[139.2376,35.5262],[139.2354,35.5279],[139.2347,35.5273],[139.2322,35.5287],[139.2308,35.528],[139.2352,35.5256],[139.2348,35.5251],[139.2372,35.5236],[139.2383,35.5214],[139.2395,35.5206],[139.2435,35.5201],[139.241,35.5193],[139.2412,35.5169],[139.2424,35.5157],[139.2439,35.5156],[139.2436,35.5145],[139.2453,35.5134],[139.2457,35.5123],[139.2469,35.5124],[139.2471,35.5112],[139.2488,35.5108],[139.2499,35.5096],[139.2514,35.5104],[139.2519,35.5098],[139.2511,35.5096],[139.2507,35.5086],[139.252,35.5082],[139.2524,35.5073],[139.2539,35.5072],[139.2551,35.5053],[139.2548,35.5046],[139.2534,35.5057],[139.2535,35.5065],[139.253,35.5059],[139.2515,35.5067],[139.2485,35.5093],[139.246,35.5101],[139.2452,35.5095],[139.2452,35.5108],[139.2441,35.5107],[139.2442,35.5113],[139.2433,35.5122],[139.2427,35.5116],[139.2422,35.5128],[139.2411,35.5127],[139.2415,35.5132],[139.2397,35.5142],[139.2394,35.5154],[139.2386,35.5154],[139.2388,35.5142],[139.2376,35.5151],[139.2371,35.5147],[139.2362,35.516],[139.2355,35.5152],[139.2362,35.5148],[139.2356,35.5147],[139.2357,35.5129],[139.2336,35.5109],[139.2352,35.509],[139.2343,35.5069],[139.2348,35.5059],[139.2323,35.5055],[139.2337,35.5047],[139.2341,35.5034],[139.233,35.5047],[139.2316,35.505],[139.2309,35.5042],[139.2331,35.5026],[139.2324,35.5017],[139.2333,35.5003],[139.2328,35.499],[139.2318,35.4978],[139.2288,35.4983],[139.2273,35.4977],[139.2289,35.4987],[139.2316,35.4983],[139.2325,35.5002],[139.2314,35.5015],[139.2322,35.5027],[139.2284,35.5039],[139.2294,35.504],[139.2296,35.5052],[139.2314,35.5068],[139.2312,35.5073],[139.2322,35.5073],[139.2327,35.5081],[139.2327,35.5095],[139.232,35.5093],[139.2317,35.5102],[139.2323,35.5104],[139.2322,35.5121],[139.2332,35.5129],[139.2323,35.513],[139.2333,35.5136],[139.2328,35.5149],[139.2335,35.5153],[139.2331,35.5171],[139.2321,35.5178],[139.233,35.5188],[139.2323,35.5191],[139.2331,35.5223],[139.2319,35.5221],[139.2332,35.5238],[139.2312,35.5249],[139.2297,35.5245],[139.2303,35.5235],[139.2281,35.524],[139.2297,35.523],[139.2285,35.5211],[139.227,35.5237],[139.2281,35.5244],[139.2267,35.5256],[139.2272,35.5261],[139.2252,35.5272],[139.225,35.5283],[139.224,35.5282],[139.2244,35.5295],[139.2234,35.5299],[139.2236,35.5306],[139.2228,35.5305],[139.2233,35.5313],[139.2225,35.5315],[139.2224,35.5325],[139.2216,35.5323],[139.2215,35.5332],[139.2204,35.5325],[139.2199,35.5331],[139.2189,35.532],[139.2222,35.5285],[139.2214,35.5282],[139.2217,35.5275],[139.2199,35.5269],[139.2182,35.529],[139.2169,35.5277],[139.2158,35.5276],[139.2156,35.5253],[139.2149,35.5272],[139.2137,35.5278],[139.2117,35.5262],[139.2132,35.5243],[139.2122,35.5225],[139.2127,35.5214],[139.2119,35.5214],[139.2126,35.5187],[139.2134,35.518],[139.2124,35.5188],[139.2114,35.5215],[139.2118,35.5219],[139.2109,35.5231],[139.2038,35.5197],[139.2058,35.5214],[139.2079,35.5218],[139.2085,35.5229],[139.2099,35.5229],[139.2106,35.5238],[139.2121,35.524],[139.2096,35.5269],[139.2117,35.5287],[139.2116,35.5297],[139.2135,35.5294],[139.2135,35.5301],[139.2147,35.5296],[139.2145,35.5309],[139.2155,35.5314],[139.2146,35.5321]]]]}},{"type":"Feature","properties":{"t":"lac","km":4.7,"nom":"草木湖"},"geometry":{"type":"MultiPolygon","coordinates":[[[[139.3763,36.5571],[139.3755,36.5595],[139.3764,36.5599],[139.3768,36.5618],[139.3764,36.5626],[139.3783,36.5654],[139.3777,36.5657],[139.3798,36.5668],[139.3789,36.5709],[139.3798,36.5726],[139.3825,36.574],[139.387,36.5745],[139.388,36.577],[139.3896,36.5778],[139.3934,36.5781],[139.3943,36.5792],[139.3948,36.5788],[139.3936,36.5773],[139.3892,36.5769],[139.3877,36.5742],[139.3826,36.5718],[139.3821,36.571],[139.3828,36.5679],[139.3819,36.566],[139.3831,36.5656],[139.381,36.5654],[139.3808,36.564],[139.3814,36.5638],[139.3808,36.5626],[139.3814,36.5621],[139.3805,36.5619],[139.3795,36.5587],[139.3803,36.5585],[139.3802,36.5561],[139.3816,36.5561],[139.3813,36.5552],[139.3819,36.5544],[139.3838,36.5546],[139.3828,36.5537],[139.3856,36.5528],[139.3835,36.5529],[139.3818,36.5521],[139.3806,36.5527],[139.3778,36.5517],[139.3789,36.5487],[139.3785,36.5473],[139.3792,36.5468],[139.3782,36.5466],[139.3774,36.5449],[139.3745,36.5424],[139.3701,36.5424],[139.3694,36.5433],[139.3696,36.5445],[139.3711,36.5451],[139.3715,36.5463],[139.3725,36.5467],[139.373,36.5492],[139.3744,36.5495],[139.3744,36.5503],[139.3732,36.5507],[139.3737,36.5515],[139.3726,36.552],[139.3738,36.5524],[139.3735,36.553],[139.3742,36.5532],[139.3735,36.5541],[139.3747,36.5544],[139.3734,36.556],[139.3752,36.5558],[139.3763,36.5571]]]]}},{"type":"Feature","properties":{"t":"lac","km":4.3,"nom":"接岨湖"},"geometry":{"type":"MultiPolygon","coordinates":[[[[138.1763,35.1643],[138.1778,35.165],[138.1784,35.1663],[138.1783,35.1678],[138.1797,35.1696],[138.1805,35.1698],[138.183,35.1688],[138.183,35.1659],[138.1875,35.1645],[138.1876,35.166],[138.1855,35.1666],[138.1841,35.1692],[138.1839,35.1721],[138.1863,35.1733],[138.1886,35.1737],[138.189,35.1758],[138.1874,35.1794],[138.1861,35.1805],[138.187,35.1811],[138.1894,35.1778],[138.1903,35.1744],[138.1893,35.1718],[138.1858,35.1714],[138.1855,35.1693],[138.1867,35.1672],[138.1888,35.1667],[138.1894,35.1643],[138.1889,35.1634],[138.1875,35.1628],[138.1857,35.1637],[138.1853,35.1625],[138.1857,35.162],[138.1846,35.1612],[138.1848,35.1641],[138.1819,35.1655],[138.1818,35.1678],[138.1806,35.1685],[138.1803,35.1645],[138.1784,35.1627],[138.1801,35.1592],[138.1797,35.1577],[138.1775,35.157],[138.175,35.1575],[138.1729,35.1593],[138.1717,35.1583],[138.1733,35.1568],[138.1733,35.1558],[138.1729,35.1569],[138.1708,35.1573],[138.1703,35.1582],[138.1686,35.1589],[138.1675,35.1611],[138.165,35.1607],[138.1638,35.1594],[138.1627,35.1603],[138.1637,35.1606],[138.1631,35.1616],[138.1625,35.1609],[138.1601,35.1615],[138.1593,35.1639],[138.1574,35.164],[138.1567,35.1651],[138.1546,35.1653],[138.1564,35.167],[138.1598,35.1664],[138.1615,35.1639],[138.1634,35.1646],[138.1663,35.1646],[138.17,35.1628],[138.1703,35.1624],[138.1693,35.161],[138.1698,35.1603],[138.1741,35.1613],[138.1774,35.1594],[138.1757,35.1625],[138.1763,35.1643]]]]}},{"type":"Feature","properties":{"t":"lac","km":15.6,"nom":"シューパロ湖"},"geometry":{"type":"MultiPolygon","coordinates":[[[[142.1063,43.0528],[142.1081,43.0531],[142.1088,43.0544],[142.1086,43.0532],[142.1138,43.053],[142.1177,43.0515],[142.1217,43.0519],[142.1227,43.0527],[142.1232,43.0516],[142.1253,43.0517],[142.1256,43.0528],[142.1265,43.0533],[142.1257,43.0537],[142.1257,43.0544],[142.1289,43.056],[142.1272,43.0569],[142.1278,43.0583],[142.1274,43.0594],[142.1307,43.0595],[142.1308,43.0608],[142.1315,43.0617],[142.1325,43.0623],[142.134,43.062],[142.1359,43.0631],[142.1349,43.0639],[142.1362,43.0646],[142.1367,43.0645],[142.1357,43.064],[142.1365,43.063],[142.1352,43.0626],[142.1343,43.0616],[142.1324,43.0615],[142.1309,43.0589],[142.1295,43.0585],[142.1301,43.0568],[142.1313,43.0561],[142.1299,43.0552],[142.1322,43.0539],[142.1334,43.055],[142.1349,43.0553],[142.1356,43.0545],[142.1375,43.0548],[142.1386,43.0538],[142.1402,43.0555],[142.1428,43.0554],[142.1437,43.0561],[142.143,43.0553],[142.1418,43.0553],[142.1427,43.0547],[142.1428,43.0536],[142.1444,43.0541],[142.1457,43.0512],[142.1483,43.0514],[142.149,43.0492],[142.15,43.049],[142.1486,43.0489],[142.1477,43.0507],[142.1459,43.0506],[142.1442,43.0512],[142.1445,43.0527],[142.1439,43.0529],[142.1412,43.0527],[142.1404,43.0532],[142.1391,43.0524],[142.1375,43.0533],[142.1351,43.0519],[142.134,43.053],[142.1306,43.053],[142.1297,43.0515],[142.1284,43.0516],[142.1265,43.0484],[142.1284,43.0482],[142.1292,43.0466],[142.1308,43.0472],[142.1314,43.0457],[142.1325,43.0455],[142.1317,43.0453],[142.1329,43.0445],[142.1345,43.046],[142.1356,43.0461],[142.1358,43.0447],[142.1378,43.0444],[142.1376,43.0433],[142.1385,43.0435],[142.1396,43.0426],[142.1422,43.0428],[142.1411,43.0414],[142.1417,43.0427],[142.1365,43.0428],[142.1363,43.0441],[142.1344,43.0444],[142.1336,43.0437],[142.1312,43.0444],[142.1301,43.0454],[142.1291,43.0444],[142.1292,43.0451],[142.1278,43.0456],[142.1277,43.0466],[142.126,43.0467],[142.1261,43.0462],[142.1256,43.0471],[142.1239,43.0478],[142.1237,43.047],[142.1231,43.048],[142.119,43.0477],[142.1167,43.0466],[142.1112,43.049],[142.1054,43.047],[142.1043,43.0454],[142.105,43.0448],[142.1094,43.0443],[142.1109,43.0429],[142.1126,43.0425],[142.112,43.0421],[142.1145,43.04],[142.1143,43.0381],[142.1162,43.0398],[142.1154,43.0388],[142.1155,43.0377],[142.1238,43.0375],[142.1212,43.0371],[142.1211,43.0367],[142.1206,43.0371],[142.1158,43.0366],[142.1158,43.0358],[142.115,43.0368],[142.1148,43.0363],[142.114,43.0366],[142.1116,43.035],[142.1144,43.0342],[142.1121,43.0342],[142.1121,43.0337],[142.11,43.0342],[142.1086,43.032],[142.1094,43.0313],[142.1111,43.0318],[142.1119,43.0313],[142.1133,43.0321],[142.1132,43.0313],[142.1174,43.0311],[142.1126,43.031],[142.1103,43.03],[142.1094,43.0302],[142.1097,43.0291],[142.111,43.0283],[142.1089,43.0274],[142.1099,43.0263],[142.1122,43.0271],[142.1136,43.0265],[142.1144,43.0276],[142.1161,43.0276],[142.1165,43.0284],[142.117,43.0276],[142.1153,43.0266],[142.1181,43.026],[142.1187,43.025],[142.1219,43.0267],[142.1208,43.0251],[142.1196,43.0247],[142.121,43.0237],[142.1194,43.0242],[142.118,43.0232],[142.121,43.0213],[142.1213,43.0205],[142.1222,43.0206],[142.1228,43.0192],[142.1205,43.0173],[142.1214,43.0164],[142.1233,43.019],[142.1239,43.0182],[142.1291,43.0197],[142.13,43.0193],[142.1307,43.0198],[142.1303,43.021],[142.1312,43.0222],[142.1306,43.0211],[142.1316,43.0192],[142.1358,43.0187],[142.1369,43.0194],[142.1355,43.0185],[142.1363,43.0172],[142.1349,43.0183],[142.1307,43.0187],[142.1302,43.0181],[142.1246,43.0167],[142.1227,43.0144],[142.124,43.0138],[142.1254,43.0146],[142.13,43.0144],[142.1297,43.0137],[142.131,43.0122],[142.1322,43.0126],[142.1321,43.012],[142.1337,43.0113],[142.1381,43.0105],[142.1436,43.0074],[142.1454,43.0077],[142.1446,43.007],[142.1461,43.0054],[142.1462,43.0037],[142.1428,43.0031],[142.1433,43.0026],[142.1427,43.0018],[142.1443,43.0012],[142.1449,42.9991],[142.1462,42.998],[142.147,42.996],[142.1498,42.9959],[142.1473,42.995],[142.1483,42.9932],[142.1501,42.9922],[142.1551,42.9913],[142.1489,42.9913],[142.1469,42.9885],[142.1473,42.9879],[142.1508,42.9861],[142.1535,42.9866],[142.155,42.986],[142.1583,42.9862],[142.1593,42.987],[142.1627,42.9865],[142.1629,42.986],[142.1615,42.9855],[142.1623,42.9855],[142.1621,42.9845],[142.1591,42.9854],[142.1585,42.985],[142.1583,42.9843],[142.1598,42.9839],[142.1596,42.9835],[142.156,42.9849],[142.1549,42.985],[142.1529,42.9836],[142.1515,42.9845],[142.1485,42.9845],[142.1492,42.9838],[142.1486,42.9825],[142.1495,42.9823],[142.1491,42.9816],[142.1504,42.9809],[142.1495,42.9802],[142.1527,42.9778],[142.1533,42.976],[142.1526,42.9763],[142.1525,42.9774],[142.1512,42.9778],[142.1505,42.9793],[142.1492,42.979],[142.1493,42.9804],[142.1485,42.9804],[142.1478,42.9818],[142.1466,42.9824],[142.1464,42.9831],[142.1478,42.9833],[142.1473,42.9841],[142.1449,42.9836],[142.1455,42.9824],[142.1439,42.9821],[142.1432,42.9806],[142.1426,42.9807],[142.1432,42.9822],[142.1446,42.9829],[142.1441,42.9834],[142.144,42.9856],[142.1431,42.9864],[142.1435,42.9878],[142.1424,42.9908],[142.1411,42.9915],[142.1412,42.9923],[142.1425,42.9933],[142.1423,42.9941],[142.1411,42.996],[142.1394,42.9955],[142.1374,42.9964],[142.137,42.9973],[142.1375,42.9986],[142.1355,42.9967],[142.1359,42.9983],[142.1374,42.999],[142.1379,43.0008],[142.1344,43.0022],[142.1292,42.9998],[142.1299,43.0005],[142.1295,43.0009],[142.1305,43.0009],[142.1314,43.0022],[142.1337,43.0026],[142.1354,43.0043],[142.1371,43.0047],[142.1378,43.0061],[142.1312,43.0072],[142.1299,43.0061],[142.1261,43.0068],[142.1254,43.0051],[142.1248,43.0074],[142.1231,43.0081],[142.1225,43.0072],[142.1229,43.0047],[142.1221,43.0041],[142.1226,43.0049],[142.1218,43.0066],[142.1208,43.0063],[142.1216,43.0068],[142.1216,43.0085],[142.1198,43.0093],[142.1176,43.0082],[142.1191,43.0102],[142.1158,43.0116],[142.1146,43.0102],[142.1143,43.0122],[142.1147,43.0126],[142.1123,43.0147],[142.1129,43.0163],[142.1104,43.016],[142.1077,43.0172],[142.1053,43.0211],[142.1042,43.0244],[142.1031,43.0246],[142.1034,43.0235],[142.102,43.0225],[142.0987,43.0245],[142.1002,43.0255],[142.0999,43.0267],[142.1012,43.0268],[142.1021,43.0278],[142.1011,43.0301],[142.1005,43.03],[142.099,43.0325],[142.0992,43.0347],[142.0988,43.0348],[142.0999,43.0364],[142.0993,43.0374],[142.1005,43.0372],[142.0989,43.0405],[142.0977,43.0407],[142.0983,43.0416],[142.0962,43.0464],[142.0983,43.0501],[142.0967,43.0506],[142.0987,43.051],[142.0993,43.0522],[142.0982,43.0544],[142.0973,43.0542],[142.0994,43.0564],[142.0994,43.0585],[142.1014,43.0608],[142.1007,43.0611],[142.1015,43.0614],[142.101,43.0619],[142.1028,43.0633],[142.1032,43.0643],[142.1018,43.0651],[142.1003,43.0648],[142.1013,43.0653],[142.1033,43.0651],[142.106,43.0693],[142.1014,43.071],[142.105,43.0707],[142.105,43.0724],[142.1058,43.0732],[142.1049,43.0735],[142.1059,43.0741],[142.1054,43.075],[142.1061,43.0758],[142.1047,43.0779],[142.1017,43.079],[142.1057,43.0787],[142.1074,43.0805],[142.1069,43.0819],[142.1087,43.0826],[142.105,43.0857],[142.1019,43.0857],[142.1003,43.0879],[142.1014,43.09],[142.1038,43.0905],[142.104,43.0913],[142.0976,43.0935],[142.0957,43.095],[142.0982,43.0988],[142.0969,43.1014],[142.1026,43.1051],[142.1029,43.1061],[142.1023,43.107],[142.0982,43.1074],[142.1016,43.1076],[142.1032,43.1066],[142.1032,43.1043],[142.1015,43.1033],[142.1013,43.1024],[142.0983,43.1014],[142.1002,43.099],[142.0983,43.0961],[142.0993,43.0941],[142.1041,43.094],[142.1068,43.092],[142.1074,43.0906],[142.1072,43.0898],[142.1063,43.089],[142.1045,43.0894],[142.1038,43.0877],[142.1076,43.0867],[142.1106,43.085],[142.1096,43.0866],[142.1135,43.0862],[142.1139,43.0867],[142.1118,43.0876],[142.1137,43.0878],[142.1131,43.0886],[142.114,43.0895],[142.1145,43.0892],[142.1135,43.0884],[142.1151,43.0877],[142.1126,43.0873],[142.1147,43.0872],[142.1134,43.0859],[142.1144,43.0853],[142.1109,43.0861],[142.1127,43.0852],[142.1123,43.0844],[142.1127,43.0838],[142.1107,43.0845],[142.1122,43.081],[142.1112,43.0793],[142.1102,43.079],[142.1104,43.0781],[142.1123,43.0783],[142.1118,43.0781],[142.1146,43.0767],[142.1151,43.0776],[142.1179,43.0784],[142.1158,43.0773],[142.1148,43.0748],[142.1127,43.0738],[142.1148,43.0733],[142.1132,43.073],[142.1122,43.0736],[142.1112,43.0727],[142.1125,43.0691],[142.1154,43.0689],[142.1128,43.0681],[142.1127,43.0668],[142.1134,43.0658],[142.1146,43.0655],[142.1169,43.0661],[142.115,43.0653],[142.1157,43.0644],[142.1144,43.0653],[142.114,43.0642],[142.1137,43.0653],[142.1126,43.0659],[142.1101,43.0637],[142.1114,43.0626],[142.1114,43.0614],[142.1096,43.0602],[142.11,43.0598],[142.1073,43.0595],[142.1063,43.0586],[142.1083,43.0578],[142.1057,43.0581],[142.1056,43.0575],[142.1063,43.0574],[142.1055,43.0569],[142.1062,43.0567],[142.1055,43.0565],[142.1058,43.0556],[142.105,43.0545],[142.1062,43.0547],[142.1046,43.0539],[142.1059,43.0536],[142.1063,43.0528]]]]}},{"type":"Feature","properties":{"t":"lac","km":4.0,"nom":"室生湖"},"geometry":{"type":"MultiPolygon","coordinates":[[[[135.9804,34.5308],[135.9816,34.5324],[135.9818,34.5341],[135.9845,34.5335],[135.9855,34.5349],[135.985,34.536],[135.9815,34.5382],[135.9819,34.54],[135.9845,34.5415],[135.9876,34.5411],[135.9892,34.5444],[135.9878,34.5452],[135.9876,34.546],[135.9857,34.5466],[135.9862,34.5483],[135.9868,34.5481],[135.9859,34.5469],[135.9883,34.5463],[135.9901,34.545],[135.9916,34.546],[135.9934,34.5453],[135.9961,34.5466],[135.9966,34.5454],[135.9987,34.5465],[135.9975,34.5491],[135.996,34.5483],[135.9967,34.5496],[135.9966,34.5515],[135.9984,34.5527],[136.0002,34.5523],[136.0005,34.5531],[136.0011,34.5523],[136.002,34.5523],[136.0015,34.5539],[136.0022,34.5538],[136.0025,34.5547],[136.0017,34.5552],[136.0034,34.5551],[136.004,34.5562],[136.0065,34.5559],[136.0074,34.5529],[136.011,34.5496],[136.0077,34.5523],[136.0067,34.5523],[136.0057,34.5548],[136.0042,34.5533],[136.0036,34.5533],[136.0034,34.5519],[136.0021,34.5511],[136.0023,34.5497],[136.001,34.5511],[136.001,34.5501],[136.0002,34.5509],[136.0,34.5499],[135.9996,34.5509],[135.9987,34.5508],[135.9987,34.5494],[136.0,34.5468],[135.9972,34.5439],[135.9959,34.544],[135.9952,34.5451],[135.9942,34.5436],[135.9922,34.5443],[135.9918,34.545],[135.9898,34.5431],[135.9884,34.5405],[135.9845,34.5399],[135.9835,34.5384],[135.9865,34.5342],[135.988,34.5333],[135.9865,34.5335],[135.9847,34.5326],[135.9823,34.5336],[135.9821,34.5323],[135.9804,34.5308]]]]}},{"type":"Feature","properties":{"t":"lac","km":6.9,"nom":"温根沼"},"geometry":{"type":"MultiPolygon","coordinates":[[[[145.5036,43.2504],[145.5046,43.2515],[145.5076,43.2518],[145.5075,43.2533],[145.5084,43.2542],[145.5068,43.2556],[145.4995,43.2596],[145.4931,43.2599],[145.4921,43.259],[145.4918,43.2597],[145.4883,43.2609],[145.4857,43.2637],[145.4837,43.2633],[145.4858,43.264],[145.4865,43.2657],[145.4882,43.2657],[145.4881,43.264],[145.4888,43.2658],[145.4884,43.2663],[145.4931,43.2666],[145.4932,43.2656],[145.4959,43.2653],[145.4976,43.2658],[145.4984,43.2668],[145.5025,43.268],[145.5037,43.268],[145.5046,43.267],[145.5048,43.2683],[145.5079,43.2696],[145.5105,43.2696],[145.5145,43.2649],[145.5151,43.2632],[145.5238,43.2562],[145.5241,43.2521],[145.5255,43.2511],[145.5287,43.2465],[145.5289,43.2448],[145.5311,43.2444],[145.5321,43.2432],[145.5314,43.2419],[145.5242,43.2369],[145.5221,43.2342],[145.522,43.2317],[145.5177,43.2276],[145.5088,43.228],[145.5099,43.2241],[145.508,43.223],[145.5068,43.2198],[145.5058,43.2189],[145.5054,43.219],[145.5068,43.2226],[145.5085,43.2251],[145.5067,43.2272],[145.5071,43.2324],[145.51,43.236],[145.5155,43.238],[145.5126,43.2462],[145.5036,43.2504]]]]}},{"type":"Feature","properties":{"t":"lac","km":10.1,"nom":"厚岸湖"},"geometry":{"type":"MultiPolygon","coordinates":[[[[144.8521,43.0647],[144.8498,43.0697],[144.8512,43.0736],[144.8536,43.0753],[144.8635,43.0742],[144.8627,43.0735],[144.8642,43.0718],[144.867,43.0725],[144.8713,43.0722],[144.8833,43.0687],[144.8929,43.0699],[144.8989,43.0695],[144.9072,43.0679],[144.9187,43.0638],[144.9286,43.0563],[144.9356,43.0539],[144.9365,43.0522],[144.9389,43.0513],[144.9389,43.0493],[144.941,43.047],[144.9413,43.0455],[144.9437,43.0437],[144.9418,43.0416],[144.9346,43.0384],[144.9339,43.0357],[144.9359,43.0303],[144.9327,43.0262],[144.9332,43.0244],[144.9311,43.0255],[144.9261,43.0266],[144.9227,43.0288],[144.9166,43.0289],[144.9151,43.0277],[144.9157,43.0247],[144.9152,43.0233],[144.9097,43.0188],[144.9052,43.0174],[144.8992,43.0168],[144.8968,43.0171],[144.8922,43.02],[144.8893,43.02],[144.8824,43.0219],[144.8797,43.0239],[144.8793,43.0257],[144.8733,43.0301],[144.8723,43.0298],[144.8722,43.0303],[144.8707,43.0306],[144.8687,43.0298],[144.8673,43.03],[144.8676,43.0295],[144.8664,43.0292],[144.8645,43.0295],[144.8624,43.0313],[144.8618,43.0311],[144.8621,43.0319],[144.8612,43.0319],[144.8611,43.0327],[144.8589,43.0348],[144.858,43.0391],[144.8545,43.0423],[144.8541,43.0439],[144.8517,43.0455],[144.8541,43.0488],[144.8568,43.0487],[144.8576,43.0504],[144.8573,43.0514],[144.8536,43.0529],[144.8489,43.0566],[144.8505,43.058],[144.8492,43.0591],[144.8521,43.0647]]]]}},{"type":"Feature","properties":{"t":"lac","km":22.2,"nom":"北浦"},"geometry":{"type":"MultiPolygon","coordinates":[[[[140.5734,36.0286],[140.5722,36.0295],[140.5719,36.0305],[140.5748,36.0339],[140.5758,36.0371],[140.5753,36.0389],[140.5694,36.0434],[140.5713,36.0482],[140.5712,36.0501],[140.5686,36.054],[140.5615,36.0567],[140.559,36.0582],[140.5605,36.0622],[140.5589,36.0645],[140.5584,36.0644],[140.5566,36.0698],[140.5544,36.0714],[140.5515,36.0717],[140.5509,36.0719],[140.5513,36.0723],[140.5498,36.0727],[140.5491,36.0753],[140.5424,36.0801],[140.5411,36.0829],[140.5428,36.0863],[140.5417,36.0885],[140.5409,36.0928],[140.5335,36.0949],[140.5376,36.0998],[140.5365,36.1031],[140.5343,36.1065],[140.5339,36.1084],[140.5309,36.1095],[140.5342,36.1133],[140.5338,36.1174],[140.5303,36.1191],[140.5319,36.1214],[140.532,36.1226],[140.5281,36.1249],[140.5286,36.127],[140.5261,36.1334],[140.5221,36.136],[140.5181,36.1404],[140.5156,36.142],[140.5152,36.1416],[140.5182,36.1387],[140.5188,36.1359],[140.5207,36.1336],[140.5197,36.1306],[140.5225,36.1284],[140.5201,36.126],[140.5205,36.1253],[140.52,36.1254],[140.5197,36.1226],[140.5209,36.1217],[140.5213,36.1202],[140.5254,36.1172],[140.5282,36.1136],[140.526,36.112],[140.5239,36.1092],[140.5237,36.1062],[140.5303,36.1028],[140.5265,36.1008],[140.5218,36.0953],[140.5219,36.0944],[140.5325,36.0904],[140.5359,36.087],[140.538,36.0866],[140.5383,36.0859],[140.5371,36.0838],[140.5362,36.0796],[140.5366,36.0772],[140.5381,36.0747],[140.5373,36.0726],[140.5353,36.0717],[140.5314,36.0726],[140.5289,36.0723],[140.5286,36.0685],[140.5318,36.068],[140.5344,36.0653],[140.5365,36.0641],[140.5473,36.0612],[140.5481,36.0597],[140.5482,36.0579],[140.5469,36.0567],[140.5433,36.0556],[140.5421,36.0545],[140.5422,36.0536],[140.5433,36.0525],[140.5483,36.0518],[140.5511,36.0487],[140.5568,36.0462],[140.5532,36.039],[140.5512,36.038],[140.5459,36.0398],[140.5401,36.0393],[140.5373,36.0398],[140.5387,36.0394],[140.5383,36.0389],[140.5393,36.0385],[140.5392,36.0377],[140.5431,36.0348],[140.5453,36.0344],[140.551,36.0315],[140.5545,36.0319],[140.5594,36.0303],[140.5582,36.0312],[140.5598,36.0306],[140.5603,36.0291],[140.5602,36.0282],[140.5587,36.0267],[140.559,36.0276],[140.5582,36.027],[140.5564,36.0246],[140.5556,36.02],[140.5543,36.0178],[140.5506,36.015],[140.5487,36.0127],[140.5431,36.0115],[140.54,36.0129],[140.5391,36.0142],[140.5377,36.0148],[140.537,36.014],[140.537,36.0127],[140.5404,36.0108],[140.5435,36.0072],[140.5467,36.0054],[140.5498,36.0056],[140.5533,36.005],[140.5631,36.0002],[140.5638,35.9997],[140.5635,35.999],[140.5692,35.9956],[140.5737,35.9907],[140.5785,35.9879],[140.5817,35.9845],[140.5813,35.9841],[140.5816,35.9844],[140.5851,35.9824],[140.5881,35.9817],[140.5891,35.9805],[140.5888,35.9798],[140.5863,35.9805],[140.5825,35.9798],[140.579,35.978],[140.5787,35.9765],[140.5886,35.9616],[140.5981,35.9597],[140.6027,35.9577],[140.6101,35.963],[140.6102,35.9644],[140.6077,35.9668],[140.6024,35.9699],[140.5993,35.9704],[140.5955,35.9692],[140.5953,35.97],[140.605,35.9828],[140.6052,35.9842],[140.6035,35.9859],[140.6001,35.988],[140.5988,35.9906],[140.599,35.9939],[140.5958,35.9969],[140.5954,35.9981],[140.5968,36.0032],[140.5963,36.0042],[140.5943,36.0059],[140.5916,36.0071],[140.5808,36.0104],[140.5805,36.0117],[140.5815,36.0142],[140.579,36.0192],[140.5804,36.0214],[140.5841,36.022],[140.5858,36.0233],[140.5852,36.0262],[140.5835,36.0273],[140.5785,36.0261],[140.5734,36.0286]]]]}},{"type":"Feature","properties":{"t":"lac","km":4.6,"nom":"外浪逆浦"},"geometry":{"type":"MultiPolygon","coordinates":[[[[140.5906,35.9133],[140.5857,35.919],[140.5817,35.9202],[140.5828,35.9223],[140.5878,35.9216],[140.5886,35.9254],[140.5903,35.9283],[140.589,35.93],[140.5904,35.9314],[140.5957,35.9282],[140.6035,35.9256],[140.6059,35.9242],[140.6092,35.9238],[140.611,35.9246],[140.6126,35.9221],[140.6116,35.9196],[140.6134,35.9136],[140.6132,35.9096],[140.612,35.9073],[140.6098,35.9051],[140.6097,35.9009],[140.605,35.8985],[140.5962,35.9026],[140.5982,35.9029],[140.5946,35.9035],[140.5895,35.9054],[140.5902,35.907],[140.593,35.9091],[140.5906,35.9133]]]]}},{"type":"Feature","properties":{"t":"lac","km":3.7,"nom":"彩湖"},"geometry":{"type":"MultiPolygon","coordinates":[[[[139.6298,35.8113],[139.6381,35.8063],[139.6393,35.8064],[139.6397,35.8074],[139.6314,35.8178],[139.6281,35.8194],[139.6279,35.8261],[139.6259,35.8301],[139.6212,35.8347],[139.6196,35.8347],[139.6184,35.8333],[139.6193,35.8325],[139.619,35.8319],[139.6228,35.8292],[139.6248,35.826],[139.6262,35.8146],[139.6274,35.8129],[139.6298,35.8113]]]]}},{"type":"Feature","properties":{"t":"lac","km":9.7,"nom":"一関遊水地"},"geometry":{"type":"MultiPolygon","coordinates":[[[[141.1613,38.9697],[141.1613,38.9711],[141.1619,38.9714],[141.1703,38.9618],[141.1702,38.9604],[141.1718,38.9571],[141.1715,38.9539],[141.1741,38.9526],[141.1732,38.9517],[141.1689,38.9509],[141.166,38.9516],[141.1625,38.9541],[141.1594,38.9578],[141.1588,38.9603],[141.1611,38.9666],[141.1613,38.9697]]],[[[141.1553,38.958],[141.1552,38.9566],[141.1563,38.9565],[141.162,38.9499],[141.1649,38.9484],[141.1609,38.9402],[141.1579,38.9421],[141.1523,38.9435],[141.1369,38.9429],[141.1225,38.9793],[141.1241,38.9842],[141.1258,38.9829],[141.129,38.9774],[141.1352,38.9741],[141.1397,38.9735],[141.1503,38.9746],[141.1559,38.9728],[141.1575,38.968],[141.1552,38.9602],[141.1553,38.958]]],[[[141.1442,38.9768],[141.1382,38.9767],[141.1352,38.9778],[141.1326,38.9797],[141.1309,38.9825],[141.1295,38.988],[141.1278,38.9917],[141.1219,38.9985],[141.1209,39.0005],[141.1211,39.0038],[141.1234,39.0085],[141.1269,39.0118],[141.1344,39.0171],[141.1351,39.017],[141.1355,39.0152],[141.1352,39.012],[141.1342,39.0108],[141.135,39.0033],[141.1339,39.001],[141.1351,38.9972],[141.135,38.9935],[141.1394,38.9893],[141.1405,38.9864],[141.1403,38.984],[141.1422,38.9825],[141.1486,38.9811],[141.1505,38.9793],[141.149,38.9779],[141.1442,38.9768]]]]}},{"type":"Feature","properties":{"t":"riviere","km":163,"nom":"石狩川"},"geometry":{"type":"MultiLineString","coordinates":[[[142.976,43.5657],[142.9782,43.5679],[142.9815,43.567],[142.9853,43.5683]],[[142.9853,43.5683],[142.9865,43.5689],[142.9867,43.5706],[142.988,43.5708],[142.9882,43.5722]],[[142.9882,43.5722],[142.9861,43.5774],[142.9879,43.5824],[142.9834,43.5871],[142.9843,43.5882],[142.9828,43.5898],[142.9831,43.5934],[142.9813,43.5967],[142.9824,43.5988],[142.9818,43.6002],[142.9851,43.6039],[142.9849,43.6048]],[[142.9849,43.6048],[142.986,43.6077]],[[142.986,43.6077],[142.9868,43.6089],[142.9862,43.611],[142.9884,43.6118],[142.9912,43.615],[142.9931,43.6153],[142.995,43.6171],[142.9956,43.6202]],[[142.9956,43.6202],[142.9965,43.6208]],[[142.9965,43.6208],[143.001,43.6208],[143.0056,43.6235],[143.0065,43.6256],[143.0052,43.6274],[143.0112,43.6324]],[[143.0112,43.6324],[143.0074,43.6341],[143.0101,43.6374],[143.0122,43.6378],[143.0122,43.6409]],[[143.0122,43.6409],[143.014,43.6418],[143.0167,43.6418],[143.018,43.6406],[143.0203,43.6413]],[[143.0203,43.6413],[143.0206,43.6414]],[[143.0206,43.6414],[143.0251,43.6421],[143.0283,43.6466],[143.0366,43.6479],[143.0374,43.6508],[143.0415,43.6516]],[[143.0415,43.6516],[143.0416,43.6529],[143.046,43.6558],[143.0435,43.6586],[143.0452,43.6608],[143.0454,43.663]],[[143.0454,43.663],[143.0439,43.6659]],[[143.0439,43.6659],[143.0489,43.6704]],[[143.0489,43.6704],[143.0413,43.6716],[143.0384,43.6773]],[[143.0384,43.6773],[143.0377,43.6778]],[[143.0377,43.6778],[143.0334,43.68],[143.031,43.6792]],[[143.031,43.6792],[143.0279,43.6797]],[[143.0279,43.6797],[143.0269,43.6811],[143.0279,43.683],[143.0273,43.6847],[143.0251,43.6857],[143.0198,43.6859],[143.0165,43.6887],[143.0179,43.6925],[143.0147,43.6964],[143.0158,43.7001]],[[143.0158,43.7001],[143.0141,43.7023]],[[143.0141,43.7023],[143.0129,43.7029]],[[143.0129,43.7029],[143.0104,43.7034]],[[143.0104,43.7034],[143.0071,43.7069]],[[143.0071,43.7069],[143.0037,43.708],[143.0027,43.7099]],[[143.0027,43.7099],[143.0013,43.712]],[[143.0013,43.712],[143.0,43.713]],[[143.0,43.713],[143.0,43.7153],[142.9972,43.7168]],[[142.9972,43.7168],[142.9909,43.7183],[142.9884,43.7176]],[[142.9884,43.7176],[142.9867,43.7162],[142.9847,43.7164]],[[142.9847,43.7164],[142.9822,43.7178],[142.9773,43.7184]],[[142.9773,43.7184],[142.9767,43.7204]],[[142.9767,43.7204],[142.973,43.7223]],[[142.973,43.7223],[142.9705,43.7244],[142.9677,43.7252]],[[142.9677,43.7252],[142.9646,43.7261]],[[142.9646,43.7261],[142.9605,43.7257]],[[142.9605,43.7257],[142.9554,43.7261]],[[142.9554,43.7261],[142.9528,43.7276]],[[142.9528,43.7276],[142.9501,43.727],[142.9482,43.7279]],[[142.9482,43.7279],[142.9439,43.7279],[142.942,43.7291]],[[142.942,43.7291],[142.9418,43.7303]],[[142.9418,43.7303],[142.9419,43.7345]],[[142.9419,43.7345],[142.9385,43.7371]],[[142.9385,43.7371],[142.935,43.7425],[142.9347,43.7463]],[[142.9347,43.7463],[142.9346,43.7466]],[[142.9346,43.7466],[142.9277,43.7536]],[[142.9277,43.7536],[142.9203,43.759]],[[142.9203,43.759],[142.9146,43.7637],[142.9113,43.7648],[142.9103,43.7664]],[[142.9103,43.7664],[142.9103,43.7678],[142.902,43.7749],[142.9024,43.78],[142.8994,43.7838]],[[142.8994,43.7838],[142.8995,43.7843]],[[142.8995,43.7843],[142.8991,43.7864],[142.8969,43.7886]],[[142.8969,43.7886],[142.8907,43.7943]],[[142.8907,43.7943],[142.8856,43.7988]],[[142.8856,43.7988],[142.878,43.8036],[142.8765,43.8065]],[[142.8765,43.8065],[142.8743,43.8107]],[[142.8743,43.8107],[142.8718,43.812]],[[142.8718,43.812],[142.8646,43.8142]],[[142.8646,43.8142],[142.8593,43.8161],[142.8498,43.8162]],[[142.8498,43.8162],[142.8466,43.8169]],[[142.8466,43.8169],[142.8403,43.8197],[142.8284,43.8221],[142.8219,43.8244]],[[142.8219,43.8244],[142.8081,43.8262],[142.8019,43.8285],[142.7982,43.8318]],[[142.7982,43.8318],[142.7902,43.8339]],[[142.7902,43.8339],[142.7795,43.8409]],[[142.7795,43.8409],[142.7777,43.8406]],[[142.7777,43.8406],[142.7726,43.8403],[142.7679,43.8418],[142.7642,43.8416],[142.7591,43.8432],[142.7545,43.8428],[142.7504,43.8441]],[[142.7504,43.8441],[142.7424,43.8469]],[[142.7424,43.8469],[142.7315,43.8459]],[[142.7315,43.8459],[142.7282,43.8467],[142.7253,43.8496],[142.7229,43.8504],[142.7141,43.8482],[142.7097,43.8488],[142.7018,43.8464]],[[142.7018,43.8464],[142.6997,43.8475],[142.6971,43.8517],[142.6977,43.8531],[142.7005,43.855],[142.7008,43.8569]],[[142.7008,43.8569],[142.6994,43.8635],[142.697,43.8655]],[[142.697,43.8655],[142.6887,43.8702],[142.6849,43.8708],[142.6795,43.8737],[142.6767,43.8791]],[[142.6767,43.8791],[142.6728,43.8809]],[[142.6728,43.8809],[142.67,43.8818]],[[142.67,43.8818],[142.6664,43.885],[142.6571,43.8873],[142.6537,43.8915],[142.6495,43.894],[142.64,43.8961],[142.6363,43.8983]],[[142.6363,43.8983],[142.6329,43.8998]],[[142.6329,43.8998],[142.6247,43.8981],[142.6191,43.9002],[142.6135,43.8999],[142.6017,43.9026],[142.5945,43.906]],[[142.5945,43.906],[142.59,43.9064]],[[142.59,43.9064],[142.5812,43.905],[142.5761,43.902],[142.5735,43.899],[142.5629,43.9004],[142.5606,43.8994]],[[142.5606,43.8994],[142.5508,43.8953],[142.5469,43.8961]],[[142.5469,43.8961],[142.5406,43.8987],[142.5363,43.8985]],[[142.5363,43.8985],[142.5217,43.8922],[142.5195,43.8875],[142.5157,43.8846],[142.5152,43.8796],[142.5112,43.877],[142.5065,43.871],[142.5045,43.8699],[142.5038,43.8657],[142.4958,43.8604],[142.4946,43.857],[142.4766,43.8484],[142.474,43.8453],[142.4679,43.8423],[142.4657,43.8399],[142.454,43.8371]],[[142.454,43.8371],[142.4504,43.8349],[142.4443,43.8338],[142.4395,43.8302],[142.4336,43.8278],[142.43,43.8239],[142.4276,43.8195]],[[142.4276,43.8195],[142.4251,43.8173],[142.4143,43.8147],[142.41,43.8127],[142.4053,43.8085],[142.4008,43.8017],[142.3968,43.7975],[142.3803,43.7931],[142.3775,43.7897],[142.3716,43.7851],[142.3698,43.782],[142.3674,43.7806],[142.3542,43.7777],[142.3437,43.7802],[142.3363,43.779]],[[142.3363,43.779],[142.3307,43.7795]],[[142.3307,43.7795],[142.3272,43.7808]],[[142.3272,43.7808],[142.3205,43.7861],[142.3127,43.7888]],[[142.3127,43.7888],[142.3093,43.7887]],[[142.3093,43.7887],[142.3067,43.7883]],[[142.3067,43.7883],[142.2976,43.7873],[142.2899,43.7824]],[[142.2899,43.7824],[142.2871,43.7796]],[[142.2871,43.7796],[142.2794,43.7758]],[[142.2794,43.7758],[142.277,43.7733],[142.2759,43.7694]],[[142.2759,43.7694],[142.2761,43.7601]],[[142.2761,43.7601],[142.2747,43.7582]],[[142.2747,43.7582],[142.2711,43.7552]],[[142.2711,43.7552],[142.2691,43.7543]],[[142.2691,43.7543],[142.261,43.7544]],[[142.261,43.7544],[142.2546,43.7541]],[[142.2546,43.7541],[142.2529,43.755]],[[142.2529,43.755],[142.2504,43.757],[142.2471,43.7579],[142.2445,43.7569],[142.2423,43.754]],[[142.2423,43.754],[142.241,43.7508],[142.2403,43.7445],[142.2415,43.7389]],[[142.2415,43.7389],[142.2404,43.7372],[142.2384,43.7367]],[[142.2384,43.7367],[142.2282,43.7334]],[[142.2282,43.7334],[142.2205,43.7284]],[[142.2205,43.7284],[142.2201,43.7283]],[[142.2201,43.7283],[142.2173,43.7267],[142.2139,43.7272]],[[142.2139,43.7272],[142.2094,43.7293],[142.2049,43.7293],[142.2007,43.7328],[142.1981,43.7307],[142.1918,43.7311]],[[142.1918,43.7311],[142.1809,43.7304]],[[142.1809,43.7304],[142.1757,43.7308]],[[142.1757,43.7308],[142.172,43.7289],[142.1707,43.7264],[142.1734,43.7208]],[[142.1734,43.7208],[142.1744,43.7198],[142.1749,43.7172],[142.1715,43.7147],[142.169,43.7141],[142.1649,43.7184],[142.1568,43.7204],[142.1487,43.7267],[142.1433,43.7265]],[[142.1433,43.7265],[142.1446,43.7224],[142.1441,43.7212],[142.1314,43.716]],[[142.1314,43.716],[142.128,43.7144]],[[142.128,43.7144],[142.1233,43.7121]],[[142.1233,43.7121],[142.1116,43.7078]],[[142.1116,43.7078],[142.1008,43.7068],[142.091,43.7083],[142.0868,43.7079]],[[142.0868,43.7079],[142.0827,43.7041],[142.0797,43.7042]],[[142.0797,43.7042],[142.0742,43.7059]],[[142.0742,43.7059],[142.0718,43.7079]],[[142.0718,43.7079],[142.0649,43.7138],[142.0561,43.7148]],[[142.0561,43.7148],[142.049,43.7141]],[[142.049,43.7141],[142.0439,43.7136],[142.0389,43.7089],[142.0373,43.7037],[142.0344,43.6994],[142.0342,43.6954],[142.0322,43.6914]],[[142.0322,43.6914],[142.0219,43.6785],[142.0152,43.6746],[142.0111,43.6744],[142.0023,43.6783],[141.9857,43.6807],[141.9814,43.6795],[141.9742,43.6746],[141.9677,43.6727],[141.9618,43.669],[141.9568,43.6695],[141.954,43.6713],[141.9484,43.6727],[141.9403,43.6709],[141.9377,43.669],[141.9278,43.667],[141.9152,43.6559],[141.9156,43.6545],[141.9117,43.6444],[141.9135,43.6391],[141.9129,43.6371]],[[141.9129,43.6371],[141.9119,43.633],[141.9078,43.6301],[141.8938,43.6278],[141.8877,43.626]],[[141.8877,43.626],[141.8827,43.6228],[141.8807,43.619],[141.8807,43.6154],[141.884,43.6085],[141.8844,43.6053]],[[141.8844,43.6053],[141.882,43.5998],[141.8805,43.5927],[141.8842,43.5844],[141.8844,43.5811],[141.8783,43.5686],[141.88,43.5651],[141.8897,43.555],[141.8917,43.5511],[141.8918,43.5454],[141.8893,43.5388],[141.896,43.5251]],[[141.896,43.5251],[141.8986,43.5084],[141.8964,43.4984],[141.8903,43.4929],[141.8766,43.4869],[141.8708,43.4818],[141.8695,43.4776],[141.8696,43.4722],[141.8715,43.4659],[141.8718,43.4475],[141.8665,43.4416],[141.8563,43.4373]],[[141.8563,43.4373],[141.8495,43.4353],[141.8462,43.4332],[141.8336,43.4122],[141.8229,43.4008],[141.822,43.3912],[141.8207,43.389],[141.8079,43.3844],[141.7972,43.3782],[141.7919,43.3774],[141.7804,43.3781],[141.7748,43.3765]],[[141.7748,43.3765],[141.7707,43.3731],[141.765,43.3616],[141.7579,43.3574],[141.7504,43.355],[141.7417,43.3543],[141.7337,43.3517],[141.7122,43.3502],[141.7047,43.3469],[141.7015,43.344],[141.6879,43.3219],[141.6791,43.3176],[141.6739,43.3137]],[[141.6739,43.3137],[141.6646,43.3078],[141.6566,43.2976],[141.6547,43.2938],[141.6545,43.2845],[141.6573,43.276],[141.6574,43.2643],[141.6585,43.2609],[141.6593,43.247],[141.6635,43.2335],[141.6626,43.2261],[141.661,43.2219]],[[141.661,43.2219],[141.6565,43.214],[141.6456,43.2055],[141.6402,43.2],[141.6298,43.1872],[141.6218,43.1798],[141.6166,43.1726],[141.6156,43.1674],[141.6173,43.1518]],[[141.6173,43.1518],[141.6179,43.147],[141.6171,43.143],[141.6146,43.1383],[141.6097,43.1325],[141.5918,43.127],[141.5748,43.1166],[141.5674,43.1159],[141.5598,43.1185],[141.5526,43.1232],[141.5347,43.1258]],[[141.5347,43.1258],[141.5215,43.1325],[141.5007,43.1381],[141.4723,43.1498],[141.4526,43.1523],[141.4331,43.1638]],[[141.4331,43.1638],[141.4203,43.1724],[141.3831,43.214],[141.378,43.2239],[141.3689,43.2272],[141.354,43.2284],[141.3509,43.2299],[141.3491,43.2321],[141.3483,43.2347],[141.3486,43.2376],[141.3519,43.2411],[141.3592,43.2464],[141.3633,43.2516],[141.3703,43.2618],[141.3721,43.2688]]]}},{"type":"Feature","properties":{"t":"riviere","km":64,"nom":"岩木川"},"geometry":{"type":"MultiLineString","coordinates":[[[140.2003,40.5035],[140.2015,40.5046],[140.2003,40.507],[140.2027,40.5095],[140.2013,40.5102],[140.2022,40.5132],[140.2004,40.5146],[140.2006,40.52]],[[140.2006,40.52],[140.2042,40.5214],[140.2152,40.5223],[140.2151,40.525],[140.2177,40.5253]],[[140.2177,40.5253],[140.2182,40.5275]],[[140.2182,40.5275],[140.2229,40.5272]],[[140.2229,40.5272],[140.227,40.5297],[140.2299,40.5297]],[[140.2299,40.5297],[140.2327,40.5292]],[[140.2327,40.5292],[140.2348,40.5292]],[[140.2348,40.5292],[140.237,40.5306],[140.2397,40.5305]],[[140.2397,40.5305],[140.2419,40.5311],[140.2428,40.5357]],[[140.2428,40.5357],[140.2561,40.538]],[[140.2561,40.538],[140.2598,40.5383]],[[140.2598,40.5383],[140.2603,40.5384]],[[140.2603,40.5384],[140.2613,40.5384]],[[140.2613,40.5384],[140.2703,40.5363]],[[140.2703,40.5363],[140.2734,40.5386],[140.2749,40.541],[140.2744,40.5414]],[[140.2744,40.5414],[140.2717,40.5422],[140.2716,40.5444],[140.2751,40.5463]],[[140.2751,40.5463],[140.2787,40.5487],[140.2794,40.5509]],[[140.2794,40.5509],[140.2849,40.5554],[140.2851,40.5568],[140.2829,40.5579],[140.2848,40.5605]],[[140.2848,40.5605],[140.2822,40.5654],[140.2826,40.5666],[140.2836,40.5658]],[[140.2836,40.5658],[140.2848,40.5653]],[[140.2848,40.5653],[140.287,40.5665],[140.2917,40.5658],[140.295,40.5702],[140.2935,40.5737],[140.2951,40.5739]],[[140.2951,40.5739],[140.298,40.5736],[140.3029,40.5765]],[[140.3029,40.5765],[140.3125,40.582]],[[140.3125,40.582],[140.3184,40.5849],[140.3305,40.5837],[140.3311,40.5844],[140.3296,40.5884],[140.3314,40.5893],[140.3392,40.5872],[140.3438,40.5902],[140.3475,40.5888]],[[140.3475,40.5888],[140.3522,40.5877],[140.3559,40.5893],[140.3581,40.5945]],[[140.3581,40.5945],[140.3602,40.5966],[140.3661,40.5944],[140.3701,40.5943],[140.3727,40.5899],[140.3834,40.5906],[140.3899,40.5839],[140.3923,40.5836]],[[140.3923,40.5836],[140.3926,40.5841]],[[140.3926,40.5841],[140.3911,40.5897],[140.3998,40.5911]],[[140.3998,40.5911],[140.4135,40.5922]],[[140.4135,40.5922],[140.4203,40.5929],[140.4285,40.5992],[140.4388,40.6007],[140.4425,40.6034]],[[140.4425,40.6034],[140.4447,40.6072],[140.4516,40.6104]],[[140.4516,40.6104],[140.4534,40.6112],[140.4565,40.6152],[140.4631,40.616],[140.4673,40.6207]],[[140.4673,40.6207],[140.4711,40.6229],[140.4724,40.6253],[140.4708,40.6345],[140.4678,40.6396]],[[140.4678,40.6396],[140.4678,40.6398]],[[140.4678,40.6398],[140.4716,40.645],[140.4725,40.6482],[140.4706,40.6524],[140.4668,40.6557],[140.4663,40.6577]],[[140.4663,40.6577],[140.4644,40.6617]],[[140.4644,40.6617],[140.4593,40.6617],[140.4574,40.6654],[140.4599,40.6694],[140.4667,40.6725],[140.4679,40.6744],[140.4658,40.677],[140.4634,40.6781],[140.4591,40.6758],[140.4585,40.6772],[140.4593,40.6793]],[[140.4593,40.6793],[140.4622,40.6828],[140.4623,40.6844],[140.456,40.6879],[140.4534,40.6949],[140.4457,40.6982],[140.4415,40.7056],[140.4361,40.7077],[140.4304,40.7142],[140.4276,40.7179],[140.4261,40.7224],[140.4195,40.7244],[140.418,40.7266]],[[140.418,40.7266],[140.4196,40.7298],[140.4203,40.735]],[[140.4203,40.735],[140.4202,40.7367],[140.4227,40.7395],[140.4237,40.7435],[140.4211,40.7469],[140.4206,40.7509],[140.4247,40.7551],[140.4267,40.7591],[140.425,40.7628],[140.4217,40.7649],[140.42,40.7719],[140.4149,40.7767],[140.4173,40.7805],[140.4199,40.7817],[140.4249,40.7876],[140.4357,40.7879],[140.4372,40.7887],[140.438,40.7941],[140.4361,40.797],[140.4379,40.804]],[[140.4379,40.804],[140.4381,40.8081],[140.4349,40.8128],[140.4338,40.8177],[140.4303,40.8205],[140.4232,40.8216],[140.4173,40.8297],[140.4113,40.835],[140.4108,40.8412],[140.4087,40.8451],[140.4067,40.8469],[140.401,40.8487],[140.4003,40.8516],[140.4002,40.8671],[140.407,40.8778],[140.4112,40.8819],[140.4191,40.8871],[140.4237,40.8937],[140.4244,40.898],[140.4223,40.904],[140.4181,40.9102]],[[140.4181,40.9102],[140.4163,40.9144],[140.4165,40.9218],[140.4127,40.9308],[140.4099,40.9346],[140.4022,40.9392],[140.3928,40.9411],[140.3854,40.9449],[140.3819,40.9536],[140.3813,40.9626],[140.3846,40.969],[140.3917,40.9771],[140.393,40.982],[140.3911,40.9875],[140.3831,40.9964],[140.3803,41.0032],[140.3733,41.0096]],[[140.3733,41.0096],[140.3711,41.0103]],[[140.3711,41.0103],[140.3615,41.0144],[140.3527,41.0203],[140.3497,41.0246]],[[140.3497,41.0246],[140.3461,41.0305],[140.3362,41.0415]],[[140.3362,41.0415],[140.3291,41.0404],[140.3258,41.0388],[140.3248,41.037],[140.3211,41.0367]]]}},{"type":"Feature","properties":{"t":"riviere","km":238,"nom":"信濃川"},"geometry":{"type":"MultiLineString","coordinates":[[[139.0644,37.9407],[139.067,37.9477]],[[139.027,37.8434],[139.0246,37.8468],[139.0225,37.8537],[139.0228,37.861],[139.0244,37.8679],[139.0238,37.8738],[139.0223,37.8768],[139.0143,37.8856],[139.0127,37.891],[139.0126,37.8962],[139.0179,37.9022],[139.0215,37.9047],[139.0375,37.9095],[139.0499,37.916],[139.0585,37.9269],[139.0644,37.9407]],[[139.0355,37.8396],[139.027,37.8434]],[[139.0424,37.8378],[139.0355,37.8396]],[[139.0631,37.7952],[139.0653,37.8107],[139.0618,37.8201],[139.061,37.826],[139.0621,37.8318],[139.0615,37.834],[139.0583,37.8376],[139.053,37.8397],[139.0492,37.8399],[139.0424,37.8378]],[[139.0328,37.6934],[139.0326,37.7012],[139.0346,37.7047],[139.0426,37.7107],[139.0472,37.7193],[139.0584,37.7251],[139.0618,37.7281],[139.0617,37.7378],[139.0675,37.7496],[139.0671,37.7529],[139.065,37.756],[139.0638,37.7612],[139.0703,37.7684],[139.0717,37.7721],[139.0699,37.7758],[139.0609,37.7803],[139.0583,37.7845],[139.0584,37.7886],[139.0631,37.7952]],[[138.8295,37.5818],[138.8355,37.601],[138.8527,37.6132],[138.8678,37.6218],[138.8762,37.6241],[138.8923,37.6229],[138.9034,37.6238],[138.9258,37.6309],[138.9439,37.6302],[138.947,37.6328],[138.9478,37.6356],[138.9475,37.6377],[138.9447,37.6411],[138.9449,37.6439],[138.947,37.6464],[138.9537,37.6491],[138.9557,37.6508],[138.9569,37.658],[138.9582,37.6601],[138.9689,37.6635],[138.9775,37.6679],[138.9905,37.6696],[139.0037,37.6689],[139.0074,37.6698],[139.0101,37.6727],[139.0096,37.6759],[139.0067,37.6776],[138.999,37.6782],[138.9971,37.6813],[138.9985,37.6845],[139.0008,37.6861],[139.0048,37.687],[139.017,37.6846],[139.0232,37.6852],[139.0287,37.6878],[139.0328,37.6934]],[[138.8208,37.5579],[138.8291,37.5735],[138.8295,37.5818]],[[138.8185,37.4133],[138.8221,37.4282],[138.8242,37.432],[138.8237,37.4373],[138.8316,37.4438],[138.834,37.4486],[138.8353,37.4545],[138.8386,37.4579]],[[138.8386,37.4579],[138.8419,37.4577],[138.8475,37.4664],[138.8488,37.4704],[138.8473,37.476]],[[138.8473,37.476],[138.8474,37.4858],[138.8508,37.4924],[138.8509,37.4945],[138.8431,37.5091],[138.8454,37.5273],[138.8433,37.5319],[138.8386,37.5367],[138.8297,37.5411],[138.823,37.5475],[138.8211,37.5516],[138.8208,37.5579]],[[138.8107,37.3969],[138.8115,37.4029],[138.8128,37.4047],[138.8163,37.4063],[138.8185,37.4133]],[[138.8515,37.2673],[138.8518,37.273],[138.851,37.275],[138.8477,37.2774],[138.8447,37.2777],[138.8391,37.2754],[138.8324,37.2775],[138.831,37.2811],[138.8319,37.2824],[138.8344,37.2822],[138.8365,37.2835],[138.8367,37.2874],[138.8304,37.2903],[138.8203,37.2903],[138.8134,37.2931],[138.8057,37.2994],[138.8016,37.3068],[138.8054,37.3156],[138.8134,37.3254],[138.824,37.3343],[138.8259,37.337],[138.8258,37.3433],[138.8234,37.3531],[138.8164,37.362],[138.8171,37.3628],[138.8142,37.3661],[138.8124,37.3701],[138.8126,37.3752],[138.8104,37.3856],[138.8115,37.3944],[138.8107,37.3969]],[[138.7239,37.1091],[138.7256,37.1097],[138.7319,37.1185],[138.7314,37.1264],[138.7334,37.1325],[138.7422,37.1432],[138.7438,37.1479],[138.756,37.1563],[138.7667,37.1673],[138.768,37.1709],[138.7684,37.1769],[138.7715,37.1836],[138.7696,37.1963],[138.7703,37.2031],[138.772,37.2086],[138.7747,37.212]],[[138.7747,37.212],[138.7786,37.2188],[138.7808,37.2249],[138.781,37.2303],[138.7781,37.2354],[138.779,37.2389],[138.7843,37.242],[138.7918,37.2436],[138.7992,37.2472],[138.8089,37.246],[138.8116,37.2479],[138.8117,37.2494]],[[138.5854,36.9887],[138.5878,36.9932],[138.592,36.994],[138.5986,36.9986],[138.6014,36.9987],[138.6096,36.9935],[138.6159,36.9961],[138.6162,36.9987],[138.6138,37.0],[138.6156,37.0019],[138.6203,37.0028],[138.6261,37.0019],[138.6339,37.0055],[138.6376,37.0043],[138.6405,37.0046],[138.6411,37.0095],[138.6382,37.015],[138.6437,37.0249],[138.6471,37.027],[138.6566,37.0246],[138.6613,37.0262],[138.6628,37.0278],[138.6636,37.0315],[138.661,37.0395],[138.6697,37.0445],[138.6703,37.0462],[138.6727,37.0479],[138.6809,37.0497],[138.6841,37.0513],[138.6842,37.0581],[138.6912,37.0635],[138.6938,37.0667],[138.697,37.067],[138.7055,37.065],[138.7097,37.0667],[138.7127,37.0737],[138.7104,37.0799],[138.7106,37.0813],[138.7182,37.0953],[138.7188,37.1043],[138.7219,37.1081],[138.7239,37.1091]],[[138.5666,36.9881],[138.5728,36.989],[138.5738,36.9863],[138.5774,36.9857],[138.5854,36.9887]],[[138.5108,36.9822],[138.5179,36.9846],[138.523,36.982],[138.5253,36.982],[138.5315,36.9841],[138.5372,36.9845],[138.5431,36.983],[138.5442,36.9813],[138.5443,36.9778],[138.549,36.9758],[138.5516,36.9791],[138.5591,36.9815],[138.5606,36.9805],[138.5606,36.9783],[138.5625,36.9754],[138.5665,36.9737],[138.57,36.9762],[138.5648,36.9847],[138.5648,36.9868],[138.5666,36.9881]],[[138.2723,36.6684],[138.2752,36.6712],[138.2771,36.6797],[138.2815,36.6871],[138.2837,36.6947],[138.2908,36.7031],[138.305,36.7125],[138.3089,36.7168],[138.3095,36.72],[138.3081,36.7265],[138.3085,36.7396],[138.3115,36.7429],[138.3235,36.7495],[138.3254,36.7531],[138.3245,36.7581],[138.3201,36.7625],[138.3205,36.765],[138.3312,36.7687],[138.3338,36.7782],[138.3357,36.7787],[138.3406,36.7768],[138.3431,36.7787],[138.3435,36.7807],[138.3426,36.7826],[138.3372,36.7857],[138.3363,36.7885],[138.3377,36.79],[138.3435,36.7912],[138.3467,36.7936],[138.347,36.7957],[138.3444,36.8017],[138.3456,36.8043],[138.3476,36.8048],[138.3542,36.8036],[138.3568,36.8042],[138.358,36.8055],[138.3591,36.8099],[138.357,36.8149],[138.3547,36.8173],[138.3534,36.8228],[138.3631,36.8364],[138.3684,36.8473],[138.3715,36.8614],[138.3774,36.8683],[138.3814,36.8697],[138.3839,36.8723],[138.3993,36.8802],[138.4041,36.8866],[138.4043,36.8891],[138.4026,36.8946],[138.3993,36.9008],[138.3975,36.9107],[138.398,36.9163],[138.4028,36.9218],[138.4055,36.9286],[138.4088,36.9314],[138.4202,36.9349],[138.4225,36.9467],[138.4249,36.9472],[138.4285,36.9448],[138.4312,36.9448],[138.4341,36.9486],[138.4303,36.9529],[138.4307,36.9549],[138.442,36.9594],[138.4459,36.9631],[138.4554,36.9696],[138.461,36.9764],[138.4717,36.9774],[138.4826,36.9766],[138.4922,36.9805],[138.4997,36.9775],[138.5034,36.9799],[138.5108,36.9822]],[[138.2429,36.3963],[138.2333,36.4],[138.2291,36.4037],[138.222,36.4072],[138.2195,36.4076],[138.2167,36.4063],[138.2129,36.4079],[138.2108,36.4106],[138.2008,36.4112],[138.1964,36.4139],[138.1941,36.4219],[138.1846,36.4308],[138.1812,36.4406],[138.1795,36.4463],[138.1796,36.4513],[138.1823,36.4557],[138.1746,36.4632],[138.1589,36.4685],[138.1536,36.4752],[138.1463,36.4798],[138.1452,36.484],[138.1459,36.4884],[138.1453,36.4903],[138.1328,36.4997],[138.123,36.5025],[138.1209,36.5022],[138.1186,36.5039],[138.1157,36.5096],[138.1157,36.5122],[138.107,36.5182],[138.1058,36.5211],[138.1077,36.529],[138.1125,36.5345],[138.1131,36.5384],[138.1165,36.5395],[138.1212,36.5458],[138.1275,36.5502],[138.1288,36.5538],[138.1286,36.5563],[138.1308,36.5584],[138.1364,36.5598],[138.1449,36.5572],[138.1535,36.5574],[138.1592,36.5631],[138.1624,36.5685],[138.1654,36.5698],[138.1743,36.5697],[138.1822,36.5665],[138.1859,36.567],[138.1883,36.571],[138.1899,36.5787],[138.1925,36.5812],[138.1942,36.5852],[138.1934,36.5911],[138.1945,36.5947],[138.1976,36.5967],[138.2008,36.5971],[138.2064,36.5938],[138.2113,36.5939],[138.2149,36.5975],[138.2155,36.6008],[138.2188,36.6046],[138.2275,36.6073],[138.2316,36.6113],[138.2408,36.6171],[138.249,36.624],[138.2517,36.6307],[138.2518,36.634],[138.2616,36.6429],[138.264,36.6477],[138.264,36.6544],[138.2679,36.6576],[138.2696,36.664],[138.2723,36.6684]],[[138.2506,36.3911],[138.2467,36.3947],[138.2429,36.3963]],[[138.7144,35.9527],[138.7142,35.9534]],[[138.7174,35.9434],[138.7161,35.9453],[138.7144,35.9527]],[[138.7144,35.9527],[138.7127,35.955],[138.7026,35.9586]],[[138.7026,35.9586],[138.6973,35.9623],[138.694,35.9632]],[[138.694,35.9632],[138.6907,35.965],[138.6887,35.9674]],[[138.6887,35.9674],[138.6794,35.9656]],[[138.6794,35.9656],[138.6786,35.9657]],[[138.6786,35.9657],[138.6759,35.9651]],[[138.6759,35.9651],[138.6708,35.9629],[138.6682,35.963]],[[138.6682,35.963],[138.6656,35.9635],[138.6605,35.962],[138.6538,35.9618],[138.6377,35.9699]],[[138.6377,35.9699],[138.6351,35.9711],[138.6295,35.9714],[138.6236,35.9696],[138.6167,35.9731],[138.6064,35.9721],[138.605,35.9733]],[[138.605,35.9733],[138.602,35.9756],[138.5958,35.9758],[138.59,35.9741],[138.5855,35.9753],[138.5749,35.9725],[138.5668,35.972],[138.562,35.9727]],[[138.562,35.9727],[138.5583,35.9732]],[[138.5583,35.9732],[138.5534,35.9722]],[[138.5534,35.9722],[138.5424,35.9716],[138.5319,35.9761]],[[138.5319,35.9761],[138.525,35.9807],[138.5224,35.9851],[138.517,35.9861],[138.5165,35.9871],[138.5171,35.9882],[138.5159,35.99],[138.5222,35.9939],[138.5221,35.9961],[138.5196,35.9991],[138.5211,36.0016],[138.5213,36.0033],[138.5202,36.005],[138.5212,36.0058],[138.5212,36.008]],[[138.5212,36.008],[138.5184,36.0109]],[[138.5184,36.0109],[138.5169,36.0115]],[[138.5169,36.0115],[138.5134,36.0108],[138.5098,36.0121],[138.5075,36.0117]],[[138.5075,36.0117],[138.5065,36.012]],[[138.4711,36.1255],[138.4711,36.1288]],[[138.4711,36.1288],[138.4722,36.13]],[[138.4722,36.13],[138.4733,36.1314],[138.4731,36.1352],[138.4769,36.1412],[138.4751,36.144],[138.4751,36.1462],[138.4779,36.1535],[138.4832,36.1579],[138.4868,36.1631],[138.4871,36.1758],[138.4863,36.1785],[138.4823,36.184],[138.4838,36.1903],[138.4827,36.1983],[138.4851,36.205],[138.4844,36.2118],[138.4856,36.2148],[138.486,36.2197],[138.484,36.2214],[138.4809,36.222]],[[138.4859,36.2181],[138.4821,36.2214],[138.4794,36.2225],[138.4709,36.2302]],[[138.4781,36.2239],[138.474,36.2286],[138.4694,36.2314],[138.4667,36.2357],[138.4568,36.2411],[138.4541,36.2443],[138.4472,36.248],[138.4423,36.2487],[138.4368,36.2469],[138.432,36.2471],[138.4293,36.2484],[138.4263,36.2529],[138.4208,36.2527],[138.4178,36.2539],[138.4201,36.2564],[138.4206,36.2586],[138.4156,36.2618],[138.4144,36.2637],[138.4229,36.2792],[138.4203,36.2818],[138.4173,36.2816],[138.4164,36.2838],[138.4191,36.2905],[138.4248,36.2933],[138.4265,36.2953],[138.4253,36.2964],[138.4229,36.2959],[138.4211,36.297],[138.422,36.3033],[138.4177,36.3074],[138.4229,36.312],[138.4221,36.313],[138.4176,36.314],[138.4134,36.3217],[138.4135,36.3243],[138.4121,36.3252],[138.4117,36.3268],[138.4046,36.3269],[138.406,36.3306],[138.4008,36.3347],[138.3987,36.3342],[138.3957,36.3308],[138.3914,36.3299],[138.3875,36.3335],[138.3798,36.3379],[138.3614,36.3398]],[[138.3614,36.3398],[138.353,36.3412],[138.3479,36.3387],[138.3448,36.3393],[138.3418,36.3417],[138.3404,36.3478],[138.3378,36.3506],[138.3355,36.3513],[138.3274,36.3501],[138.3247,36.3533]],[[138.2717,36.3751],[138.2708,36.3754]],[[138.2782,36.3728],[138.2717,36.3751]],[[138.4752,36.1156],[138.4735,36.1203]],[[138.4758,36.1144],[138.4752,36.1156]],[[138.4796,36.1064],[138.4789,36.111],[138.4758,36.1144]],[[138.4821,36.1051],[138.4796,36.1064]],[[138.474,36.0388],[138.4716,36.0439],[138.4725,36.0456],[138.4717,36.0474],[138.4725,36.0505],[138.4686,36.0538],[138.4679,36.0559],[138.4696,36.0591],[138.4727,36.0617],[138.4725,36.0641],[138.4759,36.0651],[138.4776,36.0667],[138.478,36.0677],[138.477,36.0691],[138.4792,36.0708],[138.4777,36.0733],[138.4802,36.0775],[138.4794,36.08],[138.4814,36.0834],[138.4806,36.0863],[138.4847,36.095],[138.4828,36.0987],[138.4821,36.1051]],[[138.5065,36.012],[138.5023,36.014],[138.5004,36.0111],[138.4937,36.0108]],[[138.4937,36.0108],[138.4914,36.0134],[138.491,36.0156]],[[138.491,36.0156],[138.4945,36.0189],[138.4925,36.023],[138.4894,36.025],[138.486,36.0324],[138.4799,36.037],[138.4773,36.037]],[[138.4773,36.037],[138.474,36.0388]],[[138.2708,36.3754],[138.2668,36.3772],[138.2593,36.3842],[138.2556,36.3861],[138.2529,36.39]],[[138.2581,36.3849],[138.2555,36.389],[138.2529,36.39]],[[138.3247,36.3533],[138.325,36.3554],[138.3198,36.3598]],[[138.3198,36.3598],[138.3163,36.3594]],[[138.3163,36.3594],[138.312,36.3582]],[[138.312,36.3582],[138.3103,36.3591]],[[138.3103,36.3591],[138.3044,36.3623],[138.2994,36.3677],[138.2859,36.3678],[138.2782,36.3728]],[[138.4735,36.1203],[138.4711,36.1255]],[[138.8208,37.5579],[138.8186,37.563],[138.8202,37.5689]],[[138.8202,37.5689],[138.8295,37.5818]],[[138.562,35.9727],[138.5583,35.9732]],[[138.2529,36.39],[138.2506,36.3911]],[[138.8117,37.2494],[138.8119,37.2547],[138.8166,37.2617],[138.8203,37.2641],[138.8251,37.2648],[138.8306,37.2628],[138.8323,37.261],[138.8328,37.2543],[138.8347,37.2527],[138.8373,37.2525],[138.8391,37.2534],[138.8398,37.2597],[138.8413,37.2631],[138.8491,37.2641],[138.8515,37.2673]],[[138.2593,36.3842],[138.2591,36.3857],[138.2555,36.389]]]}},{"type":"Feature","properties":{"t":"riviere","km":82,"nom":"筑後川"},"geometry":{"type":"MultiLineString","coordinates":[[[131.1655,33.0866],[131.1613,33.0788],[131.1589,33.0787],[131.1585,33.0779],[131.1558,33.0783],[131.155,33.0776],[131.1517,33.0779],[131.1511,33.0767],[131.149,33.0777],[131.1477,33.077]],[[131.1477,33.077],[131.1447,33.0766],[131.1401,33.078],[131.138,33.0771],[131.136,33.0787],[131.1355,33.0812]],[[131.1355,33.0812],[131.1323,33.0787],[131.1273,33.0811],[131.1261,33.0809],[131.1247,33.0822],[131.1226,33.0822],[131.121,33.084],[131.1163,33.0838],[131.1159,33.0853],[131.1137,33.0848]],[[131.1137,33.0848],[131.1109,33.0862],[131.1086,33.086],[131.109,33.0879]],[[131.109,33.0879],[131.1051,33.0883],[131.1049,33.0896],[131.1028,33.0893],[131.1018,33.0904],[131.1004,33.0895],[131.0966,33.0895],[131.097,33.0933],[131.0929,33.0936],[131.0953,33.0951],[131.0939,33.0971],[131.0941,33.0989],[131.0921,33.1002],[131.0948,33.1007],[131.0939,33.1038],[131.0956,33.1056],[131.093,33.1071],[131.0896,33.1113],[131.0898,33.1125]],[[131.0898,33.1125],[131.086,33.1179],[131.0827,33.1193],[131.0805,33.1181],[131.081,33.1194],[131.0798,33.1221],[131.0767,33.1211],[131.0759,33.1191],[131.0705,33.1192],[131.0665,33.1219],[131.0634,33.1257]],[[131.0634,33.1257],[131.0613,33.1279],[131.0621,33.1312],[131.0533,33.1343],[131.0532,33.1399],[131.0523,33.1421]],[[131.0523,33.1421],[131.0525,33.1452],[131.0502,33.1457],[131.0496,33.1477],[131.0503,33.1502],[131.0525,33.1527]],[[131.0525,33.1527],[131.0509,33.1537],[131.0506,33.1566],[131.0471,33.158]],[[131.0471,33.158],[131.0444,33.1595]],[[131.0444,33.1595],[131.0431,33.1611],[131.0446,33.1627],[131.0433,33.163]],[[131.0433,33.163],[131.0412,33.1639],[131.0422,33.1663]],[[131.0422,33.1663],[131.0414,33.1682],[131.0382,33.1695],[131.0386,33.1715],[131.0366,33.1753],[131.0368,33.1777]],[[131.0368,33.1777],[131.0365,33.18],[131.031,33.1852]],[[131.031,33.1852],[131.031,33.1853]],[[131.031,33.1853],[131.0302,33.1862]],[[131.0302,33.1862],[131.0295,33.1866]],[[131.0295,33.1866],[131.028,33.1859]],[[131.028,33.1859],[131.0261,33.1844]],[[131.0261,33.1844],[131.0249,33.1836]],[[131.0249,33.1836],[131.0206,33.1811]],[[131.0206,33.1811],[131.0188,33.1798]],[[131.0188,33.1798],[131.0174,33.1787]],[[131.0174,33.1787],[131.0168,33.1781]],[[131.0168,33.1781],[131.0145,33.1773]],[[131.0145,33.1773],[131.0109,33.1787]],[[131.0109,33.1787],[131.0078,33.1777]],[[131.0078,33.1777],[131.0068,33.1777]],[[131.0068,33.1777],[131.005,33.1785]],[[131.005,33.1785],[131.003,33.1805]],[[131.003,33.1805],[131.0005,33.1813]],[[131.0005,33.1813],[130.9942,33.1844]],[[130.9942,33.1844],[130.9916,33.19],[130.9938,33.1937]],[[130.9938,33.1937],[130.9938,33.1938]],[[130.9938,33.1938],[130.9941,33.1943]],[[130.9941,33.1943],[130.995,33.1971]],[[130.995,33.1971],[130.9938,33.1991],[130.9875,33.2033],[130.9904,33.2045],[130.9851,33.208],[130.9849,33.2101]],[[130.9849,33.2101],[130.9891,33.2127]],[[130.9891,33.2127],[130.9896,33.2151]],[[130.9896,33.2151],[130.9886,33.2175],[130.9911,33.2199],[130.9917,33.222],[130.9907,33.2232],[130.9893,33.2227],[130.9874,33.224],[130.9836,33.2294]],[[130.9836,33.2294],[130.9813,33.2337],[130.9827,33.2359],[130.9852,33.2357],[130.9867,33.2368],[130.9874,33.2384],[130.9867,33.2396],[130.9831,33.2428],[130.9737,33.2464],[130.9711,33.2519],[130.9704,33.2582],[130.9656,33.2588],[130.9626,33.2621],[130.9611,33.2654]],[[130.9611,33.2654],[130.9596,33.2682],[130.9593,33.2724],[130.9557,33.2729],[130.9529,33.2757]],[[130.9529,33.2757],[130.9511,33.2788],[130.9546,33.2825],[130.9546,33.2844],[130.9479,33.2896]],[[130.9479,33.2896],[130.9478,33.2898]],[[130.9478,33.2898],[130.9473,33.2909],[130.9515,33.2946],[130.9516,33.2974]],[[130.9516,33.2974],[130.9475,33.3024]],[[130.9475,33.3024],[130.9429,33.3061],[130.9402,33.3062]],[[130.9402,33.3062],[130.9374,33.3069],[130.9298,33.3121]],[[130.9298,33.3121],[130.9288,33.3123]],[[130.9288,33.3123],[130.9244,33.3108]],[[130.9244,33.3108],[130.9175,33.3107],[130.9148,33.3142]],[[130.9148,33.3142],[130.9112,33.3155]],[[130.9112,33.3155],[130.9064,33.3202]],[[130.9064,33.3202],[130.9046,33.3216],[130.9023,33.3216]],[[130.9023,33.3216],[130.9014,33.3216]],[[130.9014,33.3216],[130.8972,33.3175],[130.8955,33.3135]],[[130.8955,33.3135],[130.895,33.3129]],[[130.895,33.3129],[130.8865,33.3123]],[[130.8865,33.3123],[130.8738,33.3111],[130.8695,33.3135],[130.8672,33.3164]],[[130.8672,33.3164],[130.8639,33.3217]],[[130.8639,33.3217],[130.8548,33.3291],[130.8523,33.3342],[130.8493,33.3377],[130.845,33.3388],[130.8434,33.3366],[130.8456,33.3341],[130.8442,33.3334],[130.8427,33.335]],[[130.8427,33.335],[130.8414,33.3371]],[[130.8414,33.3371],[130.8369,33.3404],[130.8363,33.3422]],[[130.8363,33.3422],[130.8353,33.3438]],[[130.8353,33.3438],[130.8283,33.351],[130.822,33.3542]],[[130.822,33.3542],[130.8189,33.3552]],[[130.8189,33.3552],[130.8165,33.3582]],[[130.8165,33.3582],[130.8153,33.3595]],[[130.8153,33.3595],[130.8105,33.3607],[130.807,33.3599]],[[130.807,33.3599],[130.7957,33.3549],[130.7884,33.3486]],[[130.7884,33.3486],[130.785,33.3485]],[[130.785,33.3485],[130.7786,33.3512],[130.7733,33.3606],[130.7664,33.3646]],[[130.7664,33.3646],[130.7621,33.3657],[130.7575,33.3642],[130.7523,33.3641],[130.7436,33.3663],[130.7421,33.3678]],[[130.7421,33.3678],[130.7357,33.3689]],[[130.7357,33.3689],[130.732,33.3701],[130.7233,33.3701],[130.7166,33.3667]],[[130.7166,33.3667],[130.7146,33.3651],[130.7109,33.3643],[130.7076,33.3618],[130.7022,33.3612]],[[130.7022,33.3612],[130.6925,33.3621]],[[130.6925,33.3621],[130.6662,33.3621]],[[130.6662,33.3621],[130.6599,33.3622]],[[130.6599,33.3622],[130.6527,33.363]],[[130.6527,33.363],[130.6485,33.3631]],[[130.6485,33.3631],[130.6476,33.3626]],[[130.6476,33.3626],[130.6387,33.3575]],[[130.6387,33.3575],[130.6247,33.3488]],[[130.6247,33.3488],[130.6206,33.3451]],[[130.6206,33.3451],[130.6159,33.3435],[130.6038,33.3443],[130.5999,33.3425],[130.5966,33.3395]],[[130.5966,33.3395],[130.5937,33.3375]],[[130.5937,33.3375],[130.5891,33.3346],[130.5861,33.3308]],[[130.5861,33.3308],[130.5822,33.3273]],[[130.5822,33.3273],[130.5715,33.3288],[130.5616,33.3272]],[[130.5616,33.3272],[130.5597,33.3277]],[[130.5597,33.3277],[130.5583,33.3282]],[[130.5583,33.3282],[130.5553,33.3293]],[[130.5553,33.3293],[130.5516,33.3292],[130.5431,33.3246]],[[130.5431,33.3246],[130.5409,33.3243]],[[130.5409,33.3243],[130.5305,33.3258]],[[130.5305,33.3258],[130.5266,33.3282]],[[130.5266,33.3282],[130.5156,33.332],[130.5109,33.3321],[130.5054,33.3303]],[[130.5054,33.3303],[130.5042,33.3293]],[[130.5042,33.3293],[130.4985,33.3258]],[[130.4985,33.3258],[130.4982,33.3257]],[[130.4982,33.3257],[130.4977,33.3254]],[[130.4977,33.3254],[130.4944,33.3204],[130.4903,33.317]],[[130.4903,33.317],[130.4896,33.3165]],[[130.4896,33.3165],[130.4873,33.3135],[130.4847,33.3066],[130.4822,33.3048]],[[130.4822,33.3048],[130.4747,33.3045]],[[130.4747,33.3045],[130.4728,33.3046]],[[130.4728,33.3046],[130.4704,33.3048]],[[130.4704,33.3048],[130.4603,33.3046],[130.4555,33.3018]],[[130.4555,33.3018],[130.4549,33.2997]],[[130.4549,33.2997],[130.4547,33.2972]],[[130.4547,33.2972],[130.4552,33.295]],[[130.4552,33.295],[130.456,33.2888],[130.4535,33.2836]],[[130.4535,33.2836],[130.4508,33.2805]],[[130.4508,33.2805],[130.4485,33.278]],[[130.4485,33.278],[130.448,33.2775]],[[130.448,33.2775],[130.4453,33.2747],[130.4359,33.2711]],[[130.4359,33.2711],[130.435,33.2709]],[[130.435,33.2709],[130.434,33.2709]],[[130.434,33.2709],[130.428,33.2703],[130.4226,33.2657]],[[130.4226,33.2657],[130.422,33.2649]],[[130.422,33.2649],[130.4206,33.263]],[[130.4206,33.263],[130.4186,33.2593]],[[130.4186,33.2593],[130.4181,33.2583]],[[130.4181,33.2583],[130.4158,33.2538]],[[130.4158,33.2538],[130.4151,33.2529]],[[130.4151,33.2529],[130.4144,33.2522]],[[130.4144,33.2522],[130.4133,33.2513]],[[130.4133,33.2513],[130.4089,33.2494],[130.4018,33.2486]],[[130.4018,33.2486],[130.3948,33.2471],[130.3902,33.2449]],[[130.3902,33.2449],[130.3892,33.2443]],[[130.3892,33.2443],[130.3848,33.2404]],[[130.3848,33.2404],[130.3785,33.2287],[130.3787,33.2225]],[[130.3787,33.2225],[130.3761,33.2196],[130.3668,33.2171],[130.3615,33.2144]],[[130.3615,33.2144],[130.3592,33.2112]],[[130.3592,33.2112],[130.3593,33.2104]],[[130.3593,33.2104],[130.3578,33.1958],[130.3525,33.1801]],[[130.3525,33.1801],[130.3514,33.17],[130.353,33.1655]],[[130.353,33.1655],[130.3542,33.1592]],[[130.3542,33.1592],[130.3558,33.1539],[130.3553,33.1406]]]}},{"type":"Feature","properties":{"t":"riviere","km":223,"nom":"利根川"},"geometry":{"type":"MultiLineString","coordinates":[[[140.8518,35.7442],[140.8521,35.7446]],[[140.8401,35.7392],[140.8466,35.7403],[140.8518,35.7442]],[[140.8359,35.7389],[140.8401,35.7392]],[[140.8265,35.7394],[140.8359,35.7389]],[[140.8234,35.7396],[140.8265,35.7394]],[[140.817,35.741],[140.8234,35.7396]],[[140.8145,35.742],[140.817,35.741]],[[140.8104,35.7441],[140.8145,35.742]],[[140.8016,35.7495],[140.8104,35.7441]],[[140.7969,35.7525],[140.8016,35.7495]],[[140.7959,35.7532],[140.7969,35.7525]],[[140.7902,35.7572],[140.7959,35.7532]],[[140.7877,35.7583],[140.7902,35.7572]],[[140.7849,35.7603],[140.7877,35.7583]],[[140.7417,35.7855],[140.7849,35.7603]],[[140.7389,35.7875],[140.7417,35.7855]],[[140.7343,35.7905],[140.7389,35.7875]],[[140.7228,35.8068],[140.7255,35.7999],[140.731,35.7929],[140.7343,35.7905]],[[140.7228,35.8077],[140.7228,35.8068]],[[140.7144,35.8289],[140.7183,35.8229],[140.7228,35.8077]],[[140.7134,35.8303],[140.7144,35.8289]],[[140.7085,35.8344],[140.7134,35.8303]],[[140.6431,35.8561],[140.6715,35.8516],[140.6826,35.8485],[140.6968,35.8424],[140.7085,35.8344]],[[140.6378,35.8572],[140.6431,35.8561]],[[140.6254,35.8604],[140.6378,35.8572]],[[140.6069,35.87],[140.6163,35.8644],[140.6254,35.8604]],[[140.5779,35.8953],[140.592,35.884],[140.6069,35.87]],[[140.5693,35.9],[140.5779,35.8953]],[[140.5308,35.9049],[140.5558,35.9045],[140.5626,35.9029],[140.5693,35.9]],[[140.5233,35.9029],[140.5308,35.9049]],[[140.5099,35.9015],[140.516,35.9007],[140.5233,35.9029]],[[140.4807,35.9119],[140.4855,35.9096],[140.5007,35.9059],[140.5099,35.9015]],[[140.4802,35.9122],[140.4807,35.9119]],[[140.4681,35.9173],[140.4758,35.9147],[140.4802,35.9122]],[[140.4644,35.9181],[140.4681,35.9173]],[[140.4491,35.9158],[140.4581,35.918],[140.4644,35.9181]],[[140.443,35.914],[140.4491,35.9158]],[[140.4394,35.9129],[140.443,35.914]],[[140.4351,35.9116],[140.4394,35.9129]],[[140.4289,35.909],[140.4351,35.9116]],[[140.4224,35.9067],[140.4289,35.909]],[[140.4114,35.9082],[140.4178,35.9065],[140.4224,35.9067]],[[140.4101,35.9085],[140.4114,35.9082]],[[140.4075,35.9092],[140.4101,35.9085]],[[140.3974,35.9092],[140.4006,35.91],[140.4075,35.9092]],[[140.396,35.9089],[140.3974,35.9092]],[[140.3935,35.9085],[140.396,35.9089]],[[140.376,35.9026],[140.3935,35.9085]],[[140.3731,35.9018],[140.376,35.9026]],[[140.361,35.8979],[140.3731,35.9018]],[[140.3585,35.8967],[140.361,35.8979]],[[140.3539,35.8928],[140.3585,35.8967]],[[140.3532,35.8918],[140.3539,35.8928]],[[140.3471,35.8817],[140.3504,35.8853],[140.3532,35.8918]],[[140.3435,35.8795],[140.3471,35.8817]],[[140.3405,35.8775],[140.3435,35.8795]],[[140.3372,35.8752],[140.3405,35.8775]],[[140.3305,35.8702],[140.3372,35.8752]],[[140.3292,35.8694],[140.3305,35.8702]],[[140.3278,35.8687],[140.3292,35.8694]],[[140.3233,35.8667],[140.3278,35.8687]],[[140.3186,35.8647],[140.3233,35.8667]],[[140.3164,35.8645],[140.3186,35.8647]],[[140.3092,35.8645],[140.3164,35.8645]],[[140.3029,35.8657],[140.3092,35.8645]],[[140.301,35.8661],[140.3029,35.8657]],[[140.2892,35.8711],[140.301,35.8661]],[[140.2675,35.87],[140.2803,35.8735],[140.2892,35.8711]],[[140.2402,35.8552],[140.2675,35.87]],[[140.2374,35.855],[140.2402,35.8552]],[[140.2237,35.8577],[140.2304,35.8555],[140.2374,35.855]],[[140.1902,35.8537],[140.1963,35.8575],[140.208,35.8611],[140.2146,35.8611],[140.2237,35.8577]],[[140.1863,35.8517],[140.1902,35.8537]],[[140.172,35.8472],[140.1863,35.8517]],[[140.1502,35.8439],[140.1588,35.8434],[140.172,35.8472]],[[140.1475,35.845],[140.1502,35.8439]],[[140.1458,35.8462],[140.1475,35.845]],[[140.1426,35.8505],[140.1458,35.8462]],[[140.1337,35.8595],[140.1426,35.8505]],[[140.1337,35.8596],[140.1337,35.8595]],[[140.1326,35.8609],[140.1337,35.8596]],[[140.1319,35.862],[140.1326,35.8609]],[[140.1294,35.8663],[140.1319,35.862]],[[140.1274,35.8696],[140.1294,35.8663]],[[140.1182,35.8743],[140.1226,35.8728],[140.1274,35.8696]],[[140.1132,35.8755],[140.1182,35.8743]],[[140.113,35.8756],[140.1132,35.8755]],[[140.0951,35.8836],[140.1029,35.8809],[140.113,35.8756]],[[140.0833,35.8841],[140.0951,35.8836]],[[140.0566,35.8903],[140.0684,35.8852],[140.0759,35.8837],[140.0833,35.8841]],[[140.0555,35.8906],[140.0566,35.8903]],[[140.0487,35.8918],[140.0555,35.8906]],[[140.0445,35.8932],[140.0487,35.8918]],[[140.0435,35.8937],[140.0445,35.8932]],[[140.0416,35.8948],[140.0435,35.8937]],[[140.0404,35.8957],[140.0416,35.8948]],[[140.0385,35.897],[140.0404,35.8957]],[[140.0244,35.906],[140.0385,35.897]],[[140.0105,35.9101],[140.0159,35.9103],[140.0215,35.9082],[140.0244,35.906]],[[140.0011,35.9093],[140.0105,35.9101]],[[139.9918,35.9112],[140.0011,35.9093]],[[139.9906,35.9118],[139.9918,35.9112]],[[139.9864,35.9144],[139.9906,35.9118]],[[139.9831,35.9172],[139.9864,35.9144]],[[139.9677,35.9261],[139.9764,35.9221],[139.9831,35.9172]],[[139.9627,35.9287],[139.9677,35.9261]],[[139.9568,35.9331],[139.9627,35.9287]],[[139.9517,35.9363],[139.9568,35.9331]],[[139.9509,35.9365],[139.9517,35.9363]],[[139.9451,35.9385],[139.9509,35.9365]],[[139.9327,35.9481],[139.9384,35.9413],[139.9451,35.9385]],[[139.932,35.9499],[139.9327,35.9481]],[[139.9317,35.9509],[139.932,35.9499]],[[139.9241,35.9646],[139.9317,35.9509]],[[139.9105,35.9723],[139.9184,35.9689],[139.9241,35.9646]],[[139.8972,35.9783],[139.9105,35.9723]],[[139.8922,35.9827],[139.8972,35.9783]],[[139.8869,35.987],[139.8922,35.9827]],[[139.8797,36.0032],[139.8821,35.9953],[139.8869,35.987]],[[139.8769,36.0101],[139.8797,36.0032]],[[139.8737,36.0128],[139.8769,36.0101]],[[139.8695,36.0168],[139.8737,36.0128]],[[139.8634,36.0226],[139.8695,36.0168]],[[139.8594,36.0272],[139.8634,36.0226]],[[139.8577,36.0289],[139.8594,36.0272]],[[139.8552,36.0304],[139.8577,36.0289]],[[139.8492,36.033],[139.8552,36.0304]],[[139.845,36.0352],[139.8492,36.033]],[[139.8412,36.0374],[139.845,36.0352]],[[139.8232,36.0546],[139.8351,36.0423],[139.8412,36.0374]],[[139.8137,36.0622],[139.8232,36.0546]],[[139.8076,36.0717],[139.8104,36.0663],[139.8137,36.0622]],[[139.806,36.077],[139.8076,36.0717]],[[139.8042,36.0857],[139.806,36.077]],[[139.8009,36.0923],[139.8042,36.0857]],[[139.7955,36.0977],[139.8009,36.0923]],[[139.7917,36.1003],[139.7955,36.0977]],[[139.7884,36.1028],[139.7917,36.1003]],[[139.7739,36.1104],[139.7825,36.1076],[139.7884,36.1028]],[[139.7699,36.1137],[139.7739,36.1104]],[[139.7653,36.1214],[139.7699,36.1137]],[[139.7583,36.1263],[139.7653,36.1214]],[[139.7143,36.1342],[139.7231,36.1324],[139.7367,36.1324],[139.741,36.1333],[139.7536,36.1293],[139.7583,36.1263]],[[139.6988,36.1513],[139.7098,36.1365],[139.7143,36.1342]],[[139.6616,36.1705],[139.6826,36.1615],[139.6918,36.1566],[139.6988,36.1513]],[[139.6398,36.1793],[139.6616,36.1705]],[[139.6227,36.1875],[139.6398,36.1793]],[[139.5101,36.1926],[139.5265,36.1912],[139.5322,36.1917],[139.5505,36.1998],[139.5716,36.203],[139.5828,36.2097],[139.5879,36.2106],[139.5935,36.2096],[139.5987,36.2072],[139.616,36.1917],[139.6227,36.1875]],[[139.4733,36.1887],[139.4877,36.1899],[139.5031,36.1933],[139.5101,36.1926]],[[139.4725,36.1887],[139.4733,36.1887]],[[139.4606,36.1896],[139.4725,36.1887]],[[139.449,36.1937],[139.4606,36.1896]],[[139.4309,36.2061],[139.449,36.1937]],[[139.4248,36.2115],[139.4309,36.2061]],[[139.4205,36.216],[139.4248,36.2115]],[[139.3796,36.2397],[139.3999,36.2277],[139.4092,36.2247],[139.4205,36.216]],[[139.3729,36.2426],[139.3796,36.2397]],[[139.3612,36.2459],[139.3693,36.2448],[139.3729,36.2426]],[[139.3413,36.2407],[139.3527,36.2427],[139.3574,36.2453],[139.3612,36.2459]],[[139.303,36.2405],[139.3124,36.236],[139.3177,36.235],[139.3266,36.2379],[139.3343,36.2386],[139.3413,36.2407]],[[139.2905,36.2448],[139.2992,36.2425],[139.303,36.2405]],[[139.2667,36.2495],[139.2776,36.2487]],[[139.2776,36.2487],[139.2905,36.2448]],[[139.2572,36.2503],[139.2667,36.2495]],[[139.2419,36.2526],[139.2572,36.2503]],[[139.225,36.255],[139.2283,36.2566],[139.2336,36.2569],[139.2419,36.2526]],[[139.1915,36.2636],[139.2153,36.2555],[139.225,36.255]],[[139.1816,36.2705],[139.1915,36.2636]],[[139.1581,36.2974],[139.1613,36.2892],[139.1685,36.2833],[139.1701,36.2794],[139.1763,36.2758],[139.1816,36.2705]],[[139.1577,36.2978],[139.1581,36.2974]],[[139.155,36.3022],[139.1577,36.2978]],[[139.1494,36.3059],[139.155,36.3022]],[[139.1105,36.3166],[139.1128,36.3164],[139.1177,36.3131],[139.1285,36.3134],[139.1406,36.3078],[139.1494,36.3059]],[[139.0953,36.321],[139.0997,36.3203],[139.1057,36.3164],[139.1105,36.3166]],[[139.093,36.3244],[139.0939,36.3217],[139.0953,36.321]],[[139.0914,36.3268],[139.093,36.3244]],[[139.0767,36.3337],[139.0783,36.3312],[139.0829,36.3288],[139.0914,36.3268]],[[139.0715,36.3516],[139.07,36.3492],[139.0753,36.3443],[139.075,36.3389],[139.0767,36.3337]],[[139.0701,36.358],[139.0725,36.3538],[139.0715,36.3516]],[[139.0707,36.3617],[139.0701,36.358]],[[139.0577,36.3864],[139.0598,36.3824],[139.0598,36.3769],[139.0641,36.3738],[139.0668,36.3705],[139.0707,36.3617]],[[139.0587,36.3913],[139.0577,36.3864]],[[139.0433,36.4162],[139.0507,36.4089],[139.0519,36.4065],[139.0514,36.4003],[139.0534,36.3973],[139.0575,36.3946],[139.0587,36.3913]],[[139.0331,36.4285],[139.0331,36.4259],[139.0348,36.4231],[139.0433,36.4162]],[[139.0386,36.4484],[139.0395,36.4455],[139.039,36.4408],[139.0375,36.4361],[139.0336,36.4306],[139.0331,36.4285]],[[139.0376,36.456],[139.0386,36.4484]],[[139.0369,36.4593],[139.0376,36.456]],[[139.0271,36.4781],[139.0304,36.4722],[139.0349,36.4674],[139.0369,36.4593]],[[139.0253,36.4811],[139.0271,36.4781]],[[139.0167,36.4918],[139.0177,36.4884],[139.0253,36.4811]],[[139.0164,36.4996],[139.0167,36.4918]],[[139.0196,36.5026],[139.0164,36.4996]],[[139.0217,36.5051],[139.0196,36.5026]],[[139.0219,36.5079],[139.0217,36.5051]],[[139.026,36.5178],[139.0249,36.5198],[139.0234,36.5195],[139.0191,36.5156],[139.0189,36.5109],[139.0219,36.5079]],[[139.0264,36.5177],[139.026,36.5178]],[[139.0278,36.529],[139.0216,36.5301],[139.0193,36.5281],[139.0199,36.5266],[139.0251,36.5234],[139.0277,36.5202],[139.0264,36.5177]],[[139.0308,36.5315],[139.0307,36.5299],[139.0278,36.529]],[[139.0301,36.5325],[139.0308,36.5315]],[[139.0303,36.5467],[139.0304,36.5433],[139.0275,36.5391],[139.0271,36.5363],[139.0301,36.5325]],[[139.037,36.5542],[139.0349,36.5547],[139.0332,36.5538],[139.0326,36.5519],[139.0346,36.551],[139.0348,36.5499],[139.0313,36.5483],[139.0303,36.5467]],[[139.0423,36.5566],[139.04,36.5544],[139.037,36.5542]],[[139.0398,36.5634],[139.0387,36.5621],[139.0417,36.5592],[139.0423,36.5566]],[[139.041,36.5669],[139.0421,36.5647],[139.0398,36.5634]],[[139.0475,36.568],[139.0419,36.5686],[139.0408,36.568],[139.041,36.5669]],[[139.0553,36.5707],[139.0507,36.5707],[139.0503,36.5694],[139.0475,36.568]],[[139.0572,36.5717],[139.0553,36.5707]],[[139.0568,36.5726],[139.0572,36.5717]],[[139.0508,36.5849],[139.0494,36.579],[139.0503,36.5759],[139.0526,36.5735],[139.0568,36.5726]],[[139.0523,36.5907],[139.0581,36.5865]],[[139.0581,36.5865],[139.0582,36.5852],[139.0557,36.5839],[139.0528,36.5855],[139.0508,36.5849]],[[139.05,36.5939],[139.0502,36.5924],[139.0523,36.5907]],[[139.0504,36.5987],[139.05,36.5939]],[[139.0502,36.5999],[139.0504,36.5987]],[[139.05,36.6005],[139.0502,36.5999]],[[139.0494,36.6016],[139.05,36.6005]],[[139.0464,36.6063],[139.0494,36.6016]],[[139.0437,36.6085],[139.0464,36.6063]],[[139.0428,36.6109],[139.0437,36.6085]],[[139.0427,36.6128],[139.0428,36.6109]],[[139.0431,36.6156],[139.0427,36.6128]],[[138.9994,36.6732],[139.001,36.6715],[139.0019,36.6682],[139.0052,36.6662],[139.0079,36.6659],[139.0119,36.662],[139.0151,36.661],[139.0156,36.6584],[139.0204,36.6538],[139.0215,36.6515],[139.021,36.6474],[139.0222,36.6432],[139.0325,36.6372],[139.0337,36.6345],[139.039,36.6305],[139.0395,36.6286],[139.0356,36.6255],[139.0412,36.6209],[139.0431,36.6156]],[[138.9976,36.6752],[138.9994,36.6732]],[[138.9959,36.6831],[138.9964,36.6779],[138.9976,36.6752]],[[138.9872,36.6904],[138.9959,36.6831]],[[138.9845,36.6938],[138.9872,36.6904]],[[138.983,36.6982],[138.9845,36.6938]],[[138.9829,36.6985],[138.983,36.6982]],[[138.9809,36.7014],[138.9829,36.6985]],[[138.9791,36.703],[138.9809,36.7014]],[[138.9789,36.713],[138.9791,36.703]],[[138.9789,36.7131],[138.9789,36.713]],[[138.9812,36.7192],[138.978,36.7166],[138.9789,36.7131]],[[138.9809,36.7232],[138.9827,36.7223],[138.9812,36.7192]],[[138.9798,36.7281],[138.979,36.7248],[138.9809,36.7232]],[[138.9805,36.7294],[138.9798,36.7281]],[[138.9808,36.7336],[138.9805,36.7294]],[[138.981,36.7352],[138.9808,36.7336]],[[138.9839,36.7403],[138.981,36.7352]],[[138.9835,36.7459],[138.9839,36.7403]],[[138.9805,36.7473],[138.9835,36.7459]],[[138.9785,36.7478],[138.9805,36.7473]],[[138.9763,36.7529],[138.9757,36.7511],[138.9785,36.7478]],[[138.9707,36.7662],[138.9696,36.764],[138.9699,36.7623],[138.9769,36.7571],[138.9773,36.7548],[138.9763,36.7529]],[[138.9685,36.7765],[138.9712,36.7724],[138.9717,36.7681],[138.9707,36.7662]],[[138.9671,36.7781],[138.9685,36.7765]],[[138.9806,36.7895],[138.9763,36.7828],[138.9688,36.7822],[138.967,36.7804],[138.9671,36.7781]],[[138.9867,36.7919],[138.9806,36.7895]],[[138.9897,36.7984],[138.9906,36.7963],[138.9883,36.7927],[138.9867,36.7919]],[[139.0028,36.8015],[139.001,36.8007],[138.9966,36.8011],[138.9897,36.7984]],[[139.0075,36.8048],[139.0028,36.8015]],[[139.0125,36.8074],[139.0075,36.8048]],[[139.0324,36.8054],[139.0287,36.8025],[139.023,36.8013],[139.0205,36.8031],[139.0173,36.8034],[139.0159,36.8062],[139.0125,36.8074]],[[139.0362,36.8042],[139.0324,36.8054]],[[139.0369,36.8042],[139.0362,36.8042]],[[139.0385,36.8045],[139.0369,36.8042]],[[139.0474,36.8109],[139.0434,36.8086],[139.0406,36.808],[139.0385,36.8045]],[[139.0502,36.8162],[139.0495,36.812],[139.0474,36.8109]],[[139.0445,36.825],[139.0438,36.8235],[139.0445,36.8218],[139.048,36.8214],[139.0503,36.8196],[139.0502,36.8162]],[[139.0503,36.8331],[139.044,36.8289],[139.0436,36.8269],[139.0445,36.825]],[[139.0494,36.8358],[139.0503,36.8331]],[[139.0517,36.8403],[139.0497,36.8379],[139.0494,36.8358]],[[139.0545,36.8449],[139.0517,36.8403]],[[139.06,36.8601],[139.0578,36.8603],[139.0552,36.8573],[139.0566,36.8542],[139.0549,36.8527],[139.0587,36.8491],[139.058,36.8473],[139.0545,36.8449]],[[139.0616,36.869],[139.0567,36.8667],[139.06,36.8601]],[[139.057,36.8779],[139.0602,36.8762],[139.0602,36.8716],[139.0616,36.869]],[[139.0562,36.8847],[139.057,36.8779]],[[139.0564,36.8853],[139.0562,36.8847]],[[139.0535,36.8908],[139.0564,36.8853]],[[139.0537,36.892],[139.0535,36.8908]],[[139.0551,36.8994],[139.0567,36.8936],[139.0537,36.892]],[[139.0564,36.9022],[139.0551,36.8994]],[[139.0558,36.9068],[139.0575,36.9042],[139.0564,36.9022]],[[139.0566,36.9087],[139.0554,36.908],[139.0558,36.9068]],[[139.0558,36.9142],[139.0566,36.9087]],[[139.0585,36.9176],[139.0581,36.9158],[139.0558,36.9142]],[[139.0574,36.9224],[139.0589,36.9197],[139.0585,36.9176]],[[139.0595,36.9273],[139.0574,36.9224]],[[139.0761,36.9352],[139.0713,36.9359],[139.0676,36.9347],[139.0595,36.9273]],[[139.0773,36.935],[139.0761,36.9352]],[[139.0788,36.9354],[139.0773,36.935]],[[139.09,36.9399],[139.0788,36.9354]],[[139.0953,36.944],[139.09,36.9399]],[[139.0977,36.946],[139.0953,36.944]],[[139.1008,36.9554],[139.0983,36.9539],[139.1003,36.948],[139.0977,36.946]],[[139.103,36.9588],[139.1016,36.9582],[139.1008,36.9554]],[[139.1043,36.9598],[139.103,36.9588]],[[139.1048,36.9692],[139.1059,36.9658],[139.1043,36.9598]],[[139.1143,36.9889],[139.1118,36.9843],[139.1117,36.9829],[139.1129,36.9819],[139.1116,36.9809],[139.1116,36.9788],[139.1097,36.9781],[139.1092,36.9752],[139.1071,36.9733],[139.1049,36.9731],[139.1048,36.9692]],[[139.1176,36.9946],[139.1155,36.9942],[139.1125,36.9916],[139.1148,36.9905],[139.1143,36.9889]],[[139.1179,36.996],[139.1176,36.9946]],[[139.1209,36.9976],[139.1209,36.9967],[139.1179,36.996]],[[139.1194,37.009],[139.1196,37.006],[139.1183,37.0007],[139.1187,36.9983],[139.1209,36.9976]],[[139.1231,37.0157],[139.1197,37.0139],[139.1217,37.0128],[139.122,37.0116],[139.1202,37.0108],[139.1194,37.009]],[[139.1184,37.0237],[139.1194,37.0234],[139.1207,37.018],[139.1231,37.0157]],[[139.1175,37.0257],[139.1189,37.0245],[139.1184,37.0237]],[[139.1142,37.0298],[139.1161,37.029],[139.1147,37.0271],[139.1175,37.0257]],[[139.1146,37.0346],[139.1138,37.0336],[139.1147,37.0331],[139.1136,37.0308],[139.1142,37.0298]],[[139.115,37.0367],[139.1135,37.0358],[139.1146,37.0346]],[[139.1137,37.0377],[139.115,37.0367]],[[139.1072,37.0414],[139.1077,37.0401],[139.1064,37.0394],[139.1067,37.0384],[139.1137,37.0377]],[[139.1057,37.0439],[139.1046,37.0427],[139.1072,37.0414]],[[139.1097,37.0516],[139.1074,37.0493],[139.1078,37.0485],[139.1068,37.048],[139.1057,37.0439]]]}},{"type":"Feature","properties":{"t":"riviere","km":128,"nom":"千曲川"},"geometry":{"type":"MultiLineString","coordinates":[[[138.7174,35.9434],[138.7161,35.9453],[138.7144,35.9527]],[[138.7144,35.9527],[138.7127,35.955],[138.7026,35.9586]],[[138.7026,35.9586],[138.6973,35.9623],[138.694,35.9632]],[[138.694,35.9632],[138.6907,35.965],[138.6887,35.9674]],[[138.6887,35.9674],[138.6794,35.9656]],[[138.6794,35.9656],[138.6786,35.9657]],[[138.6786,35.9657],[138.6759,35.9651]],[[138.6759,35.9651],[138.6708,35.9629],[138.6682,35.963]],[[138.6682,35.963],[138.6656,35.9635],[138.6605,35.962],[138.6538,35.9618],[138.6377,35.9699]],[[138.6377,35.9699],[138.6351,35.9711],[138.6295,35.9714],[138.6236,35.9696],[138.6167,35.9731],[138.6064,35.9721],[138.605,35.9733]],[[138.562,35.9727],[138.5583,35.9732]],[[138.5534,35.9722],[138.5424,35.9716],[138.5319,35.9761]],[[138.5583,35.9732],[138.5534,35.9722]],[[138.605,35.9733],[138.602,35.9756],[138.5958,35.9758],[138.59,35.9741],[138.5855,35.9753],[138.5749,35.9725],[138.5668,35.972],[138.562,35.9727]],[[138.5319,35.9761],[138.525,35.9807],[138.5224,35.9851],[138.517,35.9861],[138.5165,35.9871],[138.5171,35.9882],[138.5159,35.99],[138.5222,35.9939],[138.5221,35.9961],[138.5196,35.9991],[138.5211,36.0016],[138.5213,36.0033],[138.5202,36.005],[138.5212,36.0058],[138.5212,36.008]],[[138.5212,36.008],[138.5184,36.0109]],[[138.5184,36.0109],[138.5169,36.0115]],[[138.5169,36.0115],[138.5134,36.0108],[138.5098,36.0121],[138.5075,36.0117]],[[138.5075,36.0117],[138.5065,36.012]],[[138.5065,36.012],[138.5023,36.014],[138.5004,36.0111],[138.4937,36.0108]],[[138.4937,36.0108],[138.4914,36.0134],[138.491,36.0156]],[[138.491,36.0156],[138.4945,36.0189],[138.4925,36.023],[138.4894,36.025],[138.486,36.0324],[138.4799,36.037],[138.4773,36.037]],[[138.4773,36.037],[138.474,36.0388]],[[138.474,36.0388],[138.4716,36.0439],[138.4725,36.0456],[138.4717,36.0474],[138.4725,36.0505],[138.4686,36.0538],[138.4679,36.0559],[138.4696,36.0591],[138.4727,36.0617],[138.4725,36.0641],[138.4759,36.0651],[138.4776,36.0667],[138.478,36.0677],[138.477,36.0691],[138.4792,36.0708],[138.4777,36.0733],[138.4802,36.0775],[138.4794,36.08],[138.4814,36.0834],[138.4806,36.0863],[138.4847,36.095],[138.4828,36.0987],[138.4821,36.1051]],[[138.4821,36.1051],[138.4796,36.1064]],[[138.4796,36.1064],[138.4789,36.111],[138.4758,36.1144]],[[138.4758,36.1144],[138.4752,36.1156]],[[138.4859,36.2181],[138.4821,36.2214],[138.4794,36.2225],[138.4709,36.2302]],[[138.4735,36.1203],[138.4711,36.1255]],[[138.4711,36.1288],[138.4722,36.13]],[[138.4722,36.13],[138.4733,36.1314],[138.4731,36.1352],[138.4769,36.1412],[138.4751,36.144],[138.4751,36.1462],[138.4779,36.1535],[138.4832,36.1579],[138.4868,36.1631],[138.4871,36.1758],[138.4863,36.1785],[138.4823,36.184],[138.4838,36.1903],[138.4827,36.1983],[138.4851,36.205],[138.4844,36.2118],[138.4856,36.2148],[138.486,36.2197],[138.484,36.2214],[138.4809,36.222]],[[138.4781,36.2239],[138.474,36.2286],[138.4694,36.2314],[138.4667,36.2357],[138.4568,36.2411],[138.4541,36.2443],[138.4472,36.248],[138.4423,36.2487],[138.4368,36.2469],[138.432,36.2471],[138.4293,36.2484],[138.4263,36.2529],[138.4208,36.2527],[138.4178,36.2539],[138.4201,36.2564],[138.4206,36.2586],[138.4156,36.2618],[138.4144,36.2637],[138.4229,36.2792],[138.4203,36.2818],[138.4173,36.2816],[138.4164,36.2838],[138.4191,36.2905],[138.4248,36.2933],[138.4265,36.2953],[138.4253,36.2964],[138.4229,36.2959],[138.4211,36.297],[138.422,36.3033],[138.4177,36.3074],[138.4229,36.312],[138.4221,36.313],[138.4176,36.314],[138.4134,36.3217],[138.4135,36.3243],[138.4121,36.3252],[138.4117,36.3268],[138.4046,36.3269],[138.406,36.3306],[138.4008,36.3347],[138.3987,36.3342],[138.3957,36.3308],[138.3914,36.3299],[138.3875,36.3335],[138.3798,36.3379],[138.3614,36.3398]],[[138.3614,36.3398],[138.353,36.3412],[138.3479,36.3387],[138.3448,36.3393],[138.3418,36.3417],[138.3404,36.3478],[138.3378,36.3506],[138.3355,36.3513],[138.3274,36.3501],[138.3247,36.3533]],[[138.2717,36.3751],[138.2708,36.3754]],[[138.2708,36.3754],[138.2668,36.3772],[138.2593,36.3842],[138.2556,36.3861],[138.2529,36.39]],[[138.2529,36.39],[138.2506,36.3911]],[[138.2506,36.3911],[138.2467,36.3947],[138.2429,36.3963]],[[138.2429,36.3963],[138.2333,36.4],[138.2291,36.4037],[138.222,36.4072],[138.2195,36.4076],[138.2167,36.4063],[138.2129,36.4079],[138.2108,36.4106],[138.2008,36.4112],[138.1964,36.4139],[138.1941,36.4219],[138.1846,36.4308],[138.1812,36.4406],[138.1795,36.4463],[138.1796,36.4513],[138.1823,36.4557],[138.1746,36.4632],[138.1589,36.4685],[138.1536,36.4752],[138.1463,36.4798],[138.1452,36.484],[138.1459,36.4884],[138.1453,36.4903],[138.1328,36.4997],[138.123,36.5025],[138.1209,36.5022],[138.1186,36.5039],[138.1157,36.5096],[138.1157,36.5122],[138.107,36.5182],[138.1058,36.5211],[138.1077,36.529],[138.1125,36.5345],[138.1131,36.5384],[138.1165,36.5395],[138.1212,36.5458],[138.1275,36.5502],[138.1288,36.5538],[138.1286,36.5563],[138.1308,36.5584],[138.1364,36.5598],[138.1449,36.5572],[138.1535,36.5574],[138.1592,36.5631],[138.1624,36.5685],[138.1654,36.5698],[138.1743,36.5697],[138.1822,36.5665],[138.1859,36.567],[138.1883,36.571],[138.1899,36.5787],[138.1925,36.5812],[138.1942,36.5852],[138.1934,36.5911],[138.1945,36.5947],[138.1976,36.5967],[138.2008,36.5971],[138.2064,36.5938],[138.2113,36.5939],[138.2149,36.5975],[138.2155,36.6008],[138.2188,36.6046],[138.2275,36.6073],[138.2316,36.6113],[138.2408,36.6171],[138.249,36.624],[138.2517,36.6307],[138.2518,36.634],[138.2616,36.6429],[138.264,36.6477],[138.264,36.6544],[138.2679,36.6576],[138.2696,36.664],[138.2723,36.6684]],[[138.2723,36.6684],[138.2752,36.6712],[138.2771,36.6797],[138.2815,36.6871],[138.2837,36.6947],[138.2908,36.7031],[138.305,36.7125],[138.3089,36.7168],[138.3095,36.72],[138.3081,36.7265],[138.3085,36.7396],[138.3115,36.7429],[138.3235,36.7495],[138.3254,36.7531],[138.3245,36.7581],[138.3201,36.7625],[138.3205,36.765],[138.3312,36.7687],[138.3338,36.7782],[138.3357,36.7787],[138.3406,36.7768],[138.3431,36.7787],[138.3435,36.7807],[138.3426,36.7826],[138.3372,36.7857],[138.3363,36.7885],[138.3377,36.79],[138.3435,36.7912],[138.3467,36.7936],[138.347,36.7957],[138.3444,36.8017],[138.3456,36.8043],[138.3476,36.8048],[138.3542,36.8036],[138.3568,36.8042],[138.358,36.8055],[138.3591,36.8099],[138.357,36.8149],[138.3547,36.8173],[138.3534,36.8228],[138.3631,36.8364],[138.3684,36.8473],[138.3715,36.8614],[138.3774,36.8683],[138.3814,36.8697],[138.3839,36.8723],[138.3993,36.8802],[138.4041,36.8866],[138.4043,36.8891],[138.4026,36.8946],[138.3993,36.9008],[138.3975,36.9107],[138.398,36.9163],[138.4028,36.9218],[138.4055,36.9286],[138.4088,36.9314],[138.4202,36.9349],[138.4225,36.9467],[138.4249,36.9472],[138.4285,36.9448],[138.4312,36.9448],[138.4341,36.9486],[138.4303,36.9529],[138.4307,36.9549],[138.442,36.9594],[138.4459,36.9631],[138.4554,36.9696],[138.461,36.9764],[138.4717,36.9774],[138.4826,36.9766],[138.4922,36.9805],[138.4997,36.9775],[138.5034,36.9799],[138.5108,36.9822]],[[138.5108,36.9822],[138.5179,36.9846],[138.523,36.982],[138.5253,36.982],[138.5315,36.9841],[138.5372,36.9845],[138.5431,36.983],[138.5442,36.9813],[138.5443,36.9778],[138.549,36.9758],[138.5516,36.9791],[138.5591,36.9815],[138.5606,36.9805],[138.5606,36.9783],[138.5625,36.9754],[138.5665,36.9737],[138.57,36.9762],[138.5648,36.9847],[138.5648,36.9868],[138.5666,36.9881]],[[138.5666,36.9881],[138.5728,36.989],[138.5738,36.9863],[138.5774,36.9857],[138.5854,36.9887]],[[138.3198,36.3598],[138.3163,36.3594]],[[138.3163,36.3594],[138.312,36.3582]],[[138.3103,36.3591],[138.3044,36.3623],[138.2994,36.3677],[138.2859,36.3678],[138.2782,36.3728]],[[138.2593,36.3842],[138.2591,36.3857],[138.2555,36.389]]]}},{"type":"Feature","properties":{"t":"riviere","km":65,"nom":"網走川"},"geometry":{"type":"MultiLineString","coordinates":[[[144.0808,43.5154],[144.0664,43.5016],[144.0661,43.4996],[144.0673,43.4969],[144.0651,43.4929],[144.0636,43.4923],[144.0601,43.4878],[144.0571,43.4861],[144.0562,43.4842],[144.0529,43.4833],[144.0517,43.4819]],[[144.0517,43.4819],[144.0488,43.4803],[144.0424,43.4798],[144.0373,43.4808],[144.0342,43.4834],[144.032,43.4839]],[[144.032,43.4839],[144.0312,43.4839]],[[144.0312,43.4839],[144.0288,43.4832],[144.0261,43.4851],[144.0223,43.4857],[144.013,43.4927]],[[144.013,43.4927],[144.0117,43.4941]],[[144.0117,43.4941],[144.0045,43.4996]],[[144.0045,43.4996],[143.9986,43.5028]],[[143.9986,43.5028],[143.997,43.5036]],[[143.997,43.5036],[143.9928,43.505],[143.9854,43.5103]],[[143.9854,43.5103],[143.9861,43.5131],[143.985,43.5144],[143.9847,43.5176]],[[143.9847,43.5176],[143.9829,43.522],[143.9844,43.5298],[143.9844,43.5333],[143.9835,43.5344],[143.9848,43.5359],[143.9846,43.5374]],[[143.9846,43.5374],[143.9832,43.5398]],[[143.9832,43.5398],[143.9815,43.5396],[143.9811,43.5418],[143.9795,43.5427],[143.9795,43.5439],[143.9764,43.546]],[[143.9764,43.546],[143.9761,43.5469],[143.9778,43.5484],[143.9758,43.55],[143.9776,43.5527],[143.9768,43.5542],[143.9793,43.5558],[143.978,43.5595],[143.9803,43.5637],[143.9796,43.5646]],[[143.9796,43.5646],[143.9791,43.5653],[143.9803,43.5682],[143.9787,43.5703],[143.9793,43.5716]],[[143.9793,43.5716],[143.9797,43.5723]],[[143.9797,43.5723],[143.9808,43.5733],[143.9778,43.5743],[143.9772,43.5754],[143.9787,43.5773],[143.9772,43.5797],[143.9783,43.5812],[143.973,43.5816],[143.9736,43.5835],[143.9719,43.5855],[143.9729,43.5898],[143.97,43.5907]],[[143.97,43.5907],[143.9693,43.5913],[143.9713,43.5924],[143.9714,43.5944],[143.9726,43.5947],[143.9713,43.597],[143.9758,43.5984],[143.9746,43.6011],[143.9773,43.6017],[143.9775,43.6038],[143.9806,43.6054],[143.9814,43.6089]],[[143.9814,43.6089],[143.9804,43.6109],[143.9833,43.6169],[143.9828,43.6197],[143.9856,43.6217],[143.9862,43.6238],[143.9855,43.6257],[143.9873,43.6269],[143.9882,43.63],[143.9914,43.6329],[143.9893,43.634],[143.9905,43.6372],[143.9896,43.6384],[143.9908,43.6392],[143.9902,43.641],[143.9938,43.6439]],[[143.9938,43.6439],[143.9928,43.6459],[143.9909,43.6467],[143.9885,43.6521]],[[143.9885,43.6521],[143.9925,43.6565]],[[143.9925,43.6565],[143.9958,43.6584],[144.0003,43.6582],[144.0,43.6602],[143.9978,43.6608],[143.9981,43.6619],[144.0007,43.6647],[144.0046,43.6653],[144.005,43.6677],[144.0087,43.6698],[144.0133,43.6695]],[[144.0133,43.6695],[144.0138,43.6701]],[[144.0138,43.6701],[144.0114,43.6716],[144.0094,43.6715],[144.0091,43.6725],[144.0131,43.6733],[144.0139,43.6755],[144.0182,43.6775],[144.0177,43.6791],[144.0138,43.6795],[144.0187,43.6815],[144.0191,43.6827]],[[144.0191,43.6827],[144.0156,43.685],[144.0171,43.6865],[144.0207,43.6869],[144.0226,43.6899],[144.0216,43.6909],[144.0182,43.6915],[144.0174,43.6932],[144.0182,43.6971],[144.0158,43.6982]],[[144.0158,43.6982],[144.0139,43.6994],[144.0136,43.7023]],[[144.0136,43.7023],[144.0113,43.7057],[144.0117,43.7084],[144.0089,43.7105],[144.0093,43.7134],[144.0073,43.7175]],[[144.0073,43.7175],[144.0087,43.7188],[144.0144,43.7201],[144.0154,43.7245]],[[144.0154,43.7245],[144.0223,43.7293],[144.028,43.7305],[144.0281,43.7343],[144.0293,43.7357],[144.0342,43.7358]],[[144.0342,43.7358],[144.0373,43.7367],[144.0469,43.7463]],[[144.0469,43.7463],[144.0529,43.7489]],[[144.0529,43.7489],[144.0575,43.7543],[144.0613,43.755]],[[144.0613,43.755],[144.0639,43.7558],[144.0661,43.7585],[144.0646,43.7622],[144.0649,43.7646],[144.0625,43.7681],[144.0626,43.7697]],[[144.0626,43.7697],[144.0636,43.771]],[[144.0636,43.771],[144.0675,43.7756]],[[144.0675,43.7756],[144.068,43.7769]],[[144.068,43.7769],[144.0687,43.7803]],[[144.0687,43.7803],[144.0737,43.7854],[144.0722,43.7894],[144.0739,43.7937],[144.0733,43.7962]],[[144.0733,43.7962],[144.0733,43.7987],[144.0767,43.8019],[144.0765,43.806],[144.075,43.8088],[144.0773,43.8111]],[[144.0773,43.8111],[144.0788,43.8128],[144.081,43.8193],[144.0877,43.8209],[144.0895,43.823]],[[144.0895,43.823],[144.0937,43.8303],[144.0969,43.8334],[144.0996,43.8409],[144.1081,43.8429],[144.1146,43.8472]],[[144.1146,43.8472],[144.1176,43.8527],[144.1174,43.8585],[144.12,43.8645]],[[144.12,43.8645],[144.1275,43.8697],[144.1315,43.8746],[144.1293,43.8882],[144.1282,43.8898],[144.1287,43.8944],[144.1301,43.8974],[144.1372,43.9058],[144.1393,43.9109],[144.1469,43.9163],[144.1467,43.9187],[144.1477,43.9207],[144.1502,43.9216],[144.1578,43.9285],[144.1626,43.9298]],[[144.1626,43.9298],[144.1691,43.9349]],[[144.1691,43.9349],[144.1638,43.9417],[144.1557,43.9497],[144.1556,43.9522]],[[144.1556,43.9522],[144.1719,43.9642],[144.1758,43.9697]],[[144.1758,43.9697],[144.1795,43.98]],[[144.1795,43.98],[144.1864,43.9921],[144.1944,43.9993],[144.2017,44.001],[144.2192,44.0021]],[[144.2192,44.0021],[144.2252,44.0026]],[[144.2252,44.0026],[144.2306,44.0048],[144.2313,44.0099],[144.2305,44.0104],[144.2229,44.0089],[144.2212,44.0095],[144.2212,44.0108]],[[144.2212,44.0108],[144.2219,44.0124],[144.2239,44.0134],[144.2296,44.015],[144.2321,44.0138],[144.2345,44.0145]],[[144.2345,44.0145],[144.2404,44.0159],[144.2459,44.0204]],[[144.2459,44.0204],[144.2517,44.0222],[144.2602,44.0218],[144.2682,44.0237],[144.2747,44.0227],[144.2794,44.0239]]]}},{"type":"Feature","properties":{"t":"riviere","km":158,"nom":"天竜川"},"geometry":{"type":"MultiLineString","coordinates":[[[138.0531,36.0534],[138.0482,36.0546],[138.0383,36.0543],[138.0356,36.0535],[138.0292,36.0479],[138.0279,36.0457],[138.0281,36.0421],[138.0267,36.0385],[138.023,36.0363],[138.021,36.0322],[138.0176,36.0284],[138.0146,36.0274],[138.0152,36.0234],[138.0133,36.0201],[138.011,36.0187],[138.0111,36.0151],[138.0093,36.0127],[138.0074,36.0063],[138.0052,36.0035],[138.007,36.0013],[138.0069,35.999],[138.0026,35.9956],[138.0022,35.9911],[138.0034,35.989],[138.0027,35.9866],[138.0014,35.9845],[137.9946,35.9792],[137.9959,35.9728],[137.9918,35.9693],[137.9881,35.9684],[137.9818,35.9642],[137.9838,35.9602],[137.9837,35.9573],[137.9902,35.9568],[137.9936,35.9537],[137.9913,35.9476],[137.9937,35.9442],[137.9889,35.9408],[137.9902,35.9348],[137.9857,35.9276],[137.9865,35.926],[137.9918,35.924],[137.9928,35.9198],[137.9957,35.917],[137.9959,35.9117],[137.9973,35.908],[137.9933,35.8992],[137.9931,35.8901],[137.992,35.8851],[137.9896,35.8805],[137.9854,35.8767],[137.9843,35.8742],[137.9845,35.8675]],[[137.9845,35.8675],[137.9844,35.8639],[137.9795,35.8613],[137.974,35.8553],[137.9729,35.8524],[137.9729,35.8482],[137.9719,35.847],[137.9638,35.8423],[137.9629,35.8387],[137.9611,35.8365],[137.954,35.8335],[137.9508,35.8271],[137.9502,35.8229],[137.9454,35.8165],[137.9445,35.8131],[137.9444,35.809],[137.9464,35.8006]],[[137.9464,35.8006],[137.9539,35.7911],[137.957,35.785],[137.9566,35.783],[137.9576,35.7815],[137.9609,35.7784],[137.9608,35.7672],[137.9588,35.7619],[137.9586,35.7567],[137.9638,35.7512],[137.9664,35.7458],[137.9672,35.7406],[137.9696,35.7379],[137.9674,35.7269],[137.9685,35.7216]],[[137.9685,35.7216],[137.9695,35.7153],[137.9641,35.7095],[137.9624,35.7032],[137.9531,35.7031],[137.9516,35.7021],[137.9514,35.7006]],[[137.9514,35.7006],[137.9561,35.6935],[137.9544,35.6894],[137.9498,35.6868],[137.9504,35.6835],[137.945,35.6791],[137.9439,35.6763],[137.9451,35.6745],[137.952,35.6733],[137.9526,35.6717],[137.9517,35.6698],[137.9477,35.6682],[137.9497,35.666],[137.9489,35.6648],[137.9492,35.6608],[137.9442,35.6538],[137.9461,35.6483]],[[137.9461,35.6483],[137.9446,35.6425],[137.9392,35.6377],[137.9368,35.639],[137.9345,35.637],[137.9343,35.6341],[137.9368,35.6322],[137.9374,35.6274],[137.9366,35.6255],[137.9341,35.6252],[137.9286,35.6286],[137.9261,35.6277],[137.9271,35.6135],[137.9238,35.6086],[137.9246,35.6066],[137.9315,35.6039],[137.933,35.6017],[137.9306,35.5968],[137.9239,35.592],[137.9214,35.588]],[[137.9214,35.588],[137.9205,35.5813],[137.917,35.5723],[137.9087,35.5728],[137.9022,35.572],[137.9007,35.5693],[137.8984,35.5679],[137.8942,35.5627],[137.8929,35.559],[137.8939,35.5539],[137.8871,35.5435],[137.8865,35.5387],[137.8806,35.5333],[137.8783,35.53]],[[137.8783,35.53],[137.8773,35.5268],[137.8627,35.5135],[137.862,35.5118],[137.8631,35.5102],[137.8625,35.5077],[137.8636,35.5021],[137.8628,35.4995],[137.8578,35.4906],[137.8575,35.4882],[137.8501,35.4829]],[[137.8501,35.4829],[137.8471,35.4813],[137.8436,35.4776],[137.8431,35.4749],[137.839,35.4707],[137.838,35.4659],[137.8361,35.4656],[137.8308,35.4616],[137.8247,35.4595],[137.8216,35.4568],[137.8176,35.443],[137.8203,35.4391],[137.8205,35.4372],[137.8198,35.4353],[137.8174,35.4342],[137.8171,35.4322],[137.8151,35.4304],[137.8163,35.4278],[137.8153,35.4253],[137.8167,35.423],[137.8156,35.4211]],[[137.8156,35.4211],[137.8127,35.4194],[137.8111,35.4148],[137.8171,35.4138],[137.8174,35.4096],[137.8071,35.4001],[137.8096,35.3975],[137.8085,35.3917],[137.8132,35.3893],[137.8129,35.3861],[137.8106,35.3817],[137.8105,35.3775],[137.8129,35.3736],[137.8184,35.3718],[137.8218,35.3681],[137.8271,35.3646],[137.8302,35.3602],[137.8333,35.3505],[137.8446,35.3442],[137.8443,35.3408],[137.8365,35.3348],[137.8364,35.3305],[137.835,35.3298]],[[137.835,35.3298],[137.8325,35.328],[137.8319,35.3255],[137.8363,35.3221],[137.8358,35.3191],[137.8371,35.3156],[137.841,35.3123],[137.8471,35.3118],[137.848,35.3099],[137.8466,35.3058],[137.8433,35.307],[137.8425,35.3065],[137.8451,35.3001],[137.843,35.2964],[137.8497,35.2934],[137.8503,35.2919],[137.8421,35.2877],[137.8409,35.2856],[137.8411,35.2839],[137.8429,35.2828],[137.8497,35.2827],[137.8528,35.2796],[137.851,35.2753],[137.8469,35.2739],[137.8422,35.2752],[137.8391,35.2726]],[[137.8391,35.2726],[137.8296,35.2676],[137.8275,35.2651],[137.8281,35.2635],[137.8303,35.2628],[137.8296,35.2548],[137.8327,35.254],[137.8346,35.2525],[137.8325,35.2492],[137.8342,35.2465],[137.8351,35.2409],[137.8343,35.2367]],[[137.8343,35.2367],[137.8271,35.2315],[137.8219,35.226],[137.8286,35.2228],[137.8296,35.2217],[137.8299,35.2185],[137.8362,35.216],[137.8384,35.2127],[137.8361,35.2111],[137.8276,35.2114],[137.8277,35.2083],[137.8308,35.2067],[137.8309,35.205],[137.8219,35.204],[137.8207,35.1985],[137.819,35.1958]],[[137.819,35.1958],[137.8168,35.1931],[137.8166,35.1886],[137.8157,35.1873],[137.8128,35.1861],[137.8072,35.1879],[137.8031,35.1831],[137.8046,35.1798],[137.8104,35.175],[137.8129,35.1741],[137.8179,35.1749],[137.8251,35.1685],[137.8257,35.1657],[137.8221,35.1615],[137.8212,35.1585],[137.8231,35.1567],[137.8277,35.1549],[137.829,35.1521],[137.8215,35.148],[137.8187,35.149],[137.816,35.1527],[137.8145,35.1526],[137.8125,35.1467],[137.8142,35.1399],[137.8104,35.1378],[137.8072,35.1318],[137.805,35.1306],[137.8008,35.131],[137.7995,35.1321],[137.7984,35.1357],[137.7956,35.1364],[137.793,35.1353],[137.7918,35.1307],[137.7926,35.1283],[137.7969,35.1271],[137.7987,35.1256],[137.798,35.1193],[137.8013,35.1072],[137.8004,35.1058],[137.7954,35.1037],[137.794,35.1022],[137.7941,35.0986],[137.7929,35.0953],[137.7961,35.0904],[137.7896,35.0855],[137.7908,35.0844],[137.7934,35.0761],[137.7991,35.0764],[137.8009,35.078],[137.802,35.0805],[137.8014,35.0883],[137.805,35.0899],[137.8123,35.0897]],[[137.8123,35.0897],[137.8153,35.0903],[137.8154,35.0871],[137.8187,35.0888],[137.8203,35.0886],[137.8199,35.0808],[137.8225,35.0797],[137.8281,35.0808],[137.8341,35.0859],[137.8373,35.0862],[137.8394,35.0831],[137.8405,35.0773],[137.8402,35.0741],[137.8376,35.0701],[137.8423,35.0651],[137.8449,35.0609],[137.8512,35.0576],[137.8551,35.0492],[137.855,35.0462],[137.8525,35.0445],[137.8506,35.0369],[137.8476,35.0311],[137.8451,35.027],[137.8391,35.0216],[137.8374,35.0187],[137.8357,35.0109],[137.8353,35.0016],[137.8341,34.9999],[137.8285,34.997],[137.8253,34.9925],[137.825,34.9889],[137.8289,34.9788],[137.828,34.9725]],[[137.828,34.9725],[137.8279,34.9723]],[[137.8279,34.9723],[137.8277,34.9697],[137.8301,34.9655],[137.8352,34.964],[137.841,34.9669],[137.8435,34.9659],[137.8445,34.9639],[137.8442,34.9615],[137.8421,34.9593],[137.8346,34.9586],[137.8288,34.9551],[137.8275,34.9519],[137.8278,34.9489],[137.83,34.9457],[137.8354,34.9422],[137.8356,34.941]],[[137.8356,34.941],[137.8316,34.938],[137.8357,34.9328],[137.836,34.9307],[137.8349,34.93],[137.8318,34.9307],[137.8283,34.9342],[137.8187,34.938],[137.8151,34.9408],[137.8122,34.9405],[137.8137,34.9232],[137.8095,34.914],[137.8094,34.9119],[137.811,34.9104],[137.8164,34.9096],[137.8185,34.9077],[137.8194,34.9048],[137.8177,34.9024],[137.8108,34.9019],[137.8128,34.8939],[137.8123,34.8918],[137.8097,34.8879],[137.8026,34.8818],[137.8024,34.8775],[137.8032,34.8751],[137.8059,34.8714],[137.8094,34.8691],[137.8096,34.8679],[137.8083,34.863],[137.8014,34.8596],[137.8011,34.8581],[137.8051,34.8541],[137.8128,34.8541],[137.8204,34.8555],[137.8236,34.8547],[137.8254,34.8532],[137.8263,34.8407],[137.829,34.8311],[137.8257,34.8237],[137.83,34.8204],[137.8302,34.819],[137.8254,34.8067],[137.8251,34.8026],[137.8215,34.7996],[137.8202,34.7948],[137.8206,34.7928],[137.8239,34.7912],[137.8243,34.788],[137.823,34.782],[137.8199,34.7788],[137.8199,34.7748],[137.8169,34.7723],[137.8172,34.7709],[137.8207,34.7701],[137.8209,34.762],[137.8217,34.7607],[137.8203,34.7537],[137.8158,34.7439],[137.811,34.7389],[137.8076,34.7379],[137.805,34.7342],[137.8033,34.7281],[137.803,34.7202],[137.805,34.7161],[137.8043,34.7124],[137.8003,34.7097],[137.7986,34.707],[137.7994,34.7051],[137.7989,34.7],[137.7958,34.6959],[137.7954,34.6936],[137.7974,34.6894],[137.7948,34.6865],[137.7904,34.6781],[137.79,34.6716],[137.7907,34.6694],[137.7934,34.6672],[137.7938,34.6641],[137.7908,34.6538],[137.7918,34.6511],[137.7961,34.6489]],[[137.7961,34.6489],[137.7995,34.6468]],[[137.862,35.4974],[137.8618,35.4965],[137.862,35.4974]]]}},{"type":"Feature","properties":{"t":"riviere","km":75,"nom":"多摩川"},"geometry":{"type":"MultiLineString","coordinates":[[[139.7006,35.5548],[139.7034,35.5526],[139.7037,35.55],[139.6985,35.5451],[139.6981,35.5424],[139.6987,35.5403],[139.7026,35.537],[139.7071,35.5364],[139.7147,35.5372],[139.726,35.5423],[139.758,35.5434],[139.7956,35.525]],[[139.6693,35.585],[139.6764,35.5663],[139.6784,35.5635],[139.6807,35.5616],[139.6912,35.5569],[139.7006,35.5548]],[[139.6388,35.6008],[139.6528,35.5917],[139.6651,35.5894],[139.6693,35.585]],[[139.5988,35.6167],[139.6025,35.6179],[139.6076,35.6161],[139.6122,35.6131],[139.6232,35.611],[139.6388,35.6008]],[[139.5001,35.6521],[139.5166,35.6508],[139.5215,35.6478],[139.5278,35.6421],[139.5316,35.6405],[139.5379,35.6396],[139.5462,35.636],[139.5528,35.6363],[139.5637,35.6331],[139.5657,35.6311],[139.5695,35.624],[139.5822,35.62],[139.5915,35.6193],[139.5988,35.6167]],[[139.4439,35.6559],[139.4521,35.6533],[139.4549,35.6543],[139.4669,35.6502],[139.4727,35.6502],[139.4782,35.6521],[139.4917,35.653],[139.5001,35.6521]],[[139.4199,35.6793],[139.4244,35.6765],[139.4345,35.6656],[139.4367,35.6616],[139.4439,35.6559]],[[139.3748,35.6941],[139.3815,35.6923],[139.3948,35.6859],[139.4015,35.6847],[139.4097,35.6847],[139.4199,35.6793]],[[139.3298,35.7094],[139.333,35.7076],[139.3397,35.7001],[139.3426,35.6982],[139.3566,35.6949],[139.3748,35.6941]],[[139.3296,35.7103],[139.3298,35.7094]],[[139.3269,35.7272],[139.3289,35.7252],[139.3291,35.7189],[139.331,35.7141],[139.3296,35.7103]],[[139.3023,35.7561],[139.3055,35.7569],[139.3082,35.7558],[139.3095,35.7528],[139.3129,35.75],[139.3178,35.7433],[139.3208,35.733],[139.3269,35.7272]],[[139.296,35.7667],[139.2987,35.7579],[139.3023,35.7561]],[[139.28,35.7783],[139.2828,35.7755],[139.2885,35.7768],[139.2913,35.7758],[139.2958,35.7694],[139.296,35.7667]],[[139.2628,35.7849],[139.2705,35.7819],[139.2725,35.7828],[139.2771,35.7823],[139.28,35.7783]],[[139.2491,35.7851],[139.2543,35.7836],[139.2544,35.7861],[139.2553,35.7871],[139.2586,35.7834],[139.2609,35.7855],[139.2628,35.7849]],[[139.2398,35.785],[139.2431,35.7881],[139.2452,35.7877],[139.2472,35.7852],[139.2491,35.7851]],[[139.2296,35.7843],[139.231,35.7834],[139.2319,35.7809],[139.2335,35.7806],[139.2359,35.7814],[139.2398,35.785]],[[139.2293,35.7844],[139.2296,35.7843]],[[139.2258,35.794],[139.2278,35.7904],[139.2272,35.7882],[139.2281,35.7854],[139.2293,35.7844]],[[139.222,35.7955],[139.2233,35.794],[139.2258,35.794]],[[139.2175,35.7954],[139.219,35.7949],[139.2202,35.7966],[139.222,35.7955]],[[139.2089,35.8056],[139.2121,35.8061],[139.2134,35.8049],[139.2126,35.8015],[139.2151,35.8014],[139.2187,35.7979],[139.2175,35.7954]],[[139.2057,35.8047],[139.2089,35.8056]],[[139.1988,35.804],[139.2057,35.8047]],[[139.1879,35.8048],[139.1955,35.8033],[139.1988,35.804]],[[139.1759,35.8026],[139.1762,35.8004],[139.1773,35.7998],[139.1849,35.8007],[139.1859,35.8033],[139.1879,35.8048]],[[139.1689,35.8084],[139.1689,35.8069],[139.1713,35.8053],[139.174,35.8071],[139.1763,35.8069],[139.1759,35.8026]],[[139.1589,35.8087],[139.1626,35.8094],[139.1625,35.8122],[139.1645,35.8125],[139.168,35.8105],[139.1689,35.8084]],[[139.1384,35.8148],[139.1413,35.815],[139.1465,35.813],[139.1485,35.8142],[139.1541,35.8143],[139.1553,35.8116],[139.1589,35.8087]],[[139.1286,35.8134],[139.1317,35.8147],[139.1344,35.8112],[139.1359,35.814],[139.1384,35.8148]],[[139.124,35.8112],[139.1256,35.8129],[139.1286,35.8134]],[[139.1239,35.8111],[139.124,35.8112]],[[139.1239,35.8111],[139.1239,35.8111]],[[139.1238,35.8109],[139.1239,35.8111]],[[139.1096,35.8038],[139.1173,35.8122],[139.1238,35.8109]],[[139.1065,35.8019],[139.1096,35.8038]],[[139.0971,35.807],[139.0998,35.8078],[139.1041,35.8023],[139.1065,35.8019]],[[139.091,35.8012],[139.0919,35.8043],[139.0957,35.8055],[139.0971,35.807]],[[139.0793,35.8015],[139.0815,35.8012],[139.0826,35.7986],[139.084,35.7982],[139.0855,35.7998],[139.0847,35.8018],[139.0865,35.803],[139.0905,35.7997],[139.091,35.8012]],[[139.0764,35.7955],[139.0786,35.7967],[139.0784,35.8011],[139.0793,35.8015]],[[139.0682,35.793],[139.0709,35.7935],[139.0736,35.7927],[139.075,35.7951],[139.0764,35.7955]],[[139.0588,35.7914],[139.0599,35.7928],[139.0619,35.7907],[139.063,35.7909],[139.0632,35.7928],[139.065,35.7939],[139.0661,35.7921],[139.0682,35.793]],[[139.0493,35.7923],[139.0514,35.7938],[139.0534,35.7929],[139.0528,35.7892],[139.0551,35.7882],[139.0562,35.7886],[139.0568,35.791],[139.0588,35.7914]]]}},{"type":"Feature","properties":{"t":"riviere","km":80,"nom":"雄物川"},"geometry":{"type":"MultiLineString","coordinates":[[[140.3928,39.0511],[140.3946,39.0524],[140.3988,39.0523],[140.4016,39.0543]],[[140.4016,39.0543],[140.4065,39.0543],[140.4082,39.0523],[140.4109,39.0514]],[[140.4109,39.0514],[140.4141,39.0513]],[[140.4141,39.0513],[140.4189,39.0495]],[[140.4189,39.0495],[140.4225,39.0484],[140.4262,39.0526],[140.4271,39.055]],[[140.4271,39.055],[140.4291,39.0564],[140.4313,39.0563]],[[140.4313,39.0563],[140.4343,39.0571],[140.4402,39.063]],[[140.4402,39.063],[140.4415,39.0647]],[[140.4415,39.0647],[140.4419,39.0669]],[[140.4419,39.0669],[140.4441,39.07],[140.449,39.0718],[140.4534,39.0748],[140.4537,39.0781],[140.455,39.0801],[140.4656,39.0856],[140.4663,39.0876],[140.4694,39.0885],[140.474,39.0932]],[[140.474,39.0932],[140.4755,39.0939]],[[140.4755,39.0939],[140.4763,39.0963],[140.475,39.0981]],[[140.475,39.0981],[140.4747,39.0996],[140.4759,39.1007]],[[140.4759,39.1007],[140.4771,39.1013],[140.4768,39.1034],[140.4785,39.1065],[140.4769,39.1095],[140.4779,39.1123],[140.4774,39.1156],[140.4797,39.119],[140.4783,39.1209],[140.4806,39.1231],[140.481,39.1294]],[[140.481,39.1294],[140.482,39.1318],[140.4781,39.1392],[140.4794,39.1479]],[[140.4794,39.1479],[140.4798,39.1513]],[[140.4798,39.1513],[140.4778,39.1561],[140.4783,39.1586],[140.475,39.1632],[140.4753,39.165],[140.4737,39.1662],[140.4742,39.1686],[140.4734,39.1711],[140.4678,39.1721],[140.4649,39.1755]],[[140.4649,39.1755],[140.4639,39.1796],[140.4615,39.1812],[140.4575,39.181],[140.4527,39.1862]],[[140.4527,39.1862],[140.4496,39.1925]],[[140.4496,39.1925],[140.452,39.1975],[140.4517,39.1995],[140.4465,39.205],[140.4427,39.213],[140.4399,39.2152],[140.4399,39.2217]],[[140.4399,39.2217],[140.4383,39.2226],[140.4369,39.2264],[140.4378,39.2311],[140.4312,39.2356],[140.4306,39.2374],[140.4289,39.2383],[140.4257,39.238],[140.4202,39.2429],[140.413,39.2445]],[[140.413,39.2445],[140.4119,39.2461],[140.4151,39.2482],[140.4018,39.2548]],[[140.4018,39.2548],[140.4023,39.2587],[140.4005,39.2657],[140.3982,39.2689]],[[140.3982,39.2689],[140.3991,39.2743],[140.4026,39.2797]],[[140.4026,39.2797],[140.4068,39.2837]],[[140.4068,39.2837],[140.41,39.2852],[140.4114,39.2884],[140.4111,39.2936],[140.4095,39.2965],[140.4107,39.3004],[140.4195,39.3064],[140.4206,39.3103],[140.419,39.3154],[140.4213,39.3176],[140.4234,39.3252]],[[140.4233,39.3251],[140.4275,39.3312]],[[140.4275,39.3312],[140.428,39.3332],[140.4323,39.3356]],[[140.4323,39.3356],[140.4361,39.3368]],[[140.4361,39.3368],[140.4394,39.34],[140.4395,39.3418]],[[140.4395,39.3418],[140.4408,39.3435]],[[140.4408,39.3435],[140.4432,39.3455],[140.4461,39.3452],[140.4472,39.3466],[140.4524,39.3491]],[[140.4524,39.3491],[140.4531,39.3512],[140.4567,39.3542],[140.4582,39.3623]],[[140.4582,39.3623],[140.4607,39.3675],[140.463,39.3683]],[[140.463,39.3683],[140.4628,39.3782],[140.4607,39.3799],[140.4602,39.3837],[140.4608,39.3878]],[[140.4608,39.3878],[140.4648,39.3953]],[[140.4648,39.3953],[140.4661,39.4015],[140.4712,39.4061],[140.4723,39.409],[140.4759,39.41]],[[140.4759,39.41],[140.4786,39.4114],[140.4812,39.4151]],[[140.4812,39.4151],[140.4822,39.426],[140.4799,39.4308]],[[140.4799,39.4308],[140.4772,39.4333]],[[140.4772,39.4333],[140.4739,39.4372]],[[140.4739,39.4372],[140.4736,39.4387],[140.4744,39.4402]],[[140.4744,39.4402],[140.4737,39.4424],[140.4695,39.4479]],[[140.4695,39.4479],[140.4664,39.4525]],[[140.4664,39.4525],[140.463,39.4612],[140.4581,39.4673]],[[140.4581,39.4673],[140.4564,39.4696]],[[140.4564,39.4696],[140.4541,39.4709],[140.4535,39.4732]],[[140.4535,39.4732],[140.4512,39.4787]],[[140.4512,39.4787],[140.4492,39.4801]],[[140.4492,39.4801],[140.4388,39.4844]],[[140.4388,39.4844],[140.4307,39.4854],[140.4185,39.4847],[140.4115,39.4861]],[[140.4115,39.4861],[140.3861,39.4903]],[[140.3861,39.4903],[140.3859,39.4984]],[[140.3859,39.4984],[140.3825,39.5007],[140.3788,39.501]],[[140.3788,39.501],[140.3696,39.5077],[140.3665,39.5088],[140.3623,39.5089],[140.3592,39.5103],[140.3577,39.5124],[140.3575,39.5153]],[[140.3575,39.5153],[140.3618,39.5212]],[[140.3618,39.5212],[140.3622,39.5218]],[[140.3622,39.5218],[140.367,39.5315],[140.3648,39.5414],[140.3653,39.5452]],[[140.3653,39.5452],[140.362,39.5481]],[[140.362,39.5481],[140.3543,39.5545],[140.348,39.5573]],[[140.348,39.5573],[140.3397,39.5545],[140.3353,39.5554]],[[140.3353,39.5554],[140.3338,39.5563]],[[140.3338,39.5563],[140.3259,39.5611]],[[140.3259,39.5611],[140.3242,39.5624]],[[140.3242,39.5624],[140.3191,39.5624]],[[140.3191,39.5624],[140.315,39.5606]],[[140.315,39.5606],[140.3101,39.5591]],[[140.3101,39.5591],[140.3054,39.5578]],[[140.3054,39.5578],[140.2987,39.5572],[140.2903,39.5596]],[[140.2903,39.5596],[140.2873,39.5613]],[[140.2873,39.5613],[140.2847,39.5623],[140.2812,39.5605],[140.2734,39.5516],[140.2722,39.545],[140.2724,39.5383],[140.2736,39.5351]],[[140.2736,39.5351],[140.2743,39.5331]],[[140.2743,39.5331],[140.2762,39.5272]],[[140.2762,39.5272],[140.2783,39.5218],[140.2783,39.5191]],[[140.2783,39.5191],[140.2742,39.5159],[140.2645,39.5121]],[[140.2645,39.5121],[140.2557,39.512]],[[140.2557,39.512],[140.252,39.5135],[140.249,39.5192],[140.247,39.5367]],[[140.247,39.5367],[140.247,39.5372]],[[140.247,39.5372],[140.2447,39.5418]],[[140.2447,39.5418],[140.243,39.5424]],[[140.243,39.5424],[140.2414,39.5413],[140.2411,39.5374]],[[140.2411,39.5374],[140.2367,39.5332],[140.232,39.5318]],[[140.232,39.5318],[140.2278,39.5332],[140.2222,39.5385],[140.2193,39.5393]],[[140.2193,39.5393],[140.2112,39.5406]],[[140.2112,39.5406],[140.2084,39.5428]],[[140.2084,39.5428],[140.2085,39.5449],[140.2134,39.5522]],[[140.2134,39.5522],[140.2197,39.5565]],[[140.2197,39.5565],[140.2205,39.558],[140.2186,39.5634],[140.2136,39.5675]],[[140.2136,39.5675],[140.2034,39.5734]],[[140.2034,39.5734],[140.1998,39.5765],[140.1985,39.5796],[140.2019,39.5838]],[[140.2019,39.5838],[140.2113,39.5911],[140.2114,39.5973],[140.2097,39.5992]],[[140.2097,39.5992],[140.1991,39.5972],[140.1933,39.5951],[140.1792,39.5861]],[[140.1792,39.5861],[140.1744,39.5858]],[[140.1744,39.5858],[140.1697,39.587],[140.163,39.5922],[140.1607,39.5962],[140.1586,39.6036]],[[140.1586,39.6036],[140.1564,39.6127]],[[140.1564,39.6127],[140.15,39.6256]],[[140.15,39.6256],[140.1456,39.631],[140.1322,39.6373]],[[140.1322,39.6373],[140.1297,39.6407]],[[140.1297,39.6407],[140.1284,39.6445],[140.1296,39.6493],[140.1284,39.653]],[[140.1284,39.653],[140.1213,39.6606],[140.1174,39.6624]],[[140.1174,39.6624],[140.1114,39.6688]],[[140.1114,39.6688],[140.1078,39.6723]],[[140.1078,39.6723],[140.1049,39.676],[140.1007,39.6792],[140.0944,39.6891],[140.0896,39.6918]],[[140.0896,39.6918],[140.0878,39.6922]],[[140.0878,39.6922],[140.0606,39.6915]]]}},{"type":"Feature","properties":{"t":"riviere","km":83,"nom":"米代川"},"geometry":{"type":"MultiLineString","coordinates":[[[140.9619,40.1703],[140.9552,40.163],[140.9564,40.1612],[140.9563,40.1583],[140.9577,40.1545],[140.9556,40.1503],[140.9585,40.1474],[140.9576,40.1452]],[[140.9576,40.1452],[140.9535,40.1434],[140.9505,40.1402],[140.9457,40.1374]],[[140.9457,40.1374],[140.9415,40.1372],[140.9392,40.1386],[140.9381,40.1406],[140.9351,40.1396]],[[140.9351,40.1396],[140.9347,40.1385],[140.9289,40.1376],[140.927,40.1344],[140.9275,40.1322],[140.9266,40.1316]],[[140.9266,40.1316],[140.9236,40.133],[140.9212,40.1324],[140.9181,40.1306],[140.9162,40.1266],[140.9097,40.1271],[140.9045,40.1226],[140.9024,40.1192]],[[140.9024,40.1192],[140.8977,40.1183],[140.8973,40.1166],[140.8953,40.1153],[140.8892,40.1146],[140.889,40.1131]],[[140.889,40.1131],[140.8876,40.1121]],[[140.8876,40.1121],[140.8853,40.1136],[140.8806,40.114]],[[140.8806,40.114],[140.8782,40.1151]],[[140.8782,40.1151],[140.8715,40.1157]],[[140.8715,40.1157],[140.8711,40.1159]],[[140.8711,40.1159],[140.8669,40.1155]],[[140.8669,40.1155],[140.8647,40.1163],[140.8614,40.1221],[140.8587,40.1211],[140.8569,40.117],[140.853,40.1172],[140.8519,40.122],[140.8466,40.1214]],[[140.8466,40.1214],[140.8448,40.1209]],[[140.8448,40.1209],[140.8404,40.1195]],[[140.8404,40.1195],[140.8388,40.1194],[140.8361,40.1236],[140.8304,40.1228],[140.8295,40.1242]],[[140.8295,40.1242],[140.827,40.1249],[140.8222,40.1242],[140.8206,40.1256],[140.821,40.1274],[140.8239,40.13]],[[140.8239,40.13],[140.8206,40.1328],[140.815,40.1327],[140.8162,40.1368],[140.8157,40.138],[140.8096,40.1388]],[[140.8096,40.1388],[140.7965,40.1404]],[[140.7965,40.1404],[140.7963,40.1429]],[[140.7963,40.1429],[140.7917,40.15]],[[140.7917,40.15],[140.7921,40.1531]],[[140.7921,40.1531],[140.7918,40.1557],[140.7884,40.1578]],[[140.7884,40.1578],[140.7886,40.1613]],[[140.7886,40.1613],[140.7871,40.1698]],[[140.7871,40.1698],[140.7855,40.1741]],[[140.7855,40.1741],[140.7841,40.1759],[140.7839,40.1808],[140.7821,40.1849]],[[140.7821,40.1849],[140.7796,40.1974],[140.7775,40.2019],[140.7784,40.2036]],[[140.7784,40.2036],[140.7787,40.2072],[140.777,40.211],[140.7761,40.2192],[140.7793,40.2281],[140.7761,40.2318],[140.7762,40.2347]],[[140.7762,40.2347],[140.7766,40.2379]],[[140.7766,40.2379],[140.7727,40.2407]],[[140.7727,40.2407],[140.7706,40.2421],[140.7668,40.2475],[140.7632,40.2503],[140.7617,40.2533]],[[140.7617,40.2533],[140.7602,40.2545],[140.7575,40.2547]],[[140.7575,40.2547],[140.753,40.252]],[[140.753,40.252],[140.7508,40.2498],[140.7497,40.2453]],[[140.7497,40.2453],[140.7465,40.2438],[140.7381,40.2449],[140.7293,40.2422],[140.7271,40.237],[140.7282,40.2331]],[[140.7282,40.2331],[140.7281,40.2294],[140.7259,40.2267],[140.7192,40.2249]],[[140.7192,40.2249],[140.7128,40.2253]],[[140.7128,40.2253],[140.7095,40.226]],[[140.7095,40.226],[140.7066,40.2274]],[[140.7066,40.2274],[140.6999,40.2322]],[[140.6999,40.2322],[140.6982,40.2332],[140.6956,40.2326]],[[140.6956,40.2326],[140.693,40.2306],[140.6848,40.2304],[140.6797,40.2257]],[[140.6797,40.2257],[140.676,40.2198]],[[140.676,40.2198],[140.6713,40.217],[140.6637,40.2178]],[[140.6637,40.2178],[140.6588,40.2194],[140.6523,40.216]],[[140.6523,40.216],[140.6511,40.2156]],[[140.6511,40.2156],[140.6438,40.2139]],[[140.6438,40.2139],[140.6403,40.2143]],[[140.6403,40.2143],[140.6399,40.2143]],[[140.6399,40.2143],[140.6318,40.2145]],[[140.6318,40.2145],[140.6298,40.214]],[[140.6298,40.214],[140.6236,40.2128],[140.6159,40.2138],[140.6121,40.2157],[140.6047,40.222]],[[140.6047,40.222],[140.5986,40.2259],[140.5862,40.2287]],[[140.5862,40.2287],[140.5832,40.2307]],[[140.5832,40.2307],[140.5798,40.233],[140.5703,40.2347],[140.5672,40.2375],[140.5659,40.2398],[140.5657,40.2428],[140.5585,40.2491],[140.5574,40.2518],[140.5478,40.2554],[140.5442,40.2591],[140.5384,40.2599]],[[140.5384,40.2599],[140.5356,40.2625],[140.5306,40.2625],[140.5232,40.2664],[140.5172,40.267],[140.5109,40.2691],[140.5054,40.2691]],[[140.5054,40.2691],[140.5024,40.2669],[140.4984,40.2665],[140.4798,40.2683],[140.476,40.2669],[140.4732,40.2673]],[[140.4732,40.2673],[140.4682,40.2675]],[[140.4682,40.2675],[140.4634,40.2702]],[[140.4634,40.2702],[140.458,40.2689]],[[140.458,40.2689],[140.4488,40.2697],[140.4431,40.2687],[140.4405,40.2665]],[[140.4405,40.2665],[140.4406,40.2626]],[[140.4406,40.2626],[140.4376,40.2607],[140.4322,40.2613],[140.4309,40.2604],[140.4262,40.26]],[[140.4262,40.26],[140.4139,40.2629]],[[140.4139,40.2629],[140.4107,40.2624]],[[140.4107,40.2624],[140.4078,40.2605],[140.4083,40.2587],[140.406,40.2517]],[[140.406,40.2517],[140.4051,40.2505]],[[140.4051,40.2505],[140.4008,40.2465],[140.3984,40.2403]],[[140.3984,40.2403],[140.3925,40.2326],[140.3896,40.2268]],[[140.3896,40.2268],[140.3863,40.2226],[140.3678,40.2178],[140.3542,40.211]],[[140.3542,40.211],[140.3493,40.2107],[140.3424,40.2158],[140.3376,40.2165]],[[140.3376,40.2165],[140.3325,40.2131],[140.3282,40.2123]],[[140.3282,40.2123],[140.3215,40.215],[140.3161,40.2149]],[[140.3161,40.2149],[140.3098,40.212],[140.3051,40.2083]],[[140.3051,40.2083],[140.2975,40.2047],[140.2933,40.2055],[140.2897,40.208]],[[140.2897,40.208],[140.2857,40.2108],[140.2762,40.2094]],[[140.2762,40.2094],[140.272,40.2081],[140.2606,40.2017]],[[140.2606,40.2017],[140.2569,40.2004],[140.2547,40.2016],[140.2546,40.206],[140.2573,40.2124]],[[140.2573,40.2124],[140.2578,40.2155],[140.2566,40.2175],[140.2504,40.216]],[[140.2504,40.216],[140.2475,40.2106],[140.2372,40.2012]],[[140.2372,40.2012],[140.2298,40.1948],[140.2229,40.1922]],[[140.2229,40.1922],[140.2217,40.1926],[140.2194,40.196],[140.217,40.2026]],[[140.217,40.2026],[140.2103,40.2118],[140.1988,40.2213],[140.1927,40.2292],[140.191,40.2302],[140.1875,40.2307],[140.1842,40.2298],[140.1793,40.2236]],[[140.1793,40.2236],[140.1774,40.2216]],[[140.1774,40.2216],[140.1732,40.2215],[140.1624,40.2284],[140.1582,40.2292]],[[140.1582,40.2292],[140.1531,40.2293],[140.1476,40.2275]],[[140.1476,40.2275],[140.1427,40.2244]],[[140.1427,40.2244],[140.1405,40.2228],[140.1315,40.2198],[140.1204,40.2095],[140.1141,40.2092]],[[140.1141,40.2092],[140.0944,40.2128],[140.0912,40.2115],[140.0874,40.2049],[140.083,40.203]],[[140.083,40.203],[140.0764,40.2049],[140.0738,40.2069]],[[140.0738,40.2069],[140.0711,40.2076],[140.0657,40.2067],[140.0561,40.1955],[140.0538,40.1938],[140.0502,40.193],[140.0452,40.1946],[140.0431,40.197],[140.0431,40.2014],[140.0447,40.2071],[140.0441,40.2111],[140.0418,40.2142],[140.0374,40.2168],[140.0225,40.2206],[140.0022,40.2215]]]}},{"type":"Feature","properties":{"t":"riviere","km":107,"nom":"荒川"},"geometry":{"type":"MultiLineString","coordinates":[[[138.8482,35.9375],[138.8524,35.9373]],[[138.8524,35.9373],[138.8573,35.9413]],[[138.8573,35.9413],[138.8634,35.9422],[138.8733,35.9393]],[[138.8733,35.9393],[138.8762,35.9385],[138.8779,35.9405],[138.8811,35.939]],[[138.8811,35.939],[138.8848,35.9419]],[[138.8848,35.9419],[138.9022,35.941],[138.9063,35.9396],[138.9095,35.9415]],[[138.9095,35.9415],[138.9101,35.9419]],[[138.9101,35.9419],[138.9135,35.9438],[138.9141,35.9454],[138.9131,35.9468],[138.9146,35.9479],[138.9172,35.9477],[138.9176,35.9455],[138.9228,35.9463],[138.9261,35.9444]],[[138.9261,35.9444],[138.9304,35.9446]],[[138.9304,35.9446],[138.9334,35.9468],[138.9326,35.95],[138.9353,35.9524]],[[138.9353,35.9524],[138.9355,35.9526]],[[138.9355,35.9526],[138.9385,35.9525]],[[138.9385,35.9525],[138.9385,35.9514]],[[138.9385,35.9514],[138.9372,35.9501],[138.9376,35.947],[138.9414,35.9464],[138.942,35.9432],[138.946,35.9404],[138.9453,35.9382]],[[138.9453,35.9382],[138.944,35.9367]],[[138.944,35.9367],[138.9455,35.9358]],[[138.9455,35.9358],[138.9508,35.9367],[138.9551,35.9387],[138.9563,35.9408],[138.9607,35.9364],[138.9645,35.9386]],[[138.9645,35.9386],[138.9671,35.9401],[138.9678,35.9417],[138.9672,35.9435]],[[138.9672,35.9435],[138.97,35.9458],[138.9695,35.948]],[[138.9695,35.948],[138.9646,35.9504]],[[138.9646,35.9504],[138.9635,35.9515]],[[138.9635,35.9515],[138.9651,35.9543],[138.9639,35.9553]],[[138.9639,35.9553],[138.9668,35.957]],[[138.9668,35.957],[138.9757,35.9615],[138.983,35.9632]],[[138.983,35.9632],[138.994,35.9603],[138.9998,35.9615],[139.0054,35.9573],[139.0101,35.9569],[139.0114,35.9587],[139.0174,35.957]],[[139.0174,35.957],[139.019,35.9565],[139.0259,35.9596]],[[139.0259,35.9596],[139.0329,35.9623],[139.0339,35.9637],[139.041,35.9642],[139.0451,35.9663]],[[139.0451,35.9663],[139.0508,35.9691],[139.0527,35.9688],[139.0549,35.9658],[139.0558,35.9657],[139.0576,35.9679]],[[139.0576,35.9679],[139.0582,35.9723]],[[139.0582,35.9723],[139.0587,35.9735],[139.0649,35.9769]],[[139.0649,35.9769],[139.0657,35.9783],[139.0645,35.9798]],[[139.0645,35.9798],[139.0624,35.9803],[139.0574,35.9776],[139.0552,35.9794],[139.0563,35.9818]],[[139.0563,35.9818],[139.0597,35.9815],[139.0652,35.9875],[139.0707,35.9911]],[[139.0707,35.9911],[139.0682,36.0006],[139.072,36.0031]],[[139.072,36.0031],[139.0763,36.0039],[139.0769,36.0084]],[[139.0769,36.0084],[139.0782,36.0131],[139.0828,36.015],[139.0873,36.0198]],[[139.0873,36.0198],[139.0895,36.0218],[139.09,36.0238],[139.0884,36.0276],[139.0858,36.0292],[139.0912,36.0336],[139.0942,36.0411],[139.0987,36.0428],[139.0994,36.0447]],[[139.0994,36.0447],[139.0986,36.0466],[139.0988,36.0503]],[[139.0988,36.0503],[139.099,36.0538],[139.0954,36.0578]],[[139.0954,36.0578],[139.0932,36.0613]],[[139.0932,36.0613],[139.0912,36.0634],[139.0876,36.0648],[139.0863,36.0682]],[[139.0863,36.0682],[139.0877,36.0705],[139.0945,36.0739],[139.0958,36.0761],[139.0958,36.0785]],[[139.0958,36.0785],[139.096,36.0792]],[[139.096,36.0792],[139.0969,36.0801]],[[139.0969,36.0801],[139.1013,36.0815],[139.1069,36.0805],[139.1116,36.0828]],[[139.1116,36.0828],[139.1172,36.085],[139.1186,36.0865]],[[139.1186,36.0865],[139.117,36.0896],[139.1167,36.0937],[139.1142,36.0972],[139.1146,36.0992]],[[139.3751,36.1366],[139.3776,36.1367],[139.3853,36.1335]],[[139.3853,36.1335],[139.3896,36.1329],[139.3927,36.13],[139.3946,36.1258],[139.4048,36.1209],[139.4187,36.1096],[139.4306,36.104],[139.4325,36.1013],[139.4328,36.0929],[139.4352,36.0876],[139.4377,36.0847],[139.4421,36.083],[139.4453,36.0829]],[[139.4453,36.0829],[139.4498,36.084],[139.4534,36.0818],[139.4539,36.0805]],[[139.4539,36.0805],[139.4567,36.0789],[139.459,36.0746],[139.4653,36.0708]],[[139.4653,36.0708],[139.4668,36.0695]],[[139.4668,36.0695],[139.467,36.0674],[139.4728,36.0604],[139.4824,36.0592],[139.4916,36.056]],[[139.4916,36.056],[139.4952,36.0534]],[[139.4952,36.0534],[139.4979,36.0507]],[[139.4979,36.0507],[139.5006,36.047],[139.502,36.0429]],[[139.502,36.0429],[139.5025,36.0413]],[[139.5025,36.0413],[139.5042,36.0331]],[[139.5042,36.0331],[139.505,36.0276]],[[139.505,36.0276],[139.5047,36.0246],[139.5012,36.0198],[139.5006,36.013]],[[139.5006,36.013],[139.5027,36.0054],[139.5023,36.0042]],[[139.5023,36.0042],[139.5017,36.0034]],[[139.5017,36.0034],[139.5005,36.0021],[139.5006,36.0009],[139.5055,35.9962]],[[139.5055,35.9962],[139.5087,35.9956],[139.5115,35.9917],[139.5118,35.9889],[139.5204,35.9817]],[[139.5204,35.9817],[139.5268,35.9773]],[[139.5268,35.9773],[139.5323,35.9719]],[[139.5323,35.9719],[139.5349,35.9677]],[[139.5349,35.9677],[139.5406,35.9594]],[[139.5406,35.9594],[139.5409,35.9562],[139.545,35.9527]],[[139.545,35.9527],[139.5449,35.9473]],[[139.5449,35.9473],[139.5458,35.9417],[139.5414,35.9358]],[[139.5414,35.9358],[139.5399,35.9343],[139.5395,35.9319],[139.5405,35.9251],[139.5467,35.9088]],[[139.5467,35.9088],[139.5493,35.9062],[139.5542,35.9049]],[[139.5542,35.9049],[139.5587,35.9015],[139.5598,35.8992]],[[139.5598,35.8992],[139.5661,35.8835],[139.5747,35.8744]],[[139.5747,35.8744],[139.5761,35.8721]],[[139.5761,35.8721],[139.5775,35.8689]],[[139.5775,35.8689],[139.5794,35.8632],[139.5865,35.8597]],[[139.5865,35.8597],[139.5907,35.8533],[139.5977,35.8483],[139.604,35.8411]],[[139.604,35.8411],[139.6042,35.8407]],[[139.6042,35.8407],[139.6077,35.8343]],[[139.6077,35.8343],[139.6096,35.832],[139.6137,35.8308]],[[139.6137,35.8308],[139.6168,35.8303]],[[139.6168,35.8303],[139.6197,35.8282],[139.6224,35.8243],[139.6228,35.8193],[139.6217,35.8117]],[[139.6217,35.8117],[139.629,35.8064],[139.6404,35.8025]],[[139.6404,35.8025],[139.6495,35.8001],[139.6544,35.8003]],[[139.6544,35.8003],[139.6688,35.8004],[139.6772,35.7989],[139.6881,35.8008],[139.6924,35.8006],[139.6969,35.7989],[139.7047,35.7937],[139.7118,35.792]],[[139.7118,35.792],[139.7189,35.792],[139.726,35.789],[139.7311,35.7887]],[[139.7311,35.7887],[139.7362,35.7879],[139.7408,35.7827]],[[139.7408,35.7827],[139.7413,35.7819]],[[139.7413,35.7819],[139.7453,35.776],[139.7585,35.7691],[139.7616,35.7621],[139.7685,35.758],[139.7775,35.757],[139.8006,35.7596]],[[139.8006,35.7596],[139.8059,35.7585]],[[139.8059,35.7585],[139.811,35.7556],[139.8149,35.7517]],[[139.8149,35.7517],[139.8172,35.7489]],[[139.8172,35.7489],[139.8182,35.7472]],[[139.8182,35.7472],[139.8203,35.7435]],[[139.8203,35.7435],[139.8254,35.7355],[139.8428,35.719]],[[139.8428,35.719],[139.8534,35.7079],[139.8571,35.6995],[139.8571,35.6949],[139.8557,35.6902],[139.85,35.6818]],[[139.85,35.6818],[139.847,35.675],[139.8457,35.6587],[139.8465,35.6544]],[[139.8465,35.6544],[139.846,35.6483]],[[139.846,35.6483],[139.8449,35.6356]],[[139.1146,36.0992],[139.1125,36.1008],[139.113,36.1046]],[[139.113,36.1046],[139.113,36.105]],[[139.113,36.105],[139.1133,36.1082],[139.1155,36.1084],[139.1162,36.1102],[139.1191,36.1129],[139.1186,36.1146]],[[139.1186,36.1146],[139.1153,36.1168],[139.1138,36.1216]],[[139.1138,36.1216],[139.1138,36.1235],[139.1162,36.1241],[139.1184,36.1261]],[[139.1184,36.1261],[139.1206,36.1293],[139.1275,36.133],[139.1318,36.1342],[139.1336,36.1342],[139.1392,36.1303],[139.1425,36.1299],[139.1435,36.1289],[139.1477,36.1302],[139.1481,36.133]],[[139.1481,36.133],[139.1554,36.1339],[139.158,36.1327],[139.1561,36.1248],[139.1568,36.1219]],[[139.1568,36.1219],[139.1581,36.1194]],[[139.1581,36.1194],[139.1619,36.1158],[139.1641,36.1152],[139.1731,36.1174]],[[139.1731,36.1174],[139.1807,36.1187],[139.1815,36.1142]],[[139.1815,36.1142],[139.1817,36.1136]],[[139.1817,36.1136],[139.1859,36.1127],[139.1911,36.1094]],[[139.1911,36.1094],[139.1936,36.1089],[139.1983,36.112]],[[139.1983,36.112],[139.2041,36.1163]],[[139.2041,36.1163],[139.2068,36.1208]],[[139.2068,36.1208],[139.2169,36.1202],[139.2257,36.1173]],[[139.2257,36.1173],[139.2349,36.1183]],[[139.2349,36.1183],[139.2409,36.1184]],[[139.2409,36.1184],[139.2507,36.1185],[139.2531,36.1196]],[[139.2531,36.1196],[139.2639,36.1327]],[[139.2639,36.1327],[139.2691,36.1343]],[[139.2691,36.1343],[139.2719,36.135]],[[139.2719,36.135],[139.2756,36.1341],[139.2873,36.1343],[139.2911,36.133]],[[139.2911,36.133],[139.2971,36.1343]],[[139.2971,36.1343],[139.3033,36.1365]],[[139.3033,36.1365],[139.3076,36.1381]],[[139.3076,36.1381],[139.3175,36.1371]],[[139.3175,36.1371],[139.3252,36.135],[139.336,36.1381],[139.3402,36.1383],[139.3442,36.1372],[139.3502,36.1387]]]}},{"type":"Feature","properties":{"t":"riviere","km":56,"nom":"淀川"},"geometry":{"type":"MultiLineString","coordinates":[[[135.9062,34.9826],[135.9071,34.9752],[135.9053,34.9664],[135.9063,34.964],[135.9104,34.9595],[135.911,34.9512],[135.9119,34.9486],[135.9104,34.9445]],[[135.9104,34.9445],[135.9103,34.9377]],[[135.9103,34.9377],[135.9149,34.9329]],[[135.9149,34.9329],[135.9159,34.9297]],[[135.9159,34.9297],[135.9166,34.9278]],[[135.9166,34.9278],[135.9167,34.9255],[135.9127,34.9215],[135.9135,34.9131]],[[135.9135,34.9131],[135.909,34.9112]],[[135.909,34.9112],[135.9017,34.9108],[135.8963,34.9152],[135.8848,34.9153]],[[135.8848,34.9153],[135.8789,34.9162]],[[135.8789,34.9162],[135.8729,34.9158],[135.8714,34.9132]],[[135.8714,34.9132],[135.8712,34.91],[135.8691,34.9075]],[[135.8691,34.9075],[135.8674,34.907]],[[135.8674,34.907],[135.8629,34.9031],[135.8673,34.8969],[135.8677,34.8937],[135.8666,34.8921]],[[135.8666,34.8921],[135.8622,34.8912],[135.8593,34.8864]],[[135.8593,34.8864],[135.8596,34.8849],[135.8587,34.8837],[135.8549,34.8844],[135.8491,34.882],[135.8446,34.8767],[135.8438,34.8716],[135.8426,34.8705],[135.8342,34.8699],[135.8282,34.8809]],[[135.8282,34.8809],[135.8281,34.8809]],[[135.8281,34.8809],[135.8242,34.8824],[135.8206,34.8815],[135.8165,34.883]],[[135.8165,34.883],[135.8041,34.8948],[135.799,34.9022]],[[135.799,34.9022],[135.7959,34.9065],[135.7909,34.9085],[135.7898,34.9109],[135.7903,34.9148],[135.7894,34.9202],[135.7852,34.924],[135.7785,34.9278],[135.7758,34.9281]],[[135.7758,34.9281],[135.7686,34.9271],[135.7535,34.9208]],[[135.7535,34.9208],[135.7429,34.9186],[135.741,34.9173],[135.7392,34.9141]],[[135.7392,34.9141],[135.7325,34.905],[135.7275,34.9009]],[[135.7275,34.9009],[135.72,34.8966],[135.6987,34.8913],[135.6888,34.8915],[135.685,34.8902],[135.6827,34.8879]],[[135.6827,34.8879],[135.6806,34.8841]],[[135.6806,34.8841],[135.6781,34.8787]],[[135.6781,34.8787],[135.6775,34.8757],[135.6755,34.8729]],[[135.6755,34.8729],[135.6721,34.8694]],[[135.6721,34.8694],[135.6699,34.8676],[135.6665,34.8575],[135.6641,34.8546]],[[135.6641,34.8546],[135.663,34.854]],[[135.663,34.854],[135.6626,34.8538]],[[135.6626,34.8538],[135.657,34.851]],[[135.657,34.851],[135.6524,34.8479]],[[135.6524,34.8479],[135.65,34.8406],[135.6468,34.8356],[135.6458,34.83]],[[135.6458,34.83],[135.6443,34.8285]],[[135.6443,34.8285],[135.6413,34.8208]],[[135.6413,34.8208],[135.6395,34.8187]],[[135.6395,34.8187],[135.6375,34.8168]],[[135.6375,34.8168],[135.6222,34.8102],[135.619,34.8071]],[[135.619,34.8071],[135.6163,34.8029],[135.6124,34.7924]],[[135.6124,34.7924],[135.6097,34.7883]],[[135.6097,34.7883],[135.6054,34.7836],[135.5876,34.7694],[135.5824,34.7636],[135.5718,34.7574],[135.5617,34.755]],[[135.5617,34.755],[135.5587,34.7531],[135.5569,34.7506],[135.555,34.7406],[135.5513,34.7369],[135.5431,34.7341],[135.5249,34.733],[135.5214,34.7311],[135.5186,34.7271],[135.5144,34.7237]],[[135.5144,34.7237],[135.5136,34.723]],[[135.5136,34.723],[135.5076,34.7197],[135.5037,34.7189]],[[135.5037,34.7189],[135.4901,34.7163],[135.4599,34.6981],[135.452,34.6942],[135.4409,34.6896],[135.4202,34.6829]]]}},{"type":"Feature","properties":{"t":"riviere","km":136,"nom":"吉野川"},"geometry":{"type":"MultiLineString","coordinates":[[[133.1963,33.7606],[133.1949,33.7564],[133.1971,33.7537],[133.1984,33.7546],[133.1985,33.7524]],[[133.1985,33.7524],[133.1997,33.7526],[133.1994,33.751],[133.2011,33.7501],[133.2009,33.749],[133.2018,33.7485]],[[133.2018,33.7485],[133.2032,33.7485],[133.2056,33.7506],[133.2093,33.7482],[133.2116,33.7488],[133.2139,33.7477]],[[133.2139,33.7477],[133.219,33.7437],[133.2192,33.7421],[133.2212,33.7415],[133.2213,33.7397]],[[133.2213,33.7397],[133.2223,33.7393]],[[133.2223,33.7393],[133.2279,33.7336],[133.2284,33.732]],[[133.2284,33.732],[133.2333,33.7313],[133.2341,33.7304],[133.2332,33.7294]],[[133.2332,33.7294],[133.2328,33.7288]],[[133.2328,33.7288],[133.2365,33.7285],[133.2405,33.7257]],[[133.2405,33.7257],[133.243,33.7271]],[[133.243,33.7271],[133.2422,33.728],[133.2428,33.7289],[133.2459,33.7282],[133.2502,33.7295],[133.2504,33.7319]],[[133.2504,33.7319],[133.2553,33.7323]],[[133.2553,33.7323],[133.2572,33.7302],[133.2629,33.7306],[133.2652,33.7282],[133.2686,33.7283],[133.2691,33.7259],[133.2711,33.7262]],[[133.2711,33.7262],[133.273,33.729],[133.2772,33.7293]],[[133.2772,33.7293],[133.2787,33.7304],[133.2803,33.7303]],[[133.2803,33.7303],[133.2839,33.7291]],[[133.2841,33.729],[133.2855,33.7288]],[[133.2839,33.7291],[133.2841,33.729]],[[133.2855,33.7288],[133.2913,33.727],[133.2959,33.7285],[133.3017,33.7285]],[[133.3017,33.7285],[133.3079,33.7251]],[[133.3079,33.7251],[133.314,33.725],[133.3179,33.7282],[133.322,33.7283],[133.3253,33.7301],[133.3265,33.7296],[133.3297,33.7324],[133.3332,33.7328],[133.3339,33.7336]],[[133.3339,33.7336],[133.3358,33.7349],[133.3358,33.7364]],[[133.3358,33.7364],[133.3346,33.7443]],[[133.3346,33.7443],[133.333,33.7489]],[[133.333,33.7489],[133.3332,33.751],[133.3316,33.7527],[133.3305,33.7577]],[[133.3305,33.7577],[133.3303,33.7614],[133.333,33.7625],[133.3377,33.7673]],[[133.3377,33.7673],[133.338,33.7684],[133.3368,33.77]],[[133.3368,33.77],[133.3367,33.7701]],[[133.3367,33.7701],[133.336,33.7709]],[[133.336,33.7709],[133.3366,33.7724],[133.3417,33.7723],[133.3442,33.7761]],[[133.3442,33.7761],[133.3476,33.7781],[133.3476,33.7805],[133.3506,33.7825],[133.3519,33.7845]],[[133.3519,33.7845],[133.3542,33.7869],[133.357,33.7873],[133.3589,33.7895],[133.3682,33.7939],[133.3703,33.7978]],[[133.3703,33.7978],[133.3713,33.7987]],[[133.3713,33.7987],[133.3807,33.798]],[[133.3807,33.798],[133.3821,33.7978],[133.3845,33.7952],[133.3877,33.7959],[133.392,33.792]],[[133.392,33.792],[133.3946,33.7918]],[[133.3946,33.7918],[133.3961,33.7886]],[[133.3961,33.7886],[133.3981,33.7885],[133.4011,33.7905],[133.4058,33.7905],[133.4129,33.7866]],[[133.4129,33.7866],[133.4225,33.7885]],[[133.4225,33.7885],[133.4285,33.7867]],[[133.4285,33.7867],[133.4341,33.7883],[133.4372,33.7871],[133.4463,33.7873],[133.4496,33.7825],[133.4523,33.7813]],[[133.4523,33.7813],[133.4567,33.7812],[133.4619,33.7833]],[[133.4619,33.7833],[133.4775,33.7799]],[[133.4775,33.7799],[133.478,33.78]],[[133.478,33.78],[133.4816,33.7827],[133.4846,33.7889],[133.49,33.792]],[[133.49,33.792],[133.4902,33.7922]],[[133.4902,33.7922],[133.4922,33.7924],[133.4934,33.7915]],[[133.4934,33.7915],[133.4999,33.7856],[133.5052,33.7839]],[[133.5052,33.7839],[133.5078,33.7815],[133.508,33.7783],[133.5102,33.7744],[133.5107,33.7711],[133.5123,33.7693]],[[133.5123,33.7693],[133.5155,33.767],[133.5188,33.7664]],[[133.5188,33.7664],[133.5258,33.7631]],[[133.5258,33.7631],[133.5343,33.7523],[133.537,33.7504],[133.5404,33.7515],[133.5448,33.7546],[133.5452,33.7558],[133.5437,33.7597]],[[133.5437,33.7597],[133.5451,33.7602],[133.5511,33.7565]],[[133.5511,33.7565],[133.5617,33.7494]],[[133.5617,33.7494],[133.5649,33.7478]],[[133.5649,33.7478],[133.5696,33.7489],[133.5739,33.7555],[133.578,33.7563]],[[133.578,33.7563],[133.579,33.7567]],[[133.579,33.7567],[133.5805,33.7576]],[[133.5805,33.7576],[133.5824,33.7598],[133.5842,33.7602]],[[133.5842,33.7602],[133.585,33.7602]],[[133.585,33.7602],[133.5869,33.7607]],[[133.5869,33.7607],[133.5926,33.7601]],[[133.5926,33.7601],[133.5945,33.7566],[133.5964,33.7572]],[[133.5964,33.7572],[133.5949,33.7618],[133.6003,33.7643],[133.6028,33.7624]],[[133.6028,33.7624],[133.605,33.7585],[133.6079,33.7613],[133.6121,33.7608],[133.6173,33.7619]],[[133.6173,33.7619],[133.6204,33.7641]],[[133.6204,33.7641],[133.6221,33.7666]],[[133.6221,33.7666],[133.6243,33.7688],[133.6271,33.7694],[133.6307,33.7639],[133.6342,33.7637],[133.6351,33.7659],[133.6324,33.7675],[133.6309,33.7719],[133.6316,33.7736],[133.6343,33.774],[133.6378,33.7731],[133.6463,33.7683]],[[133.6463,33.7683],[133.6478,33.7684]],[[133.6478,33.7684],[133.6521,33.772],[133.6576,33.773],[133.6519,33.7768],[133.6518,33.7779],[133.6545,33.7787]],[[133.6545,33.7787],[133.6581,33.7771],[133.6657,33.777]],[[133.6657,33.777],[133.675,33.7767],[133.6767,33.7783],[133.6772,33.7824],[133.6792,33.7846],[133.6898,33.7838],[133.6929,33.7851]],[[133.6929,33.7851],[133.6949,33.7872],[133.7012,33.7874]],[[133.7012,33.7874],[133.7021,33.7873]],[[133.7021,33.7873],[133.7074,33.7881],[133.7125,33.7829],[133.7169,33.7844]],[[133.7169,33.7844],[133.7219,33.7872]],[[133.7219,33.7872],[133.725,33.788],[133.7287,33.7859],[133.7292,33.7865]],[[133.7292,33.7865],[133.7329,33.7898],[133.7419,33.7891],[133.7496,33.7925]],[[133.7496,33.7925],[133.7566,33.796]],[[133.7566,33.796],[133.7574,33.7982],[133.7622,33.7994],[133.7666,33.8032],[133.7688,33.8079]],[[133.7688,33.8079],[133.7701,33.8116],[133.7736,33.8156],[133.7775,33.8183]],[[133.7775,33.8183],[133.7858,33.8223],[133.7884,33.8248]],[[133.7884,33.8248],[133.7901,33.829],[133.7899,33.8332],[133.7886,33.8364]],[[133.7886,33.8364],[133.7869,33.8417]],[[133.7869,33.8417],[133.7877,33.8428],[133.7866,33.8462],[133.7881,33.8498],[133.7874,33.8525]],[[133.7874,33.8525],[133.784,33.8579]],[[133.784,33.8579],[133.7797,33.8627],[133.7776,33.8636]],[[133.7776,33.8636],[133.7751,33.8647]],[[133.7751,33.8647],[133.7732,33.8669],[133.7741,33.8701]],[[133.7741,33.8701],[133.7718,33.8729]],[[133.7718,33.8729],[133.7668,33.876]],[[133.7668,33.876],[133.7637,33.8771]],[[133.7637,33.8771],[133.7612,33.8786],[133.7612,33.8795]],[[133.7612,33.8795],[133.7603,33.8836]],[[133.7603,33.8836],[133.7608,33.8865],[133.7571,33.8913],[133.7551,33.8987]],[[133.7551,33.8987],[133.7536,33.9014]],[[133.7536,33.9014],[133.7555,33.9076],[133.7585,33.9106]],[[133.7585,33.9106],[133.7603,33.9134],[133.7579,33.9148],[133.7573,33.9169],[133.7616,33.9261],[133.7606,33.929],[133.7559,33.9346],[133.756,33.9357]],[[133.756,33.9357],[133.7575,33.9409],[133.766,33.9504],[133.7612,33.9565],[133.7575,33.9584],[133.7552,33.961]],[[133.7552,33.961],[133.7562,33.9658],[133.7583,33.9685],[133.7613,33.97],[133.7649,33.9702]],[[133.7649,33.9702],[133.7671,33.9706]],[[133.7671,33.9706],[133.7728,33.9692],[133.7786,33.9707]],[[133.7786,33.9707],[133.7829,33.9727],[133.7862,33.9768],[133.7858,33.9827],[133.7885,33.9892],[133.7915,33.9902],[133.7919,33.9928]],[[133.7919,33.9928],[133.7902,33.9969]],[[133.7902,33.9969],[133.7868,34.0044]],[[133.7868,34.0044],[133.7838,34.0117],[133.785,34.0151],[133.783,34.0202]],[[133.783,34.0202],[133.7822,34.0226],[133.783,34.0248],[133.7873,34.0272]],[[133.7873,34.0272],[133.7898,34.0279],[133.7974,34.033],[133.8089,34.0333],[133.8166,34.0311]],[[133.8166,34.0311],[133.828,34.0297]],[[133.828,34.0297],[133.8357,34.0329],[133.8381,34.0331]],[[133.8381,34.0331],[133.8431,34.0336]],[[133.8431,34.0336],[133.8501,34.0331],[133.8589,34.0356]],[[133.8589,34.0356],[133.8609,34.0357]],[[133.8609,34.0357],[133.8658,34.0343]],[[133.8658,34.0343],[133.8759,34.0331],[133.8806,34.0315]],[[133.8806,34.0315],[133.8854,34.0325],[133.8903,34.035]],[[133.8903,34.035],[133.8929,34.0354],[133.8951,34.0342]],[[133.8951,34.0342],[133.8978,34.0338]],[[133.8978,34.0338],[133.9024,34.0336],[133.9085,34.0369]],[[133.9085,34.0369],[133.9104,34.0384]],[[133.9104,34.0384],[133.9144,34.0426]],[[133.9144,34.0426],[133.9186,34.0484]],[[133.9186,34.0484],[133.9215,34.0502],[133.9323,34.0495]],[[133.9323,34.0495],[133.9381,34.0474]],[[133.9381,34.0474],[133.9397,34.0468]],[[133.9397,34.0468],[133.9492,34.043]],[[133.9492,34.043],[133.9534,34.0423]],[[133.9534,34.0423],[133.9592,34.0407]],[[133.9592,34.0407],[133.9637,34.0393]],[[133.9637,34.0393],[133.9686,34.038]],[[133.9686,34.038],[133.9738,34.039]],[[133.9738,34.039],[133.985,34.0405]],[[133.985,34.0405],[133.997,34.0367]],[[133.997,34.0367],[134.0041,34.0384]],[[134.0041,34.0384],[134.0092,34.0391],[134.0119,34.0375]],[[134.0119,34.0375],[134.0157,34.0395]],[[134.0157,34.0395],[134.0208,34.0429]],[[134.0208,34.0429],[134.0248,34.0449],[134.0288,34.045]],[[134.0288,34.045],[134.0362,34.0444]],[[134.0362,34.0444],[134.0391,34.0441]],[[134.0391,34.0441],[134.0445,34.0435]],[[134.0445,34.0435],[134.0478,34.0442]],[[134.0478,34.0442],[134.0552,34.0441]],[[134.0552,34.0441],[134.0581,34.0457],[134.0653,34.0467]],[[134.0653,34.0467],[134.0701,34.0467],[134.0775,34.0486],[134.0803,34.0479]],[[134.0803,34.0479],[134.084,34.0492]],[[134.084,34.0492],[134.0873,34.0533]],[[134.0873,34.0533],[134.0898,34.0544],[134.0914,34.0541]],[[134.0914,34.0541],[134.0977,34.0546]],[[134.0977,34.0546],[134.1015,34.0549]],[[134.1015,34.0549],[134.1053,34.0538]],[[134.1053,34.0538],[134.1075,34.0535]],[[134.1075,34.0535],[134.1133,34.0538]],[[134.1133,34.0538],[134.1171,34.0548],[134.1258,34.0605]],[[134.1258,34.0605],[134.1303,34.0624]],[[134.1303,34.0624],[134.1397,34.0648]],[[134.1397,34.0648],[134.1461,34.0653]],[[134.1461,34.0653],[134.1507,34.0642],[134.1631,34.0574],[134.171,34.0561],[134.1761,34.0569],[134.1857,34.0612],[134.1894,34.064]],[[134.1894,34.064],[134.1908,34.0647]],[[134.1908,34.0647],[134.1975,34.0652]],[[134.3573,34.092],[134.364,34.091],[134.3792,34.0863],[134.3854,34.0875],[134.3907,34.0913],[134.3968,34.094],[134.4034,34.0952],[134.4132,34.0954]],[[134.4132,34.0954],[134.4177,34.096]],[[134.4177,34.096],[134.4273,34.1013],[134.4303,34.104],[134.4361,34.1062]],[[134.4361,34.1062],[134.4481,34.1057],[134.4564,34.1112],[134.4607,34.1099]],[[134.4607,34.1099],[134.4666,34.1126],[134.4717,34.1129],[134.4779,34.111],[134.4836,34.107],[134.4879,34.1057]],[[134.4879,34.1057],[134.4987,34.108]],[[134.4987,34.108],[134.5048,34.1084],[134.5087,34.1074]],[[134.5087,34.1074],[134.5189,34.1035]],[[134.5189,34.1035],[134.532,34.1032],[134.5486,34.0975]],[[134.5486,34.0975],[134.5492,34.0973]],[[134.5492,34.0973],[134.5661,34.0915]],[[134.5661,34.0915],[134.5763,34.0873]],[[134.5763,34.0873],[134.5798,34.0858]],[[134.5798,34.0858],[134.5862,34.0825],[134.6003,34.0783]],[[134.2683,34.0723],[134.2733,34.0717],[134.2795,34.0722],[134.2866,34.0736],[134.2896,34.0759],[134.2946,34.0769],[134.2985,34.0759],[134.3096,34.0805],[134.3133,34.0801],[134.3173,34.0812],[134.3215,34.0848],[134.3298,34.0879],[134.346,34.0883]],[[134.2126,34.0659],[134.2239,34.0657],[134.2277,34.0669],[134.2302,34.0698],[134.2359,34.0712]],[[134.1975,34.0652],[134.1977,34.0663],[134.2033,34.0678],[134.2066,34.0678],[134.2093,34.0662],[134.2126,34.0659]],[[134.1975,34.0652],[134.2123,34.0626]],[[134.2123,34.0626],[134.214,34.0622]],[[134.214,34.0622],[134.2223,34.0634],[134.2279,34.0661]],[[134.2279,34.0661],[134.2339,34.0681]],[[134.2339,34.0681],[134.2353,34.069],[134.2359,34.0712],[134.2396,34.0717]],[[134.2396,34.0717],[134.2405,34.0717]],[[134.2405,34.0717],[134.2523,34.0705],[134.2652,34.0712],[134.2683,34.0723]],[[134.2683,34.0723],[134.27,34.0719]],[[134.27,34.0719],[134.2738,34.069]],[[134.2738,34.069],[134.2785,34.0677],[134.2804,34.0688],[134.2842,34.0672],[134.2863,34.0656],[134.2862,34.0645],[134.2893,34.0637],[134.2917,34.0637],[134.2937,34.0662],[134.3064,34.0629],[134.3117,34.0632],[134.3166,34.0663],[134.3181,34.0696],[134.3225,34.0749],[134.3269,34.0781],[134.334,34.0795],[134.34,34.0861],[134.342,34.0868]],[[134.342,34.0868],[134.346,34.0883]],[[134.346,34.0883],[134.3539,34.089],[134.3573,34.092]]]}},{"type":"Feature","properties":{"t":"riviere","km":174,"nom":"北上川"},"geometry":{"type":"MultiLineString","coordinates":[[[141.454,38.5735],[141.462,38.5756]],[[141.4452,38.571],[141.454,38.5735]],[[141.4306,38.5622],[141.4382,38.568],[141.4452,38.571]],[[141.414,38.5418],[141.4195,38.5431],[141.4232,38.5458],[141.4268,38.5514],[141.4282,38.5584],[141.4306,38.5622]],[[141.3834,38.5371],[141.3994,38.5406],[141.414,38.5418]],[[141.3744,38.5321],[141.3834,38.5371]],[[141.3291,38.5163],[141.3353,38.519],[141.3418,38.5239],[141.3468,38.5264],[141.3509,38.5273],[141.3628,38.5272],[141.3714,38.53],[141.3744,38.5321]],[[141.3058,38.5186],[141.3074,38.5141],[141.3128,38.5111],[141.3166,38.5114],[141.3291,38.5163]],[[141.2957,38.5612],[141.297,38.5594],[141.303,38.5573],[141.3053,38.5543],[141.3052,38.5524],[141.3021,38.5468],[141.3016,38.5425],[141.3023,38.5395],[141.3064,38.5341],[141.3069,38.5256],[141.3058,38.5186]],[[141.2964,38.5654],[141.2957,38.5612]],[[141.2973,38.5672],[141.2964,38.5654]],[[141.2998,38.5765],[141.2973,38.5672]],[[141.2999,38.5769],[141.2998,38.5765]],[[141.3027,38.5897],[141.2999,38.5769]],[[141.2999,38.5992],[141.3024,38.5942],[141.3027,38.5897]],[[141.2961,38.6046],[141.2961,38.6035],[141.2999,38.5992]],[[141.2968,38.6084],[141.2961,38.6046]],[[141.2968,38.6085],[141.2968,38.6084]],[[141.2963,38.6152],[141.2968,38.6085]],[[141.293,38.6235],[141.2963,38.6152]],[[141.291,38.6277],[141.293,38.6235]],[[141.2855,38.6376],[141.291,38.6277]],[[141.2858,38.654],[141.2838,38.6464],[141.2855,38.6376]],[[141.2897,38.6918],[141.2858,38.6848],[141.2851,38.6694],[141.2876,38.6593],[141.2858,38.654]],[[141.2917,38.7158],[141.2857,38.7085],[141.2899,38.695],[141.2897,38.6918]],[[141.2907,38.7205],[141.2936,38.7185],[141.2917,38.7158]],[[141.2843,38.7175],[141.2866,38.7197],[141.2907,38.7205]],[[141.2683,38.7095],[141.2722,38.7061],[141.2767,38.7058],[141.282,38.712],[141.2843,38.7175]],[[141.2684,38.718],[141.2672,38.7129],[141.2683,38.7095]],[[141.268,38.7263],[141.2684,38.718]],[[141.2729,38.7641],[141.2777,38.7552],[141.282,38.7523],[141.2836,38.7499],[141.2788,38.7435],[141.2688,38.7331],[141.2673,38.73],[141.268,38.7263]],[[141.2708,38.7658],[141.2729,38.7641]],[[141.2634,38.7802],[141.2665,38.775],[141.2682,38.7681],[141.2708,38.7658]],[[141.263,38.7874],[141.2634,38.7802]],[[141.2628,38.7875],[141.263,38.7874]],[[141.2475,38.7918],[141.251,38.7896],[141.2581,38.7897],[141.2628,38.7875]],[[141.2513,38.8266],[141.2527,38.8184],[141.2471,38.8026],[141.2475,38.7918]],[[141.2594,38.8304],[141.2513,38.8266]],[[141.2546,38.8518],[141.2548,38.8506],[141.2603,38.8481],[141.2626,38.8433],[141.2626,38.84],[141.2604,38.8314],[141.2594,38.8304]],[[141.2601,38.8766],[141.2624,38.8701],[141.2629,38.8652],[141.2596,38.8573],[141.2546,38.8518]],[[141.2657,38.8951],[141.2601,38.8766]],[[141.2592,38.9012],[141.2652,38.8978],[141.2657,38.8951]],[[141.2367,38.9125],[141.2432,38.9094],[141.2489,38.9045],[141.2592,38.9012]],[[141.2107,38.9386],[141.2179,38.9356],[141.2208,38.9321],[141.23,38.9246],[141.2316,38.9209],[141.2367,38.9157],[141.2367,38.9125]],[[141.2104,38.9389],[141.2107,38.9386]],[[141.1759,38.9501],[141.1849,38.9492],[141.1957,38.9506],[141.208,38.9485],[141.2099,38.9468],[141.2089,38.9424],[141.2104,38.9389]],[[141.1725,38.9496],[141.1759,38.9501]],[[141.1702,38.9491],[141.1725,38.9496]],[[141.1631,38.9511],[141.1661,38.9493],[141.1702,38.9491]],[[141.1576,38.9573],[141.1631,38.9511]],[[141.1569,38.9586],[141.1576,38.9573]],[[141.1569,38.9601],[141.1569,38.9586]],[[141.16,38.9695],[141.1593,38.965],[141.1569,38.9601]],[[141.16,38.9702],[141.16,38.9695]],[[141.1535,38.9767],[141.1589,38.973],[141.16,38.9702]],[[141.145,38.9756],[141.1535,38.9767]],[[141.1386,38.9751],[141.145,38.9756]],[[141.1289,38.9843],[141.1309,38.9784],[141.1386,38.9751]],[[141.1283,38.9866],[141.1289,38.9843]],[[141.1172,38.998],[141.1247,38.9927],[141.1283,38.9866]],[[141.1185,39.0049],[141.1167,38.9995],[141.1172,38.998]],[[141.119,39.0069],[141.1185,39.0049]],[[141.1397,39.0257],[141.1399,39.0236],[141.1384,39.0216],[141.1332,39.0196],[141.1223,39.0127],[141.1199,39.0099],[141.119,39.0069]],[[141.1301,39.0284],[141.132,39.0275],[141.137,39.0278],[141.1397,39.0257]],[[141.1442,39.0383],[141.1354,39.0366],[141.13,39.0344],[141.1285,39.0313],[141.1301,39.0284]],[[141.1507,39.0456],[141.1478,39.0402],[141.1442,39.0383]],[[141.1595,39.0594],[141.1507,39.0456]],[[141.1611,39.0612],[141.1595,39.0594]],[[141.1648,39.0657],[141.1611,39.0612]],[[141.1803,39.0779],[141.1739,39.0745],[141.1648,39.0657]],[[141.1879,39.0858],[141.188,39.0829],[141.1867,39.0809],[141.1803,39.0779]],[[141.1874,39.0891],[141.1879,39.0858]],[[141.1841,39.0954],[141.1874,39.0891]],[[141.184,39.0993],[141.1841,39.0954]],[[141.1833,39.1032],[141.184,39.0993]],[[141.1817,39.1169],[141.1836,39.1075],[141.1833,39.1032]],[[141.1744,39.1403],[141.175,39.1349],[141.1788,39.1299],[141.1821,39.1212],[141.1817,39.1169]],[[141.1638,39.1645],[141.1658,39.1619],[141.1673,39.1539],[141.1744,39.1403]],[[141.1438,39.1782],[141.1472,39.172],[141.1513,39.1697],[141.1593,39.1678],[141.1638,39.1645]],[[141.1436,39.1817],[141.1438,39.1782]],[[141.1421,39.1911],[141.1436,39.1817]],[[141.1359,39.1956],[141.1403,39.1943],[141.1421,39.1911]],[[141.1321,39.1954],[141.1359,39.1956]],[[141.1278,39.1971],[141.1321,39.1954]],[[141.1272,39.1974],[141.1278,39.1971]],[[141.1275,39.2219],[141.1292,39.22],[141.1299,39.2169],[141.129,39.2073],[141.1258,39.2006],[141.1272,39.1974]],[[141.1253,39.2235],[141.1275,39.2219]],[[141.1117,39.226],[141.1191,39.2253],[141.1253,39.2235]],[[141.1099,39.2263],[141.1117,39.226]],[[141.1034,39.2303],[141.1039,39.2278],[141.1099,39.2263]],[[141.1048,39.2318],[141.1034,39.2303]],[[141.1213,39.2613],[141.1191,39.2566],[141.1111,39.2467],[141.1048,39.2318]],[[141.1217,39.2621],[141.1213,39.2613]],[[141.1232,39.2642],[141.1217,39.2621]],[[141.1239,39.2694],[141.1245,39.2664],[141.1232,39.2642]],[[141.1236,39.2706],[141.1239,39.2694]],[[141.1242,39.2722],[141.1236,39.2706]],[[141.1244,39.2728],[141.1242,39.2722]],[[141.1247,39.2757],[141.1244,39.2728]],[[141.1323,39.2851],[141.1269,39.2808],[141.1247,39.2757]],[[141.1396,39.29],[141.1323,39.2851]],[[141.1445,39.2937],[141.1396,39.29]],[[141.1474,39.2962],[141.1445,39.2937]],[[141.1488,39.3006],[141.1474,39.2962]],[[141.1499,39.3061],[141.1488,39.3006]],[[141.1555,39.3138],[141.1528,39.3114],[141.1499,39.3061]],[[141.1554,39.3277],[141.1568,39.3174],[141.1555,39.3138]],[[141.155,39.3298],[141.1554,39.3277]],[[141.1525,39.3327],[141.155,39.3298]],[[141.1385,39.3414],[141.1377,39.337],[141.1394,39.3347],[141.1525,39.3327]],[[141.1402,39.3581],[141.1431,39.3539],[141.143,39.352],[141.1385,39.3414]],[[141.1321,39.3646],[141.136,39.3606],[141.1402,39.3581]],[[141.1302,39.3787],[141.1315,39.375],[141.1321,39.3646]],[[141.1293,39.391],[141.1302,39.3787]],[[141.1294,39.3924],[141.1293,39.391]],[[141.1297,39.3941],[141.1294,39.3924]],[[141.1325,39.3989],[141.1297,39.3941]],[[141.1541,39.4053],[141.1473,39.4009],[141.1365,39.4009],[141.1325,39.3989]],[[141.1627,39.4155],[141.1541,39.4053]],[[141.1636,39.4162],[141.1627,39.4155]],[[141.1728,39.4208],[141.1636,39.4162]],[[141.1751,39.4238],[141.1728,39.4208]],[[141.1753,39.4243],[141.1751,39.4238]],[[141.1706,39.4309],[141.1741,39.4279],[141.1753,39.4243]],[[141.1443,39.4398],[141.1454,39.4362],[141.1518,39.4334],[141.1706,39.4309]],[[141.1444,39.4405],[141.1443,39.4398]],[[141.1469,39.4429],[141.1444,39.4405]],[[141.1517,39.4471],[141.1469,39.4429]],[[141.153,39.457],[141.1546,39.453],[141.1517,39.4471]],[[141.1624,39.468],[141.1535,39.4613],[141.1526,39.4591],[141.153,39.457]],[[141.1619,39.474],[141.1628,39.4702],[141.1624,39.468]],[[141.1584,39.4771],[141.1619,39.474]],[[141.1521,39.488],[141.1531,39.4813],[141.1584,39.4771]],[[141.1531,39.4922],[141.1521,39.488]],[[141.1583,39.4962],[141.1531,39.4922]],[[141.1604,39.4978],[141.1583,39.4962]],[[141.1644,39.5028],[141.1604,39.4978]],[[141.167,39.5057],[141.1644,39.5028]],[[141.1761,39.5125],[141.167,39.5057]],[[141.1873,39.5172],[141.1864,39.5154],[141.1849,39.5148],[141.1796,39.5162],[141.1788,39.5142],[141.1761,39.5125]],[[141.1756,39.5356],[141.1751,39.5301],[141.1762,39.526],[141.1806,39.5248],[141.1856,39.5248],[141.1875,39.5238],[141.1881,39.5211],[141.1873,39.5172]],[[141.1766,39.5428],[141.1756,39.5356]],[[141.1757,39.5565],[141.1748,39.5524],[141.1766,39.5428]],[[141.1772,39.5643],[141.1757,39.5565]],[[141.1815,39.5835],[141.1776,39.5809],[141.177,39.5792],[141.1799,39.5715],[141.1772,39.5643]],[[141.1909,39.588],[141.1815,39.5835]],[[141.1956,39.5915],[141.1909,39.588]],[[141.1965,39.5929],[141.1956,39.5915]],[[141.1973,39.5939],[141.1965,39.5929]],[[141.1943,39.6029],[141.1962,39.6009],[141.1973,39.5978]],[[141.1822,39.6252],[141.1823,39.6157],[141.1943,39.6029]],[[141.1815,39.6274],[141.1822,39.6252]],[[141.1777,39.6447],[141.1781,39.6422],[141.1817,39.6361],[141.1815,39.6274]],[[141.1813,39.6525],[141.1802,39.6486],[141.1777,39.6447]],[[141.1805,39.6556],[141.1813,39.6525]],[[141.1725,39.658],[141.1805,39.6556]],[[141.1719,39.6594],[141.1725,39.658]],[[141.1704,39.6656],[141.1719,39.6594]],[[141.1615,39.6741],[141.169,39.6681],[141.1704,39.6656]],[[141.1613,39.6839],[141.1602,39.6778],[141.1615,39.6741]],[[141.1456,39.6945],[141.1537,39.6908],[141.1613,39.6839]],[[141.1289,39.7246],[141.1276,39.7205],[141.1309,39.7135],[141.1393,39.7033],[141.1417,39.6971],[141.1456,39.6945]],[[141.1274,39.7329],[141.1279,39.7316],[141.1314,39.7296],[141.1289,39.7246]],[[141.1491,39.746],[141.1467,39.7458],[141.1433,39.747],[141.141,39.7465],[141.1377,39.7414],[141.1373,39.7374],[141.1337,39.7374],[141.1289,39.7391],[141.1274,39.7377]],[[141.1485,39.7526],[141.1491,39.746]],[[141.1485,39.7528],[141.1485,39.7526]],[[141.1641,39.776],[141.1638,39.7746],[141.1662,39.7715],[141.1662,39.7697],[141.1648,39.768],[141.1595,39.7664],[141.152,39.7667],[141.1516,39.7658],[141.1544,39.7622],[141.1536,39.7606],[141.1514,39.7601],[141.146,39.7631],[141.1436,39.7627],[141.1415,39.761],[141.1422,39.7584],[141.1465,39.7575],[141.1485,39.7528]],[[141.1676,39.7821],[141.1686,39.7785],[141.1641,39.776]],[[141.1631,39.7942],[141.1676,39.7821]],[[141.1503,39.825],[141.1508,39.8231],[141.1556,39.8217],[141.1527,39.8195],[141.1518,39.8168],[141.1545,39.8141],[141.1548,39.8123],[141.1484,39.8102],[141.1478,39.8082],[141.152,39.807],[141.1552,39.8082],[141.1622,39.8081],[141.1605,39.8033],[141.1659,39.801],[141.1625,39.7977],[141.1631,39.7942]],[[141.1508,39.827],[141.1503,39.825]],[[141.1512,39.8303],[141.1497,39.8293],[141.1508,39.827]],[[141.1564,39.832],[141.1512,39.8303]],[[141.1613,39.834],[141.1601,39.8322],[141.1564,39.832]],[[141.1614,39.8353],[141.1613,39.834]],[[141.1615,39.8426],[141.1622,39.8408],[141.1614,39.8353]],[[141.1615,39.8448],[141.1615,39.8426]],[[141.1687,39.8525],[141.1677,39.8495],[141.1625,39.8481],[141.1615,39.8448]],[[141.1687,39.8567],[141.1687,39.8525]],[[141.1731,39.8675],[141.1752,39.8663],[141.1763,39.8636],[141.1682,39.8614],[141.1675,39.8604],[141.1687,39.8567]],[[141.1825,39.873],[141.1723,39.8705],[141.1713,39.8685],[141.1731,39.8675]],[[141.1898,39.883],[141.1847,39.8779],[141.1843,39.8734],[141.1825,39.873]],[[141.1903,39.8839],[141.1898,39.883]],[[141.1971,39.8975],[141.1954,39.8958],[141.1934,39.8953],[141.1902,39.8919],[141.1904,39.8905],[141.1926,39.8885],[141.1903,39.8839]],[[141.1962,39.9048],[141.1985,39.9002],[141.1971,39.8975]],[[141.1958,39.9057],[141.1962,39.9048]],[[141.1953,39.9066],[141.1958,39.9057]],[[141.1983,39.9246],[141.1971,39.9234],[141.1979,39.9207],[141.1936,39.9145],[141.1965,39.9123],[141.1967,39.9097],[141.1948,39.9086],[141.1953,39.9066]],[[141.1897,39.9348],[141.1949,39.9326],[141.194,39.9303],[141.1946,39.929],[141.1991,39.9286],[141.1983,39.9246]],[[141.1903,39.9376],[141.1897,39.9348]],[[141.2026,39.9388],[141.2002,39.9401],[141.1965,39.9403],[141.1903,39.9376]],[[141.2129,39.9391],[141.2126,39.9383],[141.2096,39.9397],[141.2026,39.9388]],[[141.2156,39.9505],[141.2173,39.9485],[141.2136,39.9446],[141.2133,39.9414],[141.2121,39.9406],[141.2129,39.9391]],[[141.2181,39.9665],[141.2155,39.9645],[141.2166,39.9627],[141.2163,39.9611],[141.2138,39.9587],[141.2161,39.956],[141.2136,39.9528],[141.2156,39.9505]],[[141.2246,39.9757],[141.2211,39.9737],[141.2202,39.9723],[141.2206,39.9704],[141.2181,39.9665]],[[141.2283,39.9795],[141.2283,39.9776],[141.225,39.9772],[141.2246,39.9757]],[[141.225,39.9907],[141.2263,39.987],[141.2256,39.9854],[141.2269,39.9846],[141.2263,39.9839],[141.2273,39.9824],[141.2265,39.9805],[141.2283,39.9795]],[[141.2312,39.9962],[141.2303,39.9946],[141.225,39.9907]],[[141.2319,39.9967],[141.2312,39.9962]],[[141.239,40.0044],[141.2383,40.0025],[141.2341,39.9998],[141.2319,39.9967]],[[141.2399,40.006],[141.239,40.0044]],[[141.235,40.014],[141.2355,40.0113],[141.2391,40.0101],[141.2399,40.006]],[[141.2355,40.0256],[141.2374,40.0217],[141.236,40.0196],[141.2365,40.0152],[141.235,40.014]],[[141.2371,40.0301],[141.237,40.027],[141.2355,40.0256]],[[141.2313,40.0483],[141.2353,40.0458],[141.237,40.0433],[141.2371,40.0301]],[[141.2188,40.0491],[141.2211,40.0486],[141.2288,40.0493],[141.2313,40.0483]],[[141.2186,40.0492],[141.2188,40.0491]],[[141.2141,40.049],[141.2166,40.0484],[141.2186,40.0492]],[[141.1274,39.7377],[141.128,39.7349],[141.1274,39.7329]],[[141.1975,39.5971],[141.1973,39.5939]],[[141.1973,39.5978],[141.1975,39.5971]]]}},{"type":"Feature","properties":{"t":"riviere","km":67,"nom":"尻別川"},"geometry":{"type":"MultiLineString","coordinates":[[[141.1513,42.7414],[141.1491,42.7397],[141.1425,42.7392]],[[141.1425,42.7392],[141.1398,42.7369],[141.1366,42.7376],[141.134,42.7357],[141.1303,42.7363],[141.126,42.7354],[141.1248,42.7367],[141.1211,42.7364],[141.1191,42.7339],[141.112,42.7331],[141.1085,42.7344],[141.1065,42.7339],[141.1027,42.7361],[141.1002,42.7364]],[[141.1002,42.7364],[141.0925,42.7339],[141.0844,42.7341],[141.0808,42.7348],[141.0788,42.7369],[141.0733,42.7361],[141.0691,42.7378],[141.0648,42.7364],[141.0643,42.7354],[141.0599,42.7355]],[[141.0599,42.7355],[141.0582,42.7356]],[[141.0582,42.7356],[141.0501,42.7389],[141.0391,42.7381],[141.0344,42.7398]],[[141.0344,42.7398],[141.0324,42.741],[141.0247,42.742],[141.0212,42.7434],[141.0183,42.7477],[141.0138,42.7501],[141.0131,42.7538]],[[141.0131,42.7538],[141.0071,42.758],[141.0019,42.7578],[140.9989,42.7606],[140.9895,42.7628],[140.9865,42.7649],[140.9798,42.7627],[140.9737,42.7625]],[[140.9737,42.7625],[140.972,42.7628],[140.9714,42.7666],[140.9693,42.7696],[140.9624,42.7697],[140.9595,42.7683],[140.9552,42.7708]],[[140.9552,42.7708],[140.951,42.7771]],[[140.951,42.7771],[140.9469,42.7796],[140.9461,42.7811],[140.9454,42.7836],[140.9463,42.7857],[140.9446,42.7868],[140.9427,42.7861]],[[140.9427,42.7861],[140.9377,42.7839],[140.9335,42.7844],[140.9334,42.7886],[140.9345,42.7914],[140.9297,42.794],[140.9294,42.7965]],[[140.9294,42.7965],[140.9276,42.7977]],[[140.9276,42.7977],[140.927,42.7998],[140.9195,42.8024],[140.915,42.8024],[140.9095,42.8048],[140.904,42.804],[140.8921,42.8051],[140.8904,42.811],[140.8866,42.814],[140.8868,42.8187]],[[140.8868,42.8187],[140.8863,42.821]],[[140.8863,42.821],[140.8853,42.8232],[140.8881,42.8259],[140.8874,42.8278]],[[140.8874,42.8278],[140.8887,42.8298],[140.8917,42.8308]],[[140.8917,42.8308],[140.8924,42.8321],[140.8916,42.8351]],[[140.8916,42.8351],[140.8893,42.8445],[140.8857,42.8483]],[[140.8857,42.8483],[140.8775,42.8565],[140.8757,42.8613]],[[140.8757,42.8613],[140.8735,42.8636],[140.8697,42.864]],[[140.8697,42.864],[140.8676,42.8666]],[[140.8676,42.8666],[140.8673,42.8667]],[[140.8673,42.8667],[140.8629,42.8676],[140.8595,42.8638],[140.8588,42.8649],[140.8599,42.8684],[140.8595,42.8708],[140.8555,42.8732],[140.8553,42.8761]],[[140.8553,42.8761],[140.8537,42.8768],[140.852,42.8745],[140.851,42.875],[140.8496,42.8779],[140.845,42.883],[140.8437,42.8895],[140.8383,42.8903]],[[140.8383,42.8903],[140.8328,42.8945],[140.8273,42.8943]],[[140.8273,42.8943],[140.826,42.897],[140.8242,42.8976],[140.8177,42.8922],[140.8144,42.8943],[140.8112,42.8948],[140.8066,42.8925],[140.8059,42.889],[140.8048,42.8879],[140.7986,42.8879],[140.795,42.8868],[140.7884,42.8902],[140.7837,42.895],[140.7778,42.8975]],[[140.7778,42.8975],[140.7726,42.8991]],[[140.7726,42.8991],[140.7688,42.8984],[140.7627,42.894],[140.7582,42.8926],[140.7545,42.8887]],[[140.7545,42.8887],[140.7518,42.886],[140.747,42.8843]],[[140.747,42.8843],[140.7457,42.8835]],[[140.7457,42.8835],[140.743,42.8816]],[[140.743,42.8816],[140.7354,42.8779]],[[140.7354,42.8779],[140.7338,42.8771]],[[140.7338,42.8771],[140.7326,42.8762],[140.7322,42.8726]],[[140.7322,42.8726],[140.729,42.8707],[140.7303,42.8653],[140.732,42.8633],[140.7312,42.8611],[140.7282,42.8597],[140.7304,42.8566],[140.7262,42.8571],[140.7243,42.8552],[140.7248,42.8539],[140.7271,42.8535]],[[140.7271,42.8535],[140.7274,42.852],[140.726,42.8513],[140.7226,42.8543],[140.7216,42.858],[140.7176,42.8579]],[[140.7176,42.8579],[140.7155,42.8571]],[[140.7155,42.8571],[140.7144,42.8554],[140.7184,42.8541]],[[140.7184,42.8541],[140.7231,42.8451],[140.7198,42.8447],[140.717,42.8408],[140.7185,42.8384],[140.7151,42.8364]],[[140.7151,42.8364],[140.715,42.8328],[140.7186,42.8318],[140.7208,42.8302],[140.7178,42.829],[140.718,42.8241],[140.7162,42.8241],[140.7143,42.8277],[140.7124,42.8284],[140.7099,42.8238],[140.712,42.8209],[140.7043,42.8221],[140.702,42.819],[140.6965,42.8198],[140.6947,42.8176]],[[140.6947,42.8176],[140.6912,42.8114],[140.6887,42.8118],[140.6834,42.8104]],[[140.6834,42.8104],[140.6819,42.8078],[140.6781,42.8067]],[[140.6781,42.8067],[140.676,42.805],[140.6773,42.8036],[140.6771,42.8019]],[[140.6771,42.8019],[140.675,42.801],[140.6719,42.797]],[[140.6719,42.797],[140.6706,42.7971],[140.6675,42.8014]],[[140.6675,42.8014],[140.6669,42.803]],[[140.6669,42.803],[140.6614,42.8006],[140.6596,42.7965],[140.6581,42.7959]],[[140.6581,42.7959],[140.6548,42.7966],[140.6539,42.7999],[140.6494,42.8057]],[[140.6494,42.8057],[140.6477,42.805],[140.6471,42.8022],[140.6407,42.8002]],[[140.6407,42.8002],[140.6395,42.8004],[140.6391,42.8018],[140.6423,42.8044],[140.6402,42.8065]],[[140.6402,42.8065],[140.6337,42.8057]],[[140.6337,42.8057],[140.6336,42.8047],[140.632,42.8037],[140.6224,42.8015]],[[140.6224,42.8015],[140.6214,42.8017],[140.6199,42.8042]],[[140.6199,42.8042],[140.6134,42.8054],[140.6104,42.8032]],[[140.6104,42.8032],[140.6039,42.7987]],[[140.6039,42.7987],[140.6026,42.7986]],[[140.6026,42.7986],[140.6008,42.8003],[140.5984,42.801]],[[140.5984,42.801],[140.5962,42.801]],[[140.5962,42.801],[140.5926,42.8019]],[[140.5926,42.8019],[140.5892,42.8004],[140.5845,42.8027]],[[140.5845,42.8027],[140.5832,42.8044],[140.5855,42.8071],[140.5857,42.8089]],[[140.5857,42.8089],[140.5843,42.8099]],[[140.5843,42.8099],[140.5781,42.8093]],[[140.5781,42.8093],[140.5746,42.8094],[140.5743,42.8113]],[[140.5743,42.8113],[140.5721,42.8151],[140.5684,42.8128],[140.5663,42.8138],[140.5655,42.8165],[140.5632,42.8161]],[[140.5632,42.8161],[140.5561,42.8157],[140.5572,42.8198]],[[140.5572,42.8198],[140.5569,42.8222]],[[140.5569,42.8222],[140.5537,42.8223],[140.5507,42.8201]],[[140.5507,42.8201],[140.5447,42.8166]],[[140.5447,42.8166],[140.5417,42.8156]],[[140.5417,42.8156],[140.5338,42.8173]],[[140.5338,42.8173],[140.5281,42.8162],[140.5249,42.8105]],[[140.5249,42.8105],[140.5221,42.8065],[140.5182,42.8056]],[[140.5182,42.8056],[140.5133,42.806]],[[140.5133,42.806],[140.5091,42.8059]],[[140.5091,42.8059],[140.4979,42.8069],[140.4955,42.8062]],[[140.4955,42.8062],[140.4933,42.8048],[140.4848,42.8032]],[[140.4848,42.8032],[140.4755,42.8004],[140.4707,42.801]],[[140.4707,42.801],[140.4694,42.802],[140.4689,42.8042],[140.4729,42.808],[140.4729,42.8095],[140.4677,42.8109],[140.4572,42.8107],[140.4546,42.8115],[140.4528,42.8124],[140.4522,42.8139],[140.4536,42.8182]],[[140.4536,42.8182],[140.4535,42.8213]],[[140.4535,42.8213],[140.4523,42.8221],[140.4435,42.8227],[140.4422,42.8243],[140.4425,42.8263]],[[140.4425,42.8263],[140.4418,42.828],[140.4386,42.8291]],[[140.4386,42.8291],[140.4368,42.8293]],[[140.4368,42.8293],[140.4324,42.831]],[[140.4324,42.831],[140.4265,42.8304]],[[140.4265,42.8304],[140.4236,42.8311],[140.4221,42.8349]],[[140.4221,42.8349],[140.4213,42.8386],[140.4194,42.8397]],[[140.4194,42.8397],[140.4171,42.8384]],[[140.4171,42.8384],[140.4142,42.8368],[140.4087,42.8357]],[[140.4087,42.8357],[140.4049,42.8351]],[[140.4049,42.8351],[140.4028,42.8359]],[[140.4028,42.8359],[140.4018,42.838],[140.4036,42.8442],[140.4024,42.8461]],[[140.4024,42.8461],[140.402,42.8462]],[[140.402,42.8462],[140.3947,42.8442]],[[140.3947,42.8442],[140.3918,42.8451],[140.3888,42.848]],[[140.3888,42.848],[140.386,42.8527]],[[140.386,42.8527],[140.3849,42.8566]],[[140.3849,42.8566],[140.3869,42.8618],[140.3865,42.8641]],[[140.3865,42.8641],[140.3835,42.866]],[[140.3835,42.866],[140.3792,42.8673]],[[140.3792,42.8673],[140.3751,42.8684]],[[140.3751,42.8684],[140.3709,42.8707]],[[140.3709,42.8707],[140.3688,42.8723]],[[140.3688,42.8723],[140.3653,42.8775]]]}},{"type":"Feature","properties":{"t":"riviere","km":63,"nom":"黒部川"},"geometry":{"type":"MultiLineString","coordinates":[[[137.5938,36.4026],[137.591,36.4002],[137.582,36.4]],[[137.582,36.4],[137.5736,36.4041],[137.5701,36.4039]],[[137.5701,36.4039],[137.5658,36.4044]],[[137.5658,36.4044],[137.5622,36.4043]],[[137.5622,36.4043],[137.555,36.4088],[137.5513,36.4125]],[[137.5513,36.4125],[137.5492,36.4129],[137.5467,36.4153]],[[137.5467,36.4153],[137.5432,36.4242],[137.5453,36.4264],[137.5451,36.4278],[137.5468,36.4285]],[[137.5468,36.4285],[137.5537,36.4334],[137.5585,36.4319],[137.5595,36.4304],[137.5624,36.4309],[137.5655,36.4334],[137.5662,36.4387],[137.5653,36.4399],[137.5666,36.4408],[137.5666,36.4472],[137.5686,36.4494],[137.569,36.4514],[137.5736,36.4561]],[[137.5736,36.4561],[137.5746,36.458],[137.5735,36.4609],[137.572,36.462],[137.5725,36.4682],[137.5739,36.4691],[137.5721,36.4722],[137.5731,36.4731]],[[137.5731,36.4731],[137.574,36.4749],[137.5713,36.4773],[137.5732,36.4816],[137.572,36.4829],[137.574,36.4858],[137.5763,36.4861],[137.576,36.487],[137.5793,36.4908],[137.5826,36.4912],[137.5851,36.4928],[137.59,36.4927],[137.5916,36.4937]],[[137.5916,36.4937],[137.5972,36.4927],[137.5985,36.4933],[137.5998,36.4925],[137.6013,36.4935]],[[137.6013,36.4935],[137.6068,36.4936],[137.6083,36.4948],[137.6103,36.4933],[137.6133,36.4967],[137.6208,36.4967]],[[137.6208,36.4967],[137.6222,36.499],[137.6283,36.4994],[137.628,36.5022],[137.6301,36.502]],[[137.6301,36.502],[137.6317,36.504],[137.6362,36.506],[137.6353,36.5081],[137.6369,36.5097]],[[137.6369,36.5097],[137.6353,36.5125],[137.6366,36.5148],[137.634,36.5168],[137.6341,36.5187],[137.6399,36.526],[137.6435,36.5342],[137.6503,36.5423],[137.6563,36.5456],[137.662,36.5537],[137.6607,36.5616],[137.6621,36.5664]],[[137.6621,36.5664],[137.6621,36.5665]],[[137.6621,36.5665],[137.6625,36.5691]],[[137.6625,36.5691],[137.6641,36.5712],[137.6671,36.5723],[137.6659,36.5747],[137.667,36.5788],[137.6644,36.5804],[137.666,36.5828]],[[137.666,36.5828],[137.6692,36.5821],[137.6712,36.5829]],[[137.6712,36.5829],[137.673,36.5873],[137.6771,36.5881],[137.6784,36.5893]],[[137.6784,36.5893],[137.6802,36.5917],[137.6807,36.596]],[[137.6807,36.596],[137.6787,36.6029],[137.6791,36.6055]],[[137.6791,36.6055],[137.6819,36.6055],[137.6868,36.6087]],[[137.6868,36.6087],[137.687,36.6112],[137.6843,36.6192],[137.6848,36.6222],[137.6865,36.6235]],[[137.6865,36.6235],[137.6904,36.6294],[137.6892,36.6361],[137.6861,36.6373],[137.6871,36.6427],[137.6854,36.6454]],[[137.6854,36.6454],[137.6814,36.645],[137.6798,36.6461]],[[137.6798,36.6461],[137.6797,36.6487]],[[137.6797,36.6487],[137.6819,36.6494]],[[137.6819,36.6494],[137.6819,36.6494]],[[137.6819,36.6494],[137.686,36.6511],[137.6858,36.6527],[137.684,36.6538],[137.6849,36.6561],[137.6791,36.6564],[137.6779,36.6583]],[[137.6779,36.6583],[137.6781,36.6593],[137.6802,36.6604],[137.6794,36.6639],[137.6798,36.6684],[137.6812,36.6702]],[[137.6812,36.6702],[137.6805,36.6719],[137.6742,36.6721]],[[137.6742,36.6721],[137.6753,36.6765],[137.6771,36.6777],[137.6766,36.6788],[137.6681,36.681]],[[137.6681,36.681],[137.6678,36.6824],[137.661,36.6902],[137.6584,36.6977]],[[137.6584,36.6977],[137.6567,36.698],[137.6561,36.6998],[137.6536,36.701],[137.6557,36.7024],[137.6546,36.7033]],[[137.6546,36.7033],[137.6517,36.707],[137.6485,36.7068],[137.6474,36.7077],[137.6483,36.7092],[137.6479,36.7109],[137.6495,36.7129],[137.6484,36.715]],[[137.6484,36.715],[137.6482,36.7174],[137.6494,36.7211]],[[137.6494,36.7211],[137.65,36.7237],[137.6474,36.7269]],[[137.6474,36.7269],[137.6516,36.7316],[137.6521,36.7349],[137.6507,36.7369]],[[137.6507,36.7369],[137.6442,36.7397]],[[137.6442,36.7397],[137.6442,36.7423],[137.6492,36.7442],[137.6447,36.7478],[137.6415,36.7473],[137.6406,36.7486],[137.6408,36.7507]],[[137.6408,36.7507],[137.6405,36.7515],[137.637,36.7522],[137.6366,36.7548],[137.6338,36.7562]],[[137.6338,36.7562],[137.6322,36.7589],[137.6337,36.7614],[137.6342,36.7658],[137.6311,36.7681],[137.631,36.771],[137.6287,36.7733],[137.6294,36.7757],[137.6264,36.7771],[137.6255,36.7781],[137.6262,36.7793],[137.6245,36.7807]],[[137.6245,36.7807],[137.6231,36.7834],[137.6197,36.7857],[137.6206,36.7869],[137.6193,36.7878]],[[137.6193,36.7878],[137.612,36.7911]],[[137.612,36.7911],[137.6095,36.7918],[137.6071,36.7903],[137.6052,36.7916]],[[137.6052,36.7916],[137.591,36.7956],[137.59,36.7969],[137.5897,36.8024],[137.5931,36.8071],[137.5905,36.809],[137.5911,36.813],[137.5883,36.8149]],[[137.5883,36.8149],[137.5838,36.8191],[137.5751,36.8184],[137.5743,36.8236],[137.5724,36.8258],[137.5662,36.8293],[137.5644,36.8357],[137.5618,36.837],[137.5615,36.8415],[137.5642,36.844]],[[137.5642,36.844],[137.5638,36.8478],[137.5603,36.8528]],[[137.5603,36.8528],[137.5543,36.86]],[[137.5543,36.86],[137.5505,36.8636],[137.5377,36.8705],[137.5212,36.8767]],[[137.5212,36.8767],[137.516,36.8787],[137.5122,36.8824],[137.5085,36.8832],[137.5009,36.8916],[137.4902,36.8952],[137.4868,36.895],[137.4791,36.8986],[137.475,36.8991],[137.472,36.9015],[137.4681,36.9022],[137.4634,36.9014],[137.4591,36.9035],[137.4525,36.9031],[137.451,36.9041]],[[137.451,36.9041],[137.4428,36.9082],[137.4413,36.9104]],[[137.4413,36.9104],[137.4377,36.9151],[137.4315,36.9186],[137.427,36.9197],[137.4253,36.9216]]]}},{"type":"Feature","properties":{"t":"riviere","km":67,"nom":"大野川"},"geometry":{"type":"MultiLineString","coordinates":[[[131.3081,32.8115],[131.3014,32.8118],[131.2973,32.8094]],[[131.2973,32.8094],[131.2942,32.8102],[131.2918,32.8092]],[[131.2918,32.8092],[131.2882,32.8088]],[[131.2882,32.8088],[131.2853,32.8092]],[[131.2853,32.8092],[131.2837,32.8104],[131.2791,32.8109],[131.2765,32.8133],[131.2739,32.8131],[131.2717,32.8181],[131.268,32.8185],[131.2676,32.8213],[131.2655,32.8223]],[[131.2655,32.8223],[131.2651,32.8264]],[[131.2651,32.8264],[131.2631,32.8268],[131.2626,32.8288]],[[131.2626,32.8288],[131.2594,32.8294],[131.2551,32.828],[131.2547,32.8289]],[[131.2547,32.8289],[131.2554,32.8311],[131.2537,32.8333],[131.2533,32.8356],[131.2485,32.8397],[131.2509,32.8459],[131.2556,32.8479],[131.2585,32.8507],[131.2581,32.8545],[131.2611,32.8549]],[[131.2611,32.8549],[131.2627,32.858],[131.2649,32.8588],[131.2678,32.8641]],[[131.2678,32.8641],[131.2729,32.8703],[131.2732,32.874],[131.2712,32.8773],[131.2733,32.8818]],[[131.2733,32.8818],[131.2753,32.8815],[131.2767,32.8825],[131.2794,32.8813],[131.2812,32.8821],[131.2847,32.886],[131.2894,32.8872],[131.2898,32.8889],[131.293,32.8894],[131.2938,32.892],[131.2989,32.8946]],[[131.2989,32.8946],[131.3009,32.8952],[131.304,32.8947],[131.3053,32.8935],[131.3058,32.8949],[131.3072,32.8954],[131.3101,32.8945],[131.3124,32.896],[131.3127,32.8975],[131.3141,32.8967],[131.3173,32.8972],[131.319,32.9003],[131.319,32.9025],[131.3221,32.9027],[131.3224,32.905],[131.326,32.9046],[131.3281,32.9063],[131.3313,32.9053],[131.3316,32.9076],[131.336,32.9103],[131.3352,32.9125],[131.3379,32.9141],[131.3375,32.9157],[131.3441,32.9204]],[[131.3441,32.9204],[131.345,32.9212],[131.3432,32.9234],[131.3434,32.9242],[131.3462,32.9248],[131.351,32.9239],[131.3552,32.9281],[131.3632,32.9314],[131.3625,32.9327],[131.3596,32.9339],[131.3598,32.935],[131.3632,32.9345],[131.3696,32.9371],[131.3708,32.9417],[131.379,32.9431],[131.383,32.9452],[131.3835,32.9462],[131.38,32.948],[131.3809,32.9489],[131.3884,32.9487],[131.3884,32.95],[131.3857,32.9515],[131.3906,32.9517],[131.3919,32.9528],[131.3875,32.9535],[131.3879,32.9549]],[[131.3879,32.9549],[131.3903,32.9583],[131.3919,32.9572],[131.398,32.9577],[131.3982,32.9597],[131.4033,32.9621],[131.405,32.9651],[131.4069,32.9652],[131.412,32.9692],[131.4176,32.9703],[131.4179,32.9737]],[[131.4179,32.9737],[131.4202,32.9743],[131.4203,32.9765]],[[131.4203,32.9765],[131.4222,32.9776]],[[131.4222,32.9776],[131.4238,32.9783],[131.4268,32.9774],[131.4253,32.979],[131.4261,32.98],[131.4309,32.9797],[131.433,32.9776],[131.4343,32.9777],[131.4356,32.9801],[131.4328,32.9847],[131.4341,32.9853],[131.4358,32.984],[131.4368,32.9844],[131.4343,32.9865],[131.4345,32.9873],[131.4359,32.9879],[131.4398,32.9872],[131.4413,32.9883],[131.4449,32.9869],[131.4466,32.9893],[131.4454,32.9921],[131.4479,32.992],[131.4502,32.99],[131.4524,32.9928],[131.4545,32.9918],[131.4565,32.9876],[131.4624,32.9875],[131.4627,32.9836],[131.4675,32.9833],[131.4681,32.9812],[131.4725,32.9779],[131.4758,32.9783],[131.4808,32.9841],[131.4819,32.9831],[131.4828,32.9776],[131.5093,32.9843],[131.5115,32.9837],[131.5155,32.9795],[131.5171,32.9803],[131.5168,32.9825],[131.5194,32.9836]],[[131.5194,32.9836],[131.5209,32.9836]],[[131.5209,32.9836],[131.5247,32.9842]],[[131.5247,32.9842],[131.53,32.983]],[[131.53,32.983],[131.5405,32.9824],[131.5507,32.985]],[[131.5507,32.985],[131.5494,32.9886],[131.5519,32.9942],[131.5561,32.9955],[131.5617,32.9927]],[[131.5617,32.9927],[131.5645,32.9925],[131.5678,32.9943],[131.5701,32.9975],[131.5692,33.0016],[131.5702,33.0093],[131.576,33.0112],[131.5774,33.0104],[131.5786,33.0056],[131.5811,33.006],[131.5815,33.0072]],[[131.5815,33.0072],[131.5815,33.012],[131.5841,33.0187],[131.5877,33.0168],[131.591,33.0182],[131.5896,33.0219],[131.5901,33.0235]],[[131.5901,33.0235],[131.5921,33.0248],[131.5993,33.0256],[131.6043,33.0272],[131.6054,33.0267],[131.6181,33.0285],[131.6196,33.0302],[131.6194,33.0324],[131.6208,33.0356],[131.6234,33.0396],[131.626,33.041],[131.6293,33.0405],[131.632,33.0423],[131.6363,33.0502]],[[131.6363,33.0502],[131.6359,33.0547],[131.6409,33.0585],[131.6398,33.0615],[131.6404,33.0635],[131.6424,33.0632],[131.6462,33.0591],[131.6478,33.0596]],[[131.6478,33.0596],[131.6498,33.0617],[131.6472,33.0649],[131.6463,33.0689]],[[131.6463,33.0689],[131.6425,33.0695],[131.6387,33.0687],[131.637,33.0698]],[[131.637,33.0698],[131.6372,33.0757]],[[131.6372,33.0757],[131.6386,33.0822]],[[131.6386,33.0822],[131.6394,33.0845],[131.639,33.0875]],[[131.639,33.0875],[131.6391,33.0879]],[[131.6391,33.0879],[131.6418,33.091],[131.6483,33.0927],[131.6499,33.0959],[131.6499,33.0979]],[[131.6499,33.0979],[131.6475,33.1035]],[[131.6475,33.1035],[131.6487,33.1065],[131.6537,33.1081],[131.6559,33.1103]],[[131.6559,33.1103],[131.6556,33.1122]],[[131.6556,33.1122],[131.6511,33.1149],[131.6506,33.1236],[131.6562,33.1284],[131.6575,33.131]],[[131.6575,33.131],[131.6585,33.1329],[131.6578,33.1352]],[[131.6578,33.1352],[131.6571,33.1362]],[[131.6571,33.1362],[131.6473,33.1526]],[[131.6473,33.1526],[131.6462,33.1593],[131.6514,33.1648],[131.654,33.1692],[131.6587,33.1724],[131.6636,33.1719]],[[131.6636,33.1719],[131.6673,33.1707],[131.6709,33.1712],[131.6798,33.1756],[131.6834,33.1792],[131.6859,33.1839],[131.686,33.1862],[131.6825,33.1933],[131.6824,33.1965],[131.6958,33.2002],[131.6972,33.2077],[131.6972,33.2153],[131.6941,33.2255],[131.6939,33.2291],[131.6982,33.2372]],[[131.6982,33.2372],[131.701,33.2458]],[[131.701,33.2458],[131.7022,33.2487],[131.7024,33.2528],[131.6967,33.2669],[131.6964,33.2722],[131.6983,33.2771]]]}},{"type":"Feature","properties":{"t":"riviere","km":92,"nom":"常呂川"},"geometry":{"type":"MultiLineString","coordinates":[[[143.1967,43.5974],[143.2016,43.5941]],[[143.2016,43.5941],[143.2106,43.5904]],[[143.2106,43.5904],[143.2144,43.5905],[143.2159,43.5916],[143.2229,43.5915],[143.2254,43.5928],[143.2329,43.5938],[143.2415,43.5927],[143.2482,43.5898]],[[143.2482,43.5898],[143.2519,43.5894],[143.2604,43.591]],[[143.2604,43.591],[143.2688,43.5903],[143.2722,43.5906],[143.276,43.5928],[143.2851,43.5927]],[[143.2851,43.5927],[143.2962,43.592]],[[143.2962,43.592],[143.3011,43.5923],[143.3025,43.5939],[143.3053,43.5941],[143.3061,43.5955],[143.3078,43.5955],[143.3091,43.598],[143.3108,43.5988],[143.313,43.5983],[143.3149,43.5994],[143.3177,43.5985],[143.3183,43.5996],[143.3204,43.5989],[143.3232,43.6004],[143.3251,43.6],[143.3287,43.6018],[143.331,43.6013]],[[143.331,43.6013],[143.3331,43.602],[143.3342,43.6046],[143.3362,43.6044],[143.3396,43.606]],[[143.3396,43.606],[143.3445,43.608],[143.3474,43.608]],[[143.3474,43.608],[143.3501,43.6107],[143.3521,43.6112],[143.3539,43.6142]],[[143.3539,43.6142],[143.3561,43.6153]],[[143.3561,43.6153],[143.3624,43.6152]],[[143.3624,43.6152],[143.3652,43.6147]],[[143.3652,43.6147],[143.3695,43.6147],[143.3808,43.6103]],[[143.3808,43.6103],[143.385,43.6087]],[[143.385,43.6087],[143.3883,43.6074]],[[143.3883,43.6074],[143.3921,43.6062],[143.3953,43.6036],[143.4023,43.6021]],[[143.4023,43.6021],[143.4056,43.6028]],[[143.4056,43.6028],[143.4091,43.6042],[143.4134,43.604],[143.4183,43.607],[143.4239,43.6073],[143.4265,43.6096],[143.4286,43.6099],[143.4296,43.6121],[143.4349,43.6153],[143.4408,43.617]],[[143.4408,43.617],[143.4464,43.6207],[143.4507,43.6256],[143.4552,43.6263]],[[143.4552,43.6263],[143.4576,43.6279],[143.4632,43.628],[143.4658,43.6299],[143.4682,43.6303],[143.4818,43.6276],[143.4932,43.628],[143.4939,43.6304],[143.4968,43.6336],[143.5011,43.6348],[143.5055,43.6389]],[[143.5055,43.6389],[143.5089,43.6405],[143.5123,43.6399]],[[143.5123,43.6399],[143.5168,43.642]],[[143.5168,43.642],[143.5205,43.6428]],[[143.5205,43.6428],[143.525,43.6424],[143.528,43.6458],[143.533,43.6459],[143.5346,43.6478],[143.5384,43.6495]],[[143.5384,43.6495],[143.5405,43.6498],[143.5467,43.6543],[143.5533,43.6555],[143.5557,43.657]],[[143.5557,43.657],[143.5574,43.6607]],[[143.5574,43.6607],[143.5613,43.6633],[143.5662,43.6697]],[[143.5662,43.6697],[143.5736,43.6715],[143.5788,43.6717]],[[143.5788,43.6717],[143.5836,43.6706],[143.5895,43.6727],[143.5956,43.6771],[143.5965,43.6793]],[[143.5965,43.6793],[143.5996,43.6824],[143.6063,43.6834],[143.6144,43.687]],[[143.6144,43.687],[143.6153,43.6881]],[[143.6153,43.6881],[143.6191,43.6907],[143.6209,43.6943],[143.6314,43.6959]],[[143.6314,43.6959],[143.6416,43.6994],[143.645,43.703],[143.648,43.7045]],[[143.648,43.7045],[143.6544,43.7092]],[[143.6544,43.7092],[143.6673,43.714],[143.6709,43.7133]],[[143.6709,43.7133],[143.6808,43.7112]],[[143.6808,43.7112],[143.6848,43.7126],[143.6882,43.7168],[143.691,43.7185],[143.6996,43.721],[143.7069,43.7205],[143.7107,43.7223]],[[143.7107,43.7223],[143.7174,43.7248]],[[143.7174,43.7248],[143.7251,43.7247],[143.7379,43.7218]],[[143.7379,43.7218],[143.7508,43.7222],[143.7578,43.7254],[143.7611,43.7251]],[[143.7611,43.7251],[143.7657,43.7256],[143.7723,43.7283],[143.7792,43.7278]],[[143.7792,43.7278],[143.7838,43.7284],[143.7868,43.7304]],[[143.7868,43.7304],[143.7928,43.7355],[143.8037,43.7353],[143.8119,43.7381]],[[143.8119,43.7381],[143.8167,43.7386],[143.8195,43.7415]],[[143.8195,43.7415],[143.8208,43.7429]],[[143.8208,43.7429],[143.8237,43.7434]],[[143.8237,43.7434],[143.8294,43.7452],[143.8306,43.7467],[143.8307,43.7491],[143.8349,43.7527],[143.8401,43.7544],[143.8457,43.7546],[143.8516,43.7569]],[[143.8516,43.7569],[143.8562,43.7591],[143.8639,43.7596],[143.8648,43.7604]],[[143.8648,43.7604],[143.8647,43.7617],[143.8659,43.7629],[143.8721,43.7644],[143.8738,43.7657],[143.8748,43.7699],[143.8741,43.7733]],[[143.8741,43.7733],[143.875,43.7749],[143.882,43.778]],[[143.882,43.778],[143.8947,43.7826],[143.9009,43.7865],[143.9031,43.7928],[143.9052,43.7942]],[[143.9052,43.7942],[143.9056,43.7944]],[[143.9056,43.7944],[143.9097,43.7964],[143.9109,43.7984]],[[143.9109,43.7984],[143.9112,43.8037],[143.9122,43.8062],[143.9181,43.8104],[143.9188,43.8124],[143.9205,43.8135]],[[143.9205,43.8135],[143.9244,43.8158],[143.9272,43.8195],[143.9346,43.823],[143.9386,43.8271]],[[143.9386,43.8271],[143.941,43.8328],[143.9517,43.8432]],[[143.9517,43.8432],[143.9546,43.8451],[143.954,43.8468],[143.9585,43.8552],[143.9589,43.8599],[143.9644,43.8646]],[[143.9644,43.8646],[143.9656,43.8651],[143.9652,43.8707],[143.9634,43.8792],[143.9612,43.8844]],[[143.9612,43.8844],[143.9582,43.8912],[143.9592,43.8927],[143.9589,43.8942]],[[143.9589,43.8942],[143.9587,43.8979],[143.9605,43.9008],[143.9675,43.905]],[[143.9675,43.905],[143.9672,43.9096],[143.9639,43.9128],[143.9627,43.916],[143.969,43.9217],[143.9739,43.923]],[[143.9739,43.923],[143.9679,43.9299],[143.9612,43.935],[143.9608,43.9392],[143.9564,43.9408]],[[143.9564,43.9408],[143.9534,43.9444]],[[143.9534,43.9444],[143.9477,43.949],[143.9421,43.9576],[143.9423,43.9596],[143.9468,43.9659]],[[143.9468,43.9659],[143.9474,43.9672]],[[143.9474,43.9672],[143.9491,43.9699]],[[143.9491,43.9699],[143.9508,43.9718],[143.9507,43.9733]],[[143.9507,43.9733],[143.9527,43.9764],[143.9522,43.9781]],[[143.9522,43.9781],[143.9544,43.9819]],[[143.9544,43.9819],[143.9547,43.9928],[143.956,43.9956]],[[143.956,43.9956],[143.9575,43.9982],[143.9608,43.9999],[143.9681,44.001],[143.9725,44.0]],[[143.9725,44.0],[143.9802,44.0021],[143.9829,44.0046],[143.9836,44.0074]],[[143.9836,44.0074],[143.9856,44.0099],[143.9862,44.0124],[143.9945,44.016],[143.9966,44.0186],[143.997,44.0223]],[[143.997,44.0223],[143.9954,44.0259]],[[143.9954,44.0259],[143.9943,44.0268]],[[143.9943,44.0268],[143.9966,44.0295],[144.0024,44.0324],[144.0076,44.0332],[144.0083,44.0382],[144.0112,44.0391],[144.0161,44.0387],[144.0198,44.0451],[144.0246,44.044]],[[144.0246,44.044],[144.0268,44.044],[144.0279,44.0459]],[[144.0279,44.0459],[144.0277,44.0482],[144.0337,44.0529],[144.0349,44.0567],[144.0421,44.0659],[144.043,44.0683],[144.0427,44.0704],[144.0394,44.0731],[144.0397,44.0764],[144.037,44.0822],[144.0373,44.0839],[144.041,44.0853],[144.0405,44.0879],[144.0443,44.088],[144.0495,44.0932],[144.057,44.0948],[144.06,44.1029],[144.0648,44.1029],[144.0696,44.1055],[144.0733,44.1059],[144.073,44.1087]],[[144.073,44.1087],[144.0724,44.1143],[144.074,44.117],[144.0719,44.1203],[144.0744,44.1216],[144.0776,44.1206]],[[144.0776,44.1206],[144.0816,44.1242]]]}},{"type":"Feature","properties":{"t":"riviere","km":63,"nom":"無加川"},"geometry":{"type":"MultiLineString","coordinates":[[[143.1648,43.6024],[143.165,43.6058],[143.1658,43.6063],[143.1653,43.6076]],[[143.1653,43.6076],[143.1646,43.611]],[[143.1646,43.611],[143.1696,43.6138],[143.1708,43.6193],[143.1726,43.622]],[[143.1726,43.622],[143.1754,43.6248],[143.1764,43.628],[143.1813,43.6283]],[[143.1813,43.6283],[143.1832,43.6296],[143.1924,43.6314],[143.1973,43.6344],[143.207,43.6365],[143.2314,43.6478]],[[143.2314,43.6478],[143.2345,43.6487],[143.2445,43.6485],[143.2471,43.6497],[143.2502,43.6498]],[[143.2502,43.6498],[143.2533,43.652],[143.2585,43.6517],[143.2617,43.6542]],[[143.2617,43.6542],[143.267,43.6568],[143.2693,43.6569],[143.2695,43.658],[143.2798,43.6597],[143.2825,43.6612],[143.2825,43.662]],[[143.2825,43.662],[143.2836,43.6625],[143.2852,43.6613],[143.2854,43.6624],[143.2869,43.6629],[143.2888,43.6616],[143.2899,43.6625],[143.2891,43.6643],[143.2942,43.6638],[143.2952,43.6643],[143.295,43.6657],[143.2963,43.6658]],[[143.2963,43.6658],[143.2982,43.6661]],[[143.2982,43.6661],[143.3017,43.6699],[143.3013,43.6719],[143.305,43.6744],[143.3053,43.6762]],[[143.3053,43.6762],[143.3103,43.6798],[143.3118,43.6789]],[[143.3118,43.6789],[143.3147,43.6804],[143.3164,43.6797],[143.3189,43.6811],[143.3189,43.6821],[143.3202,43.6819],[143.3215,43.6833],[143.3223,43.6866]],[[143.3223,43.6866],[143.3247,43.6862],[143.3268,43.6878]],[[143.3268,43.6878],[143.3283,43.6875]],[[143.3283,43.6875],[143.3314,43.6891],[143.3353,43.6896],[143.3371,43.6916],[143.34,43.6928],[143.3407,43.6952],[143.342,43.6952]],[[143.342,43.6952],[143.3437,43.6964],[143.3436,43.6979],[143.3464,43.6982],[143.3468,43.6996],[143.3511,43.7018],[143.3513,43.7031],[143.3545,43.7032],[143.3552,43.704],[143.3603,43.7027],[143.363,43.7045],[143.3629,43.7061],[143.3644,43.7061],[143.3652,43.7081],[143.3714,43.7103]],[[143.3714,43.7103],[143.3721,43.7102],[143.3724,43.712],[143.3742,43.7128]],[[143.3742,43.7128],[143.3828,43.7122],[143.3868,43.7148],[143.3923,43.7159],[143.3928,43.7178],[143.395,43.719],[143.3987,43.7189],[143.4026,43.72]],[[143.4026,43.72],[143.4052,43.7204],[143.4087,43.7236],[143.4139,43.7209],[143.4149,43.7223],[143.4174,43.7229]],[[143.4174,43.7229],[143.4231,43.7275]],[[143.4231,43.7275],[143.4272,43.7298],[143.4276,43.7341]],[[143.4276,43.7341],[143.4283,43.7352],[143.4384,43.7397],[143.4401,43.7418]],[[143.4401,43.7418],[143.4413,43.7433],[143.445,43.7447]],[[143.445,43.7447],[143.4512,43.7476]],[[143.4512,43.7476],[143.4568,43.749]],[[143.4568,43.749],[143.4631,43.7525],[143.4674,43.7515],[143.4725,43.7523]],[[143.4725,43.7523],[143.4749,43.7514],[143.484,43.7548]],[[143.484,43.7548],[143.4916,43.7542]],[[143.4916,43.7542],[143.5008,43.7558],[143.5068,43.7592]],[[143.5068,43.7592],[143.5129,43.7594],[143.5165,43.7579]],[[143.5165,43.7579],[143.5201,43.7591],[143.5223,43.7612],[143.5281,43.7617]],[[143.5281,43.7617],[143.5325,43.765],[143.542,43.7678],[143.5524,43.7727],[143.5598,43.7736],[143.5633,43.7778],[143.5717,43.7766],[143.5757,43.7794],[143.5812,43.78],[143.5856,43.7835],[143.5908,43.7845],[143.5938,43.7882]],[[143.5938,43.7882],[143.5954,43.7901],[143.5987,43.7909],[143.6063,43.7889],[143.6145,43.7896]],[[143.6145,43.7896],[143.6234,43.7879]],[[143.6234,43.7879],[143.6318,43.7867],[143.6375,43.7831]],[[143.6375,43.7831],[143.6427,43.7828],[143.6515,43.785]],[[143.6515,43.785],[143.6545,43.7861],[143.6612,43.7864],[143.6663,43.7849],[143.6721,43.7856],[143.681,43.7847],[143.6848,43.786],[143.69,43.7846],[143.6933,43.7855],[143.7027,43.7849],[143.7097,43.7867],[143.7195,43.7874],[143.7254,43.7906],[143.7359,43.7901],[143.7411,43.7932],[143.7492,43.7898],[143.7568,43.7924],[143.7613,43.7909],[143.7648,43.7919],[143.7714,43.7923],[143.774,43.7911],[143.7775,43.7918]],[[143.7775,43.7918],[143.7908,43.7929],[143.7979,43.7963],[143.8044,43.7983],[143.8097,43.7986],[143.8119,43.8],[143.8176,43.7998],[143.8275,43.7961]],[[143.8275,43.7961],[143.8358,43.7956],[143.8391,43.7926],[143.8454,43.7907],[143.8556,43.7939],[143.8639,43.7906],[143.8719,43.7923]],[[143.8719,43.7923],[143.8758,43.7894],[143.8809,43.7888],[143.8843,43.7898],[143.8946,43.7879],[143.8974,43.7886],[143.9018,43.7929],[143.9052,43.7942]]]}},{"type":"Feature","properties":{"t":"riviere","km":64,"nom":"湧別川"},"geometry":{"type":"MultiLineString","coordinates":[[[143.0301,43.8489],[143.0297,43.8508],[143.0304,43.8521]],[[143.0304,43.8521],[143.0438,43.8595],[143.0462,43.8614],[143.047,43.8638],[143.0535,43.8679]],[[143.0535,43.8679],[143.0554,43.8685]],[[143.0554,43.8685],[143.0615,43.8691]],[[143.0615,43.8691],[143.0649,43.8708]],[[143.0649,43.8708],[143.0675,43.8715]],[[143.0675,43.8715],[143.0679,43.8721]],[[143.0679,43.8721],[143.0701,43.872],[143.0709,43.8732]],[[143.0709,43.8732],[143.0793,43.8778]],[[143.0793,43.8778],[143.0838,43.8796]],[[143.0838,43.8796],[143.0847,43.8806],[143.0895,43.8814]],[[143.0895,43.8814],[143.0926,43.8818]],[[143.0926,43.8818],[143.0951,43.8833],[143.1036,43.8828],[143.1041,43.8839],[143.109,43.8829],[143.1139,43.8833]],[[143.1139,43.8833],[143.1174,43.8814],[143.124,43.8814]],[[143.124,43.8814],[143.1255,43.8803],[143.1256,43.8788],[143.128,43.8789],[143.1293,43.8775]],[[143.1293,43.8775],[143.1319,43.8761]],[[143.1319,43.8761],[143.1383,43.8742]],[[143.1383,43.8742],[143.1414,43.8732]],[[143.1414,43.8732],[143.1488,43.8722],[143.1503,43.8732],[143.1537,43.8721]],[[143.1537,43.8721],[143.1575,43.8737],[143.1586,43.8726],[143.1609,43.8728],[143.1613,43.8749],[143.1636,43.8753]],[[143.1636,43.8753],[143.1672,43.8773]],[[143.1672,43.8773],[143.1685,43.8771],[143.1717,43.8793],[143.1736,43.8791]],[[143.1736,43.8791],[143.176,43.8821],[143.1823,43.8866],[143.1859,43.8885],[143.189,43.8887]],[[143.189,43.8887],[143.1979,43.8912],[143.1991,43.8923],[143.2035,43.8926]],[[143.2035,43.8926],[143.2055,43.8931]],[[143.2055,43.8931],[143.2077,43.8941],[143.2083,43.8967]],[[143.2083,43.8967],[143.2083,43.8968]],[[143.2083,43.8968],[143.2092,43.8984],[143.2149,43.9021]],[[143.2149,43.9021],[143.2205,43.9067]],[[143.2205,43.9067],[143.2225,43.9069]],[[143.2225,43.9069],[143.2256,43.9094],[143.232,43.9105]],[[143.232,43.9105],[143.2311,43.9119],[143.2341,43.9133],[143.2342,43.9172]],[[143.2342,43.9172],[143.2363,43.9162],[143.2371,43.9178],[143.2391,43.9187],[143.242,43.9188]],[[143.242,43.9188],[143.2428,43.9193],[143.2427,43.9231],[143.2435,43.924]],[[143.2435,43.924],[143.2456,43.9249]],[[143.2456,43.9249],[143.2474,43.9276],[143.2498,43.9275],[143.2519,43.9307]],[[143.2519,43.9307],[143.2542,43.9324],[143.2597,43.9325],[143.2602,43.9348]],[[143.2602,43.9348],[143.2615,43.9361],[143.2659,43.9367],[143.2674,43.9391]],[[143.2674,43.9391],[143.2697,43.9407]],[[143.2697,43.9407],[143.2754,43.94]],[[143.2754,43.94],[143.2772,43.9422],[143.2808,43.9426],[143.2865,43.9486],[143.2927,43.951],[143.2958,43.9512],[143.3033,43.9578],[143.3009,43.9595],[143.3006,43.9637],[143.2989,43.9644]],[[143.2989,43.9644],[143.3036,43.9762],[143.3083,43.9769],[143.3079,43.9799],[143.3095,43.9798],[143.3129,43.9818],[143.3156,43.9823],[143.3194,43.9807],[143.3251,43.99],[143.3285,43.993],[143.3309,43.9935],[143.3316,43.9956]],[[143.3316,43.9956],[143.3317,43.9987],[143.3327,44.0001]],[[143.3327,44.0001],[143.3391,44.006],[143.3433,44.0074]],[[143.3433,44.0074],[143.3447,44.0095],[143.3435,44.011]],[[143.3435,44.011],[143.3471,44.0121]],[[143.3471,44.0121],[143.3491,44.0132],[143.3515,44.0132],[143.3533,44.017],[143.3545,44.0159],[143.357,44.0158],[143.3562,44.0179],[143.3594,44.0226]],[[143.3594,44.0226],[143.3623,44.0234],[143.3686,44.0214],[143.3735,44.0219],[143.3812,44.0207]],[[143.3812,44.0207],[143.3843,44.0202],[143.3896,44.0172],[143.3924,44.0135]],[[143.3924,44.0135],[143.3937,44.0131]],[[143.3937,44.0131],[143.3956,44.013],[143.3961,44.0139],[143.3965,44.0153],[143.3957,44.0171],[143.3965,44.0177],[143.4006,44.0163],[143.4034,44.0132]],[[143.4034,44.0132],[143.4095,44.0122]],[[143.4095,44.0122],[143.4101,44.0136],[143.4116,44.0137]],[[143.4116,44.0137],[143.4252,44.0145],[143.4342,44.0132],[143.4394,44.0101]],[[143.4394,44.0101],[143.4442,44.0083],[143.4487,44.0105]],[[143.4487,44.0105],[143.454,44.0159],[143.4557,44.0191]],[[143.4557,44.0191],[143.4616,44.0212],[143.4616,44.0231]],[[143.4616,44.0231],[143.4634,44.0245],[143.4724,44.0234]],[[143.4724,44.0234],[143.4742,44.0216]],[[143.4742,44.0216],[143.4772,44.0215]],[[143.4772,44.0215],[143.4787,44.0216]],[[143.4787,44.0216],[143.4897,44.0275],[143.4985,44.0267],[143.5028,44.0275],[143.5087,44.0345],[143.5088,44.0367],[143.5069,44.0397],[143.5075,44.0424],[143.5091,44.0439]],[[143.5091,44.0439],[143.5177,44.0527]],[[143.5177,44.0527],[143.5307,44.0544],[143.5346,44.0605],[143.5387,44.0636]],[[143.5387,44.0636],[143.5392,44.0671],[143.5375,44.0704]],[[143.5375,44.0704],[143.5348,44.0768],[143.5373,44.0812],[143.5351,44.0837],[143.538,44.0916]],[[143.538,44.0916],[143.545,44.0985],[143.5453,44.1005]],[[143.5453,44.1005],[143.5475,44.1042]],[[143.5475,44.1042],[143.5487,44.1089],[143.5478,44.1107]],[[143.5478,44.1107],[143.5394,44.1147]],[[143.5394,44.1147],[143.539,44.1203],[143.5409,44.1236],[143.5413,44.1289],[143.5393,44.1329],[143.5413,44.1358],[143.5415,44.146]],[[143.5415,44.146],[143.5419,44.1494]],[[143.5419,44.1494],[143.5449,44.1556],[143.5496,44.1572]],[[143.5496,44.1572],[143.5517,44.1585],[143.5525,44.1618],[143.556,44.1651],[143.5558,44.1672],[143.5629,44.1711],[143.5644,44.1734],[143.5684,44.1758],[143.5684,44.178],[143.5712,44.1813]],[[143.5712,44.1813],[143.5772,44.1827],[143.5824,44.1899],[143.5866,44.1906],[143.5888,44.1939]],[[143.5888,44.1939],[143.5912,44.2016],[143.5946,44.2068],[143.5968,44.2077]],[[143.5968,44.2077],[143.5974,44.2111],[143.5962,44.2181],[143.6,44.2268],[143.6042,44.2287],[143.6086,44.2321],[143.612,44.2333]],[[143.612,44.2333],[143.6205,44.2317]]]}},{"type":"Feature","properties":{"t":"riviere","km":58,"nom":"渚滑川"},"geometry":{"type":"MultiLineString","coordinates":[[[142.9272,43.9672],[142.9227,43.965],[142.9225,43.9595]],[[142.9225,43.9595],[142.9251,43.9553]],[[142.9251,43.9553],[142.9307,43.9516],[142.936,43.9509]],[[142.936,43.9509],[142.9383,43.9505]],[[142.9383,43.9505],[142.9453,43.9522],[142.9491,43.952],[142.9539,43.9542],[142.9563,43.9545],[142.9569,43.9536]],[[142.9569,43.9536],[142.9585,43.9564],[142.9599,43.9566],[142.961,43.9579]],[[142.961,43.9579],[142.9631,43.9581],[142.9652,43.9603],[142.9654,43.9628],[142.9677,43.9633]],[[142.9677,43.9633],[142.9691,43.9645],[142.9688,43.9656],[142.9717,43.9661]],[[142.9717,43.9661],[142.9746,43.9685],[142.9828,43.9701],[142.9845,43.9715]],[[142.9845,43.9715],[142.9857,43.9722],[142.986,43.9744],[142.9849,43.9782],[142.9858,43.9802],[142.9853,43.9814],[142.9867,43.9824],[142.9859,43.9838],[142.9895,43.9867]],[[142.9895,43.9867],[142.9931,43.9885]],[[142.9931,43.9885],[142.9921,43.9916]],[[142.9921,43.9916],[142.9954,43.9936],[142.9937,43.9956],[142.9951,43.9976],[142.9936,43.9994],[142.991,44.0007],[142.9896,44.0027],[142.9902,44.0034],[142.9884,44.0054]],[[142.9884,44.0054],[142.9883,44.0077],[142.9862,44.009],[142.9852,44.012]],[[142.9852,44.012],[142.9845,44.0127]],[[142.9845,44.0127],[142.9836,44.0141],[142.9861,44.0138],[142.9868,44.0147],[142.9859,44.0174],[142.9863,44.0204],[142.993,44.0235]],[[142.993,44.0235],[142.9948,44.0243],[143.0008,44.0345],[142.9974,44.0385]],[[142.9974,44.0385],[142.9953,44.0419],[142.9925,44.042],[142.9907,44.0452],[142.9817,44.0468]],[[142.9817,44.0468],[142.9771,44.0489]],[[142.9771,44.0489],[142.9754,44.0508],[142.9801,44.0574],[142.9794,44.0621],[142.9803,44.0664],[142.9828,44.0685],[142.9832,44.0732],[142.9859,44.0763]],[[142.9859,44.0763],[142.9885,44.0781]],[[142.9885,44.0781],[142.9946,44.0809]],[[142.9946,44.0809],[142.9973,44.0852],[142.999,44.084],[143.0005,44.0845]],[[143.0005,44.0845],[142.9992,44.086],[143.0025,44.0916],[143.0048,44.0936],[143.0056,44.0972],[143.0069,44.0979]],[[143.0069,44.0979],[143.0092,44.0985]],[[143.0092,44.0985],[143.009,44.0991]],[[143.009,44.0991],[143.0084,44.1003],[143.0104,44.1012],[143.0096,44.103],[143.0116,44.1033],[143.0129,44.1065],[143.0149,44.1055],[143.0165,44.1086],[143.018,44.1092],[143.0176,44.1106]],[[143.0176,44.1106],[143.0161,44.1126],[143.0178,44.1131],[143.0191,44.1152]],[[143.0191,44.1152],[143.0165,44.1181]],[[143.0165,44.1181],[143.0201,44.1216],[143.0238,44.1227],[143.0219,44.1278],[143.0235,44.1289],[143.0225,44.1304],[143.0247,44.1319],[143.0214,44.1351],[143.0214,44.1362]],[[143.0214,44.1362],[143.0212,44.1377],[143.0176,44.1386],[143.0201,44.1421]],[[143.0201,44.1421],[143.023,44.1408],[143.0258,44.1419],[143.0262,44.1435],[143.0279,44.1435],[143.03,44.1458],[143.0295,44.1501]],[[143.0295,44.1501],[143.0318,44.1541],[143.0347,44.1545],[143.0358,44.1583],[143.0389,44.1611],[143.0422,44.1619],[143.0447,44.1651],[143.0476,44.1671],[143.0446,44.1717],[143.0448,44.1729],[143.0525,44.1741]],[[143.0525,44.1741],[143.0534,44.1759],[143.0522,44.1787]],[[143.0522,44.1787],[143.0532,44.1803],[143.0571,44.1821],[143.0591,44.1843],[143.0611,44.1831],[143.073,44.1882],[143.0772,44.1928],[143.0773,44.1943]],[[143.0773,44.1943],[143.0782,44.1947]],[[143.0782,44.1947],[143.0818,44.1954]],[[143.0818,44.1954],[143.0855,44.1987],[143.0915,44.1976],[143.1002,44.1986]],[[143.1002,44.1986],[143.1081,44.1992],[143.1111,44.1985]],[[143.1111,44.1985],[143.1115,44.198]],[[143.1115,44.198],[143.1154,44.1961]],[[143.1154,44.1961],[143.1187,44.1959],[143.1257,44.1925],[143.1278,44.1892]],[[143.1278,44.1892],[143.1367,44.1858],[143.1408,44.1863],[143.1436,44.1877],[143.1474,44.1936],[143.1509,44.1949],[143.1553,44.1949],[143.1522,44.1973],[143.1547,44.1995],[143.1593,44.1999],[143.1605,44.2011],[143.1645,44.2001],[143.1676,44.2024]],[[143.1676,44.2024],[143.1709,44.2047]],[[143.1709,44.2047],[143.1759,44.205],[143.1824,44.2073],[143.1846,44.207],[143.1861,44.2104],[143.1871,44.2108]],[[143.1871,44.2108],[143.192,44.2103],[143.1954,44.2089],[143.204,44.2096],[143.2088,44.2086],[143.2148,44.2134]],[[143.2148,44.2134],[143.2184,44.2132],[143.2253,44.215],[143.231,44.2143]],[[143.231,44.2143],[143.2356,44.2135]],[[143.2356,44.2135],[143.2414,44.2144],[143.2427,44.2186],[143.2462,44.2203],[143.2478,44.2231],[143.2478,44.2245],[143.2456,44.2253]],[[143.2456,44.2253],[143.2467,44.2277],[143.2464,44.2367],[143.2501,44.2415],[143.2601,44.2508]],[[143.2601,44.2508],[143.263,44.254],[143.2637,44.2603]],[[143.2637,44.2603],[143.2656,44.2642],[143.2679,44.2662]],[[143.2679,44.2662],[143.2683,44.2682],[143.2704,44.2707],[143.2771,44.2744],[143.2779,44.2758]],[[143.2779,44.2758],[143.2763,44.2807],[143.2827,44.2877],[143.2812,44.2905],[143.2789,44.2918]],[[143.2789,44.2918],[143.2785,44.2931]],[[143.2785,44.2931],[143.2807,44.3008]],[[143.2807,44.3008],[143.2799,44.3048],[143.2821,44.3073]],[[143.2821,44.3073],[143.2837,44.3178],[143.2828,44.3265]],[[143.2828,44.3265],[143.2816,44.3286],[143.279,44.3298],[143.2779,44.3345]],[[143.2779,44.3345],[143.2791,44.3375],[143.2792,44.3412],[143.2766,44.3434],[143.2723,44.3449],[143.2717,44.3473]],[[143.2717,44.3473],[143.273,44.3496]],[[143.273,44.3496],[143.2732,44.3502]],[[143.2732,44.3502],[143.2729,44.3575],[143.2773,44.3642]],[[143.2773,44.3642],[143.277,44.3686],[143.2781,44.3702],[143.2855,44.3733]],[[143.2855,44.3733],[143.2879,44.3764],[143.2903,44.3777],[143.2967,44.3784],[143.3049,44.3824],[143.3109,44.3822]],[[143.3109,44.3822],[143.3202,44.3797]],[[143.3202,44.3797],[143.323,44.3804]]]}},{"type":"Feature","properties":{"t":"riviere","km":68,"nom":"由良川"},"geometry":{"type":"MultiLineString","coordinates":[[[135.7112,35.3064],[135.7114,35.3066]],[[135.7104,35.3066],[135.7112,35.3064]],[[135.7109,35.3072],[135.7104,35.3066]],[[135.7106,35.3088],[135.7109,35.3072]],[[135.7139,35.3096],[135.7106,35.3088]],[[135.7215,35.3067],[135.7198,35.3061],[135.7191,35.3076],[135.7139,35.3096]],[[135.7257,35.302],[135.7255,35.3035],[135.7226,35.3031],[135.7229,35.3059],[135.7215,35.3067]],[[135.7114,35.3066],[135.7121,35.3072],[135.7135,35.305],[135.7113,35.304],[135.7139,35.3021]],[[135.7139,35.3021],[135.7108,35.3024],[135.7091,35.3044],[135.7031,35.3053]],[[135.7031,35.3053],[135.703,35.3026],[135.7003,35.3032],[135.6994,35.3044]],[[135.6994,35.3044],[135.6984,35.3052],[135.6986,35.3074],[135.6959,35.3058],[135.6931,35.306],[135.6933,35.3097]],[[135.6933,35.3097],[135.692,35.3122],[135.6856,35.3108],[135.6862,35.3126],[135.6852,35.3133]],[[135.6852,35.3133],[135.6845,35.3145],[135.6898,35.3179],[135.6905,35.3196],[135.6891,35.3221],[135.6871,35.321],[135.6845,35.3216]],[[135.6845,35.3216],[135.6778,35.3207]],[[135.6778,35.3207],[135.6761,35.3219],[135.6762,35.3254],[135.6748,35.3264],[135.6725,35.3264]],[[135.6725,35.3264],[135.6709,35.3265],[135.6694,35.3252],[135.6695,35.321]],[[135.6695,35.321],[135.6691,35.3197],[135.6666,35.319],[135.6624,35.3186],[135.6609,35.3192]],[[135.6609,35.3192],[135.6558,35.319]],[[135.6558,35.319],[135.6536,35.3198]],[[135.6536,35.3198],[135.6502,35.3194],[135.6528,35.3148],[135.6505,35.3141],[135.6485,35.3155],[135.6458,35.3122],[135.6434,35.3124]],[[135.6434,35.3124],[135.6415,35.3131]],[[135.6415,35.3131],[135.6397,35.3111],[135.6346,35.3096],[135.6276,35.3106],[135.6248,35.312]],[[135.6248,35.312],[135.6225,35.311],[135.6223,35.3081]],[[135.6223,35.3081],[135.6235,35.3072]],[[135.6235,35.3072],[135.6253,35.3041],[135.625,35.3032],[135.6203,35.302],[135.6155,35.3022]],[[135.6155,35.3022],[135.6147,35.2997],[135.6168,35.2967],[135.6156,35.2951],[135.612,35.2955],[135.6086,35.2996],[135.6045,35.2989]],[[135.6045,35.2989],[135.6008,35.2966],[135.6,35.2937],[135.6007,35.29]],[[135.6007,35.29],[135.6002,35.2868],[135.595,35.2853],[135.5945,35.2814],[135.5923,35.2783]],[[135.5923,35.2783],[135.5873,35.2755]],[[135.5873,35.2755],[135.5857,35.2734]],[[135.5857,35.2734],[135.5849,35.2723],[135.5793,35.273]],[[135.5793,35.273],[135.578,35.2729]],[[135.578,35.2729],[135.5748,35.27],[135.5729,35.2704],[135.5706,35.2683],[135.5703,35.2654],[135.5719,35.2631]],[[135.5719,35.2631],[135.569,35.2577],[135.5648,35.257]],[[135.5648,35.257],[135.5616,35.2606],[135.5621,35.2658],[135.5609,35.2674],[135.5596,35.2674],[135.5577,35.2657],[135.5585,35.263],[135.5575,35.2615]],[[135.5575,35.2615],[135.5553,35.2602],[135.5518,35.2609],[135.5513,35.2675],[135.5456,35.2725]],[[135.5456,35.2725],[135.5435,35.2737],[135.5413,35.2776]],[[135.5413,35.2776],[135.5373,35.2798]],[[135.5373,35.2798],[135.5363,35.28]],[[135.5363,35.28],[135.5337,35.2795],[135.5306,35.2819],[135.5281,35.2817]],[[135.5281,35.2817],[135.5242,35.2797]],[[135.5242,35.2797],[135.5211,35.2771],[135.522,35.2746]],[[135.522,35.2746],[135.5208,35.2738],[135.5176,35.2744]],[[135.5176,35.2744],[135.5138,35.2727],[135.5105,35.2736]],[[135.5105,35.2736],[135.5043,35.2689]],[[135.5043,35.2689],[135.502,35.2688],[135.4976,35.271],[135.4952,35.2677]],[[135.4952,35.2677],[135.4932,35.2627]],[[135.4932,35.2627],[135.4918,35.2615],[135.4878,35.2617],[135.4842,35.2647]],[[135.4842,35.2647],[135.4814,35.2671],[135.4736,35.2667],[135.4701,35.2691]],[[135.4701,35.2691],[135.4653,35.2697],[135.4649,35.264],[135.4613,35.2629]],[[135.4613,35.2629],[135.4609,35.2623]],[[135.4609,35.2623],[135.4602,35.2615]],[[135.4602,35.2615],[135.459,35.261]],[[135.459,35.261],[135.4566,35.2581],[135.4532,35.2567],[135.4475,35.2606]],[[135.4475,35.2606],[135.4457,35.2609],[135.4424,35.2597],[135.4375,35.2628],[135.431,35.2636]],[[135.431,35.2636],[135.4289,35.2583],[135.4268,35.2566],[135.4268,35.2545],[135.4246,35.254],[135.4237,35.2507],[135.419,35.2476]],[[135.419,35.2476],[135.4173,35.2488],[135.4165,35.2525],[135.4092,35.2592]],[[135.4092,35.2592],[135.4066,35.2606],[135.3986,35.2577],[135.3944,35.2593],[135.3943,35.2621],[135.3986,35.2645],[135.3993,35.2659],[135.3981,35.2708],[135.3969,35.2716],[135.3939,35.2712]],[[135.3939,35.2712],[135.3796,35.268]],[[135.3796,35.268],[135.3751,35.2704],[135.368,35.2697],[135.3653,35.2706]],[[135.3653,35.2706],[135.3634,35.2749],[135.3598,35.2764]],[[135.3598,35.2764],[135.3571,35.2769],[135.3519,35.273],[135.3478,35.2729]],[[135.3478,35.2729],[135.3407,35.2753],[135.3348,35.2755]],[[135.3348,35.2755],[135.3323,35.2776],[135.3331,35.2797]],[[135.3331,35.2797],[135.3348,35.2854],[135.3333,35.2862],[135.3326,35.2889],[135.3304,35.2913]],[[135.3304,35.2913],[135.3272,35.2967],[135.3214,35.2978],[135.3188,35.2972]],[[135.3188,35.2972],[135.3132,35.2918],[135.3058,35.2917],[135.2987,35.2891]],[[135.2987,35.2891],[135.2954,35.2887],[135.2906,35.2865],[135.2849,35.2879]],[[135.2849,35.2879],[135.2779,35.2898],[135.2667,35.2908]],[[135.2667,35.2908],[135.2649,35.2919],[135.2646,35.2932]],[[135.2646,35.2932],[135.2645,35.2972],[135.2658,35.2984],[135.2673,35.3076]],[[135.2673,35.3076],[135.2633,35.3095],[135.2526,35.3103],[135.2459,35.3123],[135.2409,35.312],[135.2376,35.3099]],[[135.2376,35.3099],[135.2297,35.3085],[135.2259,35.3067]],[[135.2259,35.3067],[135.2195,35.3064],[135.21,35.3094],[135.2075,35.3093]],[[135.2075,35.3093],[135.1998,35.3075],[135.1923,35.3106]],[[135.1923,35.3106],[135.1827,35.3108]],[[135.1827,35.3108],[135.174,35.3111],[135.1624,35.3086],[135.156,35.3047],[135.1539,35.3051]],[[135.1539,35.3051],[135.153,35.3071]],[[135.153,35.3071],[135.1521,35.3079],[135.1481,35.3077],[135.1451,35.3041]],[[135.1451,35.3041],[135.1424,35.3028]],[[135.1424,35.3028],[135.1362,35.2997]],[[135.1362,35.2997],[135.1328,35.2989]],[[135.1328,35.2989],[135.1289,35.3018]],[[135.1289,35.3018],[135.1287,35.302]],[[135.1287,35.302],[135.1259,35.3054],[135.1222,35.308],[135.1155,35.3161]],[[135.1155,35.3161],[135.1143,35.3188]],[[135.1143,35.3188],[135.1141,35.319]],[[135.1141,35.319],[135.1131,35.3208]],[[135.1131,35.3208],[135.1118,35.3254]],[[135.1118,35.3254],[135.1125,35.3272],[135.1164,35.3303]],[[135.1164,35.3303],[135.1165,35.3316]],[[135.1165,35.3316],[135.1149,35.3332]],[[135.1149,35.3332],[135.1146,35.3346]],[[135.1146,35.3346],[135.1143,35.3378]],[[135.1143,35.3378],[135.1134,35.3403]],[[135.1134,35.3403],[135.1088,35.3463],[135.1087,35.3489],[135.1102,35.3519],[135.1152,35.3564]],[[135.1152,35.3564],[135.1161,35.359]],[[135.1161,35.359],[135.1163,35.3637]],[[135.1163,35.3637],[135.1182,35.3669],[135.1292,35.3696],[135.1337,35.3716],[135.1399,35.3801]],[[135.1399,35.3801],[135.1507,35.3849]],[[135.1507,35.3849],[135.1525,35.3846],[135.1572,35.3807],[135.1605,35.3805],[135.1627,35.3868],[135.1693,35.3885],[135.1753,35.3927],[135.1784,35.391]],[[135.1784,35.391],[135.1806,35.3894],[135.184,35.3901],[135.1861,35.407],[135.1913,35.4092]],[[135.1913,35.4092],[135.2025,35.4125],[135.2039,35.4178],[135.2063,35.4208],[135.215,35.4242]],[[135.215,35.4242],[135.2208,35.426]],[[135.2208,35.426],[135.2265,35.4282],[135.2312,35.4284],[135.24,35.4255]],[[135.24,35.4255],[135.2452,35.4244],[135.2487,35.4247],[135.2527,35.4266],[135.2557,35.4295]],[[135.2557,35.4295],[135.259,35.4365],[135.259,35.44]],[[135.259,35.44],[135.2598,35.444],[135.264,35.4476]],[[135.264,35.4476],[135.2689,35.4517],[135.2728,35.4577],[135.2755,35.4586],[135.2808,35.4584],[135.2829,35.4601],[135.2839,35.465],[135.2807,35.4705]],[[135.2807,35.4705],[135.2785,35.4744],[135.2789,35.4767]],[[135.2789,35.4767],[135.2806,35.4792],[135.2827,35.4876],[135.2851,35.4914],[135.2879,35.4996]],[[135.2879,35.4996],[135.2876,35.5051],[135.2886,35.5136],[135.2871,35.5167]],[[135.7429,35.3049],[135.7418,35.3034],[135.7425,35.3022],[135.7382,35.3039],[135.7366,35.3018],[135.7374,35.3008],[135.7359,35.3002],[135.7322,35.3036],[135.7314,35.3024],[135.7257,35.302]],[[135.7533,35.3018],[135.7525,35.3004],[135.7485,35.3012],[135.747,35.3033],[135.7442,35.3032],[135.7429,35.3049]],[[135.7568,35.3118],[135.7556,35.3115],[135.7558,35.3097],[135.7536,35.3096],[135.7544,35.308],[135.7578,35.3083],[135.7561,35.3056],[135.7579,35.3037],[135.7533,35.3018]],[[135.7733,35.3156],[135.771,35.3161],[135.7695,35.3139],[135.767,35.3156],[135.7647,35.3134],[135.7665,35.3106],[135.7655,35.3094],[135.7629,35.3096],[135.7621,35.3114],[135.7592,35.3126],[135.7568,35.3118]],[[135.7691,35.3232],[135.7701,35.3211],[135.7715,35.3214],[135.7725,35.3193],[135.7736,35.3193],[135.7725,35.3174],[135.7733,35.3156]],[[135.7766,35.3277],[135.777,35.3265],[135.7753,35.3264],[135.7757,35.3257],[135.7748,35.3237],[135.7717,35.325],[135.7715,35.3236],[135.7691,35.3232]],[[135.7658,35.3377],[135.7697,35.3376],[135.7693,35.3385],[135.7708,35.3393],[135.7707,35.3375],[135.7725,35.3369],[135.7735,35.3331],[135.7758,35.3346],[135.7787,35.3346],[135.7781,35.3337],[135.7788,35.3318],[135.7769,35.3288],[135.7782,35.3281],[135.7766,35.3277]]]}},{"type":"Feature","properties":{"t":"riviere","km":95,"nom":"富士川"},"geometry":{"type":"MultiLineString","coordinates":[[[138.1865,35.7896],[138.1849,35.7915],[138.186,35.7935],[138.1855,35.7955],[138.1864,35.7961],[138.1876,35.8],[138.1914,35.8039],[138.1934,35.804],[138.1934,35.8059],[138.1953,35.8057],[138.1983,35.8104]],[[138.1983,35.8104],[138.2002,35.8122],[138.2018,35.8121],[138.2043,35.8149]],[[138.2043,35.8149],[138.2055,35.8157],[138.2059,35.818],[138.2032,35.8233],[138.2049,35.8242]],[[138.2049,35.8242],[138.2039,35.826]],[[138.2039,35.826],[138.2046,35.8284],[138.208,35.8322]],[[138.208,35.8322],[138.2084,35.8326]],[[138.2084,35.8326],[138.2101,35.8343]],[[138.2101,35.8343],[138.2107,35.8351]],[[138.2107,35.8351],[138.2161,35.8454]],[[138.2161,35.8454],[138.2183,35.8463],[138.2198,35.8482]],[[138.2198,35.8482],[138.2198,35.8485]],[[138.2198,35.8485],[138.2209,35.8504]],[[138.2209,35.8504],[138.2209,35.8504]],[[138.2209,35.8504],[138.2224,35.8525]],[[138.2224,35.8525],[138.2228,35.8544]],[[138.2228,35.8544],[138.2231,35.8547]],[[138.2231,35.8547],[138.2267,35.8573],[138.228,35.8608]],[[138.228,35.8608],[138.2286,35.8648]],[[138.2286,35.8648],[138.2296,35.868]],[[138.2296,35.868],[138.2297,35.8685]],[[138.2297,35.8685],[138.2298,35.8693]],[[138.2298,35.8693],[138.2307,35.8714]],[[138.2307,35.8714],[138.2309,35.872]],[[138.2309,35.872],[138.2322,35.8753]],[[138.2322,35.8753],[138.2391,35.8836],[138.2485,35.886],[138.2532,35.8835]],[[138.2532,35.8835],[138.2535,35.8825],[138.2608,35.8785]],[[138.2608,35.8785],[138.2658,35.8747]],[[138.2658,35.8747],[138.2669,35.8734]],[[138.2669,35.8734],[138.267,35.8718]],[[138.267,35.8718],[138.2687,35.8694]],[[138.2687,35.8694],[138.2693,35.8689]],[[138.2693,35.8689],[138.2704,35.8679]],[[138.2704,35.8679],[138.2712,35.867]],[[138.2712,35.867],[138.2733,35.8648]],[[138.2733,35.8648],[138.2782,35.8603],[138.2895,35.8585],[138.2911,35.8568],[138.2937,35.8565],[138.2961,35.8542],[138.2975,35.8542],[138.3026,35.8475],[138.3071,35.8441],[138.3111,35.835],[138.3203,35.8314],[138.3245,35.8222]],[[138.3245,35.8222],[138.3268,35.8202]],[[138.3268,35.8202],[138.3301,35.8186]],[[138.3301,35.8186],[138.3305,35.8182]],[[138.3305,35.8182],[138.3344,35.8148],[138.3419,35.8146],[138.3438,35.8128]],[[138.3438,35.8128],[138.3496,35.8095],[138.3538,35.8086],[138.3575,35.8004]],[[138.3575,35.8004],[138.3627,35.7997]],[[138.3627,35.7997],[138.3676,35.7986]],[[138.3676,35.7986],[138.3705,35.7959],[138.3733,35.7953],[138.3862,35.7883]],[[138.3862,35.7883],[138.3905,35.7872],[138.3936,35.785],[138.3988,35.7782]],[[138.3988,35.7782],[138.3992,35.7768]],[[138.3992,35.7768],[138.4,35.7741]],[[138.4,35.7741],[138.4001,35.7733]],[[138.4001,35.7733],[138.4002,35.7729]],[[138.4002,35.7729],[138.4025,35.7702],[138.4029,35.7675]],[[138.4029,35.7675],[138.4029,35.7673]],[[138.4029,35.7673],[138.4034,35.7597],[138.4072,35.7499],[138.4071,35.7468],[138.411,35.7437],[138.4115,35.7399],[138.417,35.7352],[138.4172,35.7328]],[[138.4172,35.7328],[138.4194,35.7308],[138.4203,35.727],[138.4278,35.7198],[138.4314,35.7185],[138.4333,35.7158]],[[138.4333,35.7158],[138.4338,35.7142],[138.4373,35.7129],[138.4397,35.7098],[138.4425,35.7084]],[[138.4425,35.7084],[138.4439,35.7072]],[[138.4439,35.7072],[138.4532,35.6998],[138.4617,35.6963],[138.4633,35.6934],[138.4709,35.6885],[138.4724,35.6856],[138.4769,35.684]],[[138.4769,35.684],[138.4788,35.6818]],[[138.4788,35.6818],[138.4816,35.6783]],[[138.4816,35.6783],[138.4854,35.6758]],[[138.4854,35.6758],[138.4893,35.6763]],[[138.4893,35.6763],[138.493,35.6757],[138.4983,35.6729]],[[138.4983,35.6729],[138.4992,35.671],[138.4984,35.6684],[138.5,35.6647],[138.5008,35.6565]],[[138.5008,35.6565],[138.5037,35.652],[138.504,35.6473],[138.5061,35.6443],[138.5055,35.6376],[138.5073,35.633],[138.5059,35.63],[138.507,35.6268],[138.5056,35.6228],[138.5068,35.619],[138.5052,35.6151],[138.5076,35.6055],[138.5107,35.6009],[138.5091,35.5967],[138.5097,35.5954]],[[138.5097,35.5954],[138.5102,35.5911],[138.5074,35.5876],[138.5036,35.5862],[138.5035,35.5825],[138.4983,35.5758],[138.4785,35.5641],[138.4761,35.5571]],[[138.4761,35.5571],[138.4742,35.5501],[138.4723,35.549]],[[138.4723,35.549],[138.4684,35.5464]],[[138.4684,35.5464],[138.4681,35.5463]],[[138.4681,35.5463],[138.464,35.5423]],[[138.464,35.5423],[138.4638,35.542]],[[138.4638,35.542],[138.4628,35.5409]],[[138.4628,35.5409],[138.4553,35.5375]],[[138.4553,35.5375],[138.4547,35.5373]],[[138.4547,35.5373],[138.4523,35.5358],[138.4511,35.533],[138.4509,35.5261],[138.4528,35.5225]],[[138.4528,35.5225],[138.4533,35.5213]],[[138.4533,35.5213],[138.4537,35.518],[138.4553,35.5161]],[[138.4553,35.5161],[138.4593,35.512],[138.46,35.5095],[138.4573,35.508],[138.453,35.5076],[138.4468,35.5038],[138.4468,35.4988]],[[138.4468,35.4988],[138.4501,35.4956]],[[138.4501,35.4956],[138.4536,35.4934],[138.4563,35.4878]],[[138.4563,35.4878],[138.4564,35.4861],[138.454,35.484]],[[138.454,35.484],[138.4539,35.4839]],[[138.4539,35.4839],[138.4477,35.4811]],[[138.4477,35.4811],[138.4462,35.4759]],[[138.4462,35.4759],[138.4467,35.4727],[138.4444,35.4679]],[[138.4444,35.4679],[138.4428,35.466]],[[138.4428,35.466],[138.4416,35.4639],[138.4417,35.4617],[138.4462,35.4561]],[[138.4462,35.4561],[138.4482,35.4542],[138.4464,35.4502]],[[138.4464,35.4502],[138.4449,35.4482]],[[138.4449,35.4482],[138.4425,35.4457]],[[138.4425,35.4457],[138.4398,35.4422]],[[138.4398,35.4422],[138.4391,35.4412]],[[138.4391,35.4412],[138.4386,35.4405]],[[138.4386,35.4405],[138.4385,35.4403]],[[138.4385,35.4403],[138.4381,35.4377]],[[138.4381,35.4377],[138.4417,35.435],[138.4489,35.4338]],[[138.4489,35.4338],[138.4512,35.4277]],[[138.4512,35.4277],[138.4544,35.4203]],[[138.4544,35.4203],[138.4541,35.416]],[[138.4541,35.416],[138.4505,35.4068]],[[138.4505,35.4068],[138.4488,35.4037]],[[138.4488,35.4037],[138.4498,35.4018]],[[138.4498,35.4018],[138.4469,35.3998],[138.4461,35.3938]],[[138.4461,35.3938],[138.4462,35.3934]],[[138.4462,35.3934],[138.4469,35.3886],[138.4507,35.3856]],[[138.4507,35.3856],[138.4507,35.3856]],[[138.4507,35.3856],[138.4524,35.3818],[138.4517,35.3802]],[[138.4517,35.3802],[138.4516,35.38]],[[138.4516,35.38],[138.4515,35.3796]],[[138.4515,35.3796],[138.4508,35.3775]],[[138.4508,35.3775],[138.4508,35.3763]],[[138.4508,35.3763],[138.4502,35.3754],[138.4521,35.3673]],[[138.4521,35.3673],[138.4515,35.3663]],[[138.4515,35.3663],[138.4506,35.359]],[[138.4506,35.359],[138.4491,35.3569]],[[138.4491,35.3569],[138.4389,35.3541]],[[138.4389,35.3541],[138.4384,35.3507],[138.4403,35.3462]],[[138.4403,35.3462],[138.4414,35.3446],[138.4481,35.3412]],[[138.4481,35.3412],[138.4482,35.3409]],[[138.4482,35.3409],[138.4479,35.3353]],[[138.4479,35.3353],[138.4479,35.3352]],[[138.4479,35.3352],[138.4448,35.3225]],[[138.4448,35.3225],[138.4445,35.3211],[138.4465,35.3151]],[[138.4465,35.3151],[138.4532,35.3103],[138.455,35.3067],[138.4554,35.3035]],[[138.4554,35.3035],[138.4557,35.3026]],[[138.4557,35.3026],[138.4554,35.2991]],[[138.4554,35.2991],[138.4548,35.2961]],[[138.4548,35.2961],[138.4543,35.293]],[[138.4543,35.293],[138.4563,35.2913]],[[138.4563,35.2913],[138.4592,35.2889]],[[138.4592,35.2889],[138.4594,35.2871]],[[138.4594,35.2871],[138.4584,35.2863],[138.4597,35.2827]],[[138.4597,35.2827],[138.4615,35.2742],[138.4705,35.268]],[[138.4705,35.268],[138.4733,35.2632],[138.4736,35.2606],[138.4793,35.2564],[138.4828,35.2521]],[[138.4828,35.2521],[138.485,35.2495],[138.4911,35.2462],[138.4944,35.2417]],[[138.4944,35.2417],[138.4962,35.2386],[138.4988,35.2384],[138.5015,35.2404],[138.5041,35.2406],[138.5056,35.2402],[138.507,35.238]],[[138.507,35.238],[138.5079,35.2363]],[[138.5079,35.2363],[138.5126,35.2287],[138.5194,35.2273]],[[138.5194,35.2273],[138.5269,35.2278],[138.5285,35.2266],[138.528,35.2252]],[[138.528,35.2252],[138.5274,35.2231],[138.5244,35.2218],[138.5231,35.2173],[138.5247,35.2158],[138.5272,35.2169]],[[138.5272,35.2169],[138.5324,35.2229]],[[138.5324,35.2229],[138.5352,35.2259],[138.537,35.2263]],[[138.537,35.2263],[138.5394,35.2256],[138.5403,35.2242],[138.5412,35.2126],[138.5471,35.2071],[138.5527,35.2059],[138.5553,35.2019]],[[138.5553,35.2019],[138.557,35.2012]],[[138.557,35.2012],[138.5571,35.2012]],[[138.5571,35.2012],[138.5584,35.1985]],[[138.5584,35.1985],[138.5615,35.1971],[138.5635,35.1921],[138.5658,35.1906],[138.5724,35.1935]],[[138.5724,35.1935],[138.5768,35.196],[138.588,35.1953],[138.5937,35.1902]],[[138.5937,35.1902],[138.5958,35.1898],[138.5986,35.1913]],[[138.5986,35.1913],[138.6016,35.1927]],[[138.6016,35.1927],[138.6047,35.1933],[138.6078,35.1908]],[[138.6078,35.1908],[138.6062,35.1868],[138.6079,35.1835]],[[138.6079,35.1835],[138.6092,35.1825]],[[138.6092,35.1825],[138.6126,35.1808],[138.6171,35.1804]],[[138.6171,35.1804],[138.6202,35.1741],[138.6201,35.1708],[138.621,35.1695],[138.6202,35.1671],[138.6207,35.1625]],[[138.6207,35.1625],[138.6211,35.1615]],[[138.6211,35.1615],[138.6233,35.1568]],[[138.6233,35.1568],[138.6248,35.1557],[138.6255,35.1529]],[[138.6255,35.1529],[138.6277,35.1435]],[[138.6277,35.1435],[138.6337,35.1321],[138.6355,35.1266],[138.637,35.1154]]]}},{"type":"Feature","properties":{"t":"riviere","km":62,"nom":"相模川"},"geometry":{"type":"MultiLineString","coordinates":[[[138.8522,35.4286],[138.852,35.4288]],[[138.852,35.4288],[138.852,35.4289]],[[138.852,35.4289],[138.8482,35.4329],[138.8484,35.4366]],[[138.8484,35.4366],[138.8485,35.4376]],[[138.8485,35.4376],[138.8486,35.4377]],[[138.8486,35.4377],[138.8511,35.4392],[138.8521,35.4411],[138.8512,35.443],[138.8474,35.445]],[[138.8474,35.445],[138.8465,35.4493],[138.8442,35.4508],[138.8415,35.4551],[138.8379,35.4562],[138.8327,35.4561]],[[138.8327,35.4561],[138.8283,35.4581]],[[138.8283,35.4581],[138.8271,35.4569],[138.823,35.4565],[138.8224,35.4554],[138.8185,35.4562],[138.8167,35.454]],[[138.8167,35.454],[138.8129,35.4539],[138.8108,35.4565]],[[138.8108,35.4565],[138.8067,35.4572]],[[138.8067,35.4572],[138.8067,35.4588]],[[138.8067,35.4588],[138.8127,35.4616],[138.8128,35.4636],[138.8144,35.4663],[138.8148,35.4738]],[[138.8148,35.4738],[138.8154,35.4753],[138.8141,35.4809],[138.815,35.4868],[138.8168,35.4897],[138.8179,35.4945],[138.824,35.4989],[138.8239,35.5006],[138.8225,35.5021]],[[138.8225,35.5021],[138.8232,35.5038],[138.826,35.5055],[138.8292,35.5058]],[[138.8292,35.5058],[138.8293,35.5058]],[[138.8293,35.5058],[138.8326,35.5079],[138.834,35.5079],[138.8343,35.507]],[[138.8343,35.507],[138.8364,35.5086],[138.8346,35.5109],[138.8375,35.5145]],[[138.8375,35.5145],[138.8391,35.5162],[138.8433,35.5169],[138.8481,35.5232],[138.8545,35.5271],[138.8562,35.527],[138.861,35.5296],[138.8687,35.53],[138.8706,35.5322],[138.8742,35.5333],[138.8755,35.536],[138.8782,35.5354]],[[138.8782,35.5354],[138.8804,35.5371],[138.882,35.5369],[138.8825,35.5384],[138.8876,35.5384],[138.8934,35.5439]],[[138.8934,35.5439],[138.8955,35.5444],[138.901,35.5483],[138.9038,35.5486],[138.9026,35.5508],[138.9046,35.5514],[138.9073,35.5546],[138.905,35.5572],[138.9025,35.5584],[138.9037,35.5591],[138.9023,35.5618],[138.9026,35.5634]],[[138.9026,35.5634],[138.9057,35.5638],[138.9068,35.5655]],[[138.9068,35.5655],[138.91,35.5652],[138.912,35.566],[138.9121,35.567]],[[138.9121,35.567],[138.912,35.5683],[138.9128,35.5682]],[[138.9128,35.5682],[138.9174,35.5745],[138.9225,35.576],[138.9245,35.5756],[138.9298,35.5786],[138.9347,35.579]],[[138.9347,35.579],[138.9345,35.5803],[138.9379,35.5834],[138.9362,35.5859],[138.9336,35.586],[138.9294,35.5896]],[[138.9294,35.5896],[138.9283,35.5916],[138.926,35.5926],[138.9284,35.5994],[138.9302,35.6013],[138.9345,35.6026],[138.9351,35.6036],[138.9378,35.6033],[138.9401,35.6042]],[[138.9401,35.6042],[138.9403,35.6055],[138.9367,35.6096],[138.9341,35.6103]],[[138.9341,35.6103],[138.9351,35.6115],[138.9379,35.6121],[138.9386,35.6159]],[[138.9386,35.6159],[138.9413,35.6155],[138.9482,35.6176],[138.9503,35.6171],[138.9545,35.6138],[138.9596,35.6142],[138.9632,35.6133],[138.9654,35.615],[138.972,35.6148],[138.9759,35.6159]],[[138.9759,35.6159],[138.9807,35.6156]],[[138.9807,35.6156],[138.9808,35.6156]],[[138.9808,35.6156],[138.9825,35.614]],[[138.9825,35.614],[138.9849,35.6137],[138.9844,35.6154],[138.9855,35.6169],[138.9902,35.6163]],[[138.9902,35.6163],[138.9914,35.6156],[138.9918,35.6132],[138.9962,35.6093]],[[138.9962,35.6093],[138.998,35.6065],[138.9973,35.6035],[139.0035,35.6043],[139.0101,35.607],[139.011,35.6053],[139.0082,35.603],[139.011,35.6024]],[[139.011,35.6024],[139.0133,35.602],[139.0154,35.6031]],[[139.0154,35.6031],[139.0173,35.6026],[139.0192,35.6034],[139.0213,35.6002],[139.0232,35.6001],[139.0247,35.6007],[139.0249,35.6031],[139.0291,35.6038],[139.0324,35.6075]],[[139.0324,35.6075],[139.0369,35.6052],[139.0381,35.6002]],[[139.0381,35.6002],[139.0406,35.6003],[139.0421,35.5988]],[[139.0421,35.5988],[139.046,35.6004],[139.0504,35.6048],[139.0579,35.6064],[139.0635,35.6106]],[[139.0635,35.6106],[139.0647,35.612]],[[139.0647,35.612],[139.0769,35.6132],[139.0837,35.6106]],[[139.0837,35.6106],[139.0864,35.6105],[139.0888,35.6134],[139.0924,35.614],[139.0948,35.617],[139.1039,35.6141],[139.1095,35.6149]],[[139.1095,35.6149],[139.1181,35.6166]],[[139.1181,35.6166],[139.1225,35.6165],[139.1255,35.6134]],[[139.1255,35.6134],[139.1267,35.6124],[139.1278,35.6129]],[[139.1278,35.6129],[139.1351,35.6168]],[[139.1351,35.6168],[139.1376,35.6178],[139.1385,35.6162],[139.1445,35.6158],[139.1479,35.6141],[139.1557,35.6129]],[[139.1557,35.6129],[139.1645,35.6118]],[[139.1645,35.6118],[139.166,35.6124]],[[139.166,35.6124],[139.1715,35.6125],[139.174,35.614],[139.1786,35.6143],[139.1882,35.6106],[139.1931,35.6115],[139.1951,35.613],[139.1954,35.6154]],[[139.1954,35.6154],[139.1955,35.6158]],[[139.1955,35.6158],[139.1967,35.6176],[139.2031,35.6198]],[[139.2031,35.6198],[139.2037,35.6173],[139.2087,35.615]],[[139.2087,35.615],[139.2111,35.6133]],[[139.2111,35.6133],[139.217,35.6097]],[[139.217,35.6097],[139.2203,35.6094]],[[139.2203,35.6094],[139.2224,35.6096],[139.2239,35.6071],[139.2262,35.6059]],[[139.2262,35.6059],[139.2295,35.6042],[139.2313,35.5999]],[[139.2313,35.5999],[139.2387,35.6021],[139.2406,35.5969],[139.2422,35.5966],[139.2432,35.5994],[139.2468,35.5994],[139.2549,35.5939]],[[139.2549,35.5939],[139.2643,35.5863],[139.2708,35.5908]],[[139.2708,35.5908],[139.2737,35.5864],[139.275,35.5883],[139.2802,35.589]],[[139.2802,35.589],[139.2831,35.5858]],[[139.2831,35.5858],[139.2834,35.5854]],[[139.2834,35.5854],[139.2845,35.584],[139.286,35.5842],[139.2954,35.5883],[139.2992,35.5867]],[[139.2992,35.5867],[139.3004,35.5838]],[[139.3004,35.5838],[139.3045,35.5806],[139.3101,35.5726]],[[139.3101,35.5726],[139.3144,35.5718],[139.3162,35.5663]],[[139.3162,35.5663],[139.3169,35.5633],[139.3211,35.5585]],[[139.3211,35.5585],[139.3236,35.5545]],[[139.3236,35.5545],[139.3253,35.5537],[139.3239,35.548]],[[139.3239,35.548],[139.3246,35.5441],[139.3305,35.54]],[[139.3305,35.54],[139.3381,35.5368]],[[139.3381,35.5368],[139.3521,35.5303],[139.3579,35.5246],[139.3703,35.5184]],[[139.3703,35.5184],[139.3763,35.5167],[139.3783,35.5117]],[[139.3783,35.5117],[139.3765,35.5018],[139.3766,35.4962],[139.3714,35.4902],[139.3713,35.4891],[139.3734,35.4846],[139.3776,35.4801],[139.3795,35.4731],[139.3789,35.4665],[139.3806,35.4638]],[[139.3806,35.4638],[139.3777,35.4547],[139.376,35.4539]],[[139.376,35.4539],[139.3751,35.4536]],[[139.3751,35.4536],[139.3706,35.4498]],[[139.3706,35.4498],[139.3701,35.4474],[139.3735,35.4381],[139.3723,35.4341],[139.3736,35.4256],[139.3715,35.4231],[139.3714,35.4211]],[[139.3714,35.4211],[139.3701,35.4194]],[[139.3701,35.4194],[139.3704,35.4164]],[[139.3704,35.4164],[139.3685,35.4119],[139.371,35.4056],[139.3708,35.4027]],[[139.3708,35.4027],[139.3731,35.3962]],[[139.3731,35.3962],[139.3775,35.3869],[139.3767,35.3838],[139.3738,35.3792]],[[139.3738,35.3792],[139.3714,35.376]],[[139.3714,35.376],[139.3712,35.3735]],[[139.3712,35.3735],[139.3689,35.3702]],[[139.3689,35.3702],[139.3677,35.3641],[139.3696,35.3594]],[[139.3696,35.3594],[139.3705,35.3557],[139.3696,35.3515],[139.3705,35.3474],[139.3702,35.3413],[139.3672,35.3323]],[[139.3672,35.3323],[139.369,35.3192]],[[139.369,35.3192],[139.369,35.3192]],[[139.369,35.3192],[139.3683,35.3148]],[[139.3749,35.5173],[139.3783,35.5162]],[[139.3749,35.5173],[139.3783,35.5162]],[[139.3783,35.5162],[139.3789,35.5145]],[[139.3789,35.5145],[139.3783,35.5117]],[[139.3004,35.5838],[139.3003,35.582]],[[139.3003,35.582],[139.3018,35.5764],[139.3101,35.5726]]]}},{"type":"Feature","properties":{"t":"riviere","km":146,"nom":"天塩川"},"geometry":{"type":"MultiLineString","coordinates":[[[141.7405,44.8813],[141.7391,44.8791],[141.7366,44.8782]],[[141.7288,44.9169],[141.7325,44.9044],[141.737,44.8945],[141.7405,44.8813]],[[141.7251,44.93],[141.7279,44.9234],[141.7288,44.9169]],[[141.7323,44.9658],[141.7279,44.9633],[141.7242,44.9593],[141.7172,44.9549],[141.7148,44.9517],[141.7159,44.9464],[141.7215,44.9408],[141.7251,44.93]],[[141.7419,44.9676],[141.7323,44.9658]],[[141.7426,44.9677],[141.7419,44.9676]],[[141.7759,44.9843],[141.7673,44.9851],[141.7647,44.9845],[141.7607,44.982],[141.7458,44.9692],[141.7426,44.9677]],[[141.7819,44.9873],[141.7759,44.9843]],[[141.8136,44.9927],[141.7932,44.9913],[141.7819,44.9873]],[[141.8373,44.9916],[141.8316,44.9895],[141.8247,44.9924],[141.8136,44.9927]],[[141.8515,44.9933],[141.8373,44.9916]],[[141.8619,44.9895],[141.8585,44.9921],[141.8515,44.9933]],[[141.8642,44.9787],[141.8632,44.9813],[141.8633,44.9863],[141.8619,44.9895]],[[141.8657,44.9763],[141.8642,44.9787]],[[141.8735,44.9639],[141.8735,44.9674],[141.8724,44.9697],[141.8657,44.9763]],[[141.8767,44.9551],[141.8735,44.9613],[141.8735,44.9639]],[[141.8768,44.9472],[141.876,44.9511],[141.8767,44.9551]],[[141.8745,44.9348],[141.8768,44.9472]],[[141.8799,44.9282],[141.8748,44.9307],[141.8745,44.9348]],[[141.8881,44.9256],[141.8799,44.9282]],[[141.9103,44.9213],[141.898,44.9228],[141.8881,44.9256]],[[141.9134,44.9204],[141.9103,44.9213]],[[141.9184,44.9154],[141.9174,44.9184],[141.9134,44.9204]],[[141.9113,44.9057],[141.9094,44.9076],[141.9102,44.9106],[141.9136,44.9133],[141.9184,44.9154]],[[141.9219,44.9052],[141.9113,44.9057]],[[141.9408,44.9094],[141.9319,44.9089],[141.9219,44.9052]],[[141.9512,44.9037],[141.9484,44.9112],[141.9408,44.9094]],[[141.9547,44.8976],[141.9528,44.8982],[141.9512,44.9037]],[[141.9667,44.9025],[141.9619,44.902],[141.9547,44.8976]],[[141.969,44.9056],[141.9667,44.9025]],[[141.9779,44.9132],[141.969,44.9056]],[[141.9864,44.9167],[141.9779,44.9132]],[[141.9904,44.9156],[141.9864,44.9167]],[[142.0017,44.8977],[141.9984,44.9001],[141.997,44.9042],[141.9921,44.9106],[141.9904,44.9156]],[[142.0036,44.8976],[142.0017,44.8977]],[[142.0218,44.8906],[142.0165,44.8951],[142.0113,44.8968],[142.0036,44.8976]],[[142.0256,44.8864],[142.0218,44.8906]],[[142.0286,44.8846],[142.0256,44.8864]],[[142.0496,44.876],[142.0467,44.8778],[142.0373,44.88],[142.0286,44.8846]],[[142.0501,44.8743],[142.0496,44.876]],[[142.0498,44.872],[142.0501,44.8743]],[[142.056,44.8629],[142.05,44.8663],[142.0498,44.872]],[[142.0609,44.8616],[142.056,44.8629]],[[142.0636,44.849],[142.0628,44.8513],[142.0636,44.8579],[142.0609,44.8616]],[[142.073,44.8433],[142.0669,44.845],[142.0636,44.849]],[[142.0764,44.8391],[142.0765,44.8415],[142.073,44.8433]],[[142.0758,44.8377],[142.0764,44.8391]],[[142.0743,44.8327],[142.0758,44.8377]],[[142.0699,44.8073],[142.0693,44.8149],[142.0732,44.8279],[142.0727,44.8309],[142.0743,44.8327]],[[142.0709,44.8004],[142.0699,44.8073]],[[142.0693,44.7916],[142.0706,44.7945],[142.0709,44.8004]],[[142.0659,44.7874],[142.0693,44.7916]],[[142.0649,44.7864],[142.0659,44.7874]],[[142.0601,44.7789],[142.0596,44.7811],[142.0649,44.7864]],[[142.066,44.7752],[142.0601,44.7789]],[[142.0538,44.76],[142.0626,44.7655],[142.0669,44.7718],[142.0671,44.7737],[142.066,44.7752]],[[142.0434,44.7419],[142.0504,44.7565],[142.0538,44.76]],[[142.0439,44.7388],[142.0434,44.7419]],[[142.0497,44.7352],[142.0439,44.7388]],[[142.0644,44.7308],[142.0547,44.7329],[142.0497,44.7352]],[[142.0667,44.7306],[142.0644,44.7308]],[[142.071,44.7308],[142.0667,44.7306]],[[142.0846,44.7327],[142.071,44.7308]],[[142.1049,44.7301],[142.0846,44.7327]],[[142.1066,44.7303],[142.1049,44.7301]],[[142.1073,44.7304],[142.1066,44.7303]],[[142.1152,44.7341],[142.1134,44.7322],[142.1073,44.7304]],[[142.1433,44.7357],[142.1367,44.737],[142.1324,44.748],[142.129,44.7512],[142.1245,44.7525],[142.1187,44.7511],[142.1159,44.7491],[142.1142,44.7438],[142.1157,44.737],[142.1152,44.7341]],[[142.1441,44.7356],[142.1433,44.7357]],[[142.1656,44.727],[142.1637,44.7312],[142.157,44.7341],[142.1441,44.7356]],[[142.1854,44.7419],[142.1837,44.7422],[142.1807,44.7394],[142.1776,44.7299],[142.1738,44.7244],[142.1683,44.7251],[142.1656,44.727]],[[142.1924,44.7355],[142.1854,44.7419]],[[142.1952,44.7339],[142.1924,44.7355]],[[142.2019,44.7332],[142.1952,44.7339]],[[142.2057,44.7329],[142.2019,44.7332]],[[142.2114,44.7325],[142.2057,44.7329]],[[142.2182,44.7286],[142.2144,44.7318],[142.2114,44.7325]],[[142.2382,44.7249],[142.2307,44.7268],[142.2237,44.7257],[142.2182,44.7286]],[[142.245,44.7224],[142.2382,44.7249]],[[142.2508,44.7291],[142.2474,44.7285],[142.2468,44.7232],[142.245,44.7224]],[[142.257,44.7258],[142.2508,44.7291]],[[142.2673,44.7057],[142.2704,44.7095],[142.2704,44.714],[142.2685,44.7163],[142.2633,44.7191],[142.257,44.7258]],[[142.2632,44.7012],[142.2673,44.7057]],[[142.2593,44.6882],[142.2595,44.6917],[142.2623,44.6949],[142.2632,44.7012]],[[142.2608,44.6822],[142.2612,44.6841],[142.2593,44.6882]],[[142.2597,44.6808],[142.2608,44.6822]],[[142.2558,44.6763],[142.2597,44.6808]],[[142.2553,44.6681],[142.2565,44.6709],[142.2558,44.6763]],[[142.2551,44.6623],[142.254,44.6655],[142.2553,44.6681]],[[142.2597,44.6515],[142.2625,44.654],[142.2628,44.6575],[142.2615,44.6591],[142.2551,44.6623]],[[142.258,44.6448],[142.2597,44.6515]],[[142.2636,44.6389],[142.2578,44.6401],[142.2567,44.6423],[142.258,44.6448]],[[142.2656,44.6387],[142.2636,44.6389]],[[142.2763,44.6286],[142.272,44.6357],[142.2656,44.6387]],[[142.286,44.621],[142.2794,44.6233],[142.2768,44.626],[142.2763,44.6286]],[[142.3022,44.6129],[142.3004,44.6152],[142.2922,44.6177],[142.286,44.621]],[[142.3067,44.6045],[142.3059,44.6065],[142.3025,44.6092],[142.3022,44.6129]],[[142.2952,44.6034],[142.3,44.604],[142.305,44.6033],[142.3065,44.6036],[142.3067,44.6045]],[[142.2941,44.5954],[142.2909,44.5964],[142.2894,44.5992],[142.2906,44.6015],[142.2952,44.6034]],[[142.3077,44.5915],[142.2941,44.5954]],[[142.3112,44.5907],[142.3077,44.5915]],[[142.3133,44.5879],[142.3112,44.5907]],[[142.3156,44.58],[142.3133,44.5879]],[[142.3203,44.5756],[142.3175,44.5771],[142.3156,44.58]],[[142.3294,44.5667],[142.325,44.5726],[142.3203,44.5756]],[[142.3302,44.5643],[142.3294,44.5667]],[[142.333,44.5522],[142.331,44.5579],[142.3302,44.5643]],[[142.3323,44.5493],[142.333,44.5522]],[[142.3288,44.5406],[142.3289,44.5435],[142.3323,44.5493]],[[142.3355,44.531],[142.3311,44.5351],[142.3288,44.5406]],[[142.3308,44.5284],[142.3355,44.531]],[[142.317,44.5251],[142.3265,44.5264],[142.3308,44.5284]],[[142.3114,44.5227],[142.317,44.5251]],[[142.3144,44.5175],[142.3117,44.5205],[142.3114,44.5227]],[[142.3179,44.515],[142.3144,44.5175]],[[142.325,44.5062],[142.3215,44.5125],[142.3179,44.515]],[[142.3346,44.5002],[142.3338,44.5027],[142.331,44.5047],[142.325,44.5062]],[[142.3313,44.4866],[142.3319,44.4931],[142.3346,44.5002]],[[142.3359,44.4796],[142.3313,44.4866]],[[142.3309,44.4752],[142.3351,44.4776],[142.3359,44.4796]],[[142.3307,44.4718],[142.3301,44.4736],[142.3309,44.4752]],[[142.3311,44.4714],[142.3307,44.4718]],[[142.3342,44.4677],[142.3311,44.4714]],[[142.3374,44.458],[142.3339,44.4599],[142.3323,44.4623],[142.3323,44.4645],[142.3342,44.4677]],[[142.3401,44.4563],[142.3374,44.458]],[[142.3476,44.454],[142.3444,44.4541],[142.3401,44.4563]],[[142.3651,44.4541],[142.3537,44.455],[142.3476,44.454]],[[142.3688,44.454],[142.3651,44.4541]],[[142.3778,44.4533],[142.3688,44.454]],[[142.3838,44.4532],[142.3778,44.4533]],[[142.3922,44.4525],[142.3838,44.4532]],[[142.4128,44.447],[142.3922,44.4525]],[[142.4274,44.439],[142.4193,44.4447],[142.4128,44.447]],[[142.4393,44.4342],[142.4322,44.4357],[142.4274,44.439]],[[142.4442,44.4268],[142.443,44.4321],[142.4393,44.4342]],[[142.4558,44.417],[142.4533,44.4168],[142.4449,44.4209],[142.4442,44.4268]],[[142.4593,44.4175],[142.4558,44.417]],[[142.4732,44.4013],[142.4745,44.4039],[142.4738,44.4065],[142.4696,44.4111],[142.4593,44.4175]],[[142.465,44.3935],[142.4732,44.4013]],[[142.4626,44.3917],[142.465,44.3935]],[[142.4599,44.3896],[142.4626,44.3917]],[[142.4565,44.3877],[142.4599,44.3896]],[[142.438,44.3385],[142.4406,44.3416],[142.4413,44.3455],[142.4388,44.3519],[142.4393,44.3553],[142.4478,44.3695],[142.4495,44.3818],[142.4565,44.3877]],[[142.4154,44.3336],[142.4278,44.3336],[142.438,44.3385]],[[142.398,44.3239],[142.4039,44.3267],[142.412,44.3327],[142.4154,44.3336]],[[142.3751,44.3096],[142.3839,44.3145],[142.3908,44.321],[142.398,44.3239]],[[142.3656,44.298],[142.3674,44.3019],[142.3751,44.3096]],[[142.3628,44.2804],[142.3703,44.2867],[142.3696,44.2888],[142.365,44.2938],[142.3656,44.298]],[[142.358,44.2774],[142.3628,44.2804]],[[142.3513,44.2707],[142.355,44.2753],[142.358,44.2774]],[[142.3578,44.2523],[142.35,44.2651],[142.35,44.269],[142.3513,44.2707]],[[142.3577,44.2425],[142.3586,44.2481],[142.3578,44.2523]],[[142.357,44.2285],[142.3577,44.2425]],[[142.3569,44.2189],[142.3562,44.2232],[142.357,44.2285]],[[142.4164,44.1865],[142.4145,44.1911],[142.4116,44.1925],[142.4091,44.1926],[142.4041,44.1903],[142.4004,44.1903],[142.3924,44.1922],[142.3851,44.1954],[142.3831,44.197],[142.3798,44.2025],[142.3682,44.2068],[142.361,44.2136],[142.3569,44.2189]],[[142.4202,44.1689],[142.4148,44.1756],[142.4132,44.1806],[142.4164,44.1865]],[[142.4382,44.1546],[142.4329,44.1592],[142.4242,44.1644],[142.4202,44.1689]],[[142.4431,44.1462],[142.4382,44.1546]],[[142.452,44.1375],[142.4466,44.1406],[142.4431,44.1462]],[[142.4636,44.1327],[142.4553,44.1353],[142.452,44.1375]],[[142.4954,44.124],[142.4899,44.1251],[142.4854,44.1282],[142.4791,44.1291],[142.4705,44.133],[142.4636,44.1327]],[[142.5257,44.1231],[142.5227,44.1245],[142.5047,44.1259],[142.4954,44.124]],[[142.526,44.1229],[142.5257,44.1231]],[[142.5365,44.1183],[142.526,44.1229]],[[142.5414,44.1162],[142.5365,44.1183]],[[142.5757,44.1124],[142.5706,44.1126],[142.561,44.1156],[142.5539,44.1137],[142.5414,44.1162]],[[142.5906,44.1093],[142.5869,44.1092],[142.5813,44.1115],[142.5757,44.1124]],[[142.6114,44.1135],[142.6031,44.1134],[142.5979,44.1096],[142.5906,44.1093]],[[142.6126,44.1135],[142.6114,44.1135]],[[142.6367,44.1174],[142.6359,44.1159],[142.6291,44.1125],[142.6256,44.1137],[142.6166,44.1125],[142.6126,44.1135]],[[142.6568,44.1273],[142.6443,44.1244],[142.6429,44.123],[142.6421,44.1199],[142.6379,44.119],[142.6367,44.1174]],[[142.674,44.1259],[142.6704,44.1277],[142.6649,44.1263],[142.6568,44.1273]],[[142.6771,44.1244],[142.674,44.1259]],[[142.6955,44.1157],[142.6873,44.1181],[142.6771,44.1244]],[[142.7079,44.115],[142.7061,44.1164],[142.7019,44.117],[142.6978,44.1155],[142.6955,44.1157]],[[142.7104,44.1144],[142.7079,44.115]],[[142.721,44.0992],[142.7104,44.1144]],[[142.723,44.0959],[142.721,44.0992]],[[142.7252,44.0926],[142.723,44.0959]],[[142.7378,44.0858],[142.7266,44.091],[142.7252,44.0926]],[[142.7438,44.0768],[142.7428,44.0833],[142.7378,44.0858]],[[142.7438,44.0753],[142.7438,44.0768]],[[142.7358,44.0724],[142.7391,44.0744],[142.7438,44.0753]],[[142.729,44.0672],[142.7297,44.0687],[142.7351,44.0705],[142.7358,44.0724]],[[142.728,44.0643],[142.727,44.0658],[142.729,44.0672]],[[142.7251,44.0616],[142.728,44.0643]],[[142.7208,44.0601],[142.7251,44.0616]],[[142.7097,44.0315],[142.7084,44.0341],[142.7099,44.0361],[142.709,44.0392],[142.7113,44.0446],[142.7097,44.0487],[142.7104,44.0507],[142.7095,44.0538],[142.7104,44.0558],[142.7133,44.0566],[142.7154,44.0594],[142.7208,44.0601]],[[142.715,44.0201],[142.7123,44.0255],[142.7098,44.0277],[142.7097,44.0315]],[[142.7284,44.0013],[142.726,44.0043],[142.7238,44.0054],[142.7223,44.0091],[142.7176,44.0139],[142.7195,44.0169],[142.7165,44.0181],[142.715,44.0201]],[[142.7372,43.9909],[142.7383,43.9927],[142.7326,43.9944],[142.7321,43.9988],[142.7284,44.0013]],[[142.7531,43.9782],[142.7459,43.9824],[142.7426,43.9869],[142.7399,43.988],[142.7372,43.9909]],[[142.7548,43.9775],[142.7531,43.9782]],[[142.763,43.9768],[142.7548,43.9775]],[[142.7632,43.9766],[142.763,43.9768]],[[142.7756,43.9813],[142.7694,43.9779],[142.7632,43.9766]],[[142.7876,43.9834],[142.7836,43.9846],[142.7813,43.9831],[142.7782,43.9834],[142.7756,43.9813]],[[142.7959,43.9814],[142.7918,43.9837],[142.7876,43.9834]],[[142.7989,43.9802],[142.7959,43.9814]],[[142.81,43.9776],[142.8068,43.9775],[142.7989,43.9802]],[[142.8191,43.9801],[142.8167,43.981],[142.8152,43.9795],[142.81,43.9776]],[[142.8343,43.9827],[142.8302,43.9803],[142.8191,43.9801]],[[142.8471,43.9944],[142.8449,43.9939],[142.8441,43.9923],[142.8451,43.9903],[142.8436,43.988],[142.8398,43.9856],[142.8368,43.9853],[142.8343,43.9827]],[[142.8581,43.9893],[142.8573,43.9902],[142.8538,43.9909],[142.8504,43.9938],[142.8471,43.9944]],[[142.867,43.9853],[142.8605,43.9859],[142.8581,43.9893]],[[142.8703,43.9845],[142.867,43.9853]],[[142.8815,43.9705],[142.8755,43.9731],[142.8725,43.9757],[142.8691,43.98],[142.8703,43.9845]]]}},{"type":"Feature","properties":{"t":"riviere","km":85,"nom":"鵡川"},"geometry":{"type":"MultiLineString","coordinates":[[[142.1823,42.7652],[142.1749,42.7611],[142.1664,42.7606],[142.1556,42.7585],[142.141,42.7611],[142.1336,42.7565],[142.1288,42.7459],[142.13,42.7414],[142.1211,42.7382],[142.1166,42.7337],[142.1181,42.73],[142.1226,42.7275],[142.1224,42.7222],[142.1274,42.716],[142.127,42.7143],[142.117,42.7034],[142.1203,42.6982],[142.1171,42.6961],[142.1096,42.6947],[142.1044,42.6854],[142.0943,42.6809],[142.0919,42.6778],[142.0876,42.6746],[142.0774,42.677],[142.0744,42.6746],[142.0731,42.66],[142.0666,42.6552],[142.0659,42.6487],[142.0688,42.6395],[142.0789,42.6322],[142.0859,42.6255],[142.0862,42.624],[142.0813,42.6185],[142.0883,42.6064],[142.0884,42.604],[142.0872,42.6026],[142.0836,42.6014],[142.0746,42.6013],[142.072,42.6021],[142.0671,42.6067],[142.0614,42.6062],[142.0587,42.6049],[142.0559,42.6001],[142.0515,42.5977],[142.0457,42.5927],[142.0318,42.591],[142.0245,42.5838],[142.0167,42.5815],[142.0111,42.5753],[142.0073,42.5737],[142.0003,42.5749],[141.998,42.5769],[141.9957,42.5811],[141.9855,42.5876],[141.9546,42.5918],[141.9523,42.5902],[141.9496,42.5847],[141.9432,42.5815],[141.9383,42.5805],[141.9368,42.5792],[141.9363,42.5752],[141.9373,42.57],[141.9359,42.5663],[141.9312,42.5642],[141.921,42.5616]],[[142.1891,42.7695],[142.1823,42.7652]],[[142.1987,42.7733],[142.1891,42.7695]],[[142.2185,42.7798],[142.214,42.7771],[142.2097,42.7705],[142.2026,42.7742],[142.1987,42.7733]],[[142.2286,42.7836],[142.2185,42.7798]],[[142.2309,42.7862],[142.2286,42.7836]],[[142.242,42.7948],[142.2369,42.7882],[142.2309,42.7862]],[[142.2428,42.796],[142.242,42.7948]],[[142.2508,42.801],[142.2443,42.7979],[142.2428,42.796]],[[142.2573,42.811],[142.2571,42.8063],[142.2508,42.801]],[[142.2551,42.8202],[142.2541,42.8176],[142.257,42.8145],[142.2573,42.811]],[[142.2618,42.8301],[142.2574,42.8259],[142.2551,42.8202]],[[142.2533,42.8395],[142.2582,42.8368],[142.2562,42.8329],[142.2613,42.8322],[142.2618,42.8301]],[[142.2613,42.8523],[142.2593,42.8504],[142.2605,42.8478],[142.2604,42.845],[142.2584,42.844],[142.2543,42.8438],[142.2533,42.8425],[142.2533,42.8395]],[[142.2651,42.8577],[142.2657,42.8564],[142.2613,42.8523]],[[142.2584,42.8603],[142.2598,42.859],[142.2651,42.8577]],[[142.2587,42.8623],[142.2584,42.8603]],[[142.2686,42.8693],[142.2623,42.8685],[142.2587,42.8623]],[[142.2679,42.8785],[142.2678,42.8766],[142.2658,42.876],[142.2645,42.8739],[142.2701,42.8713],[142.2702,42.8703],[142.2686,42.8693]],[[142.2516,42.8867],[142.2594,42.8833],[142.2625,42.88],[142.2679,42.8785]],[[142.2559,42.894],[142.255,42.8877],[142.2516,42.8867]],[[142.2655,42.9033],[142.2614,42.9014],[142.2586,42.8953],[142.2564,42.8952],[142.2559,42.894]],[[142.2728,42.9029],[142.2655,42.9033]],[[142.2866,42.9105],[142.2844,42.9101],[142.2813,42.9109],[142.279,42.9045],[142.2728,42.9029]],[[142.2887,42.9228],[142.2895,42.9212],[142.2866,42.9197],[142.2876,42.9189],[142.287,42.9169],[142.2889,42.9163],[142.2893,42.9152],[142.2883,42.912],[142.2866,42.9105]],[[142.2871,42.9245],[142.2887,42.9228]],[[142.2876,42.9288],[142.2864,42.9271],[142.2871,42.9245]],[[142.2884,42.9301],[142.2876,42.9288]],[[142.2978,42.9417],[142.2943,42.9416],[142.2919,42.9392],[142.2924,42.9377],[142.2965,42.936],[142.2957,42.9332],[142.2933,42.9312],[142.2884,42.9301]],[[142.3051,42.9425],[142.2978,42.9417]],[[142.3113,42.9502],[142.3084,42.947],[142.3081,42.945],[142.3051,42.9425]],[[142.3166,42.9574],[142.3164,42.9539],[142.3144,42.9514],[142.3113,42.9502]],[[142.326,42.9596],[142.323,42.961],[142.3166,42.9574]],[[142.328,42.9473],[142.3259,42.9486],[142.3299,42.9519],[142.326,42.9596]],[[142.3601,42.9396],[142.3547,42.9436],[142.3493,42.9452],[142.3442,42.9445],[142.3396,42.9477],[142.328,42.9473]],[[142.3739,42.9446],[142.3674,42.9448],[142.3646,42.9432],[142.3623,42.9434],[142.3601,42.9396]],[[142.3757,42.9619],[142.3763,42.9557],[142.3736,42.9528],[142.3773,42.9505],[142.3775,42.9492],[142.3739,42.9446]],[[142.378,42.9678],[142.3764,42.966],[142.3757,42.9619]],[[142.3793,42.975],[142.3785,42.9743],[142.378,42.9678]],[[142.3805,42.9753],[142.3793,42.975]],[[142.3904,42.9757],[142.3805,42.9753]],[[142.3921,42.9768],[142.3904,42.9757]],[[142.3953,42.9841],[142.3934,42.9838],[142.3909,42.9815],[142.3908,42.9793],[142.3921,42.9768]],[[142.4066,42.9854],[142.4077,42.9843],[142.4058,42.9822],[142.3953,42.9841]],[[142.4077,42.9964],[142.402,42.99],[142.4023,42.9886],[142.4066,42.9854]],[[142.4094,43.0031],[142.407,43.0009],[142.4077,42.9964]],[[142.4094,43.0052],[142.4094,43.0031]],[[142.4152,43.0088],[142.4125,43.0064],[142.4094,43.0052]],[[142.4216,43.012],[142.4215,43.0112],[142.4152,43.0088]],[[142.4254,43.0135],[142.4234,43.0138],[142.4216,43.0129],[142.4216,43.012]],[[142.4353,43.0211],[142.4285,43.0158],[142.4287,43.0146],[142.4316,43.0126],[142.4254,43.0135]],[[142.4606,43.0435],[142.4579,43.0415],[142.461,43.0367],[142.4556,43.0309],[142.4516,43.0294],[142.4502,43.0258],[142.4486,43.0247],[142.448,43.0215],[142.4449,43.0218],[142.4427,43.0206],[142.4381,43.0238],[142.4353,43.0211]],[[142.4818,43.0464],[142.4748,43.0474],[142.4728,43.0468],[142.4718,43.0443],[142.4677,43.0431],[142.4659,43.0389],[142.4628,43.0399],[142.4616,43.0432],[142.4606,43.0435]],[[142.4841,43.0529],[142.4821,43.051],[142.4818,43.0464]],[[142.4943,43.054],[142.4923,43.0522],[142.4857,43.0538],[142.4841,43.0529]],[[142.5247,43.0437],[142.5185,43.043],[142.512,43.0487],[142.5066,43.0483],[142.5018,43.0497],[142.4978,43.0494],[142.4959,43.0507],[142.4956,43.053],[142.4943,43.054]],[[142.5315,43.0586],[142.5324,43.0579],[142.5317,43.0562],[142.5343,43.0549],[142.5331,43.0531],[142.5354,43.0501],[142.5353,43.0483],[142.534,43.0477],[142.5332,43.0452],[142.5281,43.0416],[142.5247,43.0437]],[[142.532,43.0648],[142.5311,43.0611],[142.5315,43.0586]],[[142.5456,43.0619],[142.5332,43.0655],[142.532,43.0648]],[[142.5702,43.0574],[142.5675,43.0587],[142.5677,43.0595],[142.564,43.0596],[142.5629,43.0585],[142.5605,43.0583],[142.5591,43.0594],[142.5515,43.0606],[142.5502,43.0619],[142.5456,43.0619]],[[142.5887,43.0547],[142.5877,43.0554],[142.5854,43.0545],[142.5791,43.0545],[142.5768,43.0566],[142.5751,43.0567],[142.5752,43.0575],[142.5702,43.0574]],[[142.5945,43.0563],[142.5887,43.0547]],[[142.6015,43.0584],[142.5995,43.0582],[142.5978,43.0561],[142.5945,43.0563]],[[142.6073,43.0573],[142.6042,43.0569],[142.6015,43.0584]],[[142.6154,43.0545],[142.6101,43.0578],[142.6073,43.0573]],[[142.6325,43.053],[142.6291,43.0525],[142.6251,43.0537],[142.6222,43.0529],[142.617,43.0534],[142.6154,43.0545]],[[142.6538,43.0463],[142.6483,43.0498],[142.6421,43.052],[142.6325,43.053]],[[142.6594,43.0416],[142.6538,43.0463]],[[142.6643,43.0381],[142.6594,43.0416]],[[142.6766,43.0362],[142.6643,43.0381]],[[142.6896,43.0318],[142.6828,43.0313],[142.6789,43.0353],[142.6766,43.0362]],[[142.7079,43.0252],[142.7009,43.0292],[142.6896,43.0318]]]}},{"type":"Feature","properties":{"t":"riviere","km":82,"nom":"沙流川"},"geometry":{"type":"MultiLineString","coordinates":[[[142.0187,42.5065],[142.012,42.5014]],[[142.0243,42.5141],[142.0218,42.5124],[142.0187,42.5065]],[[142.0375,42.5166],[142.03,42.5163],[142.0243,42.5141]],[[142.0583,42.5274],[142.0559,42.5255],[142.0549,42.5229],[142.0455,42.5171],[142.0375,42.5166]],[[142.0628,42.5326],[142.0583,42.5274]],[[142.0648,42.5357],[142.0628,42.5326]],[[142.0661,42.541],[142.0648,42.5357]],[[142.089,42.5494],[142.0768,42.5468],[142.0728,42.5441],[142.0668,42.5422],[142.0661,42.541]],[[142.1132,42.5676],[142.1088,42.5665],[142.106,42.5586],[142.104,42.5562],[142.089,42.5494]],[[142.1152,42.5677],[142.1132,42.5676]],[[142.1236,42.5681],[142.1152,42.5677]],[[142.1283,42.5702],[142.1236,42.5681]],[[142.1296,42.5706],[142.1283,42.5702]],[[142.1386,42.574],[142.136,42.5723],[142.1296,42.5706]],[[142.1423,42.5802],[142.1419,42.5777],[142.1386,42.574]],[[142.1427,42.589],[142.1413,42.5842],[142.1423,42.5802]],[[142.1462,42.6009],[142.1459,42.5983],[142.1434,42.5946],[142.1427,42.589]],[[142.1455,42.6039],[142.1462,42.6009]],[[142.1453,42.6049],[142.1455,42.6039]],[[142.1449,42.6061],[142.1453,42.6049]],[[142.1428,42.6086],[142.1449,42.6061]],[[142.1405,42.6117],[142.1428,42.6086]],[[142.1391,42.6158],[142.1405,42.6117]],[[142.1397,42.6203],[142.1391,42.6158]],[[142.1406,42.622],[142.1397,42.6203]],[[142.1419,42.6239],[142.1406,42.622]],[[142.1463,42.6282],[142.1419,42.6239]],[[142.1484,42.6291],[142.1463,42.6282]],[[142.1486,42.6294],[142.1484,42.6291]],[[142.1499,42.6309],[142.1486,42.6294]],[[142.1504,42.6334],[142.1499,42.6309]],[[142.1508,42.6372],[142.1504,42.6334]],[[142.1514,42.6398],[142.1508,42.6372]],[[142.1519,42.6413],[142.1514,42.6398]],[[142.1563,42.6477],[142.1519,42.6413]],[[142.1612,42.6509],[142.1563,42.6477]],[[142.1711,42.6613],[142.1677,42.6566],[142.1612,42.6509]],[[142.1725,42.6638],[142.1711,42.6613]],[[142.1753,42.6678],[142.1725,42.6638]],[[142.1761,42.6688],[142.1753,42.6678]],[[142.1835,42.6734],[142.1761,42.6688]],[[142.1849,42.6744],[142.1835,42.6734]],[[142.1866,42.6756],[142.1849,42.6744]],[[142.188,42.6765],[142.1866,42.6756]],[[142.1955,42.6824],[142.1939,42.6803],[142.188,42.6765]],[[142.198,42.6842],[142.1955,42.6824]],[[142.199,42.6845],[142.198,42.6842]],[[142.208,42.6874],[142.2045,42.6851],[142.199,42.6845]],[[142.2108,42.6902],[142.208,42.6874]],[[142.2145,42.691],[142.2108,42.6902]],[[142.2213,42.6932],[142.2186,42.6916],[142.2145,42.691]],[[142.2253,42.6972],[142.2213,42.6932]],[[142.2302,42.6987],[142.2253,42.6972]],[[142.2353,42.7006],[142.2302,42.6987]],[[142.2367,42.7015],[142.2353,42.7006]],[[142.244,42.7091],[142.2367,42.7015]],[[142.2442,42.7095],[142.244,42.7091]],[[142.245,42.7107],[142.2442,42.7095]],[[142.2496,42.713],[142.245,42.7107]],[[142.2504,42.7132],[142.2496,42.713]],[[142.2524,42.714],[142.2504,42.7132]],[[142.2531,42.7139],[142.2524,42.714]],[[142.2702,42.7135],[142.269,42.7111],[142.2648,42.7108],[142.2531,42.7139]],[[142.2699,42.7145],[142.2702,42.7135]],[[142.2807,42.7149],[142.2746,42.7171],[142.2707,42.7159],[142.2699,42.7145]],[[142.2857,42.7186],[142.2807,42.7149]],[[142.2899,42.7239],[142.2857,42.7186]],[[142.2921,42.7248],[142.2899,42.7239]],[[142.3112,42.7252],[142.3022,42.723],[142.2955,42.7253],[142.2921,42.7248]],[[142.3248,42.7268],[142.3166,42.7277],[142.3112,42.7252]],[[142.3261,42.7273],[142.3248,42.7268]],[[142.3324,42.7314],[142.3299,42.732],[142.3281,42.731],[142.3261,42.7273]],[[142.3507,42.7289],[142.344,42.7284],[142.3324,42.7314]],[[142.3665,42.7358],[142.362,42.7302],[142.3552,42.7306],[142.3507,42.7289]],[[142.368,42.7366],[142.3665,42.7358]],[[142.3706,42.7421],[142.3694,42.738],[142.368,42.7366]],[[142.3658,42.7489],[142.367,42.7447],[142.3697,42.7437],[142.3706,42.7421]],[[142.3727,42.7519],[142.3658,42.7489]],[[142.3758,42.7651],[142.3721,42.7578],[142.3727,42.7519]],[[142.3784,42.765],[142.3758,42.7651]],[[142.3948,42.7788],[142.3939,42.7762],[142.3964,42.7748],[142.3962,42.7733],[142.3903,42.7718],[142.3862,42.7682],[142.3827,42.7687],[142.3834,42.7666],[142.3784,42.765]],[[142.4003,42.7843],[142.3983,42.78],[142.3948,42.7788]],[[142.4022,42.7881],[142.4028,42.7876],[142.4003,42.7843]],[[142.4015,42.7884],[142.4022,42.7881]],[[142.3929,42.7959],[142.3906,42.7956],[142.3896,42.7943],[142.3919,42.7905],[142.4015,42.7884]],[[142.3986,42.7974],[142.3929,42.7959]],[[142.4014,42.8051],[142.3987,42.8004],[142.3986,42.7974]],[[142.4031,42.8063],[142.4014,42.8051]],[[142.4062,42.8101],[142.4031,42.8063]],[[142.407,42.8103],[142.4062,42.8101]],[[142.4217,42.8122],[142.4159,42.8091],[142.4135,42.8097],[142.4103,42.8091],[142.407,42.8103]],[[142.4192,42.8232],[142.4169,42.82],[142.4169,42.8185],[142.4192,42.8165],[142.4217,42.8122]],[[142.417,42.8398],[142.418,42.8358],[142.4198,42.8345],[142.4188,42.8327],[142.4185,42.8277],[142.4196,42.8245],[142.4192,42.8232]],[[142.4191,42.8447],[142.4195,42.8429],[142.4168,42.8412],[142.417,42.8398]],[[142.4182,42.8481],[142.418,42.8461],[142.4191,42.8447]],[[142.4171,42.8553],[142.4164,42.8535],[142.4181,42.8507],[142.4182,42.8481]],[[142.4174,42.8567],[142.4171,42.8553]],[[142.4303,42.8671],[142.4288,42.8673],[142.4252,42.8658],[142.4244,42.8644],[142.425,42.8625],[142.4194,42.8594],[142.4174,42.8567]],[[142.4383,42.8718],[142.4348,42.8684],[142.4303,42.8671]],[[142.448,42.8718],[142.4383,42.8718]],[[142.4498,42.8748],[142.448,42.8718]],[[142.4678,42.8887],[142.4663,42.8853],[142.462,42.8821],[142.463,42.8793],[142.4571,42.8772],[142.4529,42.8781],[142.4498,42.8748]],[[142.4723,42.8921],[142.4678,42.8887]],[[142.4804,42.8939],[142.478,42.8942],[142.4723,42.8921]],[[142.4887,42.8939],[142.4804,42.8939]],[[142.5048,42.8919],[142.4987,42.8955],[142.4942,42.8941],[142.4887,42.8939]],[[142.5193,42.8907],[142.5159,42.8918],[142.5048,42.8919]],[[142.5221,42.8898],[142.5193,42.8907]],[[142.5315,42.8894],[142.5276,42.8915],[142.5221,42.8898]],[[142.5455,42.8953],[142.5388,42.894],[142.5315,42.8894]],[[142.5575,42.8984],[142.5548,42.8963],[142.549,42.8965],[142.5455,42.8953]],[[142.5612,42.9006],[142.5575,42.8984]],[[142.5629,42.9008],[142.5612,42.9006]],[[142.5785,42.9079],[142.5752,42.9095],[142.5691,42.9069],[142.5648,42.9018],[142.5629,42.9008]],[[142.5856,42.9164],[142.588,42.9159],[142.5872,42.9113],[142.5846,42.9112],[142.5809,42.9083],[142.5785,42.9079]],[[142.5921,42.9215],[142.5871,42.9192],[142.5851,42.9174],[142.5856,42.9164]],[[142.5938,42.9304],[142.5943,42.9274],[142.5932,42.9244],[142.5918,42.9237],[142.5921,42.9215]],[[142.5972,42.9337],[142.5938,42.9304]],[[142.5991,42.9481],[142.5999,42.9466],[142.5969,42.9449],[142.5999,42.9421],[142.602,42.9383],[142.5982,42.9359],[142.5972,42.9337]],[[142.6036,42.9493],[142.5991,42.9481]],[[142.6175,42.9597],[142.6172,42.9585],[142.6127,42.9561],[142.6126,42.953],[142.6067,42.9522],[142.6061,42.9508],[142.6036,42.9493]],[[142.6185,42.9614],[142.6171,42.9608],[142.6175,42.9597]],[[142.6198,42.962],[142.6185,42.9614]],[[142.6252,42.9658],[142.623,42.9654],[142.6228,42.9634],[142.6198,42.962]],[[142.6313,42.9686],[142.6284,42.9666],[142.6252,42.9658]],[[142.6329,42.968],[142.6313,42.9686]],[[142.6443,42.9616],[142.6409,42.9635],[142.6383,42.9631],[142.6361,42.9661],[142.6329,42.968]],[[142.6467,42.9618],[142.6443,42.9616]],[[142.6515,42.961],[142.6496,42.9607],[142.6467,42.9618]],[[142.6627,42.9642],[142.6603,42.963],[142.6576,42.9634],[142.6559,42.9612],[142.6516,42.9627],[142.6515,42.961]],[[142.6741,42.9638],[142.6682,42.9652],[142.6627,42.9642]],[[142.6803,42.9698],[142.6762,42.9675],[142.6741,42.9638]],[[142.6835,42.9712],[142.6803,42.9698]],[[142.6935,42.9738],[142.6897,42.9747],[142.6886,42.9734],[142.6859,42.9735],[142.6835,42.9712]],[[142.711,42.9775],[142.7078,42.9776],[142.7066,42.9761],[142.7047,42.9768],[142.6991,42.9752],[142.6952,42.9759],[142.6935,42.9738]],[[142.714,42.9773],[142.711,42.9775]],[[142.73,42.9791],[142.7252,42.9761],[142.72,42.9774],[142.714,42.9773]],[[142.7363,42.9806],[142.7336,42.98],[142.7328,42.979],[142.73,42.9791]],[[142.7533,42.9835],[142.7447,42.9819],[142.7411,42.9827],[142.7363,42.9806]],[[142.754,42.9838],[142.7533,42.9835]],[[142.7539,42.9914],[142.7578,42.9873],[142.754,42.9838]],[[142.148,42.6288],[142.1484,42.6279],[142.1438,42.6239],[142.1447,42.6223],[142.1442,42.6196],[142.1397,42.6143]]]}},{"type":"Feature","properties":{"t":"riviere","km":66,"nom":"釧路川"},"geometry":{"type":"MultiLineString","coordinates":[[[144.4257,43.0845],[144.4042,43.0666],[144.3616,43.0006],[144.3584,42.9977]],[[144.3584,42.9977],[144.3581,42.9957],[144.3566,42.9943]],[[144.4257,43.0845],[144.4275,43.0862],[144.4302,43.0868],[144.4299,43.0891],[144.4314,43.09],[144.4313,43.0912],[144.4329,43.0918],[144.4311,43.0928]],[[144.4427,43.1034],[144.4404,43.1022],[144.4432,43.1011],[144.4418,43.0995],[144.4402,43.0989],[144.4385,43.0996],[144.4349,43.0982],[144.4368,43.0969],[144.4372,43.0949],[144.435,43.0939],[144.4334,43.095],[144.4326,43.0935],[144.4309,43.0943],[144.4311,43.0928]],[[144.442,43.1056],[144.4427,43.1034]],[[144.4624,43.1011],[144.4592,43.1016],[144.4552,43.1044],[144.4506,43.1048],[144.4466,43.1066],[144.4455,43.1051],[144.442,43.1056]],[[144.4703,43.1074],[144.4662,43.1048],[144.4664,43.1025],[144.4624,43.1011]],[[144.4728,43.1206],[144.4653,43.1196],[144.463,43.1172],[144.4673,43.1124],[144.4675,43.1102],[144.4703,43.1074]],[[144.4774,43.1262],[144.4715,43.1248],[144.4713,43.1224],[144.47,43.1211],[144.4724,43.1214],[144.4728,43.1206]],[[144.4829,43.139],[144.4817,43.1371],[144.4792,43.1366],[144.4791,43.1348],[144.4776,43.1343],[144.4761,43.128],[144.4774,43.1262]],[[144.4873,43.1522],[144.4813,43.1503],[144.4825,43.1487],[144.4811,43.1477],[144.4815,43.1461],[144.4805,43.1452],[144.4804,43.1427],[144.4809,43.1417],[144.4839,43.141],[144.4829,43.139]],[[144.4834,43.167],[144.4798,43.1657],[144.4808,43.1642],[144.4787,43.1625],[144.481,43.1578],[144.4861,43.1586],[144.4879,43.1573],[144.4854,43.1559],[144.4881,43.1543],[144.486,43.1532],[144.4873,43.1522]],[[144.4726,43.1838],[144.4742,43.1779],[144.4767,43.178],[144.4768,43.1767],[144.4793,43.1761],[144.4815,43.1736],[144.4815,43.1705],[144.4833,43.1683],[144.4834,43.167]],[[144.4844,43.204],[144.4823,43.2019],[144.4795,43.2024],[144.4759,43.2005],[144.4776,43.1981],[144.4772,43.1954],[144.4801,43.1945],[144.4809,43.1917],[144.4802,43.1899],[144.4781,43.189],[144.4768,43.186],[144.4729,43.1849],[144.4726,43.1838]],[[144.4935,43.2083],[144.4876,43.2039],[144.4844,43.204]],[[144.5003,43.2085],[144.4982,43.207],[144.4964,43.2084],[144.4935,43.2083]],[[144.5212,43.2221],[144.5003,43.2085]],[[144.5227,43.2231],[144.5212,43.2221]],[[144.5401,43.2441],[144.5379,43.241],[144.5312,43.2351],[144.5302,43.2293],[144.5284,43.227],[144.5227,43.2231]],[[144.543,43.2454],[144.5401,43.2441]],[[144.5491,43.2477],[144.543,43.2454]],[[144.57,43.2618],[144.566,43.2574],[144.5624,43.2556],[144.5596,43.252],[144.554,43.248],[144.5513,43.2469],[144.5491,43.2477]],[[144.5715,43.2641],[144.57,43.2618]],[[144.583,43.2777],[144.5742,43.2739],[144.5715,43.2641]],[[144.5878,43.2898],[144.5859,43.2876],[144.586,43.2797],[144.583,43.2777]],[[144.6011,43.2961],[144.5915,43.2903],[144.5878,43.2898]],[[144.6083,43.3082],[144.6081,43.306],[144.6016,43.2999],[144.6011,43.2961]],[[144.6075,43.312],[144.6062,43.3104],[144.6083,43.3082]],[[144.6078,43.313],[144.6075,43.312]],[[144.6068,43.3186],[144.6064,43.3159],[144.6078,43.313]],[[144.6062,43.3246],[144.6054,43.322],[144.6068,43.3186]],[[144.6031,43.327],[144.6062,43.3246]],[[144.6011,43.3282],[144.6031,43.327]],[[144.5905,43.3386],[144.5923,43.3374],[144.595,43.3324],[144.5981,43.3291],[144.6011,43.3282]],[[144.5835,43.3493],[144.5905,43.3423],[144.5905,43.3386]],[[144.571,43.3531],[144.5764,43.3519],[144.5792,43.3491],[144.5835,43.3493]],[[144.5554,43.3612],[144.5637,43.3576],[144.5671,43.3541],[144.571,43.3531]],[[144.5552,43.3614],[144.5554,43.3612]],[[144.5333,43.3771],[144.5425,43.3712],[144.546,43.368],[144.5541,43.3642],[144.5552,43.3614]],[[144.5343,43.3823],[144.533,43.3798],[144.5333,43.3771]],[[144.5295,43.3856],[144.5333,43.3839],[144.5343,43.3823]],[[144.5288,43.3879],[144.5295,43.3856]],[[144.5276,43.394],[144.5268,43.3915],[144.5288,43.3879]],[[144.5272,43.4038],[144.5297,43.3981],[144.5276,43.394]],[[144.5219,43.4066],[144.5234,43.4051],[144.5272,43.4038]],[[144.5022,43.4348],[144.5082,43.4323],[144.5088,43.4261],[144.5109,43.4221],[144.5103,43.4185],[144.5126,43.4164],[144.5136,43.4134],[144.5192,43.41],[144.5219,43.4066]],[[144.4978,43.4445],[144.4974,43.4409],[144.5022,43.4348]],[[144.4982,43.4488],[144.4978,43.4445]],[[144.4914,43.4556],[144.497,43.4538],[144.4984,43.4512],[144.4982,43.4488]],[[144.4899,43.4556],[144.4914,43.4556]],[[144.4784,43.4637],[144.4842,43.4565],[144.4899,43.4556]],[[144.476,43.4674],[144.4784,43.4637]],[[144.4729,43.4798],[144.4733,43.4713],[144.4719,43.4701],[144.476,43.4674]],[[144.4725,43.4814],[144.4729,43.4798]],[[144.4702,43.484],[144.4725,43.4814]],[[144.4444,43.4922],[144.45,43.4898],[144.4502,43.4862],[144.4573,43.4884],[144.4603,43.4866],[144.4702,43.484]],[[144.4418,43.493],[144.4444,43.4922]],[[144.439,43.4939],[144.4418,43.493]],[[144.4346,43.4998],[144.4354,43.4963],[144.439,43.4939]],[[144.4266,43.5078],[144.4303,43.5045],[144.4286,43.5032],[144.4321,43.5015],[144.4339,43.5022],[144.4346,43.4998]],[[144.4226,43.5175],[144.4242,43.517],[144.4225,43.5152],[144.4248,43.5158],[144.4249,43.5145],[144.4263,43.515],[144.4271,43.514],[144.4238,43.5123],[144.4265,43.512],[144.4251,43.5103],[144.4281,43.5107],[144.4283,43.5092],[144.4266,43.5078]],[[144.4224,43.5202],[144.4193,43.5199],[144.423,43.5188],[144.4226,43.5175]],[[144.4154,43.5255],[144.4151,43.5242],[144.4167,43.5224],[144.4224,43.5202]],[[144.4169,43.5265],[144.4154,43.5255]],[[144.4121,43.5314],[144.4143,43.5316],[144.4158,43.5283],[144.4176,43.5283],[144.4169,43.5265]],[[144.4113,43.5326],[144.4121,43.5314]],[[144.4094,43.5335],[144.4113,43.5326]],[[144.3976,43.5438],[144.4028,43.5373],[144.4094,43.5335]],[[144.3947,43.5449],[144.3976,43.5438]],[[144.3549,43.558],[144.3571,43.5569],[144.358,43.5547],[144.3601,43.5539],[144.3631,43.5532],[144.3656,43.5546],[144.3668,43.5515],[144.3702,43.5504],[144.3734,43.5516],[144.3773,43.5494],[144.3782,43.5467],[144.3821,43.5477],[144.3843,43.5475],[144.3856,43.546],[144.3947,43.5449]],[[144.3388,43.5601],[144.3394,43.559],[144.345,43.5594],[144.3494,43.5578],[144.3522,43.56],[144.3521,43.5588],[144.3549,43.558]]]}},{"type":"Feature","properties":{"t":"riviere","km":113,"nom":"十勝川"},"geometry":{"type":"MultiLineString","coordinates":[[[143.6575,42.6936],[143.6627,42.6922]],[[143.6569,42.6936],[143.6575,42.6936]],[[143.6263,42.6984],[143.6309,42.6978],[143.6384,42.6945],[143.6446,42.6932],[143.6569,42.6936]],[[143.6174,42.6995],[143.6263,42.6984]],[[143.5982,42.7146],[143.6001,42.7112],[143.606,42.7051],[143.6125,42.7005],[143.6174,42.6995]],[[143.5944,42.7248],[143.5976,42.7182],[143.5982,42.7146]],[[143.5957,42.7445],[143.5965,42.7429],[143.596,42.7397],[143.5926,42.7323],[143.5927,42.7285],[143.5944,42.7248]],[[143.5703,42.7505],[143.5764,42.7479],[143.5914,42.7463],[143.5957,42.7445]],[[143.5666,42.7632],[143.5688,42.7581],[143.5682,42.754],[143.5703,42.7505]],[[143.5343,42.7903],[143.5402,42.7808],[143.5524,42.7743],[143.5666,42.7632]],[[143.5298,42.7937],[143.5343,42.7903]],[[143.5208,42.7977],[143.5298,42.7937]],[[143.5091,42.8086],[143.5208,42.7977]],[[143.5054,42.8124],[143.5091,42.8086]],[[143.488,42.8303],[143.5054,42.8124]],[[143.4832,42.8354],[143.488,42.8303]],[[143.4644,42.8547],[143.4832,42.8354]],[[143.4594,42.8597],[143.4644,42.8547]],[[143.4587,42.8605],[143.4594,42.8597]],[[143.3842,42.9238],[143.4107,42.9107],[143.4231,42.9015],[143.4284,42.8953],[143.4392,42.8788],[143.4587,42.8605]],[[143.38,42.9263],[143.3842,42.9238]],[[143.3622,42.9407],[143.3736,42.9422],[143.3759,42.9409],[143.3774,42.9354],[143.381,42.9335],[143.3821,42.9317],[143.38,42.9281],[143.38,42.9263]],[[143.3363,42.9404],[143.3416,42.9415],[143.355,42.9398],[143.3622,42.9407]],[[143.3314,42.939],[143.3363,42.9404]],[[143.3109,42.9237],[143.3178,42.9269],[143.3244,42.9343],[143.3314,42.939]],[[143.2886,42.9331],[143.2927,42.9315],[143.2953,42.9284],[143.3002,42.9281],[143.3077,42.9239],[143.3109,42.9237]],[[143.2676,42.9337],[143.2753,42.9313],[143.2812,42.9336],[143.2886,42.9331]],[[143.2471,42.9419],[143.2586,42.9411],[143.2631,42.9382],[143.2676,42.9337]],[[143.2122,42.9367],[143.2174,42.9358],[143.2267,42.937],[143.2363,42.9355],[143.2389,42.9358],[143.2441,42.938],[143.2471,42.9419]],[[143.1991,42.9377],[143.2122,42.9367]],[[143.1873,42.9465],[143.1934,42.9428],[143.1957,42.9396],[143.1991,42.9377]],[[143.1782,42.9491],[143.1845,42.9482],[143.1873,42.9465]],[[143.1563,42.9443],[143.1661,42.9466],[143.1751,42.9469],[143.1782,42.9491]],[[143.1546,42.9434],[143.1563,42.9443]],[[143.151,42.9429],[143.1546,42.9434]],[[143.1457,42.9418],[143.151,42.9429]],[[143.1196,42.9374],[143.1291,42.9397],[143.1369,42.9392],[143.1414,42.9426],[143.1447,42.943],[143.1457,42.9418]],[[143.1106,42.9362],[143.1175,42.9389],[143.1196,42.9374]],[[143.1007,42.9355],[143.1025,42.9352],[143.1067,42.9366],[143.1106,42.9362]],[[143.0682,42.9304],[143.0792,42.9311],[143.0824,42.9323],[143.0864,42.9317],[143.0937,42.9355],[143.1007,42.9355]],[[143.0631,42.9305],[143.0682,42.9304]],[[143.0587,42.9271],[143.0607,42.9279],[143.0631,42.9305]],[[143.0401,42.9282],[143.0465,42.9291],[143.0587,42.9271]],[[142.997,42.943],[143.0058,42.9416],[143.013,42.9359],[143.0222,42.9349],[143.0234,42.9334],[143.0296,42.9314],[143.0333,42.9322],[143.038,42.9301],[143.0401,42.9282]],[[142.9797,42.9487],[142.9865,42.9435],[142.9913,42.9426],[142.997,42.943]],[[142.9605,42.9585],[142.9653,42.9558],[142.9691,42.9514],[142.9733,42.9515],[142.9773,42.9491],[142.9797,42.9487]],[[142.9589,42.9636],[142.9605,42.9585]],[[142.9494,42.9811],[142.95,42.9762],[142.9478,42.9728],[142.9483,42.9706],[142.9513,42.9672],[142.9589,42.9636]],[[142.9358,43.0107],[142.9352,43.0071],[142.9374,43.0041],[142.9426,43.0014],[142.9481,42.9968],[142.949,42.991],[142.9479,42.9855],[142.9494,42.9811]],[[142.9354,43.0198],[142.9358,43.0183],[142.9348,43.017],[142.9358,43.0145],[142.9347,43.013],[142.9358,43.0107]],[[142.9375,43.0259],[142.9342,43.022],[142.9354,43.0198]],[[142.9341,43.0351],[142.9389,43.0307],[142.9373,43.0291],[142.9375,43.0259]],[[142.9204,43.091],[142.9211,43.0889],[142.9249,43.0878],[142.9246,43.0843],[142.9276,43.0814],[142.9256,43.0788],[142.9262,43.0713],[142.9281,43.0696],[142.928,43.0669],[142.9296,43.0649],[142.9302,43.0587],[142.9318,43.0576],[142.9299,43.0529],[142.9339,43.0497],[142.9326,43.0467],[142.9344,43.0443],[142.9337,43.0427],[142.9346,43.0375],[142.9341,43.0351]],[[142.917,43.0955],[142.9204,43.091]],[[142.9186,43.1023],[142.9163,43.0968],[142.917,43.0955]],[[142.9176,43.114],[142.9168,43.1094],[142.919,43.106],[142.9186,43.1023]],[[142.9112,43.1406],[142.9151,43.1325],[142.9139,43.129],[142.9162,43.1273],[142.917,43.1251],[142.9172,43.1227],[142.9157,43.1205],[142.9178,43.1155],[142.9176,43.114]],[[142.9099,43.1667],[142.9121,43.1654],[142.9124,43.1635],[142.9098,43.1534],[142.9079,43.1503],[142.9112,43.1406]],[[142.9158,43.168],[142.9107,43.1676],[142.9099,43.1667]],[[142.9252,43.1791],[142.9215,43.1773],[142.9195,43.1735],[142.9197,43.17],[142.9158,43.168]],[[142.9265,43.182],[142.9252,43.1791]],[[142.9322,43.1861],[142.9287,43.1861],[142.9265,43.182]],[[142.9361,43.197],[142.9412,43.1953],[142.9436,43.1935],[142.944,43.1894],[142.9427,43.1869],[142.941,43.1859],[142.9354,43.1849],[142.9322,43.1861]],[[142.9351,43.1982],[142.9361,43.197]],[[142.9417,43.2213],[142.9393,43.2164],[142.9387,43.2065],[142.9349,43.2007],[142.9351,43.1982]],[[142.9432,43.2235],[142.9417,43.2213]],[[142.9407,43.2331],[142.9404,43.2282],[142.9432,43.2235]],[[142.9387,43.2409],[142.9408,43.2393],[142.9396,43.236],[142.9407,43.2331]],[[142.9239,43.2646],[142.9249,43.2597],[142.9314,43.2525],[142.9368,43.2423],[142.9387,43.2409]],[[142.9226,43.2706],[142.9239,43.2646]],[[142.9245,43.2835],[142.9261,43.2831],[142.9268,43.2814],[142.923,43.2739],[142.9226,43.2706]],[[142.9269,43.2947],[142.9282,43.291],[142.9225,43.2878],[142.923,43.2844],[142.9245,43.2835]],[[142.9353,43.3009],[142.9271,43.2991],[142.9269,43.2947]],[[142.9387,43.31],[142.9385,43.3064],[142.9404,43.3048],[142.9409,43.303],[142.9353,43.3009]],[[142.9445,43.3166],[142.9391,43.3146],[142.9387,43.31]],[[142.944,43.3181],[142.9445,43.3166]],[[142.9428,43.3211],[142.944,43.3181]],[[142.9417,43.3293],[142.9431,43.3238],[142.9428,43.3211]],[[142.945,43.3357],[142.9403,43.3323],[142.9417,43.3293]],[[142.9443,43.3424],[142.9468,43.3398],[142.945,43.3357]],[[142.9406,43.3446],[142.9443,43.3424]],[[142.9281,43.354],[142.9327,43.3533],[142.9375,43.3508],[142.9384,43.3495],[142.9377,43.3475],[142.9404,43.3464],[142.9406,43.3446]],[[142.916,43.3616],[142.9183,43.3607],[142.9204,43.357],[142.924,43.3568],[142.9281,43.354]],[[142.9102,43.3609],[142.914,43.3606],[142.916,43.3616]],[[142.9045,43.3643],[142.9102,43.3609]],[[142.9003,43.3667],[142.9045,43.3643]],[[142.8934,43.3702],[142.9003,43.3667]],[[142.8923,43.3748],[142.8918,43.3741],[142.8934,43.3702]],[[142.894,43.3758],[142.8923,43.3748]],[[142.8824,43.3919],[142.8855,43.3902],[142.8855,43.3862],[142.8902,43.3827],[142.8907,43.3802],[142.8931,43.3794],[142.894,43.3758]],[[142.8747,43.4051],[142.8763,43.401],[142.88,43.3984],[142.8793,43.3962],[142.8797,43.3932],[142.8824,43.3919]],[[142.8715,43.4075],[142.8747,43.4051]],[[142.8531,43.4163],[142.8562,43.4131],[142.8683,43.41],[142.8715,43.4075]],[[142.8438,43.4152],[142.8509,43.417],[142.8531,43.4163]],[[142.8383,43.4135],[142.8398,43.415],[142.8438,43.4152]],[[142.8361,43.4122],[142.8383,43.4135]],[[142.8255,43.4112],[142.8361,43.4122]],[[142.8202,43.4129],[142.8223,43.413],[142.8255,43.4112]],[[142.8076,43.4116],[142.812,43.4146],[142.8171,43.4145],[142.8202,43.4129]],[[142.8041,43.4089],[142.8076,43.4116]],[[142.7985,43.4026],[142.8009,43.4041],[142.8008,43.4069],[142.8018,43.4083],[142.8041,43.4089]],[[142.7925,43.3996],[142.7949,43.4021],[142.7968,43.4016],[142.7985,43.4026]],[[142.784,43.3948],[142.7872,43.397],[142.791,43.3976],[142.7925,43.3996]],[[142.7826,43.3922],[142.7843,43.393],[142.784,43.3948]],[[142.782,43.3817],[142.7841,43.3839],[142.7825,43.3846],[142.7826,43.3922]],[[142.7469,43.3808],[142.7515,43.382],[142.762,43.382],[142.7656,43.383],[142.7752,43.3809],[142.782,43.3817]],[[142.7412,43.385],[142.7445,43.3818],[142.7469,43.3808]],[[142.7175,43.3947],[142.723,43.3934],[142.7281,43.3878],[142.7337,43.3847],[142.7361,43.3841],[142.7392,43.3853],[142.7412,43.385]],[[142.7157,43.3952],[142.7175,43.3947]],[[142.7127,43.3953],[142.7157,43.3952]],[[142.6891,43.4063],[142.6991,43.4022],[142.7054,43.3982],[142.7106,43.397],[142.7127,43.3953]]]}},{"type":"Feature","properties":{"t":"riviere","km":72,"nom":"馬淵川"},"geometry":{"type":"MultiLineString","coordinates":[[[141.5025,40.5409],[141.5082,40.5419]],[[141.4814,40.5225],[141.4859,40.5305],[141.5025,40.5409]],[[141.4416,40.5014],[141.4507,40.5042],[141.4585,40.5099],[141.4656,40.5119],[141.472,40.5176],[141.4774,40.5191],[141.4814,40.5225]],[[141.4391,40.5014],[141.4416,40.5014]],[[141.4281,40.4867],[141.4278,40.4953],[141.4301,40.5015],[141.4331,40.5025],[141.4391,40.5014]],[[141.4226,40.4724],[141.4244,40.472],[141.4268,40.4729],[141.4291,40.477],[141.4281,40.4867]],[[141.3879,40.4649],[141.3919,40.4618],[141.3969,40.463],[141.4012,40.4664],[141.4055,40.4735],[141.4083,40.4734],[141.4098,40.4706],[141.4127,40.4703],[141.4151,40.4713],[141.4183,40.4765],[141.4226,40.4724]],[[141.3716,40.4618],[141.3756,40.4642],[141.3796,40.4641],[141.3849,40.4656],[141.3879,40.4649]],[[141.3576,40.4533],[141.3606,40.4546],[141.3585,40.4576],[141.3588,40.4591],[141.3609,40.4597],[141.3665,40.4586],[141.3716,40.4618]],[[141.3508,40.4457],[141.3533,40.4477],[141.3549,40.4518],[141.3576,40.4533]],[[141.3506,40.4456],[141.3508,40.4457]],[[141.3467,40.4431],[141.3506,40.4456]],[[141.3346,40.4344],[141.3405,40.4364],[141.3467,40.4431]],[[141.333,40.4338],[141.3346,40.4344]],[[141.3281,40.4275],[141.3294,40.4289],[141.33,40.4321],[141.333,40.4338]],[[141.3212,40.4247],[141.3281,40.4275]],[[141.319,40.4243],[141.3212,40.4247]],[[141.3165,40.4242],[141.319,40.4243]],[[141.3048,40.4126],[141.3072,40.4152],[141.3097,40.4229],[141.3165,40.4242]],[[141.3021,40.411],[141.3048,40.4126]],[[141.2912,40.4147],[141.2966,40.4159],[141.2999,40.4114],[141.3021,40.411]],[[141.2883,40.4114],[141.2912,40.4147]],[[141.2711,40.407],[141.2818,40.4042],[141.2851,40.4068],[141.2883,40.4114]],[[141.2736,40.3915],[141.27,40.3931],[141.2639,40.4026],[141.2664,40.4076],[141.2711,40.407]],[[141.2744,40.3907],[141.2736,40.3915]],[[141.2724,40.384],[141.2755,40.3892],[141.2744,40.3907]],[[141.2831,40.3765],[141.2724,40.384]],[[141.2836,40.376],[141.2831,40.3765]],[[141.2827,40.3626],[141.2843,40.3655],[141.2901,40.3684],[141.2908,40.3699],[141.2836,40.376]],[[141.2836,40.3582],[141.2808,40.3594],[141.2827,40.3626]],[[141.285,40.3598],[141.2836,40.3582]],[[141.2935,40.3627],[141.2883,40.3619],[141.285,40.3598]],[[141.2944,40.3626],[141.2935,40.3627]],[[141.2959,40.3608],[141.2944,40.3626]],[[141.2958,40.3603],[141.2959,40.3608]],[[141.2952,40.3595],[141.2958,40.3603]],[[141.2944,40.3592],[141.2952,40.3595]],[[141.293,40.3588],[141.2944,40.3592]],[[141.2921,40.3582],[141.293,40.3588]],[[141.292,40.358],[141.2921,40.3582]],[[141.2927,40.3548],[141.292,40.358]],[[141.2928,40.3544],[141.2927,40.3548]],[[141.2929,40.3529],[141.2928,40.3544]],[[141.2926,40.3523],[141.2929,40.3529]],[[141.2921,40.3514],[141.2926,40.3523]],[[141.2918,40.3512],[141.2921,40.3514]],[[141.2888,40.3492],[141.2918,40.3512]],[[141.2848,40.3478],[141.2888,40.3492]],[[141.2797,40.3448],[141.2817,40.3467],[141.2848,40.3478]],[[141.2789,40.3446],[141.2797,40.3448]],[[141.2778,40.3443],[141.2789,40.3446]],[[141.2774,40.3442],[141.2778,40.3443]],[[141.2711,40.3468],[141.2774,40.3442]],[[141.2698,40.3475],[141.2711,40.3468]],[[141.2646,40.3499],[141.2698,40.3475]],[[141.2616,40.3489],[141.2646,40.3499]],[[141.2609,40.3435],[141.2599,40.3443],[141.2598,40.3458],[141.2616,40.3489]],[[141.2757,40.3388],[141.2742,40.3386],[141.2698,40.3417],[141.2609,40.3435]],[[141.3078,40.3231],[141.3064,40.326],[141.3036,40.3274],[141.2976,40.3373],[141.292,40.3364],[141.2881,40.3379],[141.2757,40.3388]],[[141.3123,40.3232],[141.3093,40.3218],[141.3078,40.3231]],[[141.3152,40.3211],[141.3123,40.3232]],[[141.3152,40.3143],[141.3192,40.3179],[141.3152,40.3211]],[[141.3063,40.3035],[141.3079,40.307],[141.3152,40.3143]],[[141.2968,40.2975],[141.3027,40.3004],[141.3063,40.3035]],[[141.2954,40.2851],[141.2919,40.291],[141.2968,40.2975]],[[141.294,40.2754],[141.2983,40.2794],[141.2954,40.2851]],[[141.2963,40.2725],[141.2935,40.2738],[141.294,40.2754]],[[141.2998,40.271],[141.2981,40.2725],[141.2963,40.2725]],[[141.2688,40.2458],[141.2681,40.2499],[141.2699,40.2515],[141.2752,40.2505],[141.2866,40.2508],[141.2889,40.2517],[141.2911,40.256],[141.2899,40.2605],[141.2916,40.2645],[141.2985,40.2687],[141.2998,40.271]],[[141.2718,40.2392],[141.2712,40.2422],[141.2722,40.2437],[141.2688,40.2458]],[[141.2736,40.2386],[141.2718,40.2392]],[[141.283,40.2284],[141.2776,40.233],[141.2757,40.2376],[141.2736,40.2386]],[[141.2905,40.2275],[141.2893,40.229],[141.2855,40.228],[141.283,40.2284]],[[141.3005,40.2019],[141.2995,40.2037],[141.2973,40.205],[141.3031,40.2084],[141.299,40.2114],[141.3022,40.2125],[141.3026,40.2159],[141.2922,40.2243],[141.2905,40.2275]],[[141.3031,40.196],[141.3004,40.1981],[141.3005,40.2019]],[[141.3045,40.1942],[141.3031,40.196]],[[141.3084,40.1765],[141.3057,40.1778],[141.3052,40.1793],[141.3083,40.1813],[141.3082,40.1841],[141.3105,40.1871],[141.3083,40.1883],[141.307,40.1934],[141.3045,40.1942]],[[141.3275,40.1645],[141.3264,40.1651],[141.3273,40.1671],[141.3249,40.1693],[141.3238,40.1736],[141.3216,40.1739],[141.3195,40.1724],[141.3144,40.1729],[141.3135,40.1734],[141.3139,40.1746],[141.3084,40.1765]],[[141.3384,40.1618],[141.337,40.1638],[141.3378,40.1665],[141.3332,40.1665],[141.3275,40.1645]],[[141.346,40.1605],[141.342,40.1587],[141.3384,40.1618]],[[141.3505,40.1575],[141.3481,40.1601],[141.346,40.1605]],[[141.3462,40.1429],[141.3453,40.1472],[141.3484,40.146],[141.3495,40.1491],[141.3536,40.1509],[141.3513,40.1535],[141.3521,40.1562],[141.3505,40.1575]],[[141.3578,40.1369],[141.3528,40.1361],[141.3499,40.1382],[141.3473,40.1382],[141.348,40.1405],[141.3462,40.1429]],[[141.366,40.1301],[141.3634,40.1318],[141.3623,40.1354],[141.3578,40.1369]],[[141.3808,40.1052],[141.3851,40.1138],[141.3842,40.1179],[141.3803,40.1201],[141.383,40.1248],[141.3802,40.125],[141.3776,40.1218],[141.3762,40.1217],[141.375,40.1262],[141.3724,40.127],[141.3714,40.1287],[141.366,40.1301]],[[141.4072,40.0876],[141.4057,40.0883],[141.4019,40.087],[141.4016,40.0877],[141.403,40.089],[141.4022,40.0904],[141.3978,40.092],[141.3946,40.0918],[141.3945,40.0932],[141.392,40.0953],[141.3915,40.1027],[141.3885,40.1047],[141.3893,40.1059],[141.3923,40.1047],[141.3948,40.1101],[141.3892,40.1103],[141.3856,40.1076],[141.3849,40.104],[141.3838,40.1027],[141.3811,40.1037],[141.3808,40.1052]],[[141.4011,40.0656],[141.4002,40.0695],[141.4073,40.0713],[141.4087,40.0741],[141.416,40.0777],[141.4151,40.0794],[141.4113,40.0802],[141.4093,40.0859],[141.4072,40.0876]],[[141.405,40.063],[141.4044,40.0649],[141.4022,40.0646],[141.4011,40.0656]],[[141.4077,40.0537],[141.4073,40.0566],[141.4053,40.0586],[141.405,40.063]],[[141.4201,40.0478],[141.4195,40.0512],[141.4173,40.0543],[141.4148,40.0553],[141.4096,40.0529],[141.4077,40.0537]],[[141.4288,40.0461],[141.4224,40.0434],[141.4203,40.0454],[141.4201,40.0478]],[[141.4446,40.0367],[141.4385,40.0395],[141.4345,40.0367],[141.4302,40.037],[141.4292,40.0392],[141.4305,40.0428],[141.4298,40.0457],[141.4288,40.0461]],[[141.4549,40.036],[141.4505,40.0349],[141.4446,40.0367]],[[141.4582,40.0332],[141.458,40.0344],[141.4549,40.036]],[[141.466,40.0147],[141.4626,40.0162],[141.4579,40.0205],[141.4588,40.0253],[141.4568,40.0275],[141.4566,40.0306],[141.4582,40.0332]],[[141.4702,40.0133],[141.466,40.0147]],[[141.4854,40.0024],[141.4773,40.0093],[141.4702,40.0133]],[[141.4929,39.994],[141.4912,39.9978],[141.4854,40.0024]],[[141.4937,39.9931],[141.4929,39.994]],[[141.5032,39.9827],[141.4937,39.9931]],[[141.5037,39.9818],[141.5032,39.9827]],[[141.5071,39.977],[141.5037,39.9818]],[[141.5124,39.9661],[141.5119,39.9691],[141.5127,39.9705],[141.5099,39.9752],[141.5071,39.977]],[[141.513,39.9636],[141.5124,39.9661]],[[141.5109,39.9566],[141.5106,39.958],[141.513,39.9636]],[[141.5162,39.9509],[141.5109,39.9566]],[[141.5208,39.9469],[141.5162,39.9509]],[[141.5324,39.9366],[141.5255,39.9394],[141.5241,39.9444],[141.5208,39.9469]],[[141.5425,39.9378],[141.5324,39.9366]],[[141.5494,39.9384],[141.5454,39.9372],[141.5425,39.9378]],[[141.5552,39.9421],[141.5494,39.9384]],[[141.5488,39.985],[141.5558,39.9807],[141.5587,39.9752],[141.5629,39.9702],[141.5649,39.9656],[141.5655,39.9532],[141.5614,39.9472],[141.5582,39.9454],[141.5552,39.9421]],[[141.5349,39.991],[141.5358,39.9895],[141.5379,39.9898],[141.5416,39.9884],[141.5418,39.9849],[141.5476,39.9863],[141.5488,39.985]],[[141.5271,40.0004],[141.5307,39.9945],[141.5349,39.991]]]}},{"type":"Feature","properties":{"t":"riviere","km":55,"nom":"鳴瀬川"},"geometry":{"type":"MultiLineString","coordinates":[[[141.1731,38.3773],[141.1734,38.3761]],[[141.1717,38.38],[141.1731,38.3773]],[[141.1707,38.3825],[141.1717,38.38]],[[141.1693,38.3857],[141.1707,38.3825]],[[141.1482,38.4109],[141.15,38.4068],[141.1583,38.4004],[141.1605,38.3928],[141.1683,38.3877],[141.1693,38.3857]],[[141.1476,38.4117],[141.1482,38.4109]],[[141.1431,38.4158],[141.1476,38.4117]],[[141.1149,38.499],[141.1171,38.4971],[141.1226,38.4958],[141.1262,38.4921],[141.1266,38.4873],[141.1285,38.4829],[141.1274,38.479],[141.1286,38.4749],[141.1269,38.472],[141.1262,38.4668],[141.1208,38.4643],[141.1177,38.4612],[141.1116,38.4603],[141.1059,38.4526],[141.1056,38.4509],[141.1088,38.4473],[141.1096,38.4447],[141.1141,38.4409],[141.1149,38.4379],[141.1173,38.4348],[141.1222,38.4307],[141.1242,38.424],[141.1256,38.4224],[141.1292,38.421],[141.1313,38.4191],[141.1411,38.4173],[141.1431,38.4158]],[[141.0989,38.5221],[141.1015,38.5098],[141.1039,38.5075],[141.1094,38.5078],[141.1127,38.506],[141.1149,38.499]],[[141.0707,38.528],[141.076,38.53],[141.0799,38.5256],[141.0904,38.5251],[141.0989,38.5221]],[[141.0357,38.5275],[141.0459,38.5294],[141.0507,38.5332],[141.0531,38.5319],[141.0563,38.528],[141.0707,38.528]],[[141.0324,38.5263],[141.0357,38.5275]],[[141.0015,38.5322],[141.0045,38.531],[141.0072,38.5316],[141.0104,38.5359],[141.013,38.537],[141.0231,38.5311],[141.0265,38.5274],[141.0324,38.5263]],[[141.0007,38.5327],[141.0015,38.5322]],[[140.9886,38.5346],[140.9933,38.5321],[141.0007,38.5327]],[[140.9837,38.5367],[140.9886,38.5346]],[[140.9776,38.5338],[140.9837,38.5367]],[[140.9654,38.5256],[140.9694,38.5295],[140.9776,38.5338]],[[140.9534,38.526],[140.9622,38.5245],[140.9654,38.5256]],[[140.9352,38.5239],[140.9442,38.5267],[140.9534,38.526]],[[140.9121,38.5228],[140.9208,38.5246],[140.9304,38.5217],[140.9352,38.5239]],[[140.9081,38.5253],[140.9121,38.5228]],[[140.8949,38.5302],[140.9031,38.5295],[140.9081,38.5253]],[[140.8934,38.5318],[140.8949,38.5302]],[[140.8815,38.5341],[140.8934,38.5318]],[[140.8664,38.5508],[140.8678,38.5449],[140.8703,38.5429],[140.8744,38.5421],[140.8794,38.5395],[140.8815,38.5341]],[[140.8625,38.5545],[140.8657,38.5526],[140.8664,38.5508]],[[140.8614,38.5554],[140.8625,38.5545]],[[140.8491,38.5626],[140.8614,38.5554]],[[140.8454,38.5721],[140.8476,38.5707],[140.8491,38.5626]],[[140.8446,38.5741],[140.8454,38.5721]],[[140.8441,38.5744],[140.8446,38.5741]],[[140.8132,38.5697],[140.8174,38.5711],[140.8198,38.5732],[140.8441,38.5744]],[[140.8124,38.5696],[140.8132,38.5697]],[[140.7908,38.5694],[140.8002,38.5712],[140.8046,38.5709],[140.8087,38.5694],[140.8124,38.5696]],[[140.7798,38.5688],[140.785,38.5681],[140.7908,38.5694]],[[140.7691,38.5733],[140.7767,38.5731],[140.7798,38.5688]],[[140.7604,38.577],[140.762,38.5769],[140.7652,38.574],[140.7691,38.5733]],[[140.7506,38.5788],[140.7521,38.5777],[140.7604,38.577]],[[140.7429,38.5789],[140.7475,38.5796],[140.7506,38.5788]],[[140.7348,38.5822],[140.7354,38.5812],[140.7407,38.5805],[140.7429,38.5789]],[[140.7119,38.5942],[140.7158,38.5929],[140.716,38.5912],[140.7204,38.5866],[140.7237,38.587],[140.7257,38.584],[140.7299,38.5862],[140.7348,38.5822]],[[140.6783,38.6018],[140.6873,38.6043],[140.6924,38.6016],[140.6974,38.6011],[140.6994,38.5995],[140.7039,38.5982],[140.7067,38.5958],[140.7119,38.5942]],[[140.6561,38.5889],[140.6665,38.5922],[140.6678,38.5943],[140.6748,38.5951],[140.6775,38.5972],[140.6777,38.5983],[140.6761,38.5998],[140.6783,38.6018]],[[140.6519,38.5847],[140.6561,38.5889]],[[140.6453,38.572],[140.6486,38.573],[140.6479,38.5769],[140.6493,38.5796],[140.6523,38.5824],[140.6519,38.5847]],[[140.64,38.5717],[140.6453,38.572]],[[140.64,38.5717],[140.6453,38.572]],[[140.6238,38.5602],[140.6331,38.5643],[140.64,38.5717]],[[140.6107,38.5421],[140.6111,38.5443],[140.6101,38.5463],[140.611,38.5489],[140.6154,38.551],[140.6183,38.5545],[140.621,38.5552],[140.6226,38.5568],[140.6238,38.5602]],[[140.6108,38.5406],[140.6107,38.5421]],[[140.6118,38.5405],[140.6108,38.5406]],[[140.6118,38.5405],[140.6107,38.5421]],[[140.6155,38.5224],[140.6101,38.5264],[140.6099,38.5287],[140.6088,38.5297],[140.6106,38.5321],[140.6102,38.5351],[140.6112,38.5362],[140.6102,38.5369],[140.6122,38.5385],[140.6126,38.5399],[140.6118,38.5405]],[[140.6245,38.5194],[140.6214,38.5198],[140.6186,38.5219],[140.6155,38.5224]]]}},{"type":"Feature","properties":{"t":"riviere","km":137,"nom":"阿武隈川"},"geometry":{"type":"MultiLineString","coordinates":[[[140.922,38.0493],[140.926,38.0472]],[[140.9155,38.0496],[140.9186,38.0501],[140.922,38.0493]],[[140.8221,38.0766],[140.8265,38.0809],[140.8323,38.0832],[140.8362,38.0831],[140.8504,38.0793],[140.858,38.0807],[140.8639,38.0841],[140.8666,38.0905],[140.8703,38.0951],[140.8748,38.0959],[140.8864,38.0949],[140.8903,38.0933],[140.8946,38.0898],[140.9087,38.0758],[140.9099,38.069],[140.9074,38.0625],[140.9069,38.0561],[140.9084,38.0529],[140.9155,38.0496]],[[140.815,38.0671],[140.8221,38.0766]],[[140.8108,38.0512],[140.8101,38.0531],[140.8113,38.0606],[140.815,38.0671]],[[140.8077,38.0369],[140.8079,38.0387],[140.8125,38.0454],[140.8108,38.0512]],[[140.8112,38.0248],[140.8108,38.0303],[140.8077,38.0369]],[[140.8138,38.0037],[140.8128,38.0058],[140.8094,38.0089],[140.8021,38.0132],[140.8004,38.016],[140.8014,38.0176],[140.805,38.0194],[140.8112,38.0248]],[[140.8004,37.9762],[140.8033,37.9803],[140.8026,37.9882],[140.8045,37.9916],[140.8136,37.9995],[140.8138,38.0037]],[[140.7984,37.9732],[140.8004,37.9762]],[[140.7967,37.9671],[140.7984,37.9732]],[[140.7905,37.9585],[140.7967,37.9671]],[[140.7888,37.9556],[140.7905,37.9585]],[[140.7922,37.9477],[140.7907,37.9496],[140.7888,37.9556]],[[140.7923,37.9458],[140.7922,37.9477]],[[140.8084,37.9217],[140.8028,37.9303],[140.7984,37.9322],[140.793,37.9375],[140.7923,37.9458]],[[140.8073,37.9193],[140.8084,37.9217]],[[140.8032,37.9165],[140.8073,37.9193]],[[140.7906,37.9159],[140.8011,37.9157],[140.8032,37.9165]],[[140.7678,37.9176],[140.7748,37.9163],[140.7819,37.918],[140.7906,37.9159]],[[140.756,37.9252],[140.7591,37.9244],[140.7678,37.9176]],[[140.6957,37.935],[140.6981,37.937],[140.7035,37.9348],[140.7067,37.9353],[140.7165,37.9335],[140.7302,37.9295],[140.7365,37.9302],[140.7403,37.9255],[140.7461,37.9263],[140.756,37.9252]],[[140.6843,37.9138],[140.6874,37.9162],[140.6902,37.9238],[140.6929,37.9273],[140.6966,37.9297],[140.6951,37.9328],[140.6957,37.935]],[[140.6665,37.9131],[140.669,37.9137],[140.6711,37.9124],[140.6736,37.913],[140.6783,37.9125],[140.6843,37.9138]],[[140.6634,37.9112],[140.6646,37.9128],[140.6665,37.9131]],[[140.6603,37.901],[140.6603,37.9031],[140.6634,37.9112]],[[140.6571,37.9002],[140.6602,37.9009]],[[140.6518,37.8997],[140.6571,37.9002]],[[140.6487,37.8989],[140.6518,37.8997]],[[140.6479,37.8989],[140.6487,37.8989]],[[140.6458,37.8974],[140.6479,37.8989]],[[140.6434,37.892],[140.6458,37.8974]],[[140.6428,37.8863],[140.6434,37.892]],[[140.6321,37.8853],[140.6407,37.8855],[140.6428,37.8863]],[[140.6277,37.884],[140.6321,37.8853]],[[140.6271,37.8807],[140.6277,37.884]],[[140.6222,37.874],[140.6256,37.8777],[140.6271,37.8807]],[[140.6094,37.8686],[140.6177,37.871],[140.6222,37.874]],[[140.6015,37.8689],[140.6094,37.8686]],[[140.5939,37.8654],[140.5985,37.8684],[140.6015,37.8689]],[[140.5908,37.8624],[140.5939,37.8654]],[[140.5738,37.8625],[140.5834,37.8613],[140.5908,37.8624]],[[140.5665,37.8618],[140.5704,37.8629],[140.5738,37.8625]],[[140.5664,37.8618],[140.5665,37.8618]],[[140.5208,37.8307],[140.5344,37.8376],[140.5447,37.8374],[140.5493,37.8392],[140.5598,37.8469],[140.5618,37.8496],[140.5664,37.8618]],[[140.5183,37.8292],[140.5208,37.8307]],[[140.5134,37.8255],[140.5183,37.8292]],[[140.5087,37.8139],[140.5122,37.8241],[140.5134,37.8255]],[[140.5048,37.8099],[140.5087,37.8139]],[[140.5072,37.7994],[140.5074,37.8037],[140.5047,37.8083],[140.5048,37.8099]],[[140.4952,37.792],[140.5045,37.7952],[140.5072,37.7994]],[[140.4895,37.7855],[140.489,37.7878],[140.4899,37.7899],[140.4952,37.792]],[[140.4905,37.7842],[140.4895,37.7855]],[[140.4941,37.7802],[140.4927,37.7827],[140.4905,37.7842]],[[140.4943,37.7749],[140.4951,37.7771],[140.4941,37.7802]],[[140.4663,37.7449],[140.468,37.7487],[140.4708,37.7505],[140.486,37.7542],[140.4912,37.769],[140.4943,37.7749]],[[140.4663,37.7437],[140.4663,37.7449]],[[140.4677,37.7409],[140.4663,37.7437]],[[140.4903,37.7197],[140.4839,37.7203],[140.4753,37.7174],[140.4716,37.7184],[140.4708,37.7208],[140.4726,37.7226],[140.4732,37.7247],[140.4717,37.7345],[140.4704,37.7379],[140.4677,37.7409]],[[140.494,37.7194],[140.4903,37.7197]],[[140.4988,37.7137],[140.4981,37.7157],[140.494,37.7194]],[[140.4977,37.7079],[140.4988,37.7137]],[[140.4971,37.6937],[140.4949,37.6963],[140.4966,37.7001],[140.4965,37.7046],[140.4977,37.7079]],[[140.4962,37.6913],[140.4971,37.6937]],[[140.4945,37.686],[140.4933,37.688],[140.4964,37.69],[140.4962,37.6913]],[[140.5022,37.6721],[140.5004,37.6739],[140.5006,37.6763],[140.4986,37.6771],[140.4965,37.6799],[140.4978,37.682],[140.4975,37.6846],[140.4945,37.686]],[[140.499,37.6675],[140.5022,37.6721]],[[140.5184,37.6429],[140.5179,37.6443],[140.5133,37.6467],[140.5123,37.6482],[140.5082,37.6605],[140.5014,37.6637],[140.5032,37.6665],[140.499,37.6675]],[[140.5275,37.647],[140.5261,37.6477],[140.5226,37.6443],[140.5184,37.6429]],[[140.5247,37.6357],[140.5269,37.6392],[140.5279,37.6431],[140.5275,37.647]],[[140.5237,37.6344],[140.5247,37.6357]],[[140.5222,37.6276],[140.5237,37.6344]],[[140.5197,37.6078],[140.5209,37.6184],[140.5221,37.6209],[140.5222,37.6276]],[[140.519,37.6028],[140.5197,37.6078]],[[140.5138,37.5962],[140.5153,37.5996],[140.5126,37.6028],[140.5141,37.6034],[140.519,37.6028]],[[140.5001,37.5935],[140.5055,37.5927],[140.5083,37.594],[140.5115,37.5931],[140.5138,37.5962]],[[140.4939,37.5916],[140.4983,37.5918],[140.5001,37.5935]],[[140.4808,37.5957],[140.4847,37.5956],[140.489,37.5929],[140.4939,37.5916]],[[140.4733,37.5991],[140.4782,37.5961],[140.4808,37.5957]],[[140.4664,37.5996],[140.4733,37.5991]],[[140.4579,37.591],[140.4664,37.5996]],[[140.4446,37.5795],[140.4516,37.5813],[140.4579,37.591]],[[140.4392,37.566],[140.4396,37.5703],[140.4459,37.5725],[140.4462,37.5751],[140.4439,37.5782],[140.4446,37.5795]],[[140.4371,37.5546],[140.4392,37.556],[140.44,37.5579],[140.4392,37.566]],[[140.409,37.5201],[140.415,37.5212],[140.4141,37.5257],[140.4146,37.5287],[140.4134,37.5313],[140.4167,37.5371],[140.4212,37.5402],[140.432,37.5508],[140.4371,37.5546]],[[140.4054,37.5162],[140.409,37.5201]],[[140.4054,37.5017],[140.4017,37.5103],[140.4054,37.5162]],[[140.4062,37.4902],[140.4078,37.4927],[140.407,37.4994],[140.4054,37.5017]],[[140.4129,37.482],[140.4122,37.484],[140.4084,37.4858],[140.4062,37.4902]],[[140.4106,37.4643],[140.4084,37.4644],[140.4077,37.4659],[140.4126,37.4709],[140.4111,37.4761],[140.4129,37.482]],[[140.4226,37.4666],[140.419,37.4648],[140.4106,37.4643]],[[140.4233,37.4629],[140.4239,37.465],[140.4226,37.4666]],[[140.4205,37.4531],[140.4189,37.4548],[140.4193,37.4564],[140.423,37.4583],[140.4225,37.4605],[140.4233,37.4629]],[[140.4217,37.4521],[140.4205,37.4531]],[[140.4257,37.4482],[140.4217,37.4521]],[[140.4222,37.4377],[140.4223,37.4417],[140.4263,37.4464],[140.4257,37.4482]],[[140.4171,37.4321],[140.4222,37.4377]],[[140.4153,37.4222],[140.4124,37.4262],[140.4171,37.4321]],[[140.4088,37.4132],[140.416,37.419],[140.4153,37.4222]],[[140.4085,37.4126],[140.4088,37.4132]],[[140.4075,37.4054],[140.4092,37.4076],[140.4085,37.4126]],[[140.4092,37.3913],[140.4107,37.3949],[140.4073,37.4024],[140.4075,37.4054]],[[140.3995,37.386],[140.4092,37.3913]],[[140.3848,37.3709],[140.3885,37.3772],[140.3995,37.386]],[[140.3842,37.3687],[140.3848,37.3709]],[[140.3714,37.3488],[140.3707,37.3536],[140.3722,37.3564],[140.3825,37.3637],[140.3842,37.3687]],[[140.376,37.3349],[140.3767,37.3376],[140.3759,37.343],[140.3714,37.3488]],[[140.3752,37.3289],[140.376,37.3349]],[[140.3799,37.3209],[140.3792,37.3245],[140.3752,37.3289]],[[140.382,37.3053],[140.3781,37.3101],[140.3799,37.3209]],[[140.3873,37.3011],[140.3832,37.3034],[140.382,37.3053]],[[140.3998,37.2968],[140.3928,37.2984],[140.3873,37.3011]],[[140.4117,37.2911],[140.4081,37.2948],[140.3998,37.2968]],[[140.4119,37.2908],[140.4117,37.2911]],[[140.4129,37.2835],[140.4132,37.2874],[140.4119,37.2908]],[[140.4128,37.2831],[140.4129,37.2835]],[[140.4125,37.2821],[140.4128,37.2831]],[[140.4098,37.2754],[140.4125,37.2821]],[[140.4042,37.2711],[140.4098,37.2754]],[[140.4001,37.2608],[140.3973,37.2671],[140.4042,37.2711]],[[140.4038,37.2557],[140.4001,37.2608]],[[140.4039,37.2552],[140.4038,37.2557]],[[140.404,37.255],[140.4039,37.2552]],[[140.4058,37.2504],[140.404,37.255]],[[140.3907,37.2474],[140.3989,37.2465],[140.4065,37.244],[140.4078,37.2449],[140.4058,37.2504]],[[140.3903,37.2474],[140.3907,37.2474]],[[140.3886,37.2459],[140.3903,37.2474]],[[140.3909,37.2385],[140.3886,37.2459]],[[140.3906,37.2362],[140.3909,37.2385]],[[140.3911,37.2203],[140.3919,37.2223],[140.396,37.2235],[140.3968,37.2256],[140.3955,37.2292],[140.3912,37.2335],[140.3906,37.2362]],[[140.4007,37.2114],[140.4028,37.2142],[140.4019,37.2167],[140.3933,37.2182],[140.3911,37.2203]],[[140.4007,37.1966],[140.3992,37.1994],[140.3944,37.2037],[140.3968,37.2082],[140.4007,37.2114]],[[140.3985,37.1921],[140.3984,37.1935],[140.4007,37.1966]],[[140.4045,37.1849],[140.4021,37.1888],[140.3985,37.1921]],[[140.4073,37.1823],[140.4045,37.1849]],[[140.4037,37.1681],[140.4042,37.1691],[140.4087,37.1707],[140.4097,37.1723],[140.408,37.1759],[140.4088,37.179],[140.4073,37.1823]],[[140.3963,37.1599],[140.3994,37.1588],[140.4005,37.1602],[140.4044,37.1613],[140.405,37.1645],[140.4037,37.1681]],[[140.3957,37.1602],[140.3963,37.1599]],[[140.3885,37.1592],[140.3916,37.1614],[140.3957,37.1602]],[[140.3831,37.1521],[140.3849,37.1552],[140.388,37.1572],[140.3885,37.1592]],[[140.3817,37.1487],[140.3831,37.1521]],[[140.375,37.1434],[140.3791,37.1449],[140.3817,37.1487]],[[140.3684,37.1376],[140.3695,37.1399],[140.375,37.1434]],[[140.3581,37.1247],[140.3604,37.1261],[140.3655,37.1258],[140.3679,37.1277],[140.3691,37.1325],[140.3684,37.1376]],[[140.352,37.1217],[140.3549,37.1222],[140.3581,37.1247]],[[140.3296,37.1212],[140.3448,37.1238],[140.352,37.1217]],[[140.3258,37.1194],[140.3296,37.1212]],[[140.3213,37.118],[140.3258,37.1194]],[[140.3203,37.1182],[140.3213,37.118]],[[140.3171,37.1196],[140.3203,37.1182]],[[140.3154,37.1202],[140.3171,37.1196]],[[140.3131,37.1214],[140.3154,37.1202]],[[140.313,37.1215],[140.3131,37.1214]],[[140.2904,37.13],[140.2937,37.1295],[140.305,37.1237],[140.3108,37.1231],[140.313,37.1215]],[[140.2834,37.1299],[140.2868,37.1289],[140.2904,37.13]],[[140.2763,37.1243],[140.2778,37.1274],[140.2834,37.1299]],[[140.276,37.1237],[140.2763,37.1243]],[[140.2735,37.1213],[140.276,37.1237]],[[140.2448,37.1168],[140.2509,37.1173],[140.2587,37.12],[140.269,37.119],[140.2724,37.1199],[140.2735,37.1213]],[[140.2429,37.1163],[140.2448,37.1168]],[[140.2393,37.1169],[140.2429,37.1163]],[[140.2218,37.1328],[140.2237,37.131],[140.2254,37.1264],[140.2339,37.1233],[140.2367,37.1185],[140.2393,37.1169]],[[140.2018,37.1367],[140.2069,37.1347],[140.213,37.1357],[140.2165,37.1351],[140.2218,37.1328]],[[140.2001,37.1376],[140.2018,37.1367]],[[140.1937,37.1408],[140.2001,37.1376]],[[140.1926,37.1415],[140.1937,37.1408]],[[140.1912,37.1424],[140.1926,37.1415]],[[140.191,37.1427],[140.1912,37.1424]],[[140.1882,37.1511],[140.191,37.1427]],[[140.1849,37.1554],[140.1882,37.1511]],[[140.1849,37.1571],[140.1849,37.1554]],[[140.1825,37.16],[140.1841,37.159],[140.1849,37.1571]],[[140.1703,37.1587],[140.1707,37.1604],[140.1738,37.1602],[140.1757,37.1623],[140.1825,37.16]],[[140.17,37.1571],[140.1703,37.1587]],[[140.1587,37.1595],[140.1639,37.157],[140.1677,37.1563],[140.17,37.1571]],[[140.1347,37.1483],[140.1368,37.1477],[140.1403,37.1492],[140.1434,37.1537],[140.1511,37.1579],[140.155,37.1595],[140.1587,37.1595]],[[140.1104,37.1583],[140.1183,37.1556],[140.1269,37.1549],[140.1298,37.1508],[140.1347,37.1483]],[[140.1091,37.1588],[140.1104,37.1583]],[[140.1077,37.1583],[140.1091,37.1588]],[[140.0889,37.1684],[140.0938,37.166],[140.0933,37.1643],[140.0966,37.1615],[140.1003,37.1608],[140.1015,37.1591],[140.1077,37.1583]],[[140.078,37.1703],[140.0815,37.1703],[140.0865,37.1673],[140.0889,37.1684]],[[140.0204,37.1771],[140.0284,37.1777],[140.0332,37.1791],[140.0354,37.1786],[140.0422,37.1811],[140.0454,37.1804],[140.0454,37.1789],[140.049,37.1779],[140.0528,37.1773],[140.0542,37.1784],[140.0552,37.1757],[140.0577,37.1768],[140.0606,37.1766],[140.0612,37.1754],[140.0653,37.1742],[140.067,37.1726],[140.0706,37.173],[140.072,37.1719],[140.076,37.1717],[140.078,37.1703]],[[140.0187,37.1783],[140.0204,37.1771]],[[140.0173,37.1778],[140.0187,37.1783]],[[140.0157,37.1772],[140.0173,37.1778]],[[139.9908,37.1809],[139.9949,37.1808],[139.9967,37.1796],[140.0051,37.1802],[140.0073,37.1799],[140.0092,37.1771],[140.0134,37.1779],[140.0157,37.1772]],[[139.9865,37.1782],[139.9896,37.1788],[139.9908,37.1809]],[[139.9862,37.1778],[139.9865,37.1782]]]}},{"type":"Feature","properties":{"t":"riviere","km":131,"nom":"最上川"},"geometry":{"type":"MultiLineString","coordinates":[[[140.1293,37.839],[140.1272,37.8393],[140.1254,37.8412]],[[140.1254,37.8412],[140.1239,37.8449]],[[140.1239,37.8449],[140.1224,37.8476],[140.1229,37.853],[140.121,37.8561],[140.12,37.8604]],[[140.12,37.8604],[140.1224,37.8674],[140.1268,37.8729],[140.1283,37.8762],[140.127,37.8835],[140.1216,37.8892],[140.1229,37.8965],[140.1216,37.8989],[140.1225,37.9039],[140.1183,37.9108],[140.1192,37.9221],[140.1219,37.9309]],[[140.1219,37.9309],[140.1218,37.9311]],[[140.1218,37.9311],[140.1209,37.9335]],[[140.1209,37.9335],[140.1288,37.9369]],[[140.1288,37.9369],[140.1317,37.9418],[140.1309,37.9449]],[[140.1309,37.9449],[140.1312,37.9485]],[[140.1312,37.9485],[140.1316,37.9503]],[[140.1316,37.9503],[140.1357,37.9612]],[[140.1357,37.9612],[140.1374,37.9626],[140.1369,37.964]],[[140.1369,37.964],[140.1415,37.9653],[140.1424,37.9668],[140.147,37.9687],[140.1464,37.9714],[140.1449,37.9722],[140.1461,37.9738]],[[140.1461,37.9738],[140.1486,37.98],[140.1449,37.9826],[140.1442,37.9855],[140.139,37.9885]],[[140.139,37.9885],[140.1386,37.9893]],[[140.1386,37.9893],[140.1377,37.9924],[140.1393,38.0002]],[[140.1393,38.0002],[140.1371,38.003],[140.1378,38.0062],[140.1345,38.0086]],[[140.1345,38.0086],[140.1325,38.0107]],[[140.1325,38.0107],[140.1333,38.0179],[140.1323,38.0192],[140.1278,38.0208]],[[140.1278,38.0208],[140.1237,38.0229]],[[140.1237,38.0229],[140.1214,38.0236]],[[140.1214,38.0236],[140.1173,38.0248]],[[140.1173,38.0248],[140.1167,38.0246]],[[140.1167,38.0246],[140.1152,38.0254]],[[140.1152,38.0254],[140.1116,38.0282]],[[140.1116,38.0282],[140.1076,38.0305],[140.1015,38.031]],[[140.1015,38.031],[140.0999,38.0324]],[[140.0999,38.0324],[140.0994,38.0341],[140.1005,38.0364],[140.1038,38.0396],[140.1034,38.0414],[140.1002,38.0456]],[[140.1002,38.0456],[140.0968,38.0474],[140.093,38.0468]],[[140.093,38.0468],[140.0888,38.0464]],[[140.0888,38.0464],[140.0841,38.0465]],[[140.0841,38.0465],[140.081,38.0444]],[[140.081,38.0444],[140.0799,38.044],[140.0758,38.0474],[140.0756,38.0497],[140.0732,38.0538],[140.0695,38.0558]],[[140.0695,38.0558],[140.0704,38.0603],[140.0724,38.0635],[140.0692,38.0659],[140.0641,38.0666]],[[140.0641,38.0666],[140.0609,38.0687]],[[140.0609,38.0687],[140.0578,38.0699],[140.0569,38.0737],[140.0509,38.0792]],[[140.0509,38.0792],[140.0487,38.0798]],[[140.0487,38.0798],[140.0468,38.0817],[140.0464,38.0857]],[[140.0464,38.0857],[140.0455,38.0908],[140.047,38.101],[140.0455,38.1043]],[[140.0455,38.1043],[140.0483,38.1118]],[[140.0483,38.1118],[140.0465,38.117]],[[140.0465,38.117],[140.0458,38.1186]],[[140.0458,38.1186],[140.0459,38.1217],[140.0503,38.1238],[140.0518,38.1271]],[[140.0518,38.1271],[140.0496,38.1321]],[[140.0496,38.1321],[140.0497,38.1328]],[[140.0497,38.1328],[140.0489,38.1337]],[[140.0489,38.1337],[140.0491,38.1352],[140.0526,38.1381],[140.0547,38.1414],[140.0533,38.1466],[140.0508,38.1504]],[[140.0508,38.1504],[140.0537,38.1564],[140.0586,38.1592]],[[140.0586,38.1592],[140.0609,38.1614]],[[140.0609,38.1614],[140.0687,38.1629],[140.0708,38.1639],[140.0709,38.1648]],[[140.0709,38.1648],[140.0774,38.1709],[140.0769,38.1758]],[[140.0769,38.1758],[140.0764,38.1787]],[[140.0764,38.1787],[140.0782,38.1809]],[[140.0782,38.1809],[140.0794,38.1821],[140.0828,38.1825]],[[140.0828,38.1825],[140.0861,38.1822]],[[140.0861,38.1822],[140.0896,38.1853]],[[140.0896,38.1853],[140.0936,38.1943],[140.0955,38.1949]],[[140.0955,38.1949],[140.098,38.1974],[140.1024,38.1992],[140.1027,38.2005]],[[140.1027,38.2005],[140.102,38.2026]],[[140.102,38.2026],[140.1023,38.2039],[140.0955,38.2156],[140.0967,38.2227],[140.093,38.2289],[140.0899,38.2305],[140.0889,38.232],[140.0909,38.2379]],[[140.0909,38.2379],[140.0916,38.2409]],[[140.0916,38.2409],[140.092,38.2415]],[[140.092,38.2415],[140.0956,38.2464],[140.1055,38.2508],[140.106,38.2523],[140.1051,38.2554],[140.1078,38.2589],[140.1067,38.2619],[140.1139,38.2666]],[[140.1139,38.2666],[140.1178,38.2678]],[[140.1178,38.2678],[140.1242,38.2738],[140.132,38.2747],[140.1356,38.2784]],[[140.1356,38.2784],[140.1366,38.281],[140.1353,38.2901],[140.1333,38.2909],[140.1306,38.2897],[140.1264,38.2898],[140.1249,38.2907],[140.1246,38.2922],[140.1257,38.2946],[140.129,38.2973],[140.1357,38.2988]],[[140.1357,38.2988],[140.137,38.2998],[140.136,38.3019],[140.1377,38.3049]],[[140.1377,38.3049],[140.1402,38.3098],[140.1427,38.3105],[140.1454,38.31]],[[140.1454,38.31],[140.1475,38.3093],[140.1532,38.3115],[140.1576,38.3115],[140.1592,38.3132],[140.1591,38.316]],[[140.1591,38.316],[140.157,38.3208],[140.1584,38.3258],[140.157,38.3283]],[[140.157,38.3283],[140.1569,38.3299],[140.1595,38.3305],[140.1646,38.3283],[140.1656,38.3291],[140.1638,38.3302],[140.1643,38.3327],[140.1722,38.3334]],[[140.1722,38.3334],[140.1766,38.331],[140.178,38.3283],[140.1817,38.3277],[140.1841,38.3292],[140.1846,38.3331],[140.1879,38.3369]],[[140.1879,38.3369],[140.1887,38.3396],[140.1863,38.3437],[140.1866,38.346]],[[140.1866,38.346],[140.1902,38.3469]],[[140.1902,38.3469],[140.1938,38.3473],[140.1988,38.3494]],[[140.1988,38.3494],[140.2021,38.3511]],[[140.2021,38.3511],[140.206,38.3527]],[[140.206,38.3527],[140.2092,38.3551],[140.2093,38.3633],[140.2105,38.3645],[140.2135,38.3643]],[[140.2135,38.3643],[140.2176,38.3658],[140.2185,38.3686],[140.2136,38.3694],[140.2097,38.3766]],[[140.2097,38.3766],[140.2128,38.3792],[140.2141,38.384],[140.2174,38.3834]],[[140.2174,38.3834],[140.2189,38.3821],[140.2201,38.3786],[140.2258,38.3731],[140.2288,38.3713],[140.2416,38.3678]],[[140.2416,38.3678],[140.2523,38.3635],[140.2574,38.3627],[140.2628,38.3639]],[[140.2628,38.3639],[140.265,38.3624]],[[140.265,38.3624],[140.2705,38.3579],[140.272,38.3553],[140.271,38.3469],[140.2699,38.345]],[[140.2699,38.345],[140.2825,38.3424],[140.288,38.3402],[140.2913,38.3404]],[[140.2913,38.3404],[140.295,38.3452],[140.3052,38.3486]],[[140.3052,38.3486],[140.3069,38.3511],[140.3031,38.3573],[140.3039,38.3599],[140.3172,38.3683]],[[140.3172,38.3683],[140.3188,38.3721]],[[140.3188,38.3721],[140.3203,38.3747]],[[140.3203,38.3747],[140.3248,38.3784]],[[140.3248,38.3784],[140.3258,38.3803],[140.3253,38.3815]],[[140.3253,38.3815],[140.3261,38.3864]],[[140.3261,38.3864],[140.3264,38.3934]],[[140.3264,38.3934],[140.3263,38.3976]],[[140.3263,38.3976],[140.3264,38.3979]],[[140.3264,38.3979],[140.3281,38.4016]],[[140.3281,38.4016],[140.3282,38.4021]],[[140.3282,38.4021],[140.3306,38.4082]],[[140.3306,38.4082],[140.3321,38.4132]],[[140.3321,38.4132],[140.3285,38.4193],[140.3279,38.4209],[140.3286,38.4228]],[[140.3286,38.4228],[140.3355,38.4275],[140.3383,38.4308],[140.3377,38.4345],[140.3315,38.4387]],[[140.3315,38.4387],[140.3298,38.4393]],[[140.3298,38.4393],[140.3266,38.4412]],[[140.3266,38.4412],[140.3276,38.4446]],[[140.3276,38.4446],[140.334,38.4514]],[[140.334,38.4514],[140.3382,38.4531]],[[140.3382,38.4531],[140.3434,38.4558],[140.3452,38.4578]],[[140.3452,38.4578],[140.3455,38.4595]],[[140.3455,38.4595],[140.3449,38.4615],[140.3411,38.4648]],[[140.3411,38.4648],[140.3416,38.4675],[140.3477,38.4743],[140.348,38.4776]],[[140.348,38.4776],[140.347,38.4799]],[[140.347,38.4799],[140.3463,38.4884]],[[140.3463,38.4884],[140.3513,38.5012],[140.3472,38.511],[140.3483,38.5125],[140.3522,38.5144],[140.353,38.5163],[140.3394,38.519]],[[140.3394,38.519],[140.329,38.5217],[140.3272,38.5234],[140.3267,38.5259],[140.3273,38.5265]],[[140.3273,38.5265],[140.3313,38.5279],[140.3373,38.5241],[140.341,38.5262],[140.3435,38.5266],[140.3485,38.5224]],[[140.3485,38.5224],[140.3542,38.5218],[140.3611,38.5247]],[[140.3611,38.5247],[140.3643,38.5251],[140.3715,38.5339]],[[140.3715,38.5339],[140.3766,38.5381],[140.3842,38.5611]],[[140.3842,38.5611],[140.3848,38.5634]],[[140.3848,38.5634],[140.3893,38.57]],[[140.3893,38.57],[140.3874,38.5754],[140.3823,38.5801]],[[140.3823,38.5801],[140.3763,38.5848]],[[140.3763,38.5848],[140.3684,38.5889],[140.3604,38.5909],[140.3593,38.5923]],[[140.3593,38.5923],[140.3592,38.5929]],[[140.3592,38.5929],[140.358,38.5955],[140.3512,38.6003]],[[140.3512,38.6003],[140.3481,38.6025],[140.3473,38.6052],[140.349,38.61],[140.3522,38.6102]],[[140.3522,38.6102],[140.3537,38.6112],[140.3544,38.6134],[140.3526,38.6197],[140.3455,38.6229]],[[140.3455,38.6229],[140.3338,38.6255],[140.3281,38.6324]],[[140.3281,38.6324],[140.328,38.6338],[140.3332,38.6354],[140.3372,38.6401],[140.3503,38.644],[140.352,38.6458],[140.3537,38.6499]],[[140.3537,38.6499],[140.3539,38.6508]],[[140.3539,38.6508],[140.3539,38.6523]],[[140.3539,38.6523],[140.3524,38.6558],[140.3487,38.6569]],[[140.3487,38.6569],[140.3451,38.6587],[140.3417,38.6582],[140.342,38.6494],[140.339,38.6462],[140.3325,38.6469],[140.3273,38.65]],[[140.3273,38.65],[140.3264,38.6538],[140.3312,38.666]],[[140.3312,38.666],[140.3313,38.6685],[140.3286,38.6708],[140.3225,38.6728],[140.3185,38.6757],[140.3165,38.6758],[140.3156,38.6746],[140.3165,38.6716],[140.3141,38.6684],[140.3139,38.6664],[140.3146,38.6635],[140.3179,38.6609],[140.3185,38.6583],[140.3146,38.6571],[140.3083,38.6569]],[[140.3083,38.6569],[140.3045,38.6575],[140.2956,38.6622]],[[140.2956,38.6622],[140.2926,38.6629]],[[140.2926,38.6629],[140.2809,38.6641]],[[140.2809,38.6641],[140.2718,38.6655]],[[140.2718,38.6655],[140.2692,38.6669],[140.2672,38.6706]],[[140.2672,38.6706],[140.2668,38.6711]],[[140.2668,38.6711],[140.2659,38.6718]],[[140.2659,38.6718],[140.2573,38.6754],[140.2519,38.6835]],[[140.2519,38.6835],[140.2477,38.6897]],[[140.2477,38.6897],[140.2466,38.6905]],[[140.2466,38.6905],[140.2403,38.7005]],[[140.2403,38.7005],[140.2393,38.7016],[140.2373,38.7019],[140.2337,38.7017],[140.2312,38.7005]],[[140.2312,38.7005],[140.2282,38.6996],[140.2251,38.702]],[[140.2251,38.702],[140.2238,38.705],[140.2234,38.709]],[[140.2234,38.709],[140.2246,38.7182],[140.2241,38.7205],[140.2131,38.7186],[140.211,38.7193],[140.2102,38.7213],[140.2112,38.7242],[140.2127,38.725],[140.2196,38.7245],[140.2235,38.7254],[140.2254,38.7277],[140.2252,38.7297]],[[140.2252,38.7297],[140.2171,38.7286],[140.2089,38.7298],[140.2003,38.7241],[140.1958,38.7223],[140.1934,38.723],[140.1886,38.7282]],[[140.1886,38.7282],[140.1878,38.7298]],[[140.1878,38.7298],[140.1805,38.7301]],[[140.1805,38.7301],[140.174,38.7268],[140.1667,38.7257]],[[140.1667,38.7257],[140.165,38.7263],[140.1641,38.7278],[140.1642,38.7328],[140.1654,38.7355],[140.1649,38.7379],[140.1607,38.741],[140.1491,38.7399]],[[140.1491,38.7399],[140.14,38.7399]],[[140.14,38.7399],[140.137,38.7403]],[[140.137,38.7403],[140.1362,38.7404]],[[140.1362,38.7404],[140.1305,38.7419],[140.1224,38.7464],[140.1083,38.7481],[140.1071,38.749]],[[140.1071,38.749],[140.1001,38.7558]],[[140.1001,38.7558],[140.0967,38.7572],[140.0907,38.7575]],[[140.0907,38.7575],[140.0869,38.7555]],[[140.0869,38.7555],[140.085,38.753]],[[140.085,38.753],[140.0816,38.7501],[140.0777,38.7505]],[[140.0777,38.7505],[140.0553,38.7663]],[[140.0553,38.7663],[140.0432,38.7693],[140.0351,38.7736]],[[140.0351,38.7736],[140.0336,38.7757]],[[140.0336,38.7757],[140.0297,38.7808],[140.0287,38.784]],[[140.0287,38.784],[140.0278,38.7879],[140.0259,38.7899],[140.0177,38.7938],[140.012,38.7944],[140.0026,38.7931],[140.0,38.7937],[139.9982,38.7962],[139.9944,38.799],[139.9933,38.8054]],[[139.9933,38.8054],[139.9921,38.8087],[139.9852,38.8131]],[[139.9852,38.8131],[139.981,38.8155]],[[139.981,38.8155],[139.9801,38.8161]],[[139.9801,38.8161],[139.974,38.8191]],[[139.974,38.8191],[139.9668,38.8215]],[[139.9668,38.8215],[139.9626,38.8244],[139.9597,38.8336],[139.9564,38.8369]],[[139.9564,38.8369],[139.949,38.8447]],[[139.949,38.8447],[139.9481,38.8461]],[[139.9481,38.8461],[139.945,38.8498]],[[139.945,38.8498],[139.9426,38.853],[139.9441,38.8569],[139.9401,38.8722]],[[139.9401,38.8722],[139.9354,38.8744],[139.9277,38.8758],[139.9237,38.8785]],[[139.9237,38.8785],[139.9146,38.8802],[139.9004,38.878],[139.8873,38.8819],[139.8831,38.8814],[139.8717,38.8758]],[[139.8717,38.8758],[139.8603,38.8777],[139.8456,38.8854]],[[139.8456,38.8854],[139.8356,38.8943],[139.8324,38.9005],[139.824,38.9098],[139.8186,38.9173]],[[139.8186,38.9173],[139.8181,38.9181]],[[139.8181,38.9181],[139.8088,38.9235]]]}},{"type":"Feature","properties":{"t":"riviere","km":54,"nom":"赤川"},"geometry":{"type":"MultiLineString","coordinates":[[[139.8121,38.841],[139.7853,38.8474],[139.7838,38.8485]],[[139.8153,38.8404],[139.8121,38.841]],[[139.841,38.825],[139.8397,38.827],[139.8351,38.8299],[139.8251,38.8339],[139.8214,38.8388],[139.8153,38.8404]],[[139.844,38.7886],[139.8448,38.7928],[139.8431,38.8003],[139.845,38.802],[139.8499,38.8033],[139.8512,38.8054],[139.8477,38.8117],[139.8427,38.8175],[139.841,38.825]],[[139.8496,38.7722],[139.847,38.7737],[139.8443,38.7768],[139.8432,38.7827],[139.844,38.7886]],[[139.854,38.7666],[139.8529,38.7693],[139.8496,38.7722]],[[139.8487,38.7537],[139.8538,38.7634],[139.854,38.7666]],[[139.851,38.7382],[139.8541,38.7428],[139.8576,38.7446],[139.8581,38.7466],[139.8561,38.7486],[139.8503,38.7512],[139.8487,38.7537]],[[139.8585,38.7139],[139.8579,38.7177],[139.8517,38.723],[139.8495,38.726],[139.8501,38.7281],[139.8488,38.7331],[139.851,38.7382]],[[139.8609,38.7027],[139.8593,38.7072],[139.8585,38.7139]],[[139.8614,38.6686],[139.8621,38.6711],[139.8608,38.6753],[139.8604,38.6898],[139.8632,38.6949],[139.8634,38.6978],[139.8609,38.7027]],[[139.8567,38.6535],[139.8591,38.6587],[139.8583,38.6654],[139.8596,38.6678],[139.8614,38.6686]],[[139.8576,38.6507],[139.8567,38.6535]],[[139.8528,38.6329],[139.8598,38.6375],[139.8633,38.6457],[139.8621,38.6481],[139.8576,38.6507]],[[139.8435,38.6253],[139.846,38.6292],[139.8528,38.6329]],[[139.843,38.624],[139.8435,38.6253]],[[139.8384,38.6174],[139.843,38.624]],[[139.8364,38.6157],[139.8384,38.6174]],[[139.8326,38.6093],[139.8331,38.6133],[139.8364,38.6157]],[[139.8337,38.5979],[139.8337,38.5994],[139.836,38.6011],[139.8331,38.6058],[139.8326,38.6093]],[[139.8285,38.5893],[139.8333,38.5904],[139.8333,38.5919],[139.835,38.5926],[139.8345,38.5951],[139.8332,38.5958],[139.8337,38.5979]],[[139.8271,38.5876],[139.8285,38.5893]],[[139.8287,38.5823],[139.8285,38.5834],[139.8263,38.5832],[139.8271,38.5876]],[[139.8279,38.5804],[139.8287,38.5823]],[[139.8304,38.573],[139.8311,38.5759],[139.8302,38.5788],[139.8279,38.5804]],[[139.8273,38.5653],[139.8304,38.573]],[[139.8241,38.5633],[139.8273,38.5653]],[[139.8229,38.5621],[139.8241,38.5633]],[[139.8122,38.5567],[139.8195,38.5596],[139.8229,38.5621]],[[139.8111,38.5553],[139.8122,38.5567]],[[139.8089,38.5429],[139.81,38.5453],[139.8087,38.5483],[139.8111,38.5553]],[[139.7968,38.5443],[139.7977,38.5445],[139.8025,38.5411],[139.8072,38.5431],[139.8089,38.5429]],[[139.794,38.5368],[139.7949,38.5413],[139.7943,38.5432],[139.7968,38.5443]],[[139.7864,38.5249],[139.7883,38.5276],[139.7882,38.5329],[139.794,38.5368]],[[139.7862,38.5214],[139.7855,38.5228],[139.7864,38.5249]],[[139.7888,38.5096],[139.785,38.5126],[139.7846,38.5161],[139.7867,38.5188],[139.7862,38.5214]],[[139.7902,38.5081],[139.7888,38.5096]],[[139.7829,38.5072],[139.784,38.5076]],[[139.784,38.5076],[139.7863,38.5078],[139.7883,38.5067],[139.7902,38.5081]],[[139.7775,38.506],[139.7829,38.5072]],[[139.7753,38.505],[139.7775,38.506]],[[139.7666,38.4994],[139.7753,38.505]],[[139.7657,38.4957],[139.7666,38.4994]],[[139.7624,38.4889],[139.7652,38.4916],[139.7657,38.4957]],[[139.7599,38.4858],[139.7624,38.4889]],[[139.758,38.4824],[139.7599,38.4858]],[[139.7572,38.4783],[139.758,38.4824]],[[139.7721,38.4684],[139.7689,38.472],[139.7572,38.4783]],[[139.7815,38.4607],[139.7812,38.462],[139.779,38.4636],[139.7742,38.4653],[139.7721,38.4684]],[[139.7965,38.4449],[139.7951,38.4457],[139.7936,38.4489],[139.7917,38.4498],[139.7879,38.4493],[139.7854,38.453],[139.7854,38.4554],[139.7811,38.4597],[139.7815,38.4607]],[[139.8023,38.4351],[139.7994,38.4416],[139.7965,38.4449]],[[139.8013,38.4332],[139.8023,38.4351]],[[139.8019,38.4328],[139.8013,38.4332]],[[139.8052,38.4303],[139.8019,38.4328]],[[139.8125,38.4259],[139.8126,38.427],[139.8066,38.4274],[139.8052,38.4303]],[[139.8133,38.4213],[139.8119,38.4238],[139.8125,38.4259]],[[139.815,38.4179],[139.8156,38.4196],[139.8133,38.4213]],[[139.8141,38.4159],[139.815,38.4179]],[[139.8112,38.4025],[139.8115,38.4042],[139.8142,38.4065],[139.8134,38.4087],[139.8141,38.4159]],[[139.8016,38.4002],[139.803,38.4017],[139.8071,38.4005],[139.8112,38.4025]],[[139.8193,38.3859],[139.8168,38.3867],[139.8164,38.3882],[139.8129,38.3885],[139.8131,38.3901],[139.809,38.3932],[139.8087,38.395],[139.8034,38.3976],[139.8016,38.4002]],[[139.8183,38.3779],[139.8202,38.3813],[139.8193,38.3859]],[[139.8304,38.3659],[139.8322,38.367],[139.8317,38.3704],[139.825,38.3713],[139.8183,38.3779]]]}},{"type":"Feature","properties":{"t":"riviere","km":80,"nom":"犀川"},"geometry":{"type":"MultiLineString","coordinates":[[[138.2257,36.6196],[138.2291,36.6198],[138.234,36.6217],[138.2423,36.6223],[138.2508,36.6281]],[[138.2213,36.6183],[138.2257,36.6196]],[[138.182,36.6224],[138.1871,36.6236],[138.1908,36.6225],[138.1947,36.619],[138.2021,36.6203],[138.2144,36.6167],[138.2213,36.6183]],[[138.1717,36.6235],[138.182,36.6224]],[[138.1637,36.6228],[138.1717,36.6235]],[[138.1407,36.6205],[138.1455,36.6209],[138.1519,36.6228],[138.1577,36.6222],[138.1637,36.6228]],[[138.1324,36.6213],[138.1407,36.6205]],[[138.1235,36.6199],[138.1275,36.6214],[138.1324,36.6213]],[[138.123,36.62],[138.1235,36.6199]],[[138.1121,36.6213],[138.123,36.62]],[[138.1064,36.6221],[138.1121,36.6213]],[[138.0844,36.6105],[138.0846,36.6135],[138.0912,36.6161],[138.0951,36.6198],[138.0982,36.6198],[138.0995,36.617],[138.1015,36.617],[138.1033,36.6182],[138.1039,36.6216],[138.1064,36.6221]],[[138.063,36.606],[138.0678,36.6057],[138.0738,36.6075],[138.0821,36.6074],[138.0836,36.6082],[138.0844,36.6105]],[[138.0475,36.6005],[138.0539,36.6001],[138.0581,36.6041],[138.063,36.606]],[[138.0453,36.6008],[138.0475,36.6005]],[[138.0535,36.5841],[138.0521,36.5873],[138.0465,36.5906],[138.0403,36.591],[138.0403,36.5927],[138.0426,36.5952],[138.0437,36.5996],[138.0453,36.6008]],[[138.0456,36.5729],[138.0526,36.5717],[138.0546,36.5725],[138.0553,36.5747],[138.0516,36.5808],[138.0535,36.5841]],[[138.0455,36.5729],[138.0456,36.5729]],[[138.0446,36.5728],[138.0455,36.5729]],[[138.0419,36.5685],[138.0446,36.5728]],[[138.018,36.5719],[138.0221,36.5705],[138.0258,36.5717],[138.0272,36.5687],[138.0293,36.5701],[138.0315,36.5702],[138.032,36.568],[138.0342,36.5674],[138.0361,36.5691],[138.0391,36.5674],[138.0419,36.5685]],[[137.997,36.5656],[138.0029,36.5623],[138.0048,36.5625],[138.0079,36.5645],[138.0128,36.5705],[138.018,36.5719]],[[137.9939,36.566],[137.997,36.5656]],[[137.9906,36.5516],[137.9911,36.5536],[137.9966,36.5542],[137.999,36.5565],[137.9979,36.5609],[137.9951,36.5612],[137.9893,36.56],[137.9876,36.5608],[137.9895,36.564],[137.9939,36.566]],[[137.97,36.5404],[137.968,36.5433],[137.9686,36.5446],[137.9747,36.5461],[137.9783,36.5494],[137.9805,36.5484],[137.9822,36.5454],[137.9873,36.5457],[137.9913,36.5488],[137.9906,36.5516]],[[137.9639,36.5379],[137.9685,36.5381],[137.97,36.5404]],[[137.9604,36.5288],[137.9647,36.532],[137.9648,36.5335],[137.962,36.5359],[137.9639,36.5379]],[[137.9615,36.5209],[137.9577,36.5235],[137.9569,36.5251],[137.9572,36.5264],[137.9604,36.5288]],[[137.9468,36.2799],[137.9436,36.2852],[137.9424,36.2913],[137.9374,36.294],[137.9353,36.2967],[137.9336,36.3054],[137.9299,36.309],[137.9299,36.3114],[137.9282,36.313],[137.9272,36.3167],[137.9223,36.3203],[137.9181,36.3257],[137.9163,36.3308],[137.9163,36.3353],[137.9145,36.3404],[137.914,36.3473],[137.9151,36.3488],[137.9223,36.3521],[137.9234,36.3565],[137.9255,36.3594],[137.926,36.3637],[137.9279,36.3666],[137.9311,36.3688],[137.9249,36.3757],[137.924,36.3788],[137.9249,36.3812],[137.9301,36.3827],[137.9303,36.386],[137.9263,36.3911],[137.9258,36.3936],[137.93,36.3991],[137.9303,36.4008],[137.9282,36.4034],[137.9215,36.4063],[137.9212,36.4085],[137.9235,36.4103],[137.9343,36.4127],[137.9363,36.4142],[137.9387,36.4183],[137.9438,36.4227],[137.9439,36.4243],[137.9419,36.426],[137.9352,36.4228],[137.9273,36.421],[137.9221,36.424],[137.9207,36.4267],[137.9205,36.4308],[137.9254,36.4335],[137.9311,36.432],[137.9356,36.4339],[137.9364,36.4382],[137.9381,36.4404],[137.9383,36.4456],[137.9457,36.4513],[137.9444,36.4567],[137.9402,36.4599],[137.9417,36.4622],[137.9472,36.4637],[137.95,36.4661],[137.9594,36.4639],[137.9618,36.4644],[137.9615,36.4665],[137.9589,36.4684],[137.9591,36.4711],[137.9571,36.473],[137.9558,36.4764],[137.9506,36.4801],[137.9491,36.4828],[137.9496,36.4853],[137.9562,36.4853],[137.9575,36.4872],[137.9551,36.4951],[137.95,36.5018],[137.9564,36.5012],[137.9612,36.5036],[137.9641,36.5063],[137.9614,36.5092],[137.9657,36.5124],[137.967,36.5144],[137.9664,36.5172],[137.9615,36.5209]],[[137.87,36.2171],[137.8884,36.2202],[137.9002,36.2256],[137.9114,36.2365],[137.9178,36.2466],[137.9199,36.2489],[137.9231,36.2505],[137.9278,36.2557],[137.9328,36.2625],[137.9348,36.2673],[137.9399,36.2716],[137.942,36.2753],[137.946,36.2783],[137.9468,36.2799]],[[137.8558,36.208],[137.8637,36.212],[137.87,36.2171]],[[137.853,36.2077],[137.8558,36.208]],[[137.8385,36.2018],[137.8445,36.2046],[137.8505,36.2057],[137.853,36.2077]],[[137.8268,36.194],[137.8332,36.1986],[137.8373,36.2001],[137.8385,36.2018]],[[137.8062,36.1849],[137.8062,36.1863],[137.8077,36.1874],[137.8127,36.188],[137.8268,36.194]],[[137.8063,36.1846],[137.8062,36.1849]],[[137.804,36.1831],[137.8063,36.1846]],[[137.8,36.1821],[137.8023,36.1836],[137.804,36.1831]],[[137.7958,36.1815],[137.7975,36.1809],[137.8,36.1821]],[[137.7949,36.1819],[137.7958,36.1815]],[[137.7932,36.1824],[137.7949,36.1819]],[[137.79,36.1837],[137.7912,36.1824],[137.7932,36.1824]],[[137.7876,36.1834],[137.79,36.1837]],[[137.7848,36.1807],[137.7876,36.1834]],[[137.7794,36.1736],[137.7809,36.1745],[137.7835,36.1807],[137.7848,36.1807]],[[137.7605,36.1633],[137.7703,36.1681],[137.7758,36.1683],[137.7755,36.1696],[137.7785,36.1704],[137.7794,36.1736]],[[137.7555,36.1584],[137.7572,36.1597],[137.7575,36.162],[137.7595,36.1619],[137.7605,36.1633]],[[137.7475,36.1534],[137.7489,36.1534],[137.7555,36.1584]],[[137.7229,36.1343],[137.7249,36.1373],[137.7347,36.1396],[137.7367,36.142],[137.7395,36.1428],[137.7423,36.1458],[137.742,36.1477],[137.7453,36.1491],[137.7475,36.1534]],[[137.7186,36.1328],[137.7229,36.1343]],[[137.7185,36.1328],[137.7186,36.1328]],[[137.7181,36.1327],[137.7185,36.1328]],[[137.6723,36.1591],[137.6761,36.1568],[137.6749,36.1548],[137.6753,36.1541],[137.6779,36.152],[137.6804,36.152],[137.6846,36.1467],[137.6911,36.1444],[137.6909,36.1412],[137.6923,36.1392],[137.699,36.1379],[137.7055,36.1337],[137.7181,36.1327]],[[137.6984,36.3129],[137.7004,36.3108],[137.7009,36.3063],[137.6992,36.3027],[137.6998,36.3012],[137.6987,36.2999],[137.6986,36.2945],[137.6938,36.29],[137.6909,36.2854],[137.6913,36.2783],[137.6925,36.2755],[137.69,36.2732],[137.6865,36.2636],[137.6817,36.2601],[137.68,36.2574],[137.678,36.2568],[137.6748,36.252],[137.667,36.2526],[137.6589,36.2505],[137.6561,36.2521],[137.6492,36.2532],[137.6477,36.2545],[137.6436,36.2545],[137.6374,36.2509],[137.6381,36.249],[137.6368,36.248],[137.6285,36.2452],[137.6267,36.2467],[137.621,36.2395],[137.6176,36.2381],[137.6204,36.2336],[137.6184,36.2283],[137.6118,36.2241],[137.614,36.2219],[137.6129,36.2196],[137.615,36.2171],[137.6149,36.2139],[137.612,36.2129],[137.6108,36.2143],[137.6095,36.2144],[137.6055,36.2088],[137.6057,36.2068],[137.6046,36.2055],[137.6075,36.2025],[137.6139,36.2007],[137.615,36.1986],[137.6135,36.1981],[137.6142,36.1972],[137.6165,36.1962],[137.619,36.197],[137.6196,36.1959],[137.6218,36.1953],[137.6227,36.1932],[137.6245,36.192],[137.6241,36.1895],[137.6267,36.1885],[137.6253,36.1863],[137.628,36.1852],[137.6278,36.1824],[137.6295,36.1804],[137.6302,36.1771],[137.6336,36.1755],[137.6397,36.1759],[137.6436,36.1729],[137.644,36.1711],[137.6516,36.1686],[137.6514,36.1653],[137.6547,36.1637],[137.6578,36.1638],[137.6604,36.1657],[137.6624,36.1634],[137.6667,36.1646],[137.6675,36.1627],[137.6716,36.1607],[137.6723,36.1591]],[[137.6416,36.2531],[137.6414,36.2521],[137.6391,36.2516]],[[137.6953,36.3158],[137.6971,36.315],[137.6976,36.3131],[137.6984,36.3129]],[[137.6852,36.2621],[137.6847,36.2615]]]}},{"type":"Feature","properties":{"t":"riviere","km":52,"nom":"奈良井川"},"geometry":{"type":"MultiLineString","coordinates":[[[137.9014,36.0741],[137.9037,36.0751],[137.9019,36.0767],[137.9083,36.082],[137.9078,36.0835],[137.9143,36.0882],[137.9143,36.0916],[137.9165,36.0913],[137.9181,36.0929],[137.9175,36.0945],[137.9147,36.0944],[137.9131,36.0971],[137.9149,36.0988],[137.9155,36.1014],[137.9191,36.1038],[137.9188,36.1067],[137.9206,36.1096],[137.9209,36.1118],[137.9236,36.1143],[137.926,36.1196],[137.9258,36.122],[137.9278,36.1263],[137.9303,36.1383],[137.9359,36.1492],[137.9406,36.1561],[137.9462,36.1689],[137.9463,36.1794],[137.9475,36.1848],[137.9467,36.1887],[137.9491,36.1978],[137.9465,36.2023],[137.9439,36.2041],[137.9429,36.2063],[137.9426,36.2111],[137.9458,36.2204],[137.9525,36.2309],[137.9543,36.2357],[137.9528,36.2401],[137.95,36.2425],[137.9514,36.2468],[137.9493,36.2566],[137.944,36.2664],[137.9469,36.276],[137.9468,36.2799]],[[137.9008,36.0734],[137.9014,36.0741]],[[137.9008,36.0734],[137.9014,36.0741]],[[137.898,36.0663],[137.8989,36.0669],[137.8977,36.0678],[137.9004,36.0691],[137.8999,36.0713],[137.901,36.0722],[137.9008,36.0734]],[[137.8997,36.0589],[137.8985,36.0614],[137.8968,36.0625],[137.8989,36.0634],[137.8972,36.0643],[137.898,36.0663]],[[137.8978,36.0559],[137.8994,36.0571],[137.8986,36.0577],[137.8997,36.0589]],[[137.892,36.0473],[137.8932,36.0496],[137.893,36.0511],[137.8978,36.0559]],[[137.886,36.0411],[137.8886,36.0434],[137.8874,36.0442],[137.8905,36.0447],[137.892,36.0473]],[[137.8829,36.0385],[137.8833,36.0402],[137.8857,36.0398],[137.886,36.0411]],[[137.8758,36.0303],[137.8776,36.0317],[137.8779,36.0331],[137.8793,36.0331],[137.8814,36.0364],[137.8826,36.0364],[137.8829,36.0385]],[[137.8755,36.0282],[137.8758,36.0303]],[[137.8733,36.027],[137.8755,36.0282]],[[137.8614,36.0111],[137.8618,36.0123],[137.8633,36.0121],[137.8626,36.0157],[137.8662,36.0173],[137.8665,36.0202],[137.8694,36.0212],[137.8723,36.0268],[137.8733,36.027]],[[137.8551,35.9991],[137.8565,35.9999],[137.8574,36.0024],[137.8567,36.0065],[137.8601,36.0063],[137.8595,36.008],[137.8614,36.0111]],[[137.8504,35.9964],[137.8514,35.9981],[137.8538,35.9978],[137.8551,35.9991]],[[137.8461,35.9894],[137.8503,35.9929],[137.8504,35.9964]],[[137.8442,35.9882],[137.8461,35.9894]],[[137.8375,35.986],[137.8442,35.9882]],[[137.8254,35.9757],[137.8264,35.9783],[137.8284,35.9785],[137.8338,35.9845],[137.8375,35.986]],[[137.8237,35.9742],[137.8254,35.9757]],[[137.8217,35.9725],[137.8237,35.9742]],[[137.8106,35.9636],[137.8156,35.9669],[137.8168,35.9696],[137.8197,35.9726],[137.8217,35.9725]],[[137.8071,35.9465],[137.8081,35.9488],[137.8067,35.9516],[137.8088,35.9536],[137.8082,35.957],[137.8098,35.9594],[137.8095,35.962],[137.8106,35.9636]],[[137.8097,35.9342],[137.81,35.9351],[137.8071,35.9385],[137.8063,35.9438],[137.8054,35.9443],[137.8071,35.9465]],[[137.8108,35.9282],[137.8097,35.9342]],[[137.8138,35.9216],[137.8111,35.9251],[137.8108,35.9282]],[[137.8145,35.9073],[137.8156,35.9101],[137.8138,35.9114],[137.8154,35.913],[137.8151,35.9155],[137.8124,35.9207],[137.8138,35.9216]],[[137.8137,35.9068],[137.8145,35.9073]],[[137.8225,35.8906],[137.823,35.8932],[137.8217,35.8954],[137.8225,35.8963],[137.8206,35.8983],[137.821,35.8993],[137.819,35.9004],[137.8166,35.9046],[137.8134,35.9054],[137.8137,35.9068]],[[137.8305,35.8806],[137.8268,35.8876],[137.8253,35.8894],[137.8225,35.8906]],[[137.8318,35.8564],[137.8317,35.8575]],[[137.833,35.8244],[137.8349,35.8275],[137.8347,35.8327],[137.8368,35.8352],[137.8383,35.839],[137.8372,35.8452],[137.8336,35.8484],[137.8317,35.8489],[137.8307,35.8516],[137.8325,35.8556],[137.8316,35.8577],[137.8333,35.8611],[137.832,35.8623],[137.8307,35.8667],[137.833,35.8714],[137.8305,35.8806]]]}},{"type":"Feature","properties":{"t":"riviere","km":68,"nom":"久慈川"},"geometry":{"type":"MultiLineString","coordinates":[[[140.5887,36.4901],[140.5964,36.4876],[140.6005,36.4838],[140.6036,36.4823],[140.6161,36.482],[140.6175,36.4805]],[[140.5553,36.5006],[140.5559,36.4966],[140.558,36.495],[140.5706,36.4937],[140.5773,36.4959],[140.5887,36.4901]],[[140.5142,36.503],[140.527,36.5036],[140.5356,36.5],[140.5396,36.5007],[140.5426,36.5039],[140.5487,36.5046],[140.5518,36.5039],[140.5553,36.5006]],[[140.5045,36.4942],[140.5077,36.4964],[140.5104,36.5014],[140.5142,36.503]],[[140.476,36.5025],[140.4903,36.4935],[140.4949,36.4949],[140.4994,36.4939],[140.5045,36.4942]],[[140.4594,36.5102],[140.4653,36.505],[140.474,36.5022],[140.476,36.5025]],[[140.4105,36.5712],[140.4125,36.5662],[140.4165,36.5639],[140.4209,36.5579],[140.4251,36.5543],[140.4263,36.5455],[140.4315,36.5415],[140.4413,36.5393],[140.443,36.538],[140.4507,36.5235],[140.4581,36.5201],[140.4592,36.5175],[140.4579,36.5154],[140.4581,36.5119],[140.4594,36.5102]],[[140.4173,36.5912],[140.4135,36.5879],[140.4147,36.584],[140.4145,36.5783],[140.4105,36.5712]],[[140.4122,36.5983],[140.415,36.6006],[140.4138,36.6036],[140.414,36.6069],[140.4178,36.608],[140.4199,36.6057],[140.4233,36.5979],[140.4209,36.5942],[140.4173,36.5912]],[[140.4034,36.6108],[140.4013,36.6059],[140.4017,36.6025],[140.4041,36.6005],[140.4122,36.5983]],[[140.4059,36.6266],[140.406,36.623],[140.4033,36.6191],[140.4025,36.6162],[140.4034,36.6108]],[[140.3966,36.6338],[140.4031,36.6298],[140.4059,36.6266]],[[140.3942,36.6441],[140.393,36.6399],[140.3931,36.6363],[140.3966,36.6338]],[[140.3943,36.6453],[140.3942,36.6441]],[[140.3952,36.652],[140.3956,36.649],[140.3943,36.6453]],[[140.3938,36.6554],[140.395,36.6547],[140.3952,36.652]],[[140.3879,36.6637],[140.3895,36.6581],[140.3938,36.6554]],[[140.3881,36.6648],[140.3879,36.6637]],[[140.389,36.6745],[140.3879,36.6698],[140.3881,36.6648]],[[140.3877,36.6793],[140.389,36.6745]],[[140.3897,36.6846],[140.3875,36.6852],[140.3858,36.6839],[140.3857,36.6821],[140.3877,36.6793]],[[140.3875,36.6932],[140.3893,36.6927],[140.3908,36.6909],[140.3914,36.6856],[140.3897,36.6846]],[[140.3818,36.7018],[140.3857,36.6944],[140.3875,36.6932]],[[140.3808,36.7059],[140.3798,36.7038],[140.3818,36.7018]],[[140.3836,36.7116],[140.3808,36.7059]],[[140.3884,36.7177],[140.3896,36.7172],[140.3888,36.7147],[140.3843,36.7139],[140.3836,36.7116]],[[140.3736,36.7198],[140.3833,36.7154],[140.3884,36.7177]],[[140.3755,36.7288],[140.3709,36.7234],[140.3717,36.7208],[140.3736,36.7198]],[[140.3904,36.7355],[140.3918,36.7326],[140.3905,36.7295],[140.3886,36.7295],[140.3872,36.7313],[140.3844,36.7323],[140.3796,36.7311],[140.3755,36.7288]],[[140.3831,36.7483],[140.3836,36.7454],[140.376,36.7383],[140.3752,36.7364],[140.3772,36.7352],[140.3813,36.7354],[140.3897,36.7373],[140.3904,36.7355]],[[140.3765,36.7517],[140.3831,36.7483]],[[140.3779,36.7613],[140.3797,36.7587],[140.3743,36.7541],[140.3765,36.7517]],[[140.3752,36.7636],[140.3779,36.7613]],[[140.3723,36.7632],[140.3752,36.7636]],[[140.3723,36.7632],[140.3752,36.7636]],[[140.3589,36.7615],[140.3647,36.7595],[140.3723,36.7632]],[[140.3582,36.7644],[140.3589,36.7615]],[[140.3578,36.7662],[140.3582,36.7644]],[[140.3599,36.7891],[140.356,36.7819],[140.3561,36.7739],[140.3578,36.7662]],[[140.3618,36.7907],[140.3599,36.7891]],[[140.3657,36.7945],[140.3618,36.7907]],[[140.3662,36.795],[140.3657,36.7945]],[[140.3713,36.8086],[140.3718,36.8055],[140.374,36.8017],[140.3734,36.8003],[140.3693,36.798],[140.3662,36.795]],[[140.3705,36.8131],[140.3713,36.8086]],[[140.3833,36.8227],[140.3809,36.8154],[140.3714,36.8142],[140.3705,36.8131]],[[140.3787,36.8322],[140.3776,36.8299],[140.3826,36.8249],[140.3833,36.8227]],[[140.3844,36.8363],[140.384,36.835],[140.3787,36.8322]],[[140.3909,36.8463],[140.3856,36.8439],[140.3844,36.8363]],[[140.4078,36.8518],[140.4064,36.8504],[140.4051,36.8505],[140.4012,36.8541],[140.3984,36.8524],[140.3967,36.8498],[140.3909,36.8463]],[[140.4188,36.8618],[140.4138,36.8591],[140.4084,36.8536],[140.4078,36.8518]],[[140.4178,36.8654],[140.4188,36.8618]],[[140.4167,36.8759],[140.4178,36.8654]],[[140.4166,36.8772],[140.4167,36.8759]],[[140.4144,36.8843],[140.4166,36.8772]],[[140.4121,36.8941],[140.4144,36.8843]],[[140.4108,36.8997],[140.4104,36.8972],[140.4121,36.8941]],[[140.4118,36.9123],[140.4129,36.9046],[140.4108,36.8997]],[[140.4124,36.9143],[140.4118,36.9123]],[[140.4133,36.9188],[140.4124,36.9143]],[[140.4121,36.9362],[140.4148,36.9341],[140.4133,36.9188]],[[140.4101,36.9363],[140.4121,36.9362]],[[140.4073,36.9398],[140.4067,36.9378],[140.4101,36.9363]],[[140.4095,36.9433],[140.4073,36.9398]],[[140.413,36.95],[140.4134,36.9471],[140.4095,36.9433]],[[140.4074,36.9567],[140.4098,36.9542],[140.4107,36.9513],[140.413,36.95]],[[140.4026,36.9722],[140.4046,36.966],[140.4053,36.9594],[140.4074,36.9567]],[[140.3985,36.9822],[140.3987,36.9775],[140.4026,36.9722]],[[140.3969,36.9901],[140.3985,36.9822]],[[140.3981,36.9955],[140.3988,36.9946],[140.3958,36.9924],[140.3969,36.9901]],[[140.392,37.0082],[140.3943,37.0075],[140.3944,37.003],[140.3971,37.001],[140.3958,36.9977],[140.3981,36.9955]],[[140.3854,37.0137],[140.3858,37.0127],[140.3892,37.0114],[140.392,37.0082]],[[140.3841,37.0237],[140.3838,37.0177],[140.3854,37.0137]],[[140.3834,37.0239],[140.3841,37.0237]],[[140.3827,37.0239],[140.3834,37.0239]],[[140.3817,37.0241],[140.3827,37.0239]],[[140.3791,37.025],[140.3817,37.0241]],[[140.3668,37.0284],[140.3685,37.0286],[140.369,37.0268],[140.3715,37.0274],[140.3791,37.025]],[[140.3624,37.0256],[140.3668,37.0284]],[[140.3534,37.0153],[140.3547,37.016],[140.3531,37.0177],[140.355,37.0196],[140.3571,37.0194],[140.3605,37.0211],[140.3624,37.0256]],[[140.341,37.0122],[140.3424,37.0131],[140.3456,37.0119],[140.3486,37.0145],[140.3534,37.0153]],[[140.3335,37.0083],[140.3387,37.0104],[140.3405,37.0099],[140.341,37.0122]],[[140.3167,36.9882],[140.3181,36.9897],[140.3212,36.9901],[140.3209,36.9913],[140.3241,36.9914],[140.3261,36.9979],[140.3276,36.9981],[140.3264,36.9991],[140.3268,37.0011],[140.325,37.0015],[140.3262,37.0023],[140.3259,37.0034],[140.3286,37.0029],[140.3296,37.0062],[140.3335,37.0083]],[[140.3081,36.9767],[140.3117,36.9787],[140.3119,36.9806],[140.3131,36.9804],[140.3149,36.9818],[140.313,36.9843],[140.3152,36.9854],[140.3167,36.9882]],[[140.2816,36.9736],[140.2836,36.9744],[140.2869,36.9736],[140.2872,36.9754],[140.2885,36.9753],[140.2889,36.9743],[140.295,36.9764],[140.2975,36.9758],[140.3032,36.9775],[140.3081,36.9767]]]}},{"type":"Feature","properties":{"t":"riviere","km":109,"nom":"那珂川"},"geometry":{"type":"MultiLineString","coordinates":[[[140.5864,36.3367],[140.5944,36.3362]],[[140.5746,36.3456],[140.5794,36.3431],[140.5819,36.3395],[140.5864,36.3367]],[[140.5427,36.3634],[140.5527,36.3598],[140.5575,36.3562],[140.5626,36.3506],[140.5746,36.3456]],[[140.5258,36.3664],[140.5427,36.3634]],[[140.5118,36.3736],[140.5258,36.3664]],[[140.5036,36.382],[140.5118,36.3736]],[[140.4973,36.3805],[140.5003,36.3825],[140.5036,36.382]],[[140.4725,36.3884],[140.4754,36.3868],[140.4813,36.3773],[140.4857,36.3751],[140.4901,36.3743],[140.4931,36.3747],[140.495,36.3764],[140.4973,36.3805]],[[140.4533,36.4125],[140.4566,36.4112],[140.4555,36.4071],[140.4558,36.4019],[140.4583,36.3957],[140.4643,36.3913],[140.4725,36.3884]],[[140.4369,36.413],[140.4533,36.4125]],[[140.424,36.4245],[140.4311,36.4223],[140.4346,36.4155],[140.4369,36.413]],[[140.4078,36.4833],[140.4099,36.48],[140.4106,36.4754],[140.4097,36.4702],[140.408,36.4671],[140.4091,36.4614],[140.4159,36.454],[140.422,36.4507],[140.4236,36.4486],[140.4234,36.4464],[140.4259,36.4394],[140.4262,36.435],[140.424,36.4245]],[[140.4076,36.4836],[140.4078,36.4833]],[[140.3987,36.4856],[140.4049,36.4857],[140.4076,36.4836]],[[140.3897,36.4992],[140.3956,36.4877],[140.3987,36.4856]],[[140.3432,36.5421],[140.3451,36.5392],[140.3505,36.5362],[140.3628,36.5251],[140.3695,36.5218],[140.376,36.5143],[140.3787,36.5126],[140.3803,36.5095],[140.3877,36.5051],[140.3895,36.502],[140.3897,36.4992]],[[140.3382,36.5467],[140.3426,36.5451],[140.3432,36.5421]],[[140.3077,36.561],[140.3112,36.5575],[140.3126,36.5539],[140.3146,36.5519],[140.3234,36.5515],[140.3267,36.5488],[140.3327,36.5459],[140.3382,36.5467]],[[140.2881,36.5607],[140.296,36.5621],[140.3077,36.561]],[[140.2851,36.5615],[140.2881,36.5607]],[[140.2647,36.5582],[140.269,36.562],[140.2727,36.5633],[140.2779,36.5636],[140.2851,36.5615]],[[140.2456,36.5617],[140.2524,36.5588],[140.2546,36.5593],[140.2647,36.5582]],[[140.2439,36.563],[140.2456,36.5617]],[[140.2437,36.5631],[140.2439,36.563]],[[140.2399,36.5656],[140.2437,36.5631]],[[140.2193,36.5769],[140.2233,36.5755],[140.229,36.5681],[140.2399,36.5656]],[[140.2143,36.5768],[140.2193,36.5769]],[[140.207,36.5747],[140.2143,36.5768]],[[140.189,36.5725],[140.1893,36.5675],[140.1927,36.5656],[140.1959,36.5684],[140.2011,36.5706],[140.207,36.5747]],[[140.1816,36.592],[140.1838,36.5902],[140.1912,36.5918],[140.1936,36.59],[140.1936,36.5883],[140.1915,36.5849],[140.1938,36.5815],[140.1935,36.5781],[140.1922,36.5752],[140.189,36.5725]],[[140.1777,36.5947],[140.1816,36.592]],[[140.1744,36.5987],[140.1749,36.5959],[140.1777,36.5947]],[[140.1738,36.6011],[140.1744,36.5987]],[[140.17,36.6109],[140.1694,36.605],[140.1723,36.6032],[140.1738,36.6011]],[[140.1668,36.6173],[140.1687,36.6158],[140.17,36.6109]],[[140.1663,36.632],[140.16,36.6312],[140.1578,36.63],[140.1571,36.6281],[140.1623,36.6227],[140.1665,36.6205],[140.1668,36.6173]],[[140.1676,36.6341],[140.1663,36.632]],[[140.1616,36.6473],[140.1608,36.6441],[140.1671,36.636],[140.1676,36.6341]],[[140.1771,36.6605],[140.1773,36.6575],[140.1752,36.6548],[140.1616,36.6473]],[[140.1535,36.6759],[140.1587,36.6706],[140.1644,36.6585],[140.1672,36.6581],[140.1741,36.6635],[140.1771,36.6605]],[[140.1517,36.6785],[140.1535,36.6759]],[[140.1552,36.688],[140.1515,36.6858],[140.1517,36.6785]],[[140.1696,36.691],[140.17,36.6872],[140.167,36.6851],[140.1643,36.6851],[140.1552,36.688]],[[140.1682,36.6921],[140.1696,36.691]],[[140.16,36.7077],[140.1611,36.6992],[140.1682,36.6921]],[[140.1547,36.7165],[140.1597,36.7144],[140.1606,36.7115],[140.16,36.7077]],[[140.1493,36.7272],[140.1525,36.7185],[140.1547,36.7165]],[[140.1492,36.7273],[140.1493,36.7272]],[[140.1371,36.746],[140.1407,36.7368],[140.1492,36.7273]],[[140.1413,36.7534],[140.1377,36.7485],[140.1371,36.746]],[[140.1324,36.781],[140.1354,36.7747],[140.1373,36.7734],[140.1379,36.7651],[140.1422,36.7575],[140.1413,36.7534]],[[140.132,36.7828],[140.1324,36.781]],[[140.1321,36.7913],[140.1321,36.7877],[140.133,36.7862],[140.132,36.7828]],[[140.1318,36.7917],[140.1321,36.7913]],[[140.1325,36.8007],[140.1315,36.7958],[140.1318,36.7917]],[[140.1326,36.8042],[140.1325,36.8007]],[[140.1287,36.8258],[140.1272,36.8225],[140.1269,36.8147],[140.1261,36.8126],[140.1277,36.8089],[140.1319,36.8068],[140.1326,36.8042]],[[140.1267,36.8305],[140.1286,36.8279],[140.1287,36.8258]],[[140.1264,36.8321],[140.1267,36.8305]],[[140.1276,36.8431],[140.1296,36.8403],[140.1264,36.8321]],[[140.1255,36.8504],[140.1264,36.8495],[140.1258,36.8464],[140.1276,36.8431]],[[140.1196,36.853],[140.1255,36.8504]],[[140.118,36.8569],[140.1185,36.854],[140.1196,36.853]],[[140.1198,36.8714],[140.1176,36.8681],[140.1196,36.8644],[140.118,36.8569]],[[140.1222,36.8826],[140.1213,36.8786],[140.1224,36.876],[140.1221,36.8741],[140.1198,36.8714]],[[140.1186,36.8841],[140.1222,36.8826]],[[140.1266,36.9157],[140.1267,36.9119],[140.1281,36.9094],[140.1266,36.9079],[140.1234,36.9076],[140.1229,36.9064],[140.1235,36.9019],[140.125,36.8997],[140.1237,36.8957],[140.1247,36.8923],[140.1191,36.8878],[140.1186,36.8841]],[[140.0813,36.9673],[140.0895,36.9622],[140.09,36.9584],[140.0936,36.9559],[140.0923,36.9527],[140.0973,36.9525],[140.0999,36.9472],[140.1042,36.9449],[140.1112,36.9391],[140.109,36.936],[140.1088,36.9338],[140.1127,36.9315],[140.1117,36.9282],[140.1121,36.9261],[140.1158,36.9227],[140.1187,36.922],[140.1212,36.9201],[140.1226,36.915],[140.1266,36.9157]],[[140.0166,37.0183],[140.0204,37.0146],[140.0233,37.0063],[140.0287,37.0053],[140.0294,37.0035],[140.0339,37.0004],[140.0341,36.9976],[140.0322,36.9917],[140.0354,36.9876],[140.0383,36.987],[140.0451,36.9878],[140.0488,36.9833],[140.0574,36.981],[140.0683,36.9756],[140.0708,36.9776],[140.0728,36.9704],[140.0752,36.9694],[140.0796,36.9694],[140.0813,36.9673]],[[140.0041,37.0286],[140.0087,37.0259],[140.0086,37.0236],[140.0128,37.0223],[140.0166,37.0183]],[[139.9934,37.0398],[139.9951,37.039],[139.9949,37.0335],[139.9967,37.033],[140.0003,37.0343],[140.0041,37.0286]],[[139.979,37.0449],[139.9808,37.0417],[139.985,37.0384],[139.9866,37.0386],[139.9876,37.0406],[139.9919,37.0388],[139.9934,37.0398]],[[139.9768,37.0445],[139.979,37.0449]],[[139.9571,37.0448],[139.9627,37.0466],[139.9709,37.0432],[139.9768,37.0445]],[[139.9395,37.051],[139.9411,37.0492],[139.9418,37.0466],[139.9499,37.0473],[139.9525,37.0456],[139.9571,37.0448]],[[139.9228,37.0657],[139.9236,37.063],[139.9253,37.0624],[139.9272,37.0595],[139.9296,37.0589],[139.9342,37.0541],[139.9395,37.051]],[[139.9094,37.0779],[139.9104,37.0786],[139.9141,37.0779],[139.9139,37.0762],[139.9159,37.0739],[139.9155,37.0726],[139.9165,37.0722],[139.9193,37.0676],[139.9228,37.0657]],[[139.9025,37.0885],[139.9039,37.0853],[139.9064,37.0838],[139.9072,37.0808],[139.9094,37.0779]],[[139.9018,37.1013],[139.9032,37.0951],[139.9025,37.0885]],[[139.9026,37.1144],[139.9041,37.1143],[139.9057,37.1127],[139.9046,37.1111],[139.9054,37.1089],[139.9021,37.1039],[139.9018,37.1013]],[[139.8998,37.1152],[139.9026,37.1144]],[[139.9035,37.1263],[139.9012,37.123],[139.9025,37.119],[139.8998,37.1152]],[[139.925,37.1267],[139.9206,37.1239],[139.9177,37.1234],[139.911,37.1269],[139.9069,37.1272],[139.906,37.1263],[139.9035,37.1263]],[[139.927,37.1299],[139.9259,37.1289],[139.9268,37.1283],[139.9259,37.1269],[139.925,37.1267]],[[139.9281,37.1328],[139.9284,37.1312],[139.927,37.1299]],[[139.9271,37.1366],[139.9281,37.1328]],[[139.9272,37.1368],[139.9271,37.1366]],[[139.9287,37.1376],[139.9272,37.1368]],[[139.9355,37.1434],[139.9339,37.1428],[139.9321,37.1402],[139.9305,37.1403],[139.9287,37.1376]],[[139.9412,37.1442],[139.9355,37.1434]],[[139.9583,37.1442],[139.9534,37.1468],[139.9443,37.1456],[139.9412,37.1442]],[[139.9593,37.1427],[139.9583,37.1442]]]}},{"type":"Feature","properties":{"t":"riviere","km":124,"nom":"阿賀野川"},"geometry":{"type":"MultiLineString","coordinates":[[[139.1314,37.9549],[139.1278,37.9588],[139.1278,37.9619]],[[139.136,37.9467],[139.1328,37.951],[139.1314,37.9549]],[[139.1366,37.9459],[139.136,37.9467]],[[139.1481,37.9153],[139.1457,37.9209],[139.1449,37.9324],[139.1418,37.9389],[139.1366,37.9459]],[[139.1608,37.8827],[139.1571,37.8882],[139.1496,37.9042],[139.1478,37.9113],[139.1481,37.9153]],[[139.1742,37.87],[139.1708,37.8745],[139.1647,37.8777],[139.1608,37.8827]],[[139.1746,37.8675],[139.1742,37.87]],[[139.1743,37.8655],[139.1746,37.8675]],[[139.1577,37.8363],[139.1531,37.8443],[139.1533,37.8478],[139.1619,37.8551],[139.1712,37.8612],[139.1743,37.8655]],[[139.1603,37.8293],[139.1601,37.8318],[139.1577,37.8363]],[[139.1551,37.8222],[139.1595,37.8267],[139.1603,37.8293]],[[139.1551,37.8084],[139.1524,37.8115],[139.1514,37.8152],[139.1551,37.8222]],[[139.1772,37.8027],[139.1753,37.805],[139.1705,37.8069],[139.1659,37.8074],[139.1593,37.8064],[139.1551,37.8084]],[[139.176,37.7898],[139.1751,37.7924],[139.1772,37.8027]],[[139.1933,37.7782],[139.1803,37.785],[139.176,37.7898]],[[139.2134,37.7711],[139.2082,37.773],[139.2,37.7742],[139.1933,37.7782]],[[139.2183,37.7603],[139.2154,37.7693],[139.2134,37.7711]],[[139.2215,37.7528],[139.222,37.7594],[139.2183,37.7603]],[[139.2549,37.7456],[139.232,37.7465],[139.2255,37.7495],[139.2215,37.7528]],[[139.2701,37.7395],[139.2592,37.7446],[139.2549,37.7456]],[[139.2793,37.7369],[139.2701,37.7395]],[[139.283,37.7368],[139.2793,37.7369]],[[139.2832,37.7368],[139.283,37.7368]],[[139.2854,37.7372],[139.2832,37.7368]],[[139.2911,37.738],[139.2854,37.7372]],[[139.2948,37.7374],[139.2911,37.738]],[[139.3006,37.7357],[139.2948,37.7374]],[[139.3055,37.7359],[139.3006,37.7357]],[[139.3066,37.7361],[139.3055,37.7359]],[[139.3079,37.7364],[139.3066,37.7361]],[[139.3083,37.7365],[139.3079,37.7364]],[[139.3242,37.7394],[139.3213,37.7428],[139.3165,37.7434],[139.3136,37.7414],[139.3113,37.7374],[139.3083,37.7365]],[[139.3263,37.7361],[139.3242,37.7394]],[[139.3284,37.7325],[139.3263,37.7361]],[[139.3494,37.7204],[139.3485,37.7237],[139.3439,37.7284],[139.3388,37.7301],[139.333,37.7303],[139.3284,37.7325]],[[139.3525,37.7186],[139.3505,37.719],[139.3494,37.7204]],[[139.3541,37.7189],[139.3525,37.7186]],[[139.3573,37.7156],[139.3541,37.7189]],[[139.3586,37.7143],[139.3573,37.7156]],[[139.3763,37.7224],[139.3717,37.7224],[139.3676,37.7202],[139.3665,37.7134],[139.365,37.7122],[139.3621,37.7123],[139.3586,37.7143]],[[139.3804,37.7207],[139.3763,37.7224]],[[139.3814,37.7146],[139.3827,37.7172],[139.3804,37.7207]],[[139.3783,37.6869],[139.3773,37.6896],[139.3777,37.6945],[139.3806,37.7008],[139.3772,37.7072],[139.3771,37.7101],[139.3782,37.7137],[139.3814,37.7146]],[[139.3788,37.6865],[139.3783,37.6869]],[[139.3858,37.6894],[139.3825,37.6864],[139.3788,37.6865]],[[139.39,37.699],[139.3858,37.6894]],[[139.4088,37.699],[139.3989,37.7027],[139.3945,37.7018],[139.39,37.699]],[[139.4174,37.6944],[139.4157,37.6967],[139.4088,37.699]],[[139.4194,37.6925],[139.4174,37.6944]],[[139.4234,37.6907],[139.4194,37.6925]],[[139.4269,37.6894],[139.4234,37.6907]],[[139.4289,37.6891],[139.4269,37.6894]],[[139.4417,37.6874],[139.4289,37.6891]],[[139.4526,37.6857],[139.4417,37.6874]],[[139.4577,37.6872],[139.4526,37.6857]],[[139.471,37.689],[139.4683,37.685],[139.4651,37.685],[139.4577,37.6872]],[[139.4905,37.6979],[139.4884,37.6959],[139.4772,37.6939],[139.471,37.689]],[[139.4905,37.6991],[139.4905,37.6979]],[[139.4897,37.7017],[139.4905,37.6991]],[[139.4698,37.7057],[139.469,37.7032],[139.4718,37.7028],[139.4751,37.7034],[139.4813,37.7077],[139.4851,37.7076],[139.4893,37.7048],[139.4897,37.7017]],[[139.4745,37.7113],[139.4698,37.7057]],[[139.4771,37.7159],[139.4745,37.7113]],[[139.4882,37.7232],[139.481,37.721],[139.4771,37.7159]],[[139.5105,37.719],[139.5069,37.7195],[139.4993,37.7188],[139.4979,37.7195],[139.4975,37.722],[139.496,37.723],[139.4882,37.7232]],[[139.5163,37.7179],[139.5105,37.719]],[[139.5181,37.7154],[139.5175,37.7173],[139.5163,37.7179]],[[139.5251,37.7086],[139.5184,37.7122],[139.5181,37.7154]],[[139.5371,37.703],[139.5312,37.7028],[139.5251,37.7086]],[[139.5382,37.7032],[139.5371,37.703]],[[139.5573,37.708],[139.549,37.7056],[139.5424,37.705],[139.5382,37.7032]],[[139.5672,37.6986],[139.5688,37.7016],[139.5692,37.7048],[139.5681,37.7076],[139.5636,37.7095],[139.5573,37.708]],[[139.5663,37.6962],[139.5672,37.6986]],[[139.5775,37.6855],[139.5826,37.693],[139.5824,37.6953],[139.5754,37.6969],[139.5711,37.694],[139.568,37.6937],[139.5665,37.6943],[139.5663,37.6962]],[[139.5856,37.6714],[139.5735,37.6738],[139.5715,37.6756],[139.5712,37.6769],[139.573,37.6801],[139.5767,37.6829],[139.5775,37.6855]],[[139.5919,37.6658],[139.5908,37.6706],[139.5856,37.6714]],[[139.5926,37.6652],[139.5919,37.6658]],[[139.5937,37.6651],[139.5926,37.6652]],[[139.5948,37.6652],[139.5937,37.6651]],[[139.598,37.6669],[139.5948,37.6652]],[[139.5988,37.6678],[139.598,37.6669]],[[139.5994,37.6684],[139.5988,37.6678]],[[139.6061,37.6682],[139.5994,37.6684]],[[139.6156,37.6619],[139.6114,37.6662],[139.6061,37.6682]],[[139.6321,37.6479],[139.6202,37.6553],[139.6156,37.6619]],[[139.633,37.642],[139.6343,37.6432],[139.6321,37.6479]],[[139.6308,37.6324],[139.6291,37.6337],[139.6286,37.6355],[139.633,37.642]],[[139.6377,37.6212],[139.6358,37.6287],[139.6308,37.6324]],[[139.6356,37.6146],[139.6376,37.6174],[139.6377,37.6212]],[[139.6273,37.6003],[139.6286,37.6057],[139.6356,37.6146]],[[139.6292,37.598],[139.6273,37.6003]],[[139.636,37.5983],[139.6292,37.598]],[[139.6635,37.6093],[139.6577,37.6101],[139.6473,37.6081],[139.6385,37.5995],[139.636,37.5983]],[[139.691,37.6147],[139.6893,37.6128],[139.6882,37.6071],[139.6866,37.606],[139.6832,37.6058],[139.6747,37.6094],[139.6635,37.6093]],[[139.7268,37.6098],[139.719,37.6173],[139.7118,37.6211],[139.71,37.621],[139.708,37.6195],[139.7049,37.6132],[139.6974,37.6151],[139.691,37.6147]],[[139.7357,37.6077],[139.7339,37.6057],[139.7317,37.6055],[139.7289,37.6071],[139.7268,37.6098]],[[139.7364,37.6106],[139.7357,37.6077]],[[139.7366,37.6118],[139.7364,37.6106]],[[139.7293,37.6292],[139.7281,37.6245],[139.734,37.617],[139.7366,37.6118]],[[139.7327,37.6322],[139.7293,37.6292]],[[139.7467,37.6376],[139.743,37.6392],[139.739,37.6353],[139.7327,37.6322]],[[139.7545,37.6341],[139.7467,37.6376]],[[139.7708,37.6384],[139.7682,37.6389],[139.7618,37.6347],[139.7571,37.635],[139.7545,37.6341]],[[139.7801,37.6334],[139.773,37.635],[139.7708,37.6384]],[[139.7831,37.6326],[139.7801,37.6334]],[[139.784,37.6324],[139.7831,37.6326]],[[139.8203,37.6081],[139.8091,37.6124],[139.8013,37.6133],[139.7994,37.6176],[139.7996,37.6217],[139.7987,37.6239],[139.7956,37.6255],[139.7898,37.6251],[139.7887,37.6276],[139.7861,37.629],[139.784,37.6324]],[[139.8206,37.6079],[139.8203,37.6081]],[[139.8272,37.605],[139.8206,37.6079]],[[139.829,37.603],[139.8272,37.605]],[[139.8544,37.5939],[139.8502,37.5935],[139.8459,37.5915],[139.8413,37.592],[139.834,37.5961],[139.8299,37.6007],[139.829,37.603]],[[139.8607,37.5749],[139.8602,37.5815],[139.8623,37.5871],[139.8622,37.5894],[139.8593,37.5922],[139.8544,37.5939]],[[139.8585,37.5562],[139.8591,37.5607],[139.8628,37.5687],[139.8623,37.5724],[139.8607,37.5749]],[[139.8823,37.5192],[139.8767,37.5257],[139.8738,37.5269],[139.8718,37.5315],[139.8695,37.5342],[139.8707,37.5368],[139.8689,37.5419],[139.8653,37.5451],[139.8654,37.5471],[139.8631,37.5508],[139.8585,37.5562]],[[139.8842,37.5162],[139.8823,37.5192]],[[139.8834,37.5136],[139.8842,37.5162]],[[139.8828,37.5124],[139.8834,37.5136]],[[139.8828,37.5124],[139.8828,37.5124]],[[139.8857,37.5022],[139.8879,37.5063],[139.8878,37.5086],[139.8869,37.5101],[139.8839,37.5104],[139.8828,37.5124]],[[139.8919,37.4931],[139.89,37.4948],[139.8889,37.4975],[139.8857,37.4995],[139.8857,37.5022]],[[139.8951,37.4872],[139.8933,37.4891],[139.8936,37.4923],[139.8919,37.4931]],[[139.8971,37.4808],[139.8965,37.4828],[139.8972,37.485],[139.8951,37.4872]],[[139.9082,37.4486],[139.91,37.4511],[139.9083,37.4544],[139.9087,37.456],[139.9051,37.4591],[139.905,37.4617],[139.9029,37.4633],[139.9025,37.4704],[139.8998,37.4736],[139.8986,37.4789],[139.8971,37.4808]],[[139.9095,37.4342],[139.9094,37.4361],[139.9064,37.44],[139.906,37.4433],[139.9082,37.4486]],[[139.9085,37.4324],[139.9095,37.4342]],[[139.908,37.4167],[139.906,37.4254],[139.9096,37.4283],[139.9085,37.4324]],[[139.9141,37.4081],[139.908,37.4167]],[[139.915,37.4076],[139.9141,37.4081]],[[139.9179,37.4058],[139.915,37.4076]],[[139.9229,37.4035],[139.9179,37.4058]],[[139.926,37.4008],[139.9251,37.4025],[139.9229,37.4035]],[[139.9264,37.3999],[139.926,37.4008]],[[139.9293,37.3844],[139.9298,37.3884],[139.9283,37.3912],[139.9257,37.3927],[139.9244,37.3958],[139.9264,37.3999]],[[139.927,37.3835],[139.9293,37.3844]],[[139.9239,37.3796],[139.927,37.3835]],[[139.9217,37.3699],[139.9221,37.3759],[139.9239,37.3796]],[[139.9176,37.3646],[139.9203,37.3652],[139.9193,37.3683],[139.9217,37.3699]],[[139.9146,37.3555],[139.9135,37.3589],[139.9101,37.3584],[139.908,37.3595],[139.9082,37.3651],[139.9053,37.3667],[139.9091,37.3669],[139.9106,37.3687],[139.9119,37.3689],[139.916,37.3665],[139.916,37.3646],[139.9176,37.3646]],[[139.9197,37.3508],[139.9179,37.3549],[139.9145,37.3534],[139.9146,37.3555]],[[139.9104,37.348],[139.9112,37.3488],[139.914,37.3479],[139.9156,37.3488],[139.9192,37.3482],[139.9197,37.3508]],[[139.9101,37.3474],[139.9104,37.348]],[[139.9117,37.3391],[139.9116,37.3427],[139.9101,37.3474]],[[139.9163,37.3307],[139.915,37.335],[139.9117,37.3391]],[[139.9172,37.3254],[139.9191,37.3267],[139.9202,37.3295],[139.9163,37.3307]],[[139.9166,37.3251],[139.9172,37.3254]],[[139.8987,37.3103],[139.9,37.3139],[139.9023,37.3157],[139.9075,37.3141],[139.9097,37.3172],[139.913,37.3174],[139.9111,37.3221],[139.9138,37.3223],[139.9166,37.3251]],[[139.8958,37.3073],[139.896,37.3088],[139.8987,37.3103]],[[139.8962,37.3045],[139.8958,37.3073]],[[139.8982,37.3014],[139.8962,37.3045]],[[139.9068,37.2857],[139.9073,37.2869],[139.9061,37.2901],[139.9035,37.2934],[139.9044,37.2959],[139.8997,37.298],[139.8982,37.3014]],[[139.9025,37.2726],[139.9057,37.2735],[139.9061,37.2746],[139.9044,37.2769],[139.9045,37.2789],[139.9021,37.2806],[139.9022,37.2826],[139.9032,37.284],[139.9068,37.2857]],[[139.8956,37.2684],[139.8958,37.2708],[139.8976,37.2728],[139.9005,37.2733],[139.9025,37.2726]],[[139.8955,37.2681],[139.8956,37.2684]],[[139.8699,37.2596],[139.8726,37.2636],[139.8741,37.2641]],[[139.8741,37.2641],[139.8742,37.2641]],[[139.8742,37.2641],[139.8801,37.2614],[139.8835,37.2615],[139.8933,37.2641],[139.8955,37.2681]],[[139.8693,37.2577],[139.8699,37.2596]],[[139.868,37.2546],[139.8693,37.2577]],[[139.8679,37.2544],[139.868,37.2546]],[[139.8671,37.2514],[139.8663,37.2531],[139.8679,37.2544]],[[139.8662,37.2502],[139.8671,37.2514]],[[139.8611,37.2499],[139.8662,37.2502]],[[139.8562,37.2484],[139.86,37.2489],[139.8611,37.2499]],[[139.8546,37.2459],[139.8562,37.2484]],[[139.854,37.2447],[139.8546,37.2459]],[[139.8501,37.2389],[139.854,37.2447]],[[139.8491,37.2371],[139.8501,37.2389]],[[139.8487,37.2353],[139.8491,37.2371]],[[139.8451,37.2354],[139.8487,37.2353]],[[139.8382,37.2318],[139.8405,37.2339],[139.8451,37.2354]],[[139.8315,37.225],[139.834,37.2265],[139.8382,37.2318]],[[139.828,37.2234],[139.8315,37.225]],[[139.8242,37.2213],[139.828,37.2234]],[[139.8078,37.2197],[139.8242,37.2213]],[[139.7987,37.2151],[139.8078,37.2197]],[[139.7946,37.2125],[139.7987,37.2151]],[[139.7909,37.2122],[139.7946,37.2125]],[[139.7896,37.2123],[139.7909,37.2122]],[[139.7867,37.2121],[139.7896,37.2123]],[[139.7827,37.2113],[139.7867,37.2121]],[[139.7811,37.2106],[139.7827,37.2113]],[[139.7785,37.2095],[139.7811,37.2106]],[[139.7632,37.2075],[139.7662,37.209],[139.77,37.2084],[139.7785,37.2095]],[[139.7626,37.2058],[139.7632,37.2075]],[[139.7591,37.1936],[139.7616,37.2001],[139.7626,37.2058]],[[139.7497,37.1825],[139.7562,37.1893],[139.7573,37.1922],[139.7591,37.1936]],[[139.7447,37.1774],[139.7497,37.1825]],[[139.7416,37.174],[139.7423,37.1766],[139.7447,37.1774]],[[139.7406,37.1721],[139.7416,37.174]],[[139.7353,37.1674],[139.7348,37.1697],[139.7357,37.1714],[139.7406,37.1721]],[[139.7325,37.1623],[139.7351,37.1653],[139.7353,37.1674]],[[139.7279,37.1563],[139.7325,37.1623]],[[139.7279,37.1546],[139.7279,37.1563]],[[139.7284,37.1537],[139.7279,37.1546]],[[139.7288,37.1531],[139.7284,37.1537]],[[139.7313,37.151],[139.7311,37.1526],[139.7288,37.1531]],[[139.7308,37.1487],[139.7313,37.151]],[[139.7305,37.1446],[139.7308,37.1487]],[[139.7162,37.135],[139.7176,37.1352],[139.7223,37.1392],[139.7282,37.1403],[139.7305,37.1446]],[[139.7144,37.1347],[139.7162,37.135]],[[139.7145,37.1315],[139.7138,37.1335],[139.7144,37.1347]],[[139.7148,37.131],[139.7145,37.1315]],[[139.7149,37.1307],[139.7148,37.131]],[[139.7168,37.1288],[139.7149,37.1307]],[[139.7164,37.1252],[139.7168,37.1288]],[[139.7158,37.1233],[139.7164,37.1252]],[[139.7152,37.1217],[139.7158,37.1233]],[[139.7145,37.1184],[139.7152,37.1217]],[[139.7147,37.1172],[139.7145,37.1184]],[[139.7149,37.1157],[139.7147,37.1172]],[[139.7156,37.1155],[139.7149,37.1157]],[[139.7156,37.1155],[139.7147,37.1172]],[[139.7184,37.1114],[139.7184,37.1126],[139.7156,37.1155]],[[139.7179,37.1075],[139.7176,37.1104],[139.7184,37.1114]],[[139.7097,37.0987],[139.712,37.1028],[139.7118,37.1047],[139.7179,37.1075]],[[139.7074,37.0945],[139.7097,37.0987]],[[139.7073,37.0945],[139.7074,37.0945]],[[139.7031,37.0911],[139.7038,37.0926],[139.7073,37.0945]],[[139.7008,37.0881],[139.704,37.0902],[139.7031,37.0911]],[[139.6962,37.0836],[139.7008,37.0881]],[[139.6929,37.0822],[139.6962,37.0836]],[[139.684,37.0757],[139.6864,37.0792],[139.6929,37.0822]],[[139.6638,37.062],[139.6682,37.0639],[139.6693,37.0653],[139.6714,37.0651],[139.6756,37.0674],[139.679,37.0676],[139.6824,37.0715],[139.684,37.0757]],[[139.6465,37.0438],[139.6487,37.0463],[139.6492,37.0495],[139.6548,37.0555],[139.6552,37.0574],[139.6638,37.062]]]}},{"type":"Feature","properties":{"t":"riviere","km":52,"nom":"渋海川"},"geometry":{"type":"MultiLineString","coordinates":[[[138.8191,37.4366],[138.8218,37.4389],[138.8259,37.4395]],[[138.8084,37.4318],[138.814,37.4318],[138.8167,37.4335],[138.8191,37.4366]],[[138.8082,37.4318],[138.8084,37.4318]],[[138.8069,37.4312],[138.8082,37.4318]],[[138.7905,37.4203],[138.7969,37.4239],[138.8027,37.4252],[138.8069,37.4312]],[[138.7902,37.4062],[138.7928,37.413],[138.7895,37.4174],[138.7905,37.4203]],[[138.7751,37.403],[138.784,37.4036],[138.7902,37.4062]],[[138.7676,37.3986],[138.7713,37.402],[138.7751,37.403]],[[138.7493,37.3804],[138.7496,37.3831],[138.7509,37.385],[138.7676,37.3986]],[[138.7497,37.3798],[138.7493,37.3804]],[[138.7456,37.3726],[138.7492,37.3759],[138.7497,37.3798]],[[138.7406,37.3594],[138.7445,37.3621],[138.7451,37.3649],[138.7488,37.3656],[138.7469,37.3696],[138.7442,37.3707],[138.7456,37.3726]],[[138.7274,37.3575],[138.7303,37.3582],[138.7334,37.3573],[138.7356,37.3604],[138.7406,37.3594]],[[138.7253,37.3551],[138.7274,37.3575]],[[138.7216,37.3508],[138.7253,37.3551]],[[138.7216,37.3478],[138.7216,37.3508]],[[138.727,37.3395],[138.7277,37.3408],[138.7222,37.3423],[138.7206,37.3438],[138.7216,37.3478]],[[138.7177,37.3357],[138.7167,37.3377],[138.7188,37.339],[138.727,37.3395]],[[138.7145,37.3269],[138.7152,37.3294],[138.7181,37.3321],[138.7177,37.3357]],[[138.7136,37.3248],[138.7145,37.3269]],[[138.7115,37.321],[138.7136,37.3248]],[[138.7118,37.3178],[138.7115,37.321]],[[138.7112,37.3137],[138.7118,37.3178]],[[138.7095,37.3101],[138.7112,37.3137]],[[138.7068,37.3053],[138.7095,37.3101]],[[138.7064,37.3049],[138.7068,37.3053]],[[138.6954,37.2944],[138.6992,37.2954],[138.702,37.3004],[138.7064,37.3049]],[[138.6949,37.2917],[138.6954,37.2944]],[[138.6973,37.2862],[138.6949,37.2917]],[[138.7009,37.2776],[138.7003,37.279],[138.701,37.2824],[138.6983,37.2834],[138.6973,37.2862]],[[138.7022,37.276],[138.7009,37.2776]],[[138.7052,37.2713],[138.7041,37.2743],[138.7022,37.276]],[[138.7075,37.2592],[138.7078,37.2644],[138.7049,37.267],[138.7052,37.2713]],[[138.7052,37.2577],[138.7075,37.2592]],[[138.7095,37.2502],[138.7118,37.2527],[138.7109,37.255],[138.7064,37.2545],[138.7052,37.2577]],[[138.7116,37.2425],[138.7124,37.2448],[138.7115,37.2468],[138.7143,37.248],[138.7095,37.2502]],[[138.6966,37.2195],[138.6949,37.2207],[138.6937,37.2199],[138.694,37.2186],[138.6918,37.2201],[138.6897,37.2193],[138.6892,37.2239],[138.6912,37.2248],[138.6919,37.2237],[138.6932,37.2235],[138.6952,37.2262],[138.693,37.2273],[138.6946,37.2319],[138.6969,37.2301],[138.6981,37.2328],[138.7028,37.2329],[138.7029,37.2337],[138.7005,37.2347],[138.7017,37.2363],[138.7007,37.2392],[138.7067,37.239],[138.7079,37.2421],[138.7116,37.2425]],[[138.692,37.2121],[138.692,37.2142],[138.6902,37.217],[138.696,37.2169],[138.6966,37.2195]],[[138.6926,37.2071],[138.6933,37.2076],[138.6912,37.2089],[138.6932,37.2096],[138.692,37.2121]],[[138.6846,37.2008],[138.686,37.2032],[138.6897,37.2044],[138.6926,37.2071]],[[138.6874,37.1996],[138.6846,37.2008]],[[138.6828,37.1754],[138.681,37.1792],[138.6779,37.1791],[138.6789,37.1817],[138.6769,37.1834],[138.6807,37.1828],[138.6803,37.1853],[138.6859,37.1854],[138.6876,37.1872],[138.684,37.1884],[138.6826,37.1902],[138.684,37.1913],[138.6874,37.1996]],[[138.6674,37.1716],[138.6697,37.173],[138.6663,37.1745],[138.6673,37.1761],[138.6745,37.1746],[138.6791,37.1757],[138.6817,37.1744],[138.6828,37.1754]],[[138.6664,37.1446],[138.6691,37.1447],[138.6742,37.1501],[138.6727,37.1517],[138.6672,37.1527],[138.6652,37.1558],[138.665,37.1582],[138.669,37.1597],[138.6677,37.1616],[138.6684,37.1635],[138.6678,37.1665],[138.6686,37.1677],[138.6656,37.1696],[138.6674,37.1716]],[[138.6527,37.1443],[138.652,37.1471],[138.6557,37.1466],[138.6562,37.1501],[138.6578,37.1513],[138.659,37.1498],[138.6612,37.1505],[138.6622,37.1491],[138.666,37.1493],[138.6664,37.1446]],[[138.6538,37.1351],[138.6552,37.1353],[138.654,37.1391],[138.6573,37.1428],[138.6527,37.1443]],[[138.6499,37.1352],[138.6538,37.1351]],[[138.636,37.1384],[138.637,37.1395],[138.6399,37.1395],[138.6422,37.1381],[138.6423,37.1365],[138.6439,37.1359],[138.6466,37.1376],[138.6488,37.1374],[138.6506,37.1365],[138.6499,37.1352]],[[138.6268,37.138],[138.628,37.1392],[138.6307,37.1389],[138.6349,37.1405],[138.636,37.1384]],[[138.6217,37.1318],[138.6256,37.1342],[138.6268,37.138]],[[138.6003,37.129],[138.6014,37.1299],[138.6069,37.127],[138.612,37.1318],[138.6217,37.1318]],[[138.5948,37.1277],[138.5947,37.1287],[138.6003,37.129]],[[138.5895,37.1217],[138.5916,37.1224],[138.5921,37.1236],[138.5952,37.1207],[138.5965,37.1234],[138.5938,37.1253],[138.5963,37.1265],[138.5948,37.1277]],[[138.5822,37.1188],[138.5837,37.1204],[138.5853,37.1193],[138.5866,37.1204],[138.589,37.1202],[138.5895,37.1217]],[[138.5685,37.1155],[138.5701,37.1143],[138.5722,37.1166],[138.5739,37.1155],[138.5762,37.1173],[138.5822,37.1188]],[[138.565,37.1123],[138.5685,37.1155]],[[138.56,37.0909],[138.5607,37.0928],[138.5598,37.094],[138.5615,37.0956],[138.5615,37.097],[138.5649,37.0993],[138.5641,37.1015],[138.5674,37.1039],[138.5666,37.1059],[138.5672,37.1095],[138.5656,37.1099],[138.5662,37.1114],[138.565,37.1123]],[[138.5587,37.0755],[138.5573,37.0828],[138.56,37.0842],[138.5587,37.0876],[138.56,37.0909]],[[138.559,37.0709],[138.5579,37.0743],[138.5587,37.0755]],[[138.5533,37.0512],[138.5551,37.0541],[138.559,37.055],[138.5599,37.0564],[138.56,37.0597],[138.5585,37.0609],[138.5599,37.0617],[138.5593,37.0624],[138.5609,37.0698],[138.5604,37.0711],[138.559,37.0709]],[[138.5534,37.0501],[138.5533,37.0512]],[[138.5532,37.0496],[138.5534,37.0501]],[[138.5501,37.0445],[138.5503,37.046],[138.5532,37.0496]],[[138.5362,37.0288],[138.5357,37.0315],[138.5367,37.0318],[138.538,37.0349],[138.5459,37.0394],[138.5501,37.0445]]]}},{"type":"Feature","properties":{"t":"riviere","km":75,"nom":"江の川"},"geometry":{"type":"MultiLineString","coordinates":[[[132.39,34.7756],[132.3902,34.769],[132.3914,34.7671]],[[132.3914,34.7671],[132.3916,34.7669]],[[132.3916,34.7669],[132.3958,34.7652],[132.3991,34.7659],[132.4022,34.7652],[132.4057,34.7675]],[[132.4057,34.7675],[132.4058,34.7677]],[[132.4058,34.7677],[132.4089,34.7666],[132.4099,34.7675]],[[132.4099,34.7675],[132.4127,34.7689],[132.417,34.7667],[132.4233,34.7682],[132.434,34.7675],[132.4361,34.7665]],[[132.4361,34.7665],[132.4369,34.7662],[132.439,34.7683],[132.4422,34.7685],[132.4439,34.7676],[132.446,34.768],[132.4487,34.7654],[132.4586,34.7649]],[[132.4586,34.7649],[132.464,34.7704],[132.4674,34.7719]],[[132.4674,34.7719],[132.4702,34.7686],[132.4734,34.7676]],[[132.4734,34.7676],[132.4747,34.7678]],[[132.4747,34.7678],[132.4785,34.7685],[132.4846,34.7653],[132.4869,34.7665]],[[132.4869,34.7665],[132.4883,34.7637],[132.4915,34.762]],[[132.4915,34.762],[132.4934,34.7616]],[[132.4934,34.7616],[132.4994,34.7622]],[[132.4994,34.7622],[132.5029,34.7576]],[[132.5029,34.7576],[132.5009,34.7543],[132.5008,34.7507]],[[132.5008,34.7507],[132.5015,34.7491],[132.5055,34.7471]],[[132.5055,34.7471],[132.5079,34.7474]],[[132.5079,34.7474],[132.5155,34.7479],[132.5171,34.7418],[132.5148,34.739],[132.5209,34.7368]],[[132.5209,34.7368],[132.5229,34.7357],[132.5233,34.7291]],[[132.5233,34.7291],[132.5246,34.7282],[132.5265,34.7319],[132.5333,34.7325],[132.5382,34.7363],[132.5453,34.7363]],[[132.5453,34.7363],[132.5499,34.7331],[132.5519,34.7353]],[[132.5519,34.7353],[132.5549,34.7317],[132.5571,34.7359],[132.5592,34.7359],[132.5602,34.7335],[132.5599,34.7293]],[[132.5599,34.7293],[132.5626,34.7281],[132.5613,34.7246]],[[132.5613,34.7246],[132.5604,34.7187],[132.5619,34.7165],[132.5614,34.7152]],[[132.5614,34.7152],[132.5588,34.7124]],[[132.5588,34.7124],[132.5561,34.7107]],[[132.5561,34.7107],[132.554,34.7071]],[[132.554,34.7071],[132.5539,34.7019]],[[132.5539,34.7019],[132.553,34.6977]],[[132.553,34.6977],[132.5527,34.6956]],[[132.5527,34.6956],[132.5509,34.6894],[132.5536,34.6877],[132.5547,34.6842]],[[132.5547,34.6842],[132.5556,34.6799],[132.5598,34.6763]],[[132.5598,34.6763],[132.5721,34.6767]],[[132.5721,34.6767],[132.578,34.6793]],[[132.578,34.6793],[132.5808,34.6785],[132.5833,34.6751],[132.5885,34.6749]],[[132.5885,34.6749],[132.5956,34.6754]],[[132.5956,34.6754],[132.6021,34.6746],[132.6052,34.6727]],[[132.6052,34.6727],[132.6061,34.6699],[132.6023,34.6627],[132.6024,34.6604],[132.608,34.6558],[132.6152,34.6585],[132.6173,34.6582],[132.6177,34.6568],[132.6116,34.6491],[132.6109,34.6462],[132.619,34.6454],[132.6207,34.6437]],[[132.6207,34.6437],[132.6225,34.6384],[132.6307,34.6382],[132.6332,34.6312]],[[132.6332,34.6312],[132.6453,34.6303],[132.6551,34.6264]],[[132.6551,34.6264],[132.6559,34.6263]],[[132.6559,34.6263],[132.6579,34.6273],[132.66,34.6349]],[[132.66,34.6349],[132.6637,34.6391]],[[132.6637,34.6391],[132.6686,34.6446]],[[132.6686,34.6446],[132.6707,34.6446]],[[132.6707,34.6446],[132.6737,34.6443],[132.6781,34.6456],[132.6798,34.6473],[132.6822,34.6529],[132.6845,34.6544],[132.6947,34.6522]],[[132.6947,34.6522],[132.6977,34.6532],[132.7012,34.6581],[132.704,34.6598]],[[132.704,34.6598],[132.7096,34.6611]],[[132.7096,34.6611],[132.7185,34.6677],[132.7193,34.6709],[132.7172,34.6742]],[[132.7172,34.6742],[132.7172,34.6755]],[[132.7172,34.6755],[132.7174,34.6777],[132.7195,34.6802]],[[132.7195,34.6802],[132.7225,34.6801]],[[132.7225,34.6801],[132.7321,34.6795]],[[132.7321,34.6795],[132.7415,34.6808]],[[132.7415,34.6808],[132.7442,34.6795],[132.7484,34.6751],[132.7499,34.6748]],[[132.7499,34.6748],[132.752,34.6774]],[[132.752,34.6774],[132.7524,34.6784],[132.75,34.6807],[132.7499,34.6821],[132.753,34.6838]],[[132.753,34.6838],[132.7571,34.6879],[132.7542,34.6914],[132.7532,34.6955],[132.7558,34.6978],[132.76,34.6994]],[[132.76,34.6994],[132.7634,34.7003]],[[132.7634,34.7003],[132.7668,34.7011],[132.7691,34.7029],[132.7693,34.7098],[132.7722,34.7129]],[[132.7722,34.7129],[132.7734,34.7155],[132.7735,34.7186]],[[132.7735,34.7186],[132.7734,34.7222],[132.7792,34.7255],[132.7834,34.7295]],[[132.7834,34.7295],[132.7835,34.7355]],[[132.7835,34.7355],[132.7848,34.7395]],[[132.7848,34.7395],[132.7869,34.7407],[132.7961,34.7408]],[[132.7961,34.7408],[132.7996,34.7413],[132.8013,34.7426]],[[132.8013,34.7426],[132.8019,34.7451],[132.8061,34.7493]],[[132.8061,34.7493],[132.806,34.752],[132.8006,34.7521],[132.7976,34.754],[132.8065,34.7604],[132.8056,34.7661],[132.8069,34.7693]],[[132.8069,34.7693],[132.8155,34.7733],[132.8197,34.7734]],[[132.8197,34.7734],[132.8236,34.7723]],[[132.8236,34.7723],[132.8268,34.7699],[132.828,34.7703],[132.8307,34.7754],[132.8313,34.7797],[132.8362,34.7806]],[[132.8362,34.7806],[132.8375,34.7814],[132.8372,34.7825],[132.8282,34.7837],[132.8275,34.7857],[132.8286,34.7881],[132.8352,34.7924],[132.8385,34.797]],[[132.8385,34.797],[132.84,34.8013]],[[132.84,34.8013],[132.8402,34.8022]],[[132.8402,34.8022],[132.8411,34.8047],[132.8404,34.8059]],[[132.8404,34.8059],[132.8397,34.8068],[132.841,34.8109],[132.838,34.8135],[132.8283,34.8179],[132.8223,34.8154]],[[132.8223,34.8154],[132.8209,34.8137],[132.816,34.8137],[132.8126,34.8126],[132.8068,34.8078]],[[132.8068,34.8078],[132.8033,34.8075]],[[132.8033,34.8075],[132.8003,34.8078],[132.7939,34.804],[132.7893,34.8034]],[[132.7893,34.8034],[132.7854,34.8061],[132.7723,34.8071]],[[132.7723,34.8071],[132.7658,34.8088],[132.7601,34.8079],[132.7504,34.8108]],[[132.7504,34.8108],[132.7261,34.8144]],[[132.7261,34.8144],[132.714,34.8178],[132.7101,34.8169]],[[132.7101,34.8169],[132.705,34.8144],[132.6961,34.8167]],[[132.6961,34.8167],[132.6953,34.819],[132.6977,34.8232]],[[132.6977,34.8232],[132.6996,34.8273],[132.7012,34.8284],[132.7139,34.8277],[132.7212,34.8304]],[[132.7212,34.8304],[132.7213,34.8311]],[[132.7213,34.8311],[132.7232,34.834],[132.7217,34.838]],[[132.7217,34.838],[132.7208,34.8436],[132.7148,34.8444],[132.7133,34.8466]],[[132.7133,34.8466],[132.7106,34.8497]],[[132.7106,34.8497],[132.7106,34.8499]],[[132.7106,34.8499],[132.7108,34.8518]],[[132.7108,34.8518],[132.7108,34.8536]],[[132.7108,34.8536],[132.7106,34.8548]],[[132.7106,34.8548],[132.7101,34.8583]],[[132.7101,34.8583],[132.7072,34.8614]],[[132.7072,34.8614],[132.7066,34.862]],[[132.7066,34.862],[132.706,34.863]],[[132.706,34.863],[132.7058,34.8637]],[[132.7058,34.8637],[132.7054,34.8655]],[[132.7054,34.8655],[132.7052,34.8667]],[[132.7052,34.8667],[132.7047,34.8703]],[[132.7047,34.8703],[132.7044,34.8713]],[[132.7044,34.8713],[132.7026,34.8777]],[[132.7026,34.8777],[132.7019,34.8804]],[[132.7019,34.8804],[132.7008,34.8819]],[[132.7008,34.8819],[132.7007,34.882]],[[132.7007,34.882],[132.6942,34.8831]],[[132.6942,34.8831],[132.6929,34.883]],[[132.6929,34.883],[132.6895,34.8843]],[[132.6895,34.8843],[132.6882,34.8846]],[[132.6882,34.8846],[132.6843,34.8845]],[[132.6843,34.8845],[132.6799,34.8853],[132.679,34.8898]],[[132.679,34.8898],[132.6783,34.8911]],[[132.6783,34.8911],[132.6766,34.8937],[132.675,34.8938]],[[132.675,34.8938],[132.6741,34.8941],[132.6651,34.8899]],[[132.6651,34.8899],[132.6612,34.8906],[132.6594,34.8926]],[[132.6594,34.8926],[132.6571,34.8983]],[[132.6571,34.8983],[132.6547,34.8997]],[[132.6547,34.8997],[132.6542,34.8998]],[[132.6542,34.8998],[132.6497,34.9004]],[[132.6497,34.9004],[132.6491,34.9001]],[[132.6491,34.9001],[132.6487,34.8999]],[[132.6487,34.8999],[132.6452,34.8988]],[[132.6452,34.8988],[132.642,34.8991]],[[132.642,34.8991],[132.6407,34.899]],[[132.6407,34.899],[132.6389,34.8988]],[[132.6389,34.8988],[132.6359,34.8987],[132.634,34.9],[132.634,34.9047]],[[132.634,34.9047],[132.6335,34.9068]],[[132.6335,34.9068],[132.6333,34.9089]],[[132.6333,34.9089],[132.6313,34.913]],[[132.6313,34.913],[132.6332,34.9199]],[[132.6332,34.9199],[132.6321,34.9225]],[[132.6321,34.9225],[132.6287,34.9269],[132.6285,34.9297],[132.6419,34.9359]],[[132.6419,34.9359],[132.6447,34.9397]],[[132.6447,34.9397],[132.644,34.9423]],[[132.644,34.9423],[132.6418,34.9468]],[[132.6418,34.9468],[132.6408,34.95]],[[132.6408,34.95],[132.6401,34.9525]],[[132.6401,34.9525],[132.6401,34.9556]],[[132.6401,34.9556],[132.6423,34.9602],[132.6403,34.9642]],[[132.6403,34.9642],[132.6414,34.9733],[132.6407,34.9758],[132.639,34.9766]],[[132.639,34.9766],[132.6359,34.9772],[132.6321,34.9799],[132.6283,34.9807]],[[132.6283,34.9807],[132.6224,34.9828]],[[132.6224,34.9828],[132.62,34.9843]],[[132.62,34.9843],[132.6139,34.9887]],[[132.6139,34.9887],[132.6123,34.9914],[132.6129,34.9945]],[[132.6129,34.9945],[132.6141,34.9964],[132.6153,35.0032]],[[132.6153,35.0032],[132.6162,35.0059],[132.6224,35.0095]],[[132.6224,35.0095],[132.6301,35.0131],[132.6322,35.0178]],[[132.6322,35.0178],[132.6314,35.0256]],[[132.6314,35.0256],[132.6295,35.0281],[132.6261,35.0369],[132.6224,35.0407]],[[132.6224,35.0407],[132.6203,35.0414],[132.6184,35.0407],[132.6158,35.0343]],[[132.6158,35.0343],[132.6141,35.033],[132.6112,35.0326],[132.6061,35.0347],[132.6013,35.0354]],[[132.6013,35.0354],[132.599,35.037],[132.5986,35.0403],[132.6002,35.045],[132.6046,35.0522]],[[132.6046,35.0522],[132.6037,35.0545],[132.5978,35.0569],[132.5977,35.0605]],[[132.5977,35.0605],[132.5981,35.0624]],[[132.5981,35.0624],[132.5991,35.0662]],[[132.5991,35.0662],[132.5992,35.0693]],[[132.5992,35.0693],[132.5963,35.0701],[132.5933,35.0684],[132.5904,35.0705]],[[132.5904,35.0705],[132.588,35.0716]],[[132.588,35.0716],[132.5853,35.0689],[132.5874,35.0581],[132.5865,35.0572],[132.5826,35.0568],[132.5818,35.0546]],[[132.5818,35.0546],[132.5826,35.0496],[132.5821,35.045],[132.5793,35.0421],[132.5744,35.0415],[132.5628,35.0445],[132.5589,35.0442],[132.5542,35.042]],[[132.5542,35.042],[132.5534,35.0406],[132.5541,35.0367]],[[132.5541,35.0367],[132.5535,35.0362]],[[132.5535,35.0362],[132.5488,35.034],[132.5425,35.0333],[132.5393,35.0304],[132.5385,35.0286],[132.5394,35.0274]],[[132.5394,35.0274],[132.5411,35.0243]],[[132.5411,35.0243],[132.5403,35.023]],[[132.5403,35.023],[132.5338,35.0184]],[[132.5338,35.0184],[132.5305,35.0153]],[[132.5305,35.0153],[132.5299,35.0147]],[[132.5299,35.0147],[132.5268,35.0112],[132.5228,35.0094]],[[132.5228,35.0094],[132.5143,35.0084],[132.508,35.0044]],[[132.508,35.0044],[132.507,35.0035]],[[132.507,35.0035],[132.5059,35.0003]],[[132.5059,35.0003],[132.5063,34.9977],[132.5056,34.9962],[132.4972,34.9982]],[[132.4972,34.9982],[132.4939,34.9969],[132.4921,34.9945]],[[132.4921,34.9945],[132.4915,34.9922]],[[132.4915,34.9922],[132.491,34.9874]],[[132.491,34.9874],[132.4909,34.9859]],[[132.4909,34.9859],[132.4869,34.9785]],[[132.4869,34.9785],[132.481,34.9753]],[[132.481,34.9753],[132.4737,34.9746],[132.4702,34.9695],[132.4683,34.9648]],[[132.4683,34.9648],[132.4658,34.9618],[132.4616,34.9595],[132.4583,34.9603],[132.4528,34.9646],[132.448,34.9656],[132.443,34.965],[132.4409,34.9623]],[[132.4409,34.9623],[132.4399,34.96]],[[132.4399,34.96],[132.4388,34.9575],[132.4339,34.9576]],[[132.4339,34.9576],[132.43,34.9604],[132.4262,34.9612]],[[132.4262,34.9612],[132.4233,34.9605],[132.4187,34.957]],[[132.4187,34.957],[132.4138,34.9513],[132.4102,34.9496]],[[132.4102,34.9496],[132.4056,34.9489],[132.4002,34.9503]],[[132.4002,34.9503],[132.3996,34.9505]],[[132.3996,34.9505],[132.3899,34.955],[132.3834,34.9557]],[[132.3834,34.9557],[132.3773,34.9545]],[[132.3773,34.9545],[132.3758,34.9544]],[[132.3758,34.9544],[132.3748,34.955]],[[132.3748,34.955],[132.3724,34.9557]],[[132.3724,34.9557],[132.3687,34.9548],[132.3658,34.9557],[132.3648,34.9572],[132.3646,34.9609],[132.3628,34.9623],[132.3584,34.9595],[132.3467,34.9581],[132.3416,34.9558],[132.3332,34.9632]],[[132.3332,34.9632],[132.3319,34.9643]],[[132.3319,34.9643],[132.327,34.9682]],[[132.327,34.9682],[132.3195,34.9662],[132.3179,34.9685]],[[132.3179,34.9685],[132.3182,34.972],[132.3121,34.9748]],[[132.3121,34.9748],[132.3065,34.9776]],[[132.3065,34.9776],[132.2967,34.9828],[132.2953,34.99],[132.2887,34.9977]],[[132.2887,34.9977],[132.2811,34.9989]],[[132.2811,34.9989],[132.2791,35.0031]],[[132.2791,35.0031],[132.2794,35.0062]],[[132.2794,35.0062],[132.2784,35.0074],[132.2764,35.0071],[132.2719,35.0028]],[[132.2719,35.0028],[132.2691,35.0022],[132.2633,35.0032]],[[132.2633,35.0032],[132.2563,35.004],[132.2539,35.0093],[132.2514,35.0105]],[[132.2514,35.0105],[132.2475,35.0079]],[[132.2475,35.0079],[132.2448,35.0043]],[[132.2448,35.0043],[132.2444,35.0032]],[[132.2444,35.0032],[132.2414,35.001],[132.2364,35.0032]],[[132.2364,35.0032],[132.2331,35.0059],[132.2313,35.0096]],[[132.2313,35.0096],[132.2286,35.0178]],[[132.2286,35.0178],[132.2285,35.0205],[132.2265,35.0236],[132.2284,35.0256],[132.2283,35.0278]]]}},{"type":"Feature","properties":{"t":"riviere","km":50,"nom":"桂川"},"geometry":{"type":"MultiLineString","coordinates":[[[135.7429,35.2658],[135.7472,35.2632],[135.7518,35.2618],[135.7527,35.2607],[135.7517,35.2593],[135.7524,35.258],[135.756,35.2569]],[[135.756,35.2569],[135.757,35.2535],[135.7599,35.2534],[135.7595,35.2524],[135.7615,35.2517],[135.7618,35.2506]],[[135.7618,35.2506],[135.7653,35.2496]],[[135.7653,35.2496],[135.7671,35.2487],[135.7659,35.2458],[135.7682,35.2447],[135.7665,35.243],[135.7682,35.2391]],[[135.7682,35.2391],[135.7687,35.2357]],[[135.7687,35.2357],[135.7695,35.2348]],[[135.7695,35.2348],[135.7741,35.2346],[135.7775,35.2367],[135.7781,35.2333]],[[135.7781,35.2333],[135.7795,35.2303]],[[135.7795,35.2303],[135.7815,35.2254],[135.7796,35.2251]],[[135.7796,35.2251],[135.7801,35.2232],[135.7818,35.222]],[[135.7818,35.222],[135.7816,35.2213],[135.7791,35.2213],[135.7805,35.2191],[135.7775,35.2189],[135.7788,35.2162],[135.7809,35.216],[135.7814,35.2149],[135.7808,35.2141],[135.7767,35.2142],[135.7769,35.2116]],[[135.7769,35.2116],[135.7747,35.2101],[135.7763,35.2094],[135.7758,35.2076]],[[135.7758,35.2076],[135.7749,35.2064]],[[135.7749,35.2064],[135.7734,35.2052]],[[135.7734,35.2052],[135.7711,35.2059],[135.7666,35.2045],[135.7655,35.2029],[135.7631,35.2029]],[[135.7631,35.2029],[135.762,35.2047],[135.7605,35.2025],[135.7583,35.2025],[135.7585,35.2064],[135.7544,35.2085],[135.7494,35.2073]],[[135.7494,35.2073],[135.7473,35.2039]],[[135.7473,35.2039],[135.744,35.2077],[135.7428,35.2077],[135.7426,35.2056],[135.7414,35.2053],[135.7412,35.2084],[135.7369,35.2102],[135.7345,35.208],[135.7335,35.2052],[135.7278,35.2034]],[[135.7278,35.2034],[135.7262,35.2018],[135.7242,35.2015],[135.7207,35.2058],[135.7178,35.2056],[135.7195,35.2087],[135.7175,35.2107],[135.7155,35.2108],[135.7144,35.2084],[135.7147,35.2039],[135.7172,35.1987]],[[135.7172,35.1987],[135.7153,35.1991],[135.7127,35.2026],[135.7116,35.2021]],[[135.7116,35.2021],[135.7102,35.199],[135.7108,35.1968],[135.7087,35.1947]],[[135.7087,35.1947],[135.7089,35.1927],[135.7037,35.1937]],[[135.7037,35.1937],[135.704,35.1969],[135.7018,35.1988],[135.7,35.1983],[135.6987,35.196]],[[135.6987,35.196],[135.6918,35.1966]],[[135.6918,35.1966],[135.6873,35.1954],[135.6815,35.1965],[135.6813,35.1947],[135.6839,35.1903],[135.6837,35.1887],[135.6728,35.1854]],[[135.6728,35.1854],[135.6702,35.1838]],[[135.6702,35.1838],[135.6681,35.1807]],[[135.6681,35.1807],[135.6669,35.179]],[[135.6669,35.179],[135.6628,35.1745]],[[135.6628,35.1745],[135.656,35.1727]],[[135.656,35.1727],[135.6531,35.1717]],[[135.6531,35.1717],[135.6511,35.1713]],[[135.6511,35.1713],[135.6491,35.1701]],[[135.6491,35.1701],[135.6421,35.1651]],[[135.6421,35.1651],[135.6409,35.1631],[135.637,35.161],[135.6366,35.1573]],[[135.6366,35.1573],[135.6364,35.1552],[135.6321,35.1539]],[[135.6321,35.1539],[135.6338,35.151]],[[135.6338,35.151],[135.6368,35.1459]],[[135.6368,35.1459],[135.6381,35.145],[135.636,35.1434],[135.6373,35.1425]],[[135.6373,35.1425],[135.6386,35.141],[135.6367,35.1396],[135.6314,35.1413],[135.6263,35.1411],[135.6229,35.1392],[135.6211,35.1403],[135.6205,35.1429],[135.6147,35.1421]],[[135.6147,35.1421],[135.6124,35.1424]],[[135.6124,35.1424],[135.6106,35.1417],[135.6102,35.1389]],[[135.6102,35.1389],[135.6086,35.1313],[135.604,35.1325],[135.603,35.1354]],[[135.603,35.1354],[135.603,35.1367]],[[135.603,35.1367],[135.6021,35.1385],[135.5971,35.1387]],[[135.5971,35.1387],[135.596,35.1382]],[[135.596,35.1382],[135.5929,35.1374],[135.5894,35.1397]],[[135.5894,35.1397],[135.5881,35.1422]],[[135.5881,35.1422],[135.5858,35.1438],[135.5809,35.1433],[135.5791,35.144]],[[135.5791,35.144],[135.5761,35.1455]],[[135.5761,35.1455],[135.5742,35.146]],[[135.5742,35.146],[135.5736,35.1461]],[[135.5736,35.1461],[135.571,35.1447]],[[135.571,35.1447],[135.5719,35.1437],[135.5737,35.1442],[135.5753,35.1436],[135.5743,35.1424],[135.5753,35.14],[135.5777,35.1392],[135.5748,35.1355],[135.5756,35.1344],[135.5752,35.1326],[135.5708,35.1312],[135.5699,35.1287],[135.5672,35.1274],[135.5647,35.1305],[135.5614,35.1325]],[[135.5614,35.1325],[135.5582,35.1338],[135.5603,35.1316],[135.5593,35.1307]],[[135.5593,35.1307],[135.5561,35.1313],[135.5556,35.1333]],[[135.5556,35.1333],[135.5553,35.135]],[[135.5553,35.135],[135.553,35.1357],[135.5506,35.1341]],[[135.5506,35.1341],[135.5479,35.1339]],[[135.5479,35.1339],[135.5463,35.1335]],[[135.5463,35.1335],[135.544,35.1322]],[[135.544,35.1322],[135.542,35.1324],[135.537,35.1438],[135.5322,35.1454]],[[135.5322,35.1454],[135.5264,35.1458]],[[135.5264,35.1458],[135.5253,35.1459]],[[135.5253,35.1459],[135.5201,35.1465]],[[135.5201,35.1465],[135.5191,35.1467]],[[135.5191,35.1467],[135.5172,35.1474]],[[135.5172,35.1474],[135.517,35.1474]],[[135.517,35.1474],[135.5167,35.1479]],[[135.5167,35.1479],[135.5163,35.1512],[135.5172,35.1532],[135.5164,35.1537]],[[135.5164,35.1537],[135.5138,35.1541]],[[135.5138,35.1541],[135.5134,35.1541]],[[135.5134,35.1541],[135.507,35.1532],[135.5057,35.1509]],[[135.5057,35.1509],[135.5053,35.1484],[135.5081,35.1445],[135.5076,35.1433],[135.5014,35.1425],[135.5011,35.1464]],[[135.5011,35.1464],[135.4989,35.1472],[135.4963,35.1465],[135.4975,35.1426],[135.4935,35.1386],[135.4941,35.1375]],[[135.4941,35.1375],[135.4982,35.1337]],[[135.4941,35.1375],[135.4985,35.1353],[135.4981,35.1335]],[[135.4981,35.1335],[135.4959,35.1306]],[[135.4959,35.1306],[135.4948,35.1279],[135.4969,35.1265]],[[135.4959,35.1306],[135.4963,35.1269]],[[135.4969,35.1265],[135.5038,35.1248],[135.5059,35.1221]],[[135.5059,35.1221],[135.5069,35.1169]],[[135.5069,35.1169],[135.508,35.1152]],[[135.508,35.1152],[135.5101,35.1161],[135.5116,35.1189],[135.5139,35.1186],[135.5167,35.1165],[135.5168,35.1114]],[[135.5168,35.1114],[135.5169,35.105],[135.5137,35.0982],[135.5123,35.0971]],[[135.5123,35.0971],[135.51,35.0944],[135.5101,35.0924]],[[135.5101,35.0924],[135.5149,35.0871]],[[135.5149,35.0871],[135.519,35.0839],[135.5209,35.0812],[135.5239,35.0798]],[[135.5239,35.0798],[135.5287,35.0794]],[[135.5287,35.0794],[135.5313,35.0781],[135.537,35.071]],[[135.537,35.071],[135.54,35.0665]],[[135.54,35.0665],[135.5426,35.0652]],[[135.5426,35.0652],[135.5464,35.0625]],[[135.5464,35.0625],[135.5501,35.0602],[135.5506,35.0584]],[[135.5506,35.0584],[135.5496,35.0518],[135.5569,35.0433],[135.5591,35.0386]],[[135.5591,35.0386],[135.5682,35.0293],[135.5697,35.0266]],[[135.5697,35.0266],[135.5758,35.0244]],[[135.5758,35.0244],[135.584,35.0238],[135.5862,35.0223],[135.5859,35.0207]],[[135.5859,35.0207],[135.5864,35.0191]],[[135.5864,35.0191],[135.589,35.0169],[135.5931,35.0172]],[[135.5931,35.0172],[135.598,35.0198],[135.6017,35.0166]],[[135.6017,35.0166],[135.6027,35.0156],[135.6066,35.0152]],[[135.6066,35.0152],[135.6073,35.0151]],[[135.6073,35.0151],[135.6146,35.0224],[135.6204,35.0239],[135.6241,35.0181],[135.6258,35.0182],[135.6271,35.0243],[135.6288,35.025],[135.6312,35.0245],[135.6313,35.0211],[135.63,35.0178],[135.6325,35.0174],[135.6363,35.0191]],[[135.6363,35.0191],[135.6388,35.02],[135.64,35.0236]],[[135.64,35.0236],[135.6441,35.0249],[135.6509,35.0306]],[[135.6509,35.0306],[135.6532,35.0296],[135.6535,35.0262],[135.6553,35.0248],[135.6558,35.0218],[135.6578,35.0183],[135.6666,35.0167],[135.6714,35.0132]],[[135.6714,35.0132],[135.6804,35.0131]],[[135.6804,35.0131],[135.682,35.0132]],[[135.682,35.0132],[135.6848,35.0127],[135.6883,35.0094],[135.6893,35.0073],[135.6898,35.0001],[135.6939,34.9975]],[[135.6939,34.9975],[135.7014,34.9991]],[[135.7014,34.9991],[135.7055,34.9988]],[[135.7055,34.9988],[135.709,34.9962],[135.7101,34.9885],[135.7151,34.9793],[135.7213,34.9738],[135.7223,34.9713],[135.722,34.9686]],[[135.722,34.9686],[135.7219,34.9657]],[[135.7219,34.9657],[135.7241,34.9609],[135.7299,34.956],[135.7335,34.9501]],[[135.7335,34.9501],[135.7354,34.9471]],[[135.7354,34.9471],[135.7383,34.9371],[135.7372,34.9329],[135.7355,34.931]],[[135.7355,34.931],[135.724,34.9189]],[[135.724,34.9189],[135.7208,34.9136]],[[135.7208,34.9136],[135.7187,34.9125]],[[135.7187,34.9125],[135.7169,34.9111]],[[135.7169,34.9111],[135.7168,34.9089]],[[135.7168,34.9089],[135.7151,34.9058],[135.7091,34.9041]],[[135.7091,34.9041],[135.7077,34.9023]],[[135.7077,34.9023],[135.7076,34.9021]],[[135.7076,34.9021],[135.7037,34.8994]],[[135.7037,34.8994],[135.7002,34.897]],[[135.7002,34.897],[135.6957,34.8938],[135.6871,34.8922]],[[135.6871,34.8922],[135.6838,34.8909],[135.6815,34.8885]],[[135.6815,34.8885],[135.6813,34.8881]],[[135.6813,34.8881],[135.6792,34.8848]],[[135.6792,34.8848],[135.6775,34.88],[135.6781,34.8787]]]}},{"type":"Feature","properties":{"t":"riviere","km":67,"nom":"渡良瀬川"},"geometry":{"type":"MultiLineString","coordinates":[[[139.565,36.2671],[139.5701,36.2681],[139.5771,36.2666],[139.5842,36.2693],[139.5871,36.2684],[139.6084,36.2681],[139.6123,36.2695],[139.6149,36.2731],[139.6195,36.2743],[139.6253,36.2714],[139.6331,36.2707],[139.6358,36.2659],[139.6378,36.2647],[139.6506,36.2645],[139.6595,36.2621],[139.6615,36.263],[139.6623,36.2648],[139.6648,36.2652],[139.6725,36.2598],[139.6736,36.2569],[139.6712,36.253],[139.6711,36.2511],[139.6802,36.2444],[139.6856,36.236],[139.687,36.2316],[139.6983,36.2203],[139.6975,36.2139],[139.6932,36.2104],[139.6875,36.1983],[139.6882,36.1956],[139.6941,36.1904],[139.6919,36.1834],[139.6909,36.1753]],[[139.6909,36.1753],[139.6914,36.1714]],[[139.6914,36.1714],[139.6943,36.1654],[139.6954,36.1585],[139.6987,36.1516]],[[139.6987,36.1516],[139.6988,36.1513]],[[139.5205,36.2925],[139.5272,36.2894],[139.5302,36.2853],[139.5521,36.276],[139.5602,36.2679],[139.5649,36.2671]],[[139.4951,36.3064],[139.4964,36.304],[139.4992,36.3022],[139.5055,36.3026],[139.5091,36.3018],[139.5105,36.2995],[139.5105,36.2969],[139.5121,36.2952],[139.5205,36.2925]],[[139.4403,36.3338],[139.4436,36.3343],[139.4478,36.3328],[139.4551,36.3274],[139.4575,36.3249],[139.4591,36.3197],[139.4637,36.3199],[139.4795,36.3128],[139.4865,36.3113],[139.4951,36.3064]],[[139.4307,36.332],[139.4339,36.3313],[139.4403,36.3338]],[[139.4,36.3453],[139.4051,36.3419],[139.4164,36.3374],[139.4237,36.3355],[139.4307,36.332]],[[139.3843,36.3583],[139.3879,36.356],[139.3963,36.3473],[139.4,36.3453]],[[139.3709,36.3664],[139.3751,36.3629],[139.3843,36.3583]],[[139.3692,36.3675],[139.3709,36.3664]],[[139.3524,36.3801],[139.361,36.375],[139.3652,36.3687],[139.3692,36.3675]],[[139.3182,36.4143],[139.322,36.4085],[139.3229,36.4035],[139.3417,36.3902],[139.346,36.3849],[139.3524,36.3801]],[[139.3163,36.4154],[139.3182,36.4143]],[[139.3117,36.4213],[139.3134,36.4165],[139.3163,36.4154]],[[139.3073,36.4249],[139.3117,36.4213]],[[139.2923,36.4313],[139.2988,36.4302],[139.302,36.4273],[139.3073,36.4249]],[[139.2831,36.4493],[139.2804,36.4464],[139.2812,36.4406],[139.2798,36.4395]],[[139.2786,36.4509],[139.2831,36.4493]],[[139.2594,36.4652],[139.2608,36.4618],[139.2659,36.4614],[139.2675,36.4604],[139.2651,36.4584],[139.2666,36.4552],[139.2687,36.4548],[139.269,36.4535],[139.2728,36.4516],[139.2786,36.4509]],[[139.258,36.4796],[139.2579,36.4778],[139.2604,36.4743],[139.2594,36.4724],[139.2594,36.4652]],[[139.2641,36.4848],[139.258,36.4796]],[[139.2677,36.4893],[139.2652,36.4873],[139.2641,36.4848]],[[139.2703,36.4902],[139.2677,36.4893]],[[139.2773,36.4951],[139.2752,36.4906],[139.2703,36.4902]],[[139.2762,36.4979],[139.2759,36.4965],[139.2773,36.4951]],[[139.2969,36.5068],[139.2902,36.5002],[139.2846,36.4987],[139.2835,36.5004],[139.2823,36.5004],[139.2762,36.4979]],[[139.3058,36.5133],[139.2978,36.5105],[139.2969,36.5068]],[[139.3075,36.5143],[139.3058,36.5133]],[[139.3127,36.5217],[139.3075,36.5143]],[[139.3188,36.5245],[139.3178,36.5229],[139.3127,36.5217]],[[139.3268,36.5298],[139.3221,36.5287],[139.3188,36.5245]],[[139.3367,36.5342],[139.3342,36.5335],[139.3319,36.5311],[139.3268,36.5298]],[[139.3394,36.535],[139.3367,36.5342]],[[139.3433,36.5382],[139.3409,36.5372],[139.3394,36.535]],[[139.3437,36.538],[139.3433,36.5382]],[[139.3459,36.5385],[139.3437,36.538]],[[139.3488,36.5356],[139.3478,36.5376],[139.3459,36.5385]],[[139.3543,36.5362],[139.3523,36.5348],[139.3488,36.5356]],[[139.3641,36.5382],[139.3543,36.5362]],[[139.3699,36.5397],[139.3641,36.5382]],[[139.3723,36.5415],[139.3699,36.5397]],[[139.3724,36.5424],[139.3723,36.5415]],[[139.3774,36.5539],[139.3759,36.5521],[139.3756,36.5467],[139.3729,36.5443],[139.3724,36.5424]],[[139.3778,36.5546],[139.3774,36.5539]],[[139.3799,36.5654],[139.3782,36.5611],[139.3778,36.5546]],[[139.3808,36.5701],[139.3814,36.5674],[139.3799,36.5654]],[[139.3875,36.5753],[139.3871,36.5742],[139.381,36.572],[139.3808,36.5701]],[[139.3947,36.5792],[139.3932,36.5777],[139.3894,36.5774],[139.3875,36.5753]],[[139.3992,36.5857],[139.3947,36.5792]],[[139.4055,36.5953],[139.4053,36.593],[139.4017,36.593],[139.401,36.5909],[139.4023,36.589],[139.3992,36.5857]],[[139.4064,36.6048],[139.4055,36.5953]],[[139.4031,36.6084],[139.4055,36.6072],[139.4064,36.6048]],[[139.4031,36.6088],[139.4031,36.6084]],[[139.4106,36.615],[139.4066,36.6107],[139.4031,36.6088]],[[139.4115,36.6153],[139.4106,36.615]],[[139.4169,36.6163],[139.4115,36.6153]],[[139.4269,36.622],[139.424,36.6192],[139.4169,36.6163]],[[139.4345,36.6313],[139.432,36.6277],[139.43,36.6271],[139.4294,36.6242],[139.4269,36.622]],[[139.4433,36.6352],[139.44,36.6323],[139.4345,36.6313]],[[139.4442,36.636],[139.4433,36.6352]],[[139.4481,36.64],[139.4442,36.6385],[139.4442,36.636]],[[139.45,36.6442],[139.4518,36.6423],[139.4481,36.64]],[[139.2785,36.439],[139.2825,36.4318],[139.285,36.4295],[139.287,36.4292],[139.2923,36.4313]],[[139.2785,36.439],[139.2825,36.4318],[139.285,36.4295],[139.287,36.4292],[139.2923,36.4313]]]}},{"type":"Feature","properties":{"t":"riviere","km":99,"nom":"大井川"},"geometry":{"type":"MultiLineString","coordinates":[[[138.2585,34.7929],[138.2617,34.7918],[138.2619,34.7904],[138.2651,34.7873],[138.2781,34.777],[138.2818,34.776],[138.2862,34.7731],[138.2935,34.765]],[[138.2244,34.8221],[138.2332,34.8171],[138.2357,34.8132],[138.241,34.8085],[138.246,34.8067],[138.2478,34.802],[138.2505,34.799],[138.2552,34.7974],[138.2585,34.7929]],[[138.2108,34.8236],[138.2188,34.8235],[138.2244,34.8221]],[[138.1996,34.8241],[138.2108,34.8236]],[[138.155,34.8198],[138.1564,34.8201],[138.1608,34.8186],[138.1624,34.8168],[138.1704,34.8147],[138.1809,34.8187],[138.1854,34.8179],[138.1887,34.8192],[138.1906,34.8212],[138.1972,34.8224],[138.1996,34.8241]],[[138.1423,34.8309],[138.1453,34.8258],[138.1521,34.8208],[138.155,34.8198]],[[138.1305,34.8589],[138.1365,34.8542],[138.1383,34.8503],[138.1411,34.8474],[138.1423,34.8309]],[[138.1299,34.8588],[138.1305,34.8589]],[[138.1031,34.8728],[138.1059,34.8703],[138.1096,34.8704],[138.1148,34.8639],[138.1192,34.8618],[138.1249,34.8616],[138.1299,34.8588]],[[138.1024,34.8782],[138.1031,34.8728]],[[138.1084,34.8843],[138.1029,34.882],[138.1024,34.8782]],[[138.1124,34.8851],[138.1084,34.8843]],[[138.114,34.89],[138.1138,34.8866],[138.1124,34.8851]],[[138.1147,34.8927],[138.114,34.89]],[[138.1118,34.8977],[138.1137,34.8961],[138.1147,34.8927]],[[138.1092,34.8984],[138.1118,34.8977]],[[138.0913,34.8977],[138.093,34.892],[138.1,34.8909],[138.1043,34.8926],[138.1057,34.8942],[138.1054,34.8964],[138.1076,34.8983],[138.1092,34.8984]],[[138.0949,34.901],[138.0913,34.8977]],[[138.0961,34.9163],[138.0991,34.9142],[138.0993,34.9074],[138.0971,34.9024],[138.0949,34.901]],[[138.0939,34.9173],[138.0961,34.9163]],[[138.0931,34.9168],[138.0939,34.9173]],[[138.0862,34.9183],[138.0899,34.9165],[138.0931,34.9168]],[[138.0813,34.9265],[138.0826,34.9216],[138.0862,34.9183]],[[138.0799,34.9297],[138.0813,34.9265]],[[138.0798,34.9337],[138.0799,34.9297]],[[138.0811,34.9375],[138.0798,34.9337]],[[138.0845,34.9475],[138.0811,34.9437],[138.0811,34.9375]],[[138.0904,34.9508],[138.0845,34.9475]],[[138.0839,34.9612],[138.0914,34.955],[138.0917,34.9537],[138.0904,34.9508]],[[138.0778,34.9703],[138.0825,34.9721],[138.086,34.9717],[138.087,34.9707],[138.0869,34.9697],[138.0851,34.969],[138.0777,34.9686],[138.0786,34.9659],[138.0819,34.9649],[138.0839,34.9612]],[[138.087,34.9794],[138.0888,34.9775],[138.0888,34.9759],[138.0835,34.9729],[138.0778,34.9742],[138.077,34.9716],[138.0778,34.9703]],[[138.0738,34.9842],[138.0727,34.9817],[138.0742,34.9804],[138.0786,34.9798],[138.0834,34.981],[138.087,34.9794]],[[138.0737,34.9911],[138.078,34.9882],[138.0763,34.9855],[138.0738,34.9842]],[[138.0846,35.0046],[138.0852,35.0033],[138.0882,35.0017],[138.089,34.9989],[138.0888,34.9922],[138.0879,34.991],[138.085,34.9894],[138.0818,34.9896],[138.0798,34.9916],[138.0803,34.9933],[138.079,34.9969],[138.0756,35.0008],[138.0719,35.0005],[138.0694,34.9964],[138.0737,34.9911]],[[138.0897,35.0068],[138.0846,35.0046]],[[138.089,35.018],[138.0928,35.0109],[138.0918,35.0083],[138.0897,35.0068]],[[138.0859,35.0235],[138.0851,35.0201],[138.089,35.018]],[[138.0853,35.0332],[138.0895,35.0299],[138.0906,35.0271],[138.0859,35.0235]],[[138.0839,35.0366],[138.0853,35.0332]],[[138.0842,35.0378],[138.0839,35.0366]],[[138.0843,35.038],[138.0842,35.0378]],[[138.0889,35.0471],[138.0843,35.038]],[[138.0943,35.052],[138.0943,35.0501],[138.0889,35.0471]],[[138.092,35.0586],[138.09,35.0575],[138.09,35.0558],[138.0927,35.0545],[138.0943,35.052]],[[138.1104,35.0701],[138.1102,35.068],[138.1036,35.0635],[138.0993,35.059],[138.0974,35.0582],[138.092,35.0586]],[[138.1019,35.0761],[138.1038,35.0731],[138.1104,35.0701]],[[138.1065,35.0898],[138.1099,35.0842],[138.1074,35.0789],[138.1019,35.0761]],[[138.1113,35.095],[138.1071,35.0944],[138.1058,35.0932],[138.1056,35.0906],[138.1065,35.0898]],[[138.1288,35.091],[138.1266,35.0884],[138.123,35.0873],[138.1218,35.0912],[138.1185,35.0924],[138.1138,35.0898],[138.1116,35.0919],[138.1113,35.095]],[[138.1289,35.0956],[138.13,35.094],[138.1288,35.091]],[[138.1232,35.0987],[138.1245,35.0972],[138.1289,35.0956]],[[138.1204,35.1011],[138.1232,35.0987]],[[138.1224,35.1097],[138.121,35.1082],[138.1204,35.1011]],[[138.1351,35.1022],[138.1323,35.1035],[138.1251,35.1039],[138.1274,35.1065],[138.1274,35.1085],[138.1253,35.1102],[138.1224,35.1097]],[[138.1369,35.1028],[138.1351,35.1022]],[[138.1402,35.1105],[138.14,35.1078],[138.1369,35.1028]],[[138.1405,35.1117],[138.1402,35.1105]],[[138.143,35.1173],[138.1428,35.1147],[138.1405,35.1117]],[[138.137,35.133],[138.1386,35.1283],[138.1367,35.1247],[138.1369,35.1229],[138.1376,35.1219],[138.1396,35.1224],[138.1402,35.1208],[138.1385,35.1184],[138.143,35.1173]],[[138.1572,35.1322],[138.1526,35.1317],[138.1477,35.1355],[138.1437,35.1339],[138.147,35.1388],[138.1473,35.1409],[138.1458,35.1415],[138.143,35.1399],[138.141,35.1399],[138.1398,35.1411],[138.1401,35.1438],[138.1394,35.1441],[138.1369,35.1432],[138.1354,35.1415],[138.1362,35.1389],[138.1402,35.1378],[138.1393,35.1352],[138.137,35.133]],[[138.1545,35.1395],[138.1562,35.1385],[138.1558,35.1361],[138.1583,35.1345],[138.1572,35.1322]],[[138.1424,35.1645],[138.1427,35.1637],[138.1462,35.1631],[138.1468,35.1617],[138.1462,35.1604],[138.1435,35.1588],[138.1452,35.1573],[138.1448,35.1546],[138.1458,35.1536],[138.1494,35.1535],[138.1484,35.1492],[138.146,35.1472],[138.1486,35.1455],[138.1476,35.1418],[138.1501,35.1413],[138.1525,35.1389],[138.1545,35.1395]],[[138.1545,35.1671],[138.1532,35.1681],[138.1514,35.1669],[138.1502,35.1672],[138.1454,35.1709],[138.1441,35.1697],[138.1443,35.1656],[138.1424,35.1645]],[[138.1557,35.1664],[138.1545,35.1671]],[[138.1805,35.1918],[138.1803,35.1902],[138.1777,35.188],[138.1771,35.1863],[138.1798,35.1847],[138.1833,35.1845],[138.1876,35.1801],[138.1897,35.1756],[138.1898,35.1735],[138.1845,35.172],[138.1853,35.1682],[138.1888,35.166],[138.1877,35.1639],[138.1863,35.1636],[138.1854,35.165],[138.1831,35.1655],[138.1825,35.1685],[138.1807,35.1692],[138.1786,35.1669],[138.1798,35.1646],[138.1767,35.1622],[138.1792,35.16],[138.1789,35.1591],[138.1754,35.1588],[138.1737,35.1607],[138.17,35.1589],[138.1684,35.1613],[138.1686,35.1627],[138.1647,35.1614],[138.1646,35.1635],[138.1638,35.1636],[138.161,35.162],[138.1604,35.1643],[138.1557,35.1664]],[[138.1805,35.1922],[138.1805,35.1918]],[[138.1822,35.196],[138.1805,35.1922]],[[138.1944,35.1877],[138.1929,35.1869],[138.1925,35.1905],[138.1894,35.192],[138.1899,35.1963],[138.1877,35.1962],[138.1862,35.1937],[138.1841,35.1925],[138.183,35.196],[138.1822,35.196]],[[138.2031,35.1977],[138.1981,35.1961],[138.2019,35.1934],[138.2012,35.1919],[138.1975,35.1935],[138.197,35.191],[138.1998,35.1911],[138.1999,35.1894],[138.1991,35.1888],[138.1957,35.1896],[138.1944,35.1877]],[[138.2209,35.2099],[138.2185,35.2079],[138.2172,35.2116],[138.2151,35.2122],[138.2144,35.2097],[138.212,35.2087],[138.2125,35.2062],[138.2079,35.2088],[138.2083,35.2049],[138.211,35.2039],[138.211,35.2008],[138.2098,35.2006],[138.2063,35.2034],[138.204,35.2033],[138.2033,35.2022],[138.2057,35.2012],[138.2058,35.1989],[138.2031,35.1977]],[[138.2222,35.2105],[138.2209,35.2099]],[[138.2228,35.2105],[138.2222,35.2105]],[[138.2284,35.2098],[138.2252,35.2095],[138.2228,35.2105]],[[138.2337,35.2117],[138.2284,35.2098]],[[138.2369,35.2122],[138.2337,35.2117]],[[138.2408,35.2139],[138.2369,35.2122]],[[138.2466,35.2211],[138.2457,35.2193],[138.2426,35.2174],[138.2408,35.2139]],[[138.2473,35.2229],[138.2466,35.2211]],[[138.2492,35.2272],[138.2478,35.2259],[138.2473,35.2229]],[[138.2549,35.2318],[138.2492,35.2272]],[[138.2543,35.2366],[138.2554,35.2339],[138.2549,35.2318]],[[138.2479,35.2433],[138.2485,35.2411],[138.2543,35.2366]],[[138.2452,35.2469],[138.2479,35.2433]],[[138.2441,35.2507],[138.2441,35.2481],[138.2452,35.2469]],[[138.2358,35.2574],[138.2368,35.2566],[138.2397,35.2582],[138.243,35.257],[138.2441,35.2507]],[[138.236,35.2635],[138.2358,35.2574]],[[138.2274,35.2656],[138.228,35.2638],[138.2312,35.2652],[138.236,35.2635]],[[138.2216,35.2739],[138.2239,35.2729],[138.2243,35.2709],[138.2256,35.2707],[138.2267,35.2724],[138.2259,35.2753],[138.2268,35.276],[138.23,35.273],[138.2327,35.2723],[138.232,35.2699],[138.2273,35.2705],[138.2274,35.2656]],[[138.2189,35.2892],[138.2202,35.2885],[138.2202,35.2866],[138.2262,35.2839],[138.2227,35.2821],[138.2208,35.2829],[138.2211,35.2797],[138.2231,35.2785],[138.2238,35.2763],[138.2201,35.2758],[138.2216,35.2739]],[[138.2233,35.2956],[138.2237,35.2942],[138.2204,35.2933],[138.2219,35.2923],[138.2243,35.2924],[138.2236,35.2898],[138.2215,35.2897],[138.2195,35.2908],[138.2189,35.2892]],[[138.218,35.3027],[138.2188,35.3018],[138.2173,35.2988],[138.2178,35.2965],[138.2197,35.2962],[138.2206,35.297],[138.2233,35.2956]],[[138.2094,35.3042],[138.2103,35.305],[138.2088,35.3085],[138.2094,35.3093],[138.2116,35.3074],[138.2129,35.3078],[138.2147,35.3068],[138.218,35.3027]],[[138.1832,35.3215],[138.1848,35.3208],[138.1848,35.3175],[138.1874,35.3176],[138.1881,35.3153],[138.1906,35.3155],[138.1898,35.3115],[138.194,35.3102],[138.1941,35.3079],[138.1999,35.311],[138.2053,35.3065],[138.2057,35.3038],[138.2082,35.305],[138.2094,35.3042]],[[138.1831,35.3216],[138.1832,35.3215]],[[138.1884,35.359],[138.1851,35.3535],[138.1856,35.3512],[138.1832,35.3485],[138.1833,35.3463],[138.1793,35.3447],[138.1749,35.3368],[138.1751,35.3317],[138.1774,35.3291],[138.176,35.3258],[138.1769,35.3241],[138.1803,35.3237],[138.1831,35.3216]],[[138.1904,35.3625],[138.1884,35.359]],[[138.1915,35.3642],[138.1904,35.3625]],[[138.1913,35.3654],[138.1915,35.3642]],[[138.1976,35.3687],[138.1984,35.367],[138.1978,35.3664],[138.1927,35.367],[138.1913,35.3654]],[[138.2037,35.374],[138.2041,35.3696],[138.1988,35.3703],[138.1974,35.3698],[138.1976,35.3687]],[[138.2044,35.3749],[138.2037,35.374]],[[138.2046,35.3751],[138.2044,35.3749]],[[138.2062,35.3766],[138.2046,35.3751]],[[138.208,35.3795],[138.2062,35.3782],[138.2062,35.3766]],[[138.2093,35.3855],[138.2084,35.3841],[138.208,35.3795]],[[138.2103,35.3878],[138.2093,35.3855]],[[138.209,35.3951],[138.212,35.3935],[138.2107,35.3921],[138.2116,35.3906],[138.2103,35.3878]],[[138.209,35.3966],[138.209,35.3951]],[[138.2054,35.4097],[138.207,35.4088],[138.2048,35.4058],[138.2079,35.4053],[138.2067,35.4021],[138.2073,35.4004],[138.2102,35.3995],[138.209,35.3966]],[[138.2067,35.4116],[138.2052,35.4107],[138.2054,35.4097]],[[138.2068,35.4135],[138.2053,35.4128],[138.2067,35.4116]],[[138.2074,35.4147],[138.2068,35.4135]],[[138.2078,35.4162],[138.2074,35.4147]],[[138.2093,35.4158],[138.2078,35.4162]],[[138.2148,35.4212],[138.2139,35.4189],[138.2149,35.4172],[138.214,35.416],[138.2093,35.4158]],[[138.2067,35.437],[138.2078,35.433],[138.2109,35.43],[138.2119,35.4247],[138.214,35.4243],[138.2136,35.4226],[138.2148,35.4212]],[[138.2087,35.4374],[138.2067,35.437]],[[138.2197,35.4515],[138.2184,35.4497],[138.2189,35.4467],[138.2165,35.4462],[138.2193,35.442],[138.2172,35.4377],[138.2149,35.4365],[138.2087,35.4374]],[[138.2236,35.4694],[138.2234,35.4674],[138.2206,35.4645],[138.2187,35.464],[138.2209,35.4613],[138.2217,35.4584],[138.2213,35.4536],[138.2197,35.4515]],[[138.2302,35.4736],[138.2285,35.4704],[138.2262,35.4693],[138.2239,35.4701],[138.2236,35.4694]],[[138.2311,35.4766],[138.2302,35.4736]],[[138.2361,35.4802],[138.2325,35.4793],[138.2311,35.4766]],[[138.2371,35.4808],[138.2361,35.4802]],[[138.2402,35.4841],[138.2379,35.4837],[138.2371,35.4808]],[[138.2416,35.4883],[138.2402,35.4841]],[[138.2417,35.489],[138.2416,35.4883]],[[138.2446,35.4983],[138.2445,35.4956],[138.2417,35.4941],[138.243,35.4929],[138.2417,35.489]],[[138.2437,35.4994],[138.2446,35.4983]],[[138.2431,35.5017],[138.2437,35.4994]],[[138.2444,35.5186],[138.2443,35.5168],[138.2478,35.5128],[138.2443,35.5097],[138.2441,35.5065],[138.2453,35.5057],[138.2453,35.5042],[138.2431,35.5017]],[[138.2359,35.5522],[138.2393,35.5503],[138.2493,35.5492],[138.2551,35.545],[138.2486,35.5377],[138.2498,35.5345],[138.2483,35.5328],[138.2496,35.5316],[138.2502,35.5289],[138.2482,35.5262],[138.2497,35.5234],[138.2459,35.523],[138.2444,35.5186]],[[138.2333,35.5565],[138.2342,35.5533],[138.2359,35.5522]],[[138.2319,35.5618],[138.2333,35.5565]],[[138.2267,35.5684],[138.2299,35.5653],[138.2319,35.5618]],[[138.2265,35.5715],[138.2267,35.5684]],[[138.2252,35.5726],[138.2265,35.5715]],[[138.2135,35.5856],[138.2168,35.5838],[138.2186,35.5799],[138.2218,35.5783],[138.2252,35.5726]],[[138.2137,35.5874],[138.2135,35.5856]],[[138.2146,35.5882],[138.2137,35.5874]],[[138.2117,35.5948],[138.2147,35.5913],[138.2146,35.5882]],[[138.212,35.5958],[138.2117,35.5948]],[[138.221,35.6061],[138.2189,35.6019],[138.2197,35.6002],[138.2177,35.5979],[138.212,35.5958]],[[138.217,35.6128],[138.221,35.6061]],[[138.2107,35.6196],[138.2107,35.6186],[138.213,35.6174],[138.217,35.6128]],[[138.2118,35.6251],[138.2117,35.6222],[138.2126,35.6214],[138.2107,35.6196]],[[138.2196,35.6334],[138.2161,35.63],[138.2161,35.6273],[138.2118,35.6251]]]}},{"type":"Feature","properties":{"t":"riviere","km":68,"nom":"宮川"},"geometry":{"type":"MultiLineString","coordinates":[[[136.694,34.5131],[136.7061,34.5181],[136.7123,34.5243],[136.7258,34.527],[136.7326,34.5354]],[[136.6798,34.4794],[136.6839,34.4813],[136.6846,34.4827],[136.6832,34.4998],[136.6873,34.5065],[136.694,34.5131]],[[136.6767,34.4781],[136.6798,34.4794]],[[136.668,34.4733],[136.6767,34.4781]],[[136.6576,34.466],[136.668,34.4733]],[[136.6553,34.4639],[136.6576,34.466]],[[136.6485,34.4581],[136.6495,34.4601],[136.6553,34.4639]],[[136.6507,34.4493],[136.6525,34.451],[136.6485,34.4581]],[[136.6435,34.4443],[136.6444,34.4465],[136.6507,34.4493]],[[136.6433,34.4393],[136.6446,34.4422],[136.6435,34.4443]],[[136.64,34.4362],[136.6433,34.4393]],[[136.6254,34.4307],[136.6294,34.4296],[136.64,34.4362]],[[136.6131,34.4333],[136.6174,34.4329],[136.621,34.434],[136.6254,34.4307]],[[136.6084,34.4385],[136.6084,34.4356],[136.6109,34.4337],[136.6131,34.4333]],[[136.5986,34.4383],[136.6022,34.4399],[136.6084,34.4385]],[[136.5873,34.431],[136.5931,34.4312],[136.5941,34.4362],[136.5965,34.4381],[136.5986,34.4383]],[[136.5845,34.4283],[136.5873,34.431]],[[136.5838,34.4271],[136.5845,34.4283]],[[136.5827,34.4265],[136.5838,34.4271]],[[136.5768,34.4232],[136.5827,34.4265]],[[136.5753,34.423],[136.5768,34.4232]],[[136.5631,34.4347],[136.5672,34.4295],[136.5736,34.4254],[136.5753,34.423]],[[136.562,34.4471],[136.5608,34.4407],[136.5631,34.4347]],[[136.5608,34.4513],[136.5628,34.4486],[136.562,34.4471]],[[136.5563,34.4516],[136.5608,34.4513]],[[136.5526,34.4502],[136.5537,34.4514],[136.5563,34.4516]],[[136.5472,34.4431],[136.5511,34.4432],[136.5529,34.4442],[136.5534,34.4455],[136.552,34.4484],[136.5526,34.4502]],[[136.5302,34.4378],[136.5331,34.4388],[136.5476,34.4384],[136.5487,34.4401],[136.5472,34.4431]],[[136.5264,34.435],[136.5302,34.4378]],[[136.517,34.4296],[136.5217,34.4337],[136.5264,34.435]],[[136.511,34.4325],[136.517,34.4296]],[[136.4984,34.4349],[136.511,34.4325]],[[136.4947,34.4312],[136.4984,34.4349]],[[136.4938,34.4203],[136.4957,34.4214],[136.4941,34.4285],[136.4947,34.4312]],[[136.4858,34.4199],[136.4886,34.4215],[136.4938,34.4203]],[[136.4837,34.4188],[136.4858,34.4199]],[[136.4785,34.42],[136.4837,34.4188]],[[136.4772,34.4195],[136.4785,34.42]],[[136.4765,34.4181],[136.4772,34.4195]],[[136.4735,34.4155],[136.4765,34.4181]],[[136.4697,34.4124],[136.4735,34.4155]],[[136.4687,34.4098],[136.4697,34.4124]],[[136.4627,34.4039],[136.4687,34.4098]],[[136.452,34.3943],[136.456,34.3952],[136.4589,34.4013],[136.4627,34.4039]],[[136.4458,34.3825],[136.4474,34.3831],[136.4484,34.3857],[136.446,34.3931],[136.452,34.3943]],[[136.4366,34.385],[136.4395,34.3833],[136.4458,34.3825]],[[136.4316,34.3925],[136.4335,34.3909],[136.4339,34.3872],[136.4366,34.385]],[[136.4313,34.3938],[136.4316,34.3925]],[[136.4302,34.3974],[136.4321,34.3956],[136.4313,34.3938]],[[136.4242,34.3992],[136.4255,34.3997],[136.4302,34.3974]],[[136.4207,34.3979],[136.4242,34.3992]],[[136.4169,34.3954],[136.4207,34.3979]],[[136.4157,34.3943],[136.4169,34.3954]],[[136.4058,34.3906],[136.4121,34.3937],[136.4157,34.3943]],[[136.4049,34.3904],[136.4058,34.3906]],[[136.4014,34.389],[136.4035,34.389],[136.4049,34.3904]],[[136.4012,34.389],[136.4014,34.389]],[[136.4007,34.3891],[136.4012,34.389]],[[136.3996,34.3889],[136.4007,34.3891]],[[136.3948,34.3875],[136.3984,34.3876],[136.3996,34.3889]],[[136.3894,34.3878],[136.3948,34.3875]],[[136.3869,34.3875],[136.3894,34.3878]],[[136.3788,34.3884],[136.3814,34.3888],[136.3869,34.3875]],[[136.3774,34.3878],[136.3788,34.3884]],[[136.3719,34.385],[136.3745,34.3871],[136.3774,34.3878]],[[136.3713,34.3807],[136.3708,34.3833],[136.3719,34.385]],[[136.371,34.3786],[136.3713,34.3807]],[[136.3698,34.3774],[136.371,34.3786]],[[136.3697,34.3772],[136.3698,34.3774]],[[136.3662,34.3749],[136.3697,34.3772]],[[136.3652,34.3736],[136.3662,34.3749]],[[136.3629,34.3722],[136.3652,34.3736]],[[136.357,34.3657],[136.3626,34.3704],[136.3629,34.3722]],[[136.3555,34.3658],[136.357,34.3657]],[[136.3528,34.3669],[136.3555,34.3658]],[[136.3487,34.3669],[136.3528,34.3669]],[[136.346,34.3654],[136.3487,34.3669]],[[136.3421,34.3642],[136.346,34.3654]],[[136.3403,34.3634],[136.3421,34.3642]],[[136.3347,34.3604],[136.3403,34.3634]],[[136.3288,34.3607],[136.3347,34.3604]],[[136.3267,34.3606],[136.3288,34.3607]],[[136.3253,34.3615],[136.3267,34.3606]],[[136.3215,34.3638],[136.3253,34.3615]],[[136.3175,34.3657],[136.3215,34.3638]],[[136.3135,34.365],[136.3175,34.3657]],[[136.3097,34.3638],[136.3135,34.365]],[[136.3065,34.362],[136.3097,34.3638]],[[136.3045,34.3576],[136.3055,34.3615],[136.3065,34.362]],[[136.3015,34.3555],[136.3045,34.3576]],[[136.2994,34.3546],[136.3015,34.3555]],[[136.291,34.3479],[136.2979,34.3511],[136.298,34.3537],[136.2994,34.3546]],[[136.2874,34.3437],[136.291,34.3479]],[[136.286,34.3425],[136.2874,34.3437]],[[136.2839,34.3421],[136.286,34.3425]],[[136.2808,34.3412],[136.2839,34.3421]],[[136.2784,34.3398],[136.2808,34.3411]],[[136.2752,34.3353],[136.2775,34.3369],[136.2784,34.3398]],[[136.2712,34.3364],[136.2752,34.3353]],[[136.2672,34.3361],[136.2712,34.3364]],[[136.2658,34.3356],[136.2672,34.3361]],[[136.2601,34.3295],[136.263,34.3303],[136.2645,34.3346],[136.2658,34.3356]],[[136.2534,34.3319],[136.2601,34.3295]],[[136.2491,34.3316],[136.2534,34.3319]],[[136.2451,34.3302],[136.2491,34.3316]],[[136.2363,34.3277],[136.2382,34.3299],[136.2451,34.3302]],[[136.2418,34.3199],[136.2361,34.3228],[136.2353,34.3252],[136.2363,34.3277]],[[136.2413,34.3188],[136.2418,34.3199]],[[136.2411,34.3186],[136.2413,34.3188]],[[136.2372,34.3164],[136.2377,34.3174],[136.2411,34.3186]],[[136.2383,34.3138],[136.2389,34.3151],[136.2372,34.3164]],[[136.2336,34.3093],[136.2383,34.3138]],[[136.2331,34.3026],[136.2324,34.3058],[136.2336,34.3093]],[[136.2312,34.3005],[136.2331,34.3026]],[[136.23,34.3003],[136.2312,34.3005]],[[136.2251,34.3004],[136.23,34.3003]],[[136.2199,34.2988],[136.2251,34.3004]],[[136.2225,34.2948],[136.2199,34.2988]],[[136.2232,34.2875],[136.2268,34.2889],[136.2274,34.29],[136.2266,34.2918],[136.2225,34.2948]],[[136.2227,34.2849],[136.2232,34.2875]],[[136.221,34.2828],[136.2227,34.2849]],[[136.2194,34.2806],[136.221,34.2828]],[[136.218,34.2781],[136.2194,34.2806]],[[136.2156,34.2787],[136.218,34.2781]],[[136.2118,34.2791],[136.214,34.2798],[136.2156,34.2787]],[[136.2105,34.2791],[136.2118,34.2791]],[[136.208,34.279],[136.2105,34.2791]],[[136.2045,34.2813],[136.208,34.279]],[[136.2039,34.2832],[136.2045,34.2813]],[[136.2022,34.2854],[136.2039,34.2832]],[[136.2,34.2867],[136.2022,34.2854]],[[136.1979,34.2865],[136.2,34.2867]],[[136.196,34.2865],[136.1979,34.2865]],[[136.193,34.2861],[136.196,34.2865]],[[136.1928,34.2778],[136.193,34.2861]],[[136.1922,34.2777],[136.1928,34.2778]],[[136.1836,34.2753],[136.1922,34.2777]],[[136.1822,34.2725],[136.1836,34.2753]],[[136.1858,34.266],[136.1854,34.2703],[136.1822,34.2725]],[[136.1864,34.2638],[136.1858,34.266]],[[136.1863,34.263],[136.1864,34.2638]],[[136.1866,34.262],[136.1863,34.263]],[[136.1852,34.2581],[136.187,34.2607],[136.1866,34.262]],[[136.1917,34.2572],[136.1886,34.2586],[136.1852,34.2581]],[[136.1929,34.2512],[136.1929,34.252],[136.1902,34.2533],[136.1919,34.2555],[136.1917,34.2572]],[[136.1886,34.2476],[136.1896,34.2493],[136.1929,34.2512]],[[136.1883,34.2471],[136.1886,34.2476]],[[136.1826,34.2367],[136.1867,34.2395],[136.1866,34.2418],[136.1883,34.2471]],[[136.1825,34.2335],[136.1838,34.2347],[136.1826,34.2367]],[[136.176,34.2295],[136.1782,34.2318],[136.1805,34.2316],[136.1825,34.2335]],[[136.1752,34.2283],[136.176,34.2295]],[[136.1749,34.2266],[136.1752,34.2283]],[[136.181,34.2202],[136.1749,34.2266]],[[136.1767,34.2132],[136.177,34.2151],[136.179,34.2169],[136.1793,34.219],[136.181,34.2202]],[[136.1759,34.2125],[136.1767,34.2132]],[[136.163,34.2124],[136.1653,34.2136],[136.1759,34.2125]],[[136.1539,34.215],[136.1574,34.2151],[136.1593,34.2123],[136.163,34.2124]],[[136.151,34.2078],[136.1529,34.2093],[136.1512,34.2101],[136.1509,34.2135],[136.1539,34.215]],[[136.1493,34.207],[136.151,34.2078]],[[136.1491,34.2001],[136.1501,34.2043],[136.1493,34.207]],[[136.1479,34.1994],[136.1491,34.2001]],[[136.142,34.1985],[136.1437,34.1991],[136.1463,34.1984],[136.1479,34.1994]],[[136.1381,34.1794],[136.1392,34.1801],[136.139,34.1821],[136.1407,34.1852],[136.1406,34.1881],[136.1419,34.1896],[136.1407,34.1911],[136.1431,34.1968],[136.1432,34.198],[136.142,34.1985]],[[136.1349,34.1706],[136.1372,34.1726],[136.1409,34.1738],[136.1385,34.1772],[136.1381,34.1794]],[[136.1336,34.168],[136.1349,34.1706]]]}},{"type":"Feature","properties":{"t":"riviere","km":52,"nom":"櫛田川"},"geometry":{"type":"MultiLineString","coordinates":[[[136.5913,34.5789],[136.5841,34.5839],[136.578,34.5962],[136.5725,34.6035]],[[136.5927,34.5726],[136.5924,34.5773],[136.5913,34.5789]],[[136.5965,34.5597],[136.5928,34.5655],[136.5927,34.5726]],[[136.5875,34.5462],[136.5942,34.5489],[136.5983,34.5523],[136.5985,34.5541],[136.5965,34.5597]],[[136.5785,34.5316],[136.5833,34.5438],[136.5875,34.5462]],[[136.574,34.5232],[136.5785,34.5316]],[[136.5733,34.5228],[136.574,34.5232]],[[136.5665,34.5217],[136.5733,34.5228]],[[136.5659,34.5216],[136.5665,34.5217]],[[136.546,34.5087],[136.5484,34.512],[136.5547,34.5132],[136.5659,34.5216]],[[136.5347,34.5057],[136.5385,34.5054],[136.5446,34.5073],[136.546,34.5087]],[[136.5262,34.5045],[136.5347,34.5057]],[[136.5199,34.5055],[136.5262,34.5045]],[[136.5163,34.5052],[136.5176,34.5061],[136.5199,34.5055]],[[136.5107,34.5013],[136.5129,34.502],[136.5163,34.5052]],[[136.5044,34.4992],[136.5107,34.5013]],[[136.4974,34.5062],[136.4998,34.5004],[136.5044,34.4992]],[[136.4884,34.5043],[136.4911,34.5082],[136.4964,34.5088],[136.4974,34.5062]],[[136.4882,34.5031],[136.4884,34.5043]],[[136.4776,34.4987],[136.4795,34.5001],[136.4856,34.5007],[136.4882,34.5031]],[[136.4782,34.4968],[136.4776,34.4987]],[[136.4902,34.4888],[136.4936,34.4908],[136.4936,34.493],[136.4815,34.4941],[136.4782,34.4968]],[[136.4774,34.4785],[136.4756,34.4805],[136.476,34.4816],[136.4799,34.4837],[136.4834,34.4869],[136.4902,34.4888]],[[136.4634,34.4637],[136.4667,34.465],[136.4698,34.4625],[136.4771,34.4644],[136.4816,34.4729],[136.4774,34.4785]],[[136.4616,34.4677],[136.4615,34.4657],[136.4634,34.4637]],[[136.461,34.472],[136.4616,34.4677]],[[136.4576,34.4796],[136.461,34.472]],[[136.4575,34.4798],[136.4576,34.4796]],[[136.4563,34.4824],[136.4575,34.4798]],[[136.4538,34.4849],[136.4563,34.4824]],[[136.4526,34.4846],[136.4538,34.4849]],[[136.4418,34.478],[136.4454,34.4767],[136.4476,34.4768],[136.4526,34.4846]],[[136.4406,34.4785],[136.4418,34.478]],[[136.4332,34.4832],[136.4406,34.4785]],[[136.4311,34.4831],[136.4332,34.4832]],[[136.4291,34.4833],[136.4311,34.4831]],[[136.4284,34.4826],[136.4291,34.4833]],[[136.4283,34.4799],[136.4284,34.4826]],[[136.4152,34.4757],[136.4217,34.4765],[136.4272,34.4786],[136.4283,34.4799]],[[136.4141,34.4754],[136.4152,34.4757]],[[136.4123,34.475],[136.4141,34.4754]],[[136.4078,34.4734],[136.4123,34.475]],[[136.4052,34.472],[136.4078,34.4734]],[[136.4003,34.4708],[136.4052,34.472]],[[136.3958,34.4638],[136.3945,34.465],[136.3954,34.4668],[136.3977,34.4696],[136.4003,34.4708]],[[136.3976,34.4635],[136.3958,34.4638]],[[136.4005,34.4606],[136.4041,34.4607],[136.405,34.4615],[136.4047,34.4627],[136.4019,34.4637],[136.3976,34.4635]],[[136.4034,34.4544],[136.3991,34.4574],[136.3985,34.4595],[136.4005,34.4606]],[[136.4074,34.4494],[136.4067,34.452],[136.4034,34.4544]],[[136.4022,34.443],[136.4069,34.4467],[136.4074,34.4494]],[[136.3983,34.4413],[136.4022,34.443]],[[136.3922,34.4422],[136.395,34.441],[136.3983,34.4413]],[[136.3921,34.4449],[136.3922,34.4422]],[[136.3772,34.4447],[136.387,34.4482],[136.3906,34.4468],[136.3921,34.4449]],[[136.3756,34.4441],[136.3772,34.4447]],[[136.3737,34.4443],[136.3756,34.4441]],[[136.3685,34.4417],[136.3703,34.4437],[136.3737,34.4443]],[[136.3685,34.4399],[136.3685,34.4417]],[[136.3656,34.4342],[136.3685,34.4399]],[[136.3648,34.435],[136.3656,34.4342]],[[136.3629,34.4367],[136.3648,34.435]],[[136.359,34.4399],[136.3629,34.4367]],[[136.3557,34.4407],[136.359,34.4399]],[[136.3505,34.4378],[136.3557,34.4407]],[[136.3466,34.4357],[136.3505,34.4378]],[[136.341,34.4358],[136.3435,34.4349],[136.3466,34.4357]],[[136.3394,34.434],[136.341,34.4358]],[[136.338,34.4313],[136.3394,34.434]],[[136.3354,34.4281],[136.3371,34.4288],[136.338,34.4313]],[[136.3249,34.4247],[136.3289,34.425],[136.3354,34.4281]],[[136.3197,34.4289],[136.324,34.4294],[136.3249,34.4247]],[[136.3123,34.4329],[136.3173,34.4371],[136.3199,34.4371],[136.3212,34.4354],[136.3185,34.4307],[136.3164,34.4292],[136.3174,34.4284],[136.3197,34.4289]],[[136.3016,34.4231],[136.3006,34.426],[136.3023,34.4284],[136.3063,34.4311],[136.3111,34.43],[136.3123,34.4329]],[[136.2992,34.4228],[136.3016,34.4231]],[[136.2881,34.4189],[136.2961,34.4227],[136.2992,34.4228]],[[136.2837,34.4201],[136.2881,34.4189]],[[136.2829,34.421],[136.2837,34.4201]],[[136.2825,34.4212],[136.2829,34.421]],[[136.2803,34.4235],[136.2825,34.4212]],[[136.2735,34.4177],[136.2745,34.4178],[136.2749,34.423],[136.2803,34.4235]],[[136.2719,34.4185],[136.2735,34.4177]],[[136.2664,34.4199],[136.2699,34.4199],[136.2719,34.4185]],[[136.2649,34.4183],[136.2664,34.4199]],[[136.2541,34.418],[136.2555,34.4182],[136.2608,34.423],[136.2622,34.4212],[136.2583,34.4189],[136.2623,34.4174],[136.2649,34.4183]],[[136.2533,34.4184],[136.2541,34.418]],[[136.2516,34.4219],[136.2533,34.4184]],[[136.2484,34.424],[136.2516,34.4219]],[[136.2441,34.4214],[136.2484,34.424]],[[136.2374,34.4186],[136.2414,34.4196],[136.2441,34.4214]],[[136.2371,34.4167],[136.2374,34.4186]],[[136.2365,34.4106],[136.2378,34.4127],[136.2371,34.4167]],[[136.2233,34.4065],[136.2267,34.4103],[136.2365,34.4106]],[[136.2226,34.4061],[136.2233,34.4065]],[[136.2143,34.4025],[136.2177,34.4032],[136.2226,34.4061]],[[136.2203,34.3964],[136.2189,34.3999],[136.2147,34.4008],[136.2138,34.4017],[136.2143,34.4025]],[[136.2166,34.3912],[136.2171,34.3926],[136.2195,34.3932],[136.2203,34.3964]],[[136.2071,34.3877],[136.2106,34.3876],[136.2166,34.3912]],[[136.2063,34.3908],[136.2071,34.3877]],[[136.2062,34.3947],[136.2063,34.3908]],[[136.2028,34.3976],[136.2048,34.3981],[136.2063,34.3965],[136.2062,34.3947]],[[136.2015,34.3968],[136.2028,34.3976]],[[136.1989,34.3979],[136.2015,34.3968]],[[136.1991,34.4015],[136.1989,34.3979]],[[136.1992,34.4022],[136.1991,34.4015]],[[136.1994,34.4032],[136.1992,34.4022]],[[136.1984,34.4058],[136.1994,34.4032]],[[136.1954,34.4075],[136.1984,34.4058]],[[136.1939,34.4079],[136.1954,34.4075]],[[136.1901,34.4099],[136.1939,34.4079]],[[136.1882,34.4098],[136.1901,34.4099]],[[136.1833,34.4098],[136.1851,34.4103],[136.1872,34.4086],[136.1882,34.4098]],[[136.1825,34.4107],[136.1833,34.4098]],[[136.1821,34.4123],[136.1829,34.4116],[136.1825,34.4107]],[[136.1811,34.413],[136.1821,34.4123]],[[136.1785,34.4152],[136.1811,34.413]],[[136.1746,34.4156],[136.1785,34.4152]],[[136.1738,34.4161],[136.1746,34.4156]],[[136.1704,34.418],[136.1738,34.4161]],[[136.1673,34.4164],[136.1704,34.418]],[[136.1648,34.4177],[136.1673,34.4164]],[[136.1636,34.4226],[136.1628,34.4187],[136.1648,34.4177]],[[136.1588,34.4198],[136.16,34.4196],[136.1636,34.4226]],[[136.1534,34.4218],[136.1549,34.4209],[136.1584,34.4225],[136.1592,34.4217],[136.1588,34.4198]],[[136.1458,34.4236],[136.1494,34.4221],[136.1512,34.4231],[136.1534,34.4218]],[[136.1445,34.4238],[136.1458,34.4236]],[[136.1431,34.4214],[136.1429,34.423],[136.1445,34.4238]],[[136.1401,34.421],[136.1431,34.4214]],[[136.13,34.4164],[136.132,34.4173],[136.1337,34.4161],[136.1353,34.4185],[136.1382,34.4179],[136.1372,34.4206],[136.1401,34.421]],[[136.1087,34.4236],[136.1165,34.4215],[136.1194,34.4222],[136.127,34.4215],[136.13,34.4164]],[[136.1067,34.4255],[136.1087,34.4236]],[[136.1044,34.4257],[136.1067,34.4255]],[[136.1,34.4255],[136.1044,34.4257]],[[136.0954,34.4244],[136.1,34.4255]]]}},{"type":"Feature","properties":{"t":"riviere","km":66,"nom":"庄内川"},"geometry":{"type":"MultiLineString","coordinates":[[[136.8394,35.0984],[136.8462,35.0786],[136.844,35.0688],[136.8405,35.064]],[[136.8345,35.1409],[136.8378,35.1319],[136.8363,35.1108],[136.8394,35.0984]],[[136.8902,35.2112],[136.8833,35.2091],[136.8783,35.2065],[136.8691,35.1931],[136.8567,35.1885],[136.8346,35.1684],[136.8334,35.1641],[136.8375,35.1549],[136.8354,35.1524],[136.83,35.1505],[136.8289,35.1484],[136.8345,35.1409]],[[136.9068,35.2208],[136.9039,35.2197],[136.9006,35.2165],[136.8902,35.2112]],[[136.9333,35.215],[136.9216,35.2152],[136.9129,35.22],[136.9068,35.2208]],[[136.9341,35.2151],[136.9333,35.215]],[[136.9732,35.2182],[136.9682,35.2164],[136.9604,35.2175],[136.941,35.217],[136.9341,35.2151]],[[136.9781,35.2229],[136.9732,35.2182]],[[136.9904,35.2292],[136.9893,35.2269],[136.9804,35.2246],[136.9781,35.2229]],[[136.9905,35.231],[136.9904,35.2292]],[[136.9902,35.2398],[136.9894,35.236],[136.9905,35.231]],[[137.0068,35.2403],[136.9948,35.2412],[136.9902,35.2398]],[[137.0106,35.2451],[137.0089,35.2417],[137.0068,35.2403]],[[137.0142,35.2519],[137.0114,35.2508],[137.0106,35.2451]],[[137.0249,35.2553],[137.0208,35.2527],[137.0142,35.2519]],[[137.0281,35.2587],[137.0249,35.2553]],[[137.0327,35.2592],[137.0281,35.2587]],[[137.0439,35.2589],[137.0359,35.2583],[137.0327,35.2592]],[[137.0594,35.2652],[137.0556,35.2653],[137.0507,35.2603],[137.0439,35.2589]],[[137.0605,35.2651],[137.0594,35.2652]],[[137.0814,35.277],[137.0808,35.2746],[137.0787,35.2719],[137.0676,35.2625],[137.0652,35.2623],[137.0605,35.2651]],[[137.0976,35.2891],[137.0914,35.2876],[137.0877,35.285],[137.0865,35.2825],[137.082,35.2792],[137.0814,35.277]],[[137.0962,35.2907],[137.0976,35.2891]],[[137.0988,35.2923],[137.0962,35.2907]],[[137.0976,35.2965],[137.0988,35.2923]],[[137.1,35.2987],[137.0976,35.2965]],[[137.1012,35.3021],[137.101,35.2996],[137.1,35.2987]],[[137.104,35.3077],[137.1012,35.3021]],[[137.1017,35.3154],[137.1008,35.3132],[137.1048,35.3107],[137.104,35.3077]],[[137.1106,35.3253],[137.1064,35.3204],[137.1049,35.3166],[137.1017,35.3154]],[[137.1112,35.3258],[137.1106,35.3253]],[[137.1135,35.3283],[137.1112,35.3258]],[[137.1228,35.3309],[137.1135,35.3283]],[[137.1386,35.3386],[137.135,35.3382],[137.1228,35.3309]],[[137.1307,35.345],[137.1317,35.344],[137.1355,35.3456],[137.1366,35.3451],[137.1388,35.341],[137.1386,35.3386]],[[137.1381,35.3501],[137.1359,35.3506],[137.1324,35.3492],[137.1307,35.345]],[[137.1457,35.3499],[137.1402,35.3493],[137.1381,35.3501]],[[137.1515,35.3504],[137.1457,35.3499]],[[137.1707,35.352],[137.1668,35.3537],[137.1638,35.3513],[137.1556,35.3515],[137.1515,35.3504]],[[137.1762,35.3544],[137.1707,35.352]],[[137.1863,35.3564],[137.1804,35.354],[137.1762,35.3544]],[[137.1961,35.3647],[137.1922,35.3622],[137.191,35.3585],[137.1863,35.3564]],[[137.2172,35.366],[137.2048,35.3632],[137.2012,35.3632],[137.1961,35.3647]],[[137.2365,35.3625],[137.2358,35.3611],[137.2341,35.3608],[137.225,35.3632],[137.2219,35.3667],[137.2172,35.366]],[[137.238,35.3645],[137.2365,35.3625]],[[137.2392,35.3657],[137.238,35.3645]],[[137.2486,35.3689],[137.2392,35.3657]],[[137.2549,35.3631],[137.2515,35.3635],[137.2516,35.3676],[137.2486,35.3689]],[[137.2598,35.3669],[137.2574,35.3643],[137.2549,35.3631]],[[137.261,35.3708],[137.2598,35.3669]],[[137.2667,35.3805],[137.2646,35.375],[137.261,35.3708]],[[137.2673,35.3823],[137.2667,35.3805]],[[137.2731,35.3862],[137.2684,35.3853],[137.2673,35.3823]],[[137.2744,35.3875],[137.2731,35.3862]],[[137.2783,35.3938],[137.2748,35.3895],[137.2744,35.3875]],[[137.2783,35.3941],[137.2783,35.3938]],[[137.2794,35.3995],[137.2779,35.3977],[137.2783,35.3941]],[[137.282,35.3992],[137.2794,35.3995]],[[137.2888,35.4008],[137.282,35.3992]],[[137.2913,35.3998],[137.2888,35.4008]],[[137.2943,35.4005],[137.2913,35.3998]],[[137.2981,35.4054],[137.2962,35.4045],[137.2943,35.4005]],[[137.3008,35.4058],[137.2981,35.4054]],[[137.3034,35.4078],[137.3008,35.4058]],[[137.3077,35.4127],[137.3057,35.4091],[137.3034,35.4078]],[[137.3117,35.4152],[137.3101,35.4132],[137.3077,35.4127]],[[137.3157,35.4159],[137.3117,35.4152]],[[137.3271,35.4238],[137.3211,35.4186],[137.3157,35.4159]],[[137.3299,35.425],[137.3271,35.4238]],[[137.3363,35.4317],[137.3299,35.425]],[[137.3389,35.4312],[137.3363,35.4317]],[[137.3397,35.4307],[137.3389,35.4312]],[[137.3447,35.4299],[137.3438,35.4294],[137.3422,35.4311],[137.3397,35.4307]],[[137.3522,35.4347],[137.3481,35.4318],[137.3464,35.4323],[137.3447,35.4299]],[[137.3572,35.4387],[137.3552,35.438],[137.3522,35.4347]],[[137.3605,35.4403],[137.3588,35.4398],[137.3586,35.4406],[137.3576,35.4405],[137.3572,35.4387]],[[137.3784,35.4178],[137.3759,35.4238],[137.3747,35.4242],[137.3735,35.4271],[137.3706,35.4296],[137.3707,35.4328],[137.3654,35.4392],[137.3605,35.4403]],[[137.3785,35.4177],[137.3784,35.4178]],[[137.3814,35.4128],[137.3813,35.4144],[137.3785,35.4177]],[[137.3907,35.4032],[137.3886,35.4043],[137.3859,35.4041],[137.3814,35.4128]],[[137.3908,35.4032],[137.3907,35.4032]],[[137.3923,35.4019],[137.3908,35.4032]]]}},{"type":"Feature","properties":{"t":"riviere","km":153,"nom":"木曽川"},"geometry":{"type":"MultiLineString","coordinates":[[[136.7152,35.1013],[136.7176,35.094],[136.7209,35.0773],[136.7242,35.0695],[136.7378,35.0456],[136.7523,35.0245]],[[136.691,35.1274],[136.7022,35.1179],[136.7152,35.1013]],[[136.6894,35.2529],[136.6808,35.2453],[136.679,35.2414],[136.6789,35.2341],[136.6823,35.2136],[136.6823,35.2027],[136.6778,35.1835],[136.6773,35.1768],[136.6812,35.1609],[136.6811,35.1467],[136.6827,35.1394],[136.6845,35.1341],[136.687,35.1326],[136.691,35.1274]],[[136.7046,35.2764],[136.697,35.2602],[136.6894,35.2529]],[[136.7871,35.3686],[136.7734,35.3703],[136.7692,35.3692],[136.7674,35.3677],[136.7593,35.3585],[136.7557,35.3503],[136.7479,35.337],[136.7471,35.3329],[136.7376,35.3195],[136.7289,35.3011],[136.7237,35.2932],[136.72,35.2894],[136.7086,35.2818],[136.7046,35.2764]],[[136.799,35.3693],[136.7871,35.3686]],[[136.8313,35.3709],[136.8287,35.3713],[136.8215,35.3682],[136.8137,35.3669],[136.799,35.3693]],[[136.8547,35.3732],[136.8509,35.3742],[136.8477,35.3738],[136.8394,35.3701],[136.8313,35.3709]],[[136.8691,35.3718],[136.8547,35.3732]],[[136.8859,35.3773],[136.8753,35.3727],[136.8691,35.3718]],[[136.9275,35.3808],[136.9251,35.3794],[136.9151,35.3773],[136.8941,35.379],[136.8859,35.3773]],[[136.9359,35.3889],[136.9275,35.3808]],[[136.9396,35.3905],[136.9359,35.3889]],[[136.9492,35.395],[136.9396,35.3905]],[[136.9572,35.3964],[136.9492,35.395]],[[136.9579,35.3968],[136.9572,35.3964]],[[136.961,35.3993],[136.9579,35.3968]],[[136.9629,35.406],[136.961,35.3993]],[[136.9612,35.413],[136.9629,35.406]],[[136.9653,35.4214],[136.9618,35.4179],[136.9612,35.413]],[[136.9668,35.4218],[136.9653,35.4214]],[[136.9713,35.4223],[136.9668,35.4218]],[[136.9876,35.4249],[136.9758,35.4222],[136.9713,35.4223]],[[136.996,35.4242],[136.9876,35.4249]],[[137.0012,35.4241],[136.996,35.4242]],[[137.0054,35.4249],[137.0012,35.4241]],[[137.0067,35.4301],[137.0071,35.4271],[137.0054,35.4249]],[[137.007,35.4322],[137.0067,35.4301]],[[137.0457,35.4406],[137.0324,35.4365],[137.0279,35.4361],[137.0216,35.4371],[137.0117,35.4354],[137.007,35.4322]],[[137.0458,35.4407],[137.0457,35.4406]],[[137.0523,35.4451],[137.0458,35.4407]],[[137.0556,35.4452],[137.0523,35.4451]],[[137.0925,35.4585],[137.0849,35.4538],[137.0823,35.4447],[137.0769,35.4403],[137.0711,35.4397],[137.0642,35.4439],[137.0556,35.4452]],[[137.1019,35.4642],[137.0967,35.4623],[137.0925,35.4585]],[[137.1048,35.4657],[137.1019,35.4642]],[[137.1103,35.4707],[137.1048,35.4657]],[[137.1212,35.4705],[137.1124,35.4724],[137.1103,35.4707]],[[137.1249,35.4722],[137.1212,35.4705]],[[137.1376,35.4756],[137.1354,35.4763],[137.1323,35.4755],[137.1275,35.4759],[137.1249,35.4722]],[[137.1407,35.4709],[137.1393,35.4715],[137.1376,35.4756]],[[137.1525,35.4755],[137.1407,35.4709]],[[137.1553,35.4768],[137.1525,35.4755]],[[137.1583,35.4748],[137.1553,35.4768]],[[137.16,35.4696],[137.16,35.4732],[137.1583,35.4748]],[[137.1686,35.4672],[137.168,35.466],[137.1626,35.4641],[137.1599,35.4668],[137.16,35.4696]],[[137.1733,35.4692],[137.1686,35.4672]],[[137.1807,35.4719],[137.1733,35.4692]],[[137.1874,35.4732],[137.1807,35.4719]],[[137.1979,35.4723],[137.1946,35.4736],[137.1874,35.4732]],[[137.2034,35.4697],[137.1979,35.4723]],[[137.217,35.4728],[137.2153,35.4744],[137.2131,35.4745],[137.2073,35.4702],[137.2034,35.4697]],[[137.2327,35.4708],[137.2303,35.4726],[137.2277,35.473],[137.2212,35.4694],[137.2195,35.4699],[137.217,35.4728]],[[137.2359,35.4575],[137.234,35.4591],[137.2318,35.4642],[137.2327,35.4708]],[[137.2505,35.4644],[137.2463,35.4638],[137.244,35.4602],[137.2375,35.4573],[137.2359,35.4575]],[[137.2537,35.4627],[137.2505,35.4644]],[[137.2644,35.4617],[137.2632,35.4638],[137.2618,35.4643],[137.2537,35.4627]],[[137.2702,35.4538],[137.2657,35.4585],[137.2644,35.4617]],[[137.2853,35.4484],[137.2726,35.4516],[137.2702,35.4538]],[[137.2933,35.4584],[137.2873,35.4547],[137.2853,35.4484]],[[137.2945,35.4601],[137.2933,35.4584]],[[137.295,35.4607],[137.2945,35.4601]],[[137.3178,35.4756],[137.3128,35.4702],[137.3106,35.4661],[137.3072,35.4639],[137.295,35.4607]],[[137.3335,35.479],[137.3292,35.4768],[137.3208,35.4775],[137.3178,35.4756]],[[137.3472,35.4745],[137.3406,35.4775],[137.3335,35.479]],[[137.3549,35.4736],[137.3515,35.4726],[137.3472,35.4745]],[[137.3563,35.4743],[137.3549,35.4736]],[[137.3769,35.4786],[137.3625,35.4764],[137.3563,35.4743]],[[137.3841,35.4795],[137.3769,35.4786]],[[137.3927,35.4812],[137.3841,35.4795]],[[137.3928,35.4812],[137.3927,35.4812]],[[137.3979,35.4813],[137.3928,35.4812]],[[137.407,35.4839],[137.403,35.4815],[137.3979,35.4813]],[[137.4243,35.4904],[137.4181,35.49],[137.4147,35.4873],[137.407,35.4839]],[[137.4275,35.4997],[137.4263,35.4985],[137.4258,35.492],[137.4243,35.4904]],[[137.4352,35.5056],[137.4305,35.5009],[137.4275,35.4997]],[[137.4484,35.5076],[137.4443,35.5062],[137.4388,35.5067],[137.4352,35.5056]],[[137.4494,35.5079],[137.4484,35.5076]],[[137.454,35.5063],[137.4494,35.5079]],[[137.4765,35.5093],[137.4606,35.5078],[137.4564,35.5059],[137.454,35.5063]],[[137.4876,35.5112],[137.4765,35.5093]],[[137.5767,35.5881],[137.5644,35.5849],[137.554,35.5863],[137.5504,35.5877],[137.5328,35.583],[137.5324,35.5821],[137.5334,35.5809],[137.5363,35.5809],[137.5377,35.5798],[137.539,35.575],[137.5381,35.5714],[137.5331,35.5672],[137.5334,35.5633],[137.5349,35.5595],[137.5392,35.5575],[137.5418,35.5542],[137.5398,35.5513],[137.5416,35.5483],[137.5405,35.5444],[137.535,35.5422],[137.533,35.5403],[137.5335,35.5391],[137.537,35.5379],[137.5348,35.5341],[137.5335,35.5282],[137.5302,35.5278],[137.5273,35.5218],[137.522,35.5212],[137.5136,35.5174],[137.51,35.513],[137.4976,35.5103],[137.4876,35.5112]],[[137.5913,35.5877],[137.5892,35.5888],[137.585,35.5876],[137.5767,35.5881]],[[137.5915,35.5876],[137.5913,35.5877]],[[137.5916,35.5875],[137.5915,35.5876]],[[137.6074,35.6044],[137.6062,35.6019],[137.607,35.5989],[137.6058,35.5967],[137.5993,35.595],[137.5967,35.5927],[137.5935,35.5866],[137.5916,35.5875]],[[137.6082,35.6058],[137.6074,35.6044]],[[137.6128,35.6401],[137.6145,35.6366],[137.6149,35.6329],[137.6167,35.6299],[137.617,35.6241],[137.6133,35.6219],[137.6141,35.6157],[137.6116,35.6138],[137.6091,35.6097],[137.6082,35.6058]],[[137.6274,35.6717],[137.6247,35.6699],[137.6243,35.6642],[137.6198,35.6587],[137.6201,35.6541],[137.6167,35.6505],[137.6165,35.645],[137.6128,35.6418],[137.6128,35.6401]],[[137.6353,35.6765],[137.6339,35.675],[137.6274,35.6717]],[[137.6611,35.6857],[137.6578,35.6841],[137.6507,35.6849],[137.6486,35.684],[137.6476,35.6811],[137.6456,35.6804],[137.639,35.6808],[137.6353,35.6765]],[[137.6758,35.6943],[137.6737,35.6946],[137.6705,35.6936],[137.6687,35.6921],[137.6682,35.6887],[137.6611,35.6857]],[[137.6839,35.6968],[137.6817,35.6953],[137.6758,35.6943]],[[137.6992,35.7059],[137.6955,35.7],[137.6924,35.6978],[137.6839,35.6968]],[[137.7015,35.71],[137.6992,35.7059]],[[137.7026,35.7116],[137.7015,35.71]],[[137.7103,35.721],[137.7068,35.7152],[137.7026,35.7116]],[[137.7119,35.7223],[137.7103,35.721]],[[137.7113,35.7292],[137.7137,35.7252],[137.7138,35.7241],[137.7119,35.7223]],[[137.715,35.7377],[137.7137,35.7342],[137.7118,35.7323],[137.7113,35.7292]],[[137.7147,35.7407],[137.715,35.7377]],[[137.7123,35.7445],[137.7147,35.7407]],[[137.7096,35.7521],[137.7116,35.7493],[137.7123,35.7445]],[[137.7095,35.7522],[137.7096,35.7521]],[[137.7074,35.7539],[137.7095,35.7522]],[[137.7074,35.7542],[137.7074,35.7539]],[[137.7068,35.7611],[137.7086,35.7586],[137.7074,35.7542]],[[137.7018,35.7636],[137.7068,35.7611]],[[137.6929,35.7752],[137.697,35.7726],[137.7001,35.7722],[137.6981,35.7667],[137.7018,35.7636]],[[137.6907,35.7775],[137.6929,35.7752]],[[137.6902,35.7859],[137.6907,35.7775]],[[137.69,35.7998],[137.6881,35.7964],[137.6878,35.7931],[137.6916,35.7893],[137.6902,35.7859]],[[137.6873,35.8036],[137.69,35.7998]],[[137.6821,35.8109],[137.6869,35.8085],[137.6873,35.8036]],[[137.6812,35.8194],[137.6802,35.8158],[137.6824,35.8127],[137.6821,35.8109]],[[137.6794,35.8217],[137.6812,35.8208],[137.6812,35.8194]],[[137.6814,35.8329],[137.6792,35.8299],[137.6828,35.8272],[137.6792,35.8226],[137.6794,35.8217]],[[137.6833,35.8343],[137.6814,35.8329]],[[137.6861,35.836],[137.6833,35.8343]],[[137.6886,35.842],[137.6861,35.836]],[[137.6943,35.8483],[137.6886,35.842]],[[137.6945,35.8485],[137.6943,35.8483]],[[137.7068,35.8524],[137.7007,35.8507],[137.6971,35.8509],[137.6945,35.8485]],[[137.7147,35.8582],[137.7102,35.8571],[137.709,35.8538],[137.7068,35.8524]],[[137.7166,35.8585],[137.7147,35.8582]],[[137.719,35.8604],[137.7166,35.8585]],[[137.7191,35.8608],[137.719,35.8604]],[[137.7212,35.8634],[137.7191,35.8608]],[[137.7225,35.8639],[137.7212,35.8634]],[[137.7241,35.8638],[137.7225,35.8639]],[[137.7263,35.8665],[137.7242,35.8654],[137.7241,35.8638]],[[137.7384,35.8709],[137.7335,35.8702],[137.732,35.8691],[137.7299,35.8695],[137.7263,35.8665]],[[137.7432,35.8743],[137.7384,35.8709]],[[137.7554,35.8851],[137.7526,35.8835],[137.7503,35.879],[137.7432,35.8743]],[[137.7591,35.8874],[137.7554,35.8851]],[[137.7723,35.8989],[137.7681,35.8992],[137.7651,35.8955],[137.7648,35.893],[137.7626,35.8912],[137.7619,35.8889],[137.7591,35.8874]],[[137.7736,35.8985],[137.7723,35.8989]],[[137.7752,35.9029],[137.7736,35.8985]],[[137.7702,35.915],[137.7686,35.9118],[137.7686,35.9092],[137.771,35.9066],[137.7708,35.9044],[137.7752,35.9029]],[[137.7707,35.9219],[137.7685,35.9202],[137.7711,35.9173],[137.7702,35.915]],[[137.7827,35.9306],[137.7825,35.9274],[137.7762,35.9217],[137.7743,35.9208],[137.7707,35.9219]],[[137.7834,35.9387],[137.7817,35.9365],[137.7827,35.9306]],[[137.7808,35.945],[137.7833,35.9435],[137.7834,35.9387]],[[137.7758,35.952],[137.7808,35.945]],[[137.7696,35.9562],[137.7758,35.952]],[[137.77,35.9734],[137.7716,35.9706],[137.7714,35.9689],[137.7727,35.9677],[137.7708,35.9661],[137.7697,35.9636],[137.7707,35.9588],[137.7696,35.9562]],[[137.7683,35.976],[137.77,35.9734]],[[137.7681,35.9763],[137.7683,35.976]],[[137.7679,35.9765],[137.7681,35.9763]],[[137.7678,35.9768],[137.7679,35.9765]],[[137.7678,35.9769],[137.7678,35.9768]],[[137.7701,36.0069],[137.7723,36.0055],[137.7719,36.0008],[137.7731,35.9988],[137.7733,35.9942],[137.7743,35.9936],[137.7693,35.9803],[137.7694,35.978],[137.7678,35.9769]],[[137.7712,36.0079],[137.7701,36.0069]],[[137.7711,36.0232],[137.7708,36.0193],[137.7691,36.0188],[137.7698,36.0173],[137.7687,36.0137],[137.7695,36.0127],[137.7689,36.0113],[137.7716,36.0096],[137.7712,36.0079]],[[137.7785,36.0306],[137.7771,36.0279],[137.7752,36.0269],[137.7747,36.0242],[137.7711,36.0232]],[[137.7795,36.0394],[137.7794,36.0368],[137.7806,36.0348],[137.7785,36.0306]],[[137.7786,36.0405],[137.7795,36.0394]],[[137.7782,36.0413],[137.7786,36.0405]],[[137.7779,36.042],[137.7782,36.0413]],[[137.7773,36.0423],[137.7779,36.042]],[[137.7766,36.0426],[137.7773,36.0423]],[[137.7716,36.045],[137.7751,36.044],[137.7766,36.0426]],[[137.7704,36.0481],[137.772,36.0463],[137.7716,36.045]],[[137.7692,36.0497],[137.7704,36.0481]],[[137.7684,36.0516],[137.7692,36.0497]],[[137.7684,36.052],[137.7684,36.0516]],[[137.7683,36.0528],[137.7684,36.052]],[[137.7682,36.053],[137.7683,36.0528]],[[137.7685,36.0546],[137.7682,36.053]],[[137.7685,36.0555],[137.7685,36.0546]],[[137.7663,36.0609],[137.7685,36.0555]],[[137.7632,36.0636],[137.7663,36.0609]]]}},{"type":"Feature","properties":{"t":"riviere","km":64,"nom":"熊野川"},"geometry":{"type":"MultiLineString","coordinates":[[[135.957,33.728],[135.9597,33.7261],[135.967,33.7242],[135.9722,33.7229],[135.9753,33.7232],[135.9768,33.7253],[135.9753,33.7285],[135.972,33.7317],[135.9722,33.7336],[135.9742,33.7355],[135.9799,33.7364],[136.0126,33.7269],[136.0144,33.725]],[[135.9516,33.7294],[135.957,33.728]],[[135.9419,33.735],[135.9516,33.7294]],[[135.9394,33.7436],[135.9399,33.7386],[135.9419,33.735]],[[135.9385,33.7489],[135.9394,33.7436]],[[135.9385,33.7497],[135.9385,33.7489]],[[135.9389,33.7533],[135.9385,33.7497]],[[135.9389,33.7534],[135.9389,33.7533]],[[135.9361,33.7577],[135.9386,33.7571],[135.9389,33.7534]],[[135.9358,33.7577],[135.9361,33.7577]],[[135.9248,33.7558],[135.9296,33.7536],[135.9358,33.7577]],[[135.9195,33.7629],[135.9209,33.7587],[135.9248,33.7558]],[[135.9139,33.7672],[135.9174,33.7662],[135.9195,33.7629]],[[135.9046,33.7716],[135.9071,33.7669],[135.909,33.7664],[135.9139,33.7672]],[[135.9046,33.7717],[135.9046,33.7716]],[[135.9033,33.7763],[135.9046,33.7717]],[[135.9028,33.7776],[135.9033,33.7763]],[[135.8993,33.7836],[135.9028,33.7776]],[[135.8975,33.786],[135.8993,33.7836]],[[135.8986,33.7908],[135.8967,33.7875],[135.8975,33.786]],[[135.8985,33.7916],[135.8986,33.7908]],[[135.8978,33.793],[135.8985,33.7916]],[[135.8795,33.8043],[135.8838,33.8018],[135.8889,33.8026],[135.8909,33.8017],[135.8951,33.7977],[135.8952,33.7955],[135.8978,33.793]],[[135.8743,33.8077],[135.8795,33.8043]],[[135.8716,33.8089],[135.8743,33.8077]],[[135.8708,33.8093],[135.8716,33.8089]],[[135.8635,33.8109],[135.8708,33.8093]],[[135.8591,33.8149],[135.8635,33.8109]],[[135.8574,33.8241],[135.8557,33.8201],[135.8591,33.8149]],[[135.8586,33.827],[135.8574,33.8241]],[[135.8563,33.8333],[135.8587,33.8302],[135.8586,33.827]],[[135.8468,33.8354],[135.8563,33.8333]],[[135.8434,33.8372],[135.8468,33.8354]],[[135.842,33.8385],[135.8434,33.8372]],[[135.835,33.8461],[135.8356,33.8426],[135.842,33.8385]],[[135.8332,33.8489],[135.835,33.8461]],[[135.825,33.8428],[135.8275,33.8431],[135.8284,33.8445],[135.8264,33.8474],[135.8275,33.849],[135.8332,33.8489]],[[135.8088,33.8439],[135.8156,33.8473],[135.8187,33.8475],[135.825,33.8428]],[[135.807,33.8417],[135.8088,33.8439]],[[135.8088,33.8318],[135.8061,33.8338],[135.8049,33.8378],[135.807,33.8417]],[[135.8097,33.8268],[135.8105,33.8288],[135.8088,33.8318]],[[135.805,33.8278],[135.8097,33.8268]],[[135.7932,33.8222],[135.7951,33.8226],[135.7984,33.8273],[135.8017,33.8284],[135.805,33.8278]],[[135.7795,33.8568],[135.7742,33.8558],[135.7716,33.8531],[135.7711,33.8498],[135.7724,33.8471],[135.7797,33.839],[135.7778,33.8345],[135.7712,33.8309],[135.7713,33.8291],[135.7739,33.8269],[135.7855,33.8253],[135.7932,33.8222]],[[135.7583,33.8731],[135.7581,33.8694],[135.7624,33.8667],[135.7682,33.8654],[135.7728,33.8669],[135.7779,33.8665],[135.783,33.8635],[135.7845,33.8594],[135.7829,33.8576],[135.7795,33.8568]],[[135.7607,33.8875],[135.763,33.886],[135.7683,33.8862],[135.7694,33.8834],[135.7686,33.8812],[135.7619,33.8786],[135.7612,33.8746],[135.7583,33.8731]],[[135.7622,33.892],[135.7626,33.8914],[135.7607,33.8875]],[[135.7689,33.9],[135.7672,33.8991],[135.7622,33.892]],[[135.7694,33.9003],[135.7689,33.9]],[[135.7765,33.9024],[135.7745,33.9027],[135.7694,33.9003]],[[135.7797,33.9032],[135.7765,33.9024]],[[135.7816,33.9166],[135.7851,33.9136],[135.7827,33.9095]],[[135.7828,33.9091],[135.7835,33.9072],[135.7797,33.9032]],[[135.7827,33.9095],[135.7828,33.9091]],[[135.7748,33.9228],[135.7787,33.918],[135.7816,33.9166]],[[135.7761,33.9303],[135.7767,33.9273],[135.7736,33.9253],[135.7748,33.9228]],[[135.7633,33.9372],[135.7626,33.9347],[135.7636,33.9321],[135.7725,33.9338],[135.7748,33.9329],[135.7761,33.9303]],[[135.7678,33.9392],[135.7655,33.9399],[135.7633,33.9372]],[[135.7681,33.9389],[135.7678,33.9392]],[[135.7975,33.9427],[135.7935,33.9413],[135.7893,33.9445],[135.7856,33.945],[135.7811,33.9443],[135.7708,33.9384],[135.7681,33.9389]],[[135.7994,33.9438],[135.7975,33.9427]],[[135.8066,33.9454],[135.8039,33.9433],[135.7994,33.9438]],[[135.7993,33.9665],[135.7962,33.9651],[135.7951,33.9599],[135.7974,33.9555],[135.8004,33.9543],[135.8007,33.9527],[135.799,33.9505],[135.8001,33.9481],[135.8019,33.9468],[135.8057,33.948],[135.807,33.9465],[135.8066,33.9454]],[[135.7981,33.9718],[135.7984,33.9692],[135.7996,33.9696],[135.8005,33.9688],[135.8004,33.9669],[135.7993,33.9665]],[[135.7983,33.9722],[135.7981,33.9718]],[[135.7968,33.978],[135.801,33.9745],[135.799,33.9737],[135.7983,33.9722]],[[135.8071,33.9971],[135.8003,33.9932],[135.7952,33.9927],[135.7913,33.9885],[135.792,33.9875],[135.7979,33.9875],[135.7984,33.9858],[135.7945,33.9837],[135.7952,33.9817],[135.7973,33.981],[135.7968,33.978]],[[135.7986,34.0044],[135.8003,34.003],[135.8007,34.0006],[135.8021,33.9994],[135.8071,34.0001],[135.8071,33.9971]],[[135.7969,34.0049],[135.7986,34.0044]],[[135.7928,33.9976],[135.7954,33.9964],[135.7982,33.9979],[135.7981,33.9996],[135.7953,34.0034],[135.7969,34.0049]],[[135.7917,33.9992],[135.7928,33.9976]],[[135.7963,34.0137],[135.794,34.0109],[135.794,34.008],[135.7916,34.0057],[135.7923,34.0023],[135.7917,33.9992]],[[135.7993,34.0229],[135.7999,34.0212],[135.7989,34.0167],[135.7978,34.0145],[135.7963,34.0137]],[[135.7878,34.023],[135.7926,34.0246],[135.7966,34.024],[135.7975,34.0267],[135.7988,34.0268],[135.7999,34.0264],[135.7993,34.0229]],[[135.7809,34.0308],[135.781,34.0295],[135.7838,34.0276],[135.7862,34.0295],[135.7888,34.0279],[135.7872,34.0259],[135.7851,34.025],[135.7797,34.0254],[135.7778,34.0233],[135.7777,34.0206],[135.7812,34.0196],[135.7858,34.0227],[135.7878,34.023]],[[135.7905,34.0388],[135.7882,34.0356],[135.7826,34.0327],[135.7809,34.0308]],[[135.7911,34.0402],[135.7905,34.0388]],[[135.7899,34.0486],[135.7914,34.0502],[135.7938,34.0502],[135.7951,34.0483],[135.7931,34.0459],[135.7911,34.0402]],[[135.7877,34.0444],[135.7898,34.0468],[135.7899,34.0486]],[[135.7731,34.0513],[135.7758,34.0513],[135.7778,34.0501],[135.7753,34.0451],[135.7773,34.0422],[135.7814,34.0417],[135.7877,34.0444]],[[135.765,34.0487],[135.7698,34.0512],[135.7731,34.0513]],[[135.7623,34.0581],[135.7629,34.0573],[135.7619,34.0531],[135.765,34.0487]],[[135.75,34.0579],[135.7517,34.0594],[135.7557,34.0568],[135.7623,34.0581]],[[135.7442,34.0535],[135.75,34.0579]],[[135.7393,34.0571],[135.7402,34.0534],[135.7442,34.0535]],[[135.7372,34.0594],[135.7393,34.0571]],[[135.7522,34.0828],[135.7496,34.0816],[135.7466,34.0779],[135.7399,34.0759],[135.7402,34.0745],[135.7442,34.0717],[135.7433,34.0691],[135.7449,34.0646],[135.7431,34.061],[135.7412,34.061],[135.74,34.0616],[135.7373,34.0667],[135.7362,34.0671],[135.7357,34.0619],[135.7372,34.0594]],[[135.7568,34.0826],[135.755,34.0819],[135.7522,34.0828]],[[135.7572,34.0855],[135.7576,34.0841],[135.7568,34.0826]],[[135.7498,34.0876],[135.7514,34.0861],[135.7572,34.0855]],[[135.7523,34.0907],[135.7498,34.0876]],[[135.7575,34.0987],[135.7595,34.0979],[135.759,34.096],[135.7551,34.0953],[135.7523,34.0907]],[[135.7722,34.1108],[135.7745,34.1096],[135.7723,34.1064],[135.7692,34.1054],[135.7659,34.1068],[135.7641,34.1065],[135.7636,34.1057],[135.7659,34.1044],[135.7664,34.103],[135.7642,34.1014],[135.7576,34.1015],[135.7575,34.0987]],[[135.7707,34.1261],[135.7729,34.1247],[135.7728,34.1233],[135.7681,34.1209],[135.7673,34.1158],[135.7677,34.1139],[135.7688,34.1132],[135.7705,34.1137],[135.7704,34.1114],[135.7722,34.1108]],[[135.7705,34.1262],[135.7707,34.1261]],[[135.7658,34.1306],[135.768,34.1294],[135.7659,34.1272],[135.7662,34.1264],[135.7705,34.1262]],[[135.7641,34.1344],[135.7653,34.1338],[135.7644,34.1317],[135.7658,34.1306]],[[135.7561,34.1386],[135.7595,34.1377],[135.7624,34.134],[135.7641,34.1344]],[[135.7439,34.144],[135.7494,34.1426],[135.7561,34.1386]],[[135.7445,34.1519],[135.7452,34.1493],[135.7439,34.144]],[[135.757,34.1681],[135.7563,34.1652],[135.7523,34.1646],[135.7498,34.1616],[135.7512,34.1593],[135.7506,34.158],[135.743,34.1566],[135.7445,34.1519]],[[135.756,34.1708],[135.757,34.1681]],[[135.7482,34.1764],[135.7488,34.1751],[135.7535,34.1731],[135.756,34.1708]],[[135.7448,34.1777],[135.7477,34.1783],[135.7482,34.1764]],[[135.7414,34.1789],[135.7429,34.1777],[135.7448,34.1777]],[[135.7414,34.1797],[135.7414,34.1789]],[[135.7396,34.1833],[135.7398,34.1821],[135.7422,34.1809],[135.7414,34.1797]],[[135.7356,34.189],[135.7392,34.188],[135.7417,34.1857],[135.7396,34.1833]],[[135.7304,34.1976],[135.7335,34.1966],[135.7343,34.1948],[135.7324,34.1932],[135.7346,34.1917],[135.7356,34.189]],[[135.7302,34.1996],[135.7304,34.1976]],[[135.7304,34.2017],[135.7302,34.1996]],[[135.7326,34.2055],[135.733,34.2026],[135.7304,34.2017]],[[135.7427,34.2103],[135.7355,34.2058],[135.7345,34.2081],[135.7337,34.2081],[135.7326,34.2055]],[[135.7494,34.2102],[135.7427,34.2103]],[[135.7627,34.206],[135.7598,34.2057],[135.7569,34.2028],[135.7531,34.2025],[135.7497,34.2044],[135.7476,34.2067],[135.7494,34.2102]],[[135.7708,34.2055],[135.7671,34.208],[135.7648,34.2053],[135.7627,34.206]],[[135.7772,34.2035],[135.7708,34.2055]],[[135.7881,34.1912],[135.7774,34.1925],[135.7774,34.1948],[135.7746,34.1979],[135.777,34.1991],[135.7759,34.2013],[135.7772,34.2035]],[[135.7901,34.1902],[135.7881,34.1912]],[[135.7921,34.1894],[135.7901,34.1902]],[[135.807,34.1972],[135.8064,34.1989],[135.8045,34.1993],[135.8031,34.1978],[135.8046,34.194],[135.8004,34.1947],[135.7989,34.1941],[135.8012,34.1898],[135.7962,34.1916],[135.7921,34.1894]],[[135.8218,34.1957],[135.8224,34.1937],[135.8187,34.1937],[135.8173,34.1976],[135.8144,34.199],[135.8134,34.1984],[135.8141,34.1961],[135.8077,34.1953],[135.807,34.1972]],[[135.8231,34.1988],[135.8219,34.1975],[135.8218,34.1957]],[[135.8297,34.2126],[135.828,34.2074],[135.822,34.2026],[135.8217,34.2004],[135.8231,34.1988]],[[135.8345,34.2129],[135.8297,34.2126]],[[135.835,34.2131],[135.8345,34.2129]],[[135.8397,34.2191],[135.8373,34.2193],[135.837,34.2141],[135.835,34.2131]],[[135.8405,34.2261],[135.8385,34.2244],[135.8389,34.2221],[135.8412,34.2211],[135.8397,34.2191]],[[135.8452,34.2319],[135.8438,34.2276],[135.8405,34.2261]],[[135.8563,34.2445],[135.8526,34.2388],[135.8488,34.2377],[135.8477,34.2337],[135.8452,34.2319]],[[135.8749,34.2344],[135.8719,34.2361],[135.8629,34.2374],[135.8606,34.2422],[135.8563,34.2445]],[[135.8822,34.2248],[135.8756,34.2288],[135.8749,34.2344]],[[135.8976,34.223],[135.8941,34.2237],[135.8906,34.2256],[135.8853,34.2261],[135.8822,34.2248]],[[135.9073,34.2097],[135.9061,34.2122],[135.9011,34.2157],[135.9007,34.2178],[135.8977,34.2214],[135.8976,34.223]],[[135.9125,34.208],[135.9094,34.208],[135.9073,34.2097]],[[135.9257,34.2064],[135.9235,34.2056],[135.9223,34.2062],[135.9208,34.2051],[135.9192,34.2066],[135.9139,34.2071],[135.9125,34.208]]]}},{"type":"Feature","properties":{"t":"riviere","km":83,"nom":"吉井川"},"geometry":{"type":"MultiLineString","coordinates":[[[134.0364,34.6213],[134.038,34.6142],[134.0373,34.6039]],[[134.0363,34.623],[134.0364,34.6213]],[[134.033,34.6313],[134.0363,34.623]],[[134.0743,34.678],[134.0609,34.6705],[134.052,34.6593],[134.0346,34.6478],[134.0323,34.6438],[134.0313,34.6393],[134.033,34.6313]],[[134.0987,34.7209],[134.0948,34.7152],[134.0903,34.7119],[134.0843,34.7096],[134.0826,34.7077],[134.0822,34.7054],[134.084,34.7003],[134.084,34.6975],[134.0805,34.692],[134.0774,34.6817],[134.0743,34.678]],[[134.1038,34.7469],[134.106,34.743],[134.1057,34.7367],[134.1012,34.7233],[134.0987,34.7209]],[[134.1,34.7489],[134.1038,34.7469]],[[134.0971,34.7491],[134.1,34.7489]],[[134.0908,34.7488],[134.0971,34.7491]],[[134.0904,34.749],[134.0908,34.7488]],[[134.0924,34.7686],[134.0887,34.7566],[134.0887,34.7517],[134.0904,34.749]],[[134.0935,34.771],[134.0924,34.7686]],[[134.1048,34.7817],[134.1011,34.7765],[134.0935,34.771]],[[134.1247,34.7932],[134.1171,34.7932],[134.1109,34.7918],[134.1072,34.7885],[134.1048,34.7817]],[[134.1403,34.7944],[134.133,34.7927],[134.1247,34.7932]],[[134.1415,34.7972],[134.1419,34.7957],[134.1403,34.7944]],[[134.1402,34.8091],[134.1419,34.8044],[134.1415,34.7972]],[[134.1325,34.8271],[134.1402,34.8091]],[[134.0933,34.9063],[134.0881,34.9027],[134.0854,34.8978],[134.0861,34.8962],[134.0886,34.8949],[134.0954,34.8973],[134.0974,34.8959],[134.0979,34.8932],[134.0932,34.8869],[134.0932,34.8851],[134.0966,34.8831],[134.1038,34.8815],[134.1035,34.8792],[134.1057,34.8723],[134.1107,34.8643],[134.1095,34.8616],[134.1056,34.8577],[134.0985,34.8551],[134.0969,34.8535],[134.0956,34.8508],[134.0961,34.8472],[134.1004,34.8434],[134.1024,34.8431],[134.1154,34.8489],[134.119,34.8487],[134.1325,34.8271]],[[134.0961,34.9103],[134.0933,34.9063]],[[134.0992,34.9233],[134.0983,34.9141],[134.0961,34.9103]],[[134.0886,34.9289],[134.0974,34.925],[134.0992,34.9233]],[[134.0903,34.9345],[134.0886,34.9289]],[[134.0838,34.942],[134.0879,34.9426],[134.0902,34.9413],[134.0915,34.9373],[134.0903,34.9345]],[[134.0756,34.9408],[134.0838,34.942]],[[134.059,34.9504],[134.0667,34.9508],[134.0689,34.9499],[134.07,34.9488],[134.0716,34.942],[134.0756,34.9408]],[[134.0586,34.9512],[134.059,34.9504]],[[134.0556,34.9611],[134.0625,34.9559],[134.0586,34.9512]],[[134.053,34.9627],[134.0556,34.9611]],[[134.0439,34.967],[134.0452,34.9654],[134.053,34.9627]],[[134.0431,34.9748],[134.0457,34.9725],[134.0439,34.967]],[[134.0385,34.9772],[134.0431,34.9748]],[[134.0349,34.9809],[134.0385,34.9772]],[[134.0344,34.9885],[134.0333,34.9857],[134.0349,34.9809]],[[134.0361,34.99],[134.0344,34.9885]],[[134.0391,34.9926],[134.0361,34.99]],[[134.0418,34.9974],[134.0391,34.9926]],[[134.0413,35.0005],[134.0418,34.9974]],[[134.0308,35.0157],[134.0413,35.0005]],[[134.0278,35.0197],[134.0308,35.0157]],[[134.0347,35.0385],[134.0345,35.0371],[134.0359,35.0349],[134.0356,35.0312],[134.0301,35.0278],[134.0278,35.0249],[134.0278,35.0197]],[[134.0268,35.0451],[134.0319,35.0452],[134.0339,35.0443],[134.0347,35.0385]],[[134.0188,35.05],[134.0197,35.0468],[134.0214,35.0452],[134.0268,35.0451]],[[134.022,35.0549],[134.0201,35.0533],[134.0188,35.05]],[[134.0243,35.0582],[134.022,35.0549]],[[134.0108,35.059],[134.014,35.0612],[134.0197,35.0624],[134.0228,35.0612],[134.0243,35.0582]],[[134.0104,35.0587],[134.0108,35.059]],[[133.9978,35.0561],[134.0071,35.0572],[134.0104,35.0587]],[[133.9975,35.0561],[133.9978,35.0561]],[[133.9973,35.056],[133.9975,35.0561]],[[133.9972,35.056],[133.9973,35.056]],[[133.9855,35.0612],[133.9923,35.0568],[133.9972,35.056]],[[133.9773,35.0571],[133.9855,35.0612]],[[133.958,35.0565],[133.9636,35.0587],[133.9773,35.0571]],[[133.9425,35.0523],[133.953,35.0513],[133.9555,35.0528],[133.958,35.0565]],[[133.9296,35.0687],[133.9333,35.0639],[133.9344,35.06],[133.9389,35.0567],[133.9404,35.0533],[133.9425,35.0523]],[[133.9219,35.0741],[133.9219,35.0722],[133.924,35.0705],[133.9296,35.0687]],[[133.9208,35.0796],[133.9224,35.0776],[133.9219,35.0741]],[[133.9062,35.1056],[133.9045,35.1042],[133.9041,35.1023],[133.9081,35.1022],[133.9086,35.0972],[133.9118,35.0961],[133.9109,35.0944],[133.9073,35.0933],[133.9072,35.0921],[133.9096,35.0899],[133.9102,35.0878],[133.9208,35.0796]],[[133.8916,35.1106],[133.8931,35.1094],[133.8987,35.1116],[133.9011,35.1112],[133.9036,35.1097],[133.9062,35.1056]],[[133.8916,35.1122],[133.8916,35.1106]],[[133.8988,35.1196],[133.8944,35.1176],[133.8949,35.1142],[133.8916,35.1122]],[[133.8935,35.1264],[133.8906,35.1236],[133.8909,35.1221],[133.894,35.1203],[133.8958,35.1217],[133.8988,35.1196]],[[133.8895,35.145],[133.883,35.1418],[133.8809,35.1372],[133.8809,35.1347],[133.8833,35.1312],[133.8882,35.1287],[133.8962,35.1329],[133.8992,35.1324],[133.9001,35.1313],[133.8993,35.1299],[133.8935,35.1264]],[[133.8968,35.1511],[133.8895,35.145]],[[133.8954,35.164],[133.8973,35.1614],[133.8965,35.1582],[133.8976,35.1537],[133.8968,35.1511]],[[133.8948,35.1692],[133.8921,35.1686],[133.8954,35.164]],[[133.8993,35.1698],[133.8972,35.1687],[133.8948,35.1692]],[[133.9074,35.1788],[133.9101,35.1771],[133.9091,35.1735],[133.9057,35.1739],[133.8993,35.1698]],[[133.9107,35.1963],[133.9146,35.1942],[133.9122,35.1934],[133.9074,35.1939],[133.9051,35.1915],[133.9091,35.188],[133.908,35.1848],[133.9051,35.1825],[133.9057,35.1801],[133.9074,35.1788]],[[133.9128,35.2159],[133.9112,35.215],[133.9114,35.2141],[133.9148,35.2139],[133.9158,35.2128],[133.9128,35.2093],[133.9102,35.2088],[133.9094,35.2074],[133.9121,35.2],[133.9101,35.1981],[133.9107,35.1963]],[[133.9182,35.22],[133.9128,35.2159]],[[133.9203,35.2225],[133.9204,35.2213],[133.9182,35.22]],[[133.9196,35.2252],[133.9203,35.2225]],[[133.9261,35.2326],[133.9218,35.2316],[133.9196,35.2252]],[[133.9274,35.2343],[133.9261,35.2326]],[[133.9257,35.2376],[133.9274,35.2343]],[[133.9255,35.2384],[133.9257,35.2376]],[[133.9329,35.2476],[133.9329,35.2468],[133.9296,35.245],[133.9255,35.2384]],[[133.931,35.2495],[133.9329,35.2476]],[[133.9309,35.2529],[133.931,35.2495]],[[133.9328,35.2549],[133.9309,35.2529]],[[133.9257,35.2626],[133.9279,35.2576],[133.932,35.2567],[133.9328,35.2549]],[[133.9281,35.2722],[133.9247,35.2711],[133.926,35.2697],[133.925,35.2674],[133.9271,35.2662],[133.9257,35.2626]],[[133.9299,35.2732],[133.9281,35.2722]],[[133.9272,35.2786],[133.9299,35.2732]],[[133.9258,35.2799],[133.9272,35.2786]],[[133.9289,35.2834],[133.9255,35.2811],[133.9258,35.2799]],[[133.9461,35.2903],[133.9438,35.2878],[133.9384,35.2882],[133.9348,35.286],[133.9339,35.2839],[133.9313,35.2843],[133.9289,35.2834]],[[133.955,35.2955],[133.95,35.2948],[133.9479,35.291],[133.9461,35.2903]],[[133.9657,35.2901],[133.9639,35.2914],[133.9608,35.2914],[133.9587,35.293],[133.9581,35.295],[133.955,35.2955]],[[133.982,35.295],[133.9787,35.2933],[133.9726,35.2926],[133.9657,35.2901]],[[133.987,35.3007],[133.9873,35.2994],[133.9824,35.2969],[133.982,35.295]],[[133.9912,35.307],[133.987,35.3007]],[[133.9928,35.3085],[133.9912,35.307]],[[133.996,35.3167],[133.9946,35.3151],[133.9941,35.3097],[133.9928,35.3085]]]}},{"type":"Feature","properties":{"t":"riviere","km":52,"nom":"一ツ瀬川"},"geometry":{"type":"MultiLineString","coordinates":[[[131.5021,32.047],[131.5066,32.0464]],[[131.5022,32.0461],[131.5021,32.047]],[[131.4736,32.0498],[131.4897,32.0479],[131.4987,32.0457],[131.5022,32.0461]],[[131.4321,32.0634],[131.4364,32.0628],[131.4543,32.0514],[131.4604,32.05],[131.4736,32.0498]],[[131.4246,32.0695],[131.4234,32.0674],[131.4237,32.0661],[131.4285,32.0635],[131.4321,32.0634]],[[131.4132,32.0837],[131.4151,32.0803],[131.4229,32.0745],[131.4246,32.0695]],[[131.4138,32.0891],[131.4132,32.0837]],[[131.4146,32.0945],[131.4138,32.0891]],[[131.416,32.1017],[131.4146,32.0945]],[[131.4178,32.1088],[131.4182,32.1077],[131.4165,32.1054],[131.416,32.1017]],[[131.4197,32.1151],[131.4178,32.1088]],[[131.4163,32.1219],[131.4197,32.1151]],[[131.4144,32.1286],[131.4163,32.1219]],[[131.3939,32.1413],[131.4122,32.1318],[131.4144,32.1286]],[[131.3849,32.1421],[131.387,32.1413],[131.3939,32.1413]],[[131.3845,32.1422],[131.3849,32.1421]],[[131.3804,32.1437],[131.3845,32.1422]],[[131.3771,32.1459],[131.3804,32.1437]],[[131.3753,32.1473],[131.3771,32.1459]],[[131.3464,32.1774],[131.3469,32.1739],[131.3481,32.172],[131.3501,32.1717],[131.355,32.1734],[131.359,32.1729],[131.3603,32.1718],[131.361,32.1677],[131.365,32.1659],[131.3648,32.1638],[131.362,32.1622],[131.3555,32.164],[131.3535,32.1633],[131.3522,32.1573],[131.3604,32.1565],[131.3637,32.1517],[131.3692,32.151],[131.3753,32.1473]],[[131.3407,32.1844],[131.343,32.1855],[131.3465,32.1833],[131.3464,32.1774]],[[131.3195,32.2029],[131.3219,32.1996],[131.3209,32.1969],[131.3218,32.1957],[131.3262,32.196],[131.328,32.1984],[131.3301,32.1978],[131.3305,32.1946],[131.334,32.1915],[131.3363,32.1869],[131.3357,32.1813],[131.3381,32.1814],[131.3407,32.1844]],[[131.3143,32.2143],[131.3169,32.2141],[131.3181,32.2129],[131.3183,32.2105],[131.3153,32.2055],[131.3179,32.2047],[131.3195,32.2029]],[[131.3015,32.2071],[131.308,32.2043],[131.3101,32.2062],[131.3082,32.2096],[131.3088,32.2124],[131.3143,32.2143]],[[131.2978,32.2063],[131.3015,32.2071]],[[131.2866,32.2162],[131.2883,32.2129],[131.2923,32.2101],[131.293,32.206],[131.2978,32.2063]],[[131.2841,32.2161],[131.2866,32.2162]],[[131.2677,32.201],[131.2708,32.2016],[131.2719,32.204],[131.2749,32.2026],[131.2772,32.2039],[131.2786,32.2084],[131.2804,32.21],[131.2791,32.2125],[131.2841,32.2161]],[[131.2587,32.2022],[131.2604,32.2032],[131.2625,32.2019],[131.2677,32.201]],[[131.258,32.1951],[131.2587,32.2022]],[[131.2536,32.1952],[131.258,32.1951]],[[131.2442,32.1967],[131.2465,32.199],[131.2487,32.1963],[131.2536,32.1952]],[[131.2403,32.1911],[131.2409,32.1921],[131.2397,32.1946],[131.2442,32.1967]],[[131.2318,32.1866],[131.2338,32.1874],[131.2338,32.1893],[131.2351,32.1904],[131.2403,32.1911]],[[131.2245,32.1888],[131.2271,32.1883],[131.2295,32.1862],[131.2318,32.1866]],[[131.2185,32.1933],[131.218,32.1907],[131.2196,32.1888],[131.2245,32.1888]],[[131.2134,32.1892],[131.214,32.1927],[131.2185,32.1933]],[[131.2112,32.1904],[131.2134,32.1892]],[[131.2077,32.1993],[131.2091,32.1969],[131.2059,32.1929],[131.2103,32.1918],[131.2112,32.1904]],[[131.1977,32.1973],[131.2006,32.1982],[131.2025,32.2017],[131.2053,32.2011],[131.2077,32.1993]],[[131.1932,32.199],[131.194,32.1964],[131.1977,32.1973]],[[131.1932,32.1999],[131.1932,32.199]],[[131.1904,32.2103],[131.1914,32.2075],[131.1938,32.2048],[131.1932,32.1999]],[[131.1814,32.2136],[131.1904,32.2103]],[[131.1806,32.2172],[131.1814,32.2136]],[[131.1734,32.2199],[131.1742,32.2182],[131.1785,32.2193],[131.1804,32.2183],[131.1806,32.2172]],[[131.1653,32.2207],[131.1688,32.2199],[131.172,32.2211],[131.1734,32.2199]],[[131.164,32.2254],[131.1653,32.2207]],[[131.1516,32.2288],[131.1532,32.2282],[131.1545,32.225],[131.1565,32.225],[131.1581,32.2282],[131.1598,32.229],[131.164,32.2254]],[[131.1467,32.2471],[131.1534,32.2424],[131.1532,32.2404],[131.1513,32.2382],[131.1535,32.2364],[131.152,32.2342],[131.1535,32.2321],[131.151,32.2306],[131.1516,32.2288]],[[131.1357,32.2612],[131.1369,32.2587],[131.136,32.2555],[131.138,32.2521],[131.1396,32.2517],[131.1425,32.2461],[131.1467,32.2471]],[[131.1344,32.264],[131.1357,32.2612]],[[131.1317,32.2652],[131.1344,32.264]],[[131.1278,32.2741],[131.1326,32.2697],[131.1329,32.2681],[131.1317,32.2652]],[[131.1367,32.3183],[131.1349,32.3157],[131.1367,32.3134],[131.1323,32.312],[131.1329,32.3102],[131.1303,32.3061],[131.1303,32.3033],[131.1269,32.3039],[131.1261,32.3033],[131.1264,32.2999],[131.1244,32.2962],[131.1276,32.2916],[131.1268,32.2898],[131.1296,32.2894],[131.1297,32.2872],[131.1308,32.2865],[131.1271,32.2808],[131.1288,32.2797],[131.1306,32.2754],[131.1278,32.2741]],[[131.1404,32.3262],[131.1378,32.3238],[131.1395,32.321],[131.1373,32.3198],[131.1367,32.3183]],[[131.1434,32.3298],[131.1404,32.3262]],[[131.1454,32.3467],[131.1437,32.3422],[131.1444,32.3388],[131.1432,32.3376],[131.144,32.3359],[131.1434,32.3298]],[[131.1434,32.3526],[131.1433,32.3505],[131.1451,32.3494],[131.1442,32.348],[131.1454,32.3467]],[[131.1437,32.3562],[131.1434,32.3526]],[[131.1441,32.3567],[131.1437,32.3562]],[[131.1424,32.3713],[131.1418,32.3686],[131.1446,32.3658],[131.1416,32.3618],[131.1422,32.359],[131.1441,32.3567]],[[131.1554,32.3875],[131.1508,32.3844],[131.1499,32.3849],[131.1482,32.3824],[131.1468,32.3825],[131.1453,32.3812],[131.1447,32.3797],[131.1435,32.3801],[131.143,32.378],[131.1441,32.3757],[131.142,32.3725],[131.1424,32.3713]],[[131.1641,32.389],[131.1554,32.3875]],[[131.1655,32.3903],[131.1641,32.389]]]}},{"type":"Feature","properties":{"t":"riviere","km":57,"nom":"耳川"},"geometry":{"type":"MultiLineString","coordinates":[[[131.5946,32.3459],[131.5972,32.3457],[131.5998,32.3424],[131.6049,32.3437],[131.6065,32.342],[131.6066,32.3392],[131.6077,32.3381],[131.6121,32.3392]],[[131.5892,32.3475],[131.5912,32.3459],[131.5946,32.3459]],[[131.571,32.352],[131.5786,32.3533],[131.5812,32.3509],[131.5892,32.3475]],[[131.5638,32.3533],[131.5683,32.3516],[131.571,32.352]],[[131.5464,32.3682],[131.5532,32.3704],[131.5586,32.3685],[131.5626,32.3603],[131.5619,32.3554],[131.5638,32.3533]],[[131.5547,32.3908],[131.5535,32.3861],[131.5495,32.3786],[131.5492,32.3741],[131.5444,32.37],[131.545,32.3686],[131.5464,32.3682]],[[131.5372,32.3967],[131.5392,32.3964],[131.5398,32.3935],[131.5418,32.3918],[131.5477,32.3926],[131.5547,32.3908]],[[131.5267,32.3855],[131.5289,32.386],[131.5319,32.3886],[131.5342,32.3944],[131.5372,32.3967]],[[131.5184,32.389],[131.5209,32.3898],[131.5267,32.3855]],[[131.5153,32.3885],[131.5184,32.389]],[[131.4974,32.4024],[131.498,32.3995],[131.4997,32.3978],[131.5106,32.3897],[131.5153,32.3885]],[[131.4989,32.4037],[131.4974,32.4024]],[[131.5066,32.4089],[131.4989,32.4037]],[[131.4939,32.4271],[131.4959,32.4269],[131.4984,32.4244],[131.5006,32.419],[131.5041,32.4158],[131.506,32.4125],[131.5066,32.4089]],[[131.4827,32.4295],[131.4865,32.4267],[131.4939,32.4271]],[[131.4748,32.4264],[131.4784,32.4296],[131.4827,32.4295]],[[131.469,32.4295],[131.4704,32.4257],[131.4723,32.4251],[131.4748,32.4264]],[[131.4655,32.4312],[131.469,32.4295]],[[131.458,32.431],[131.4655,32.4312]],[[131.4527,32.4316],[131.458,32.431]],[[131.4427,32.4391],[131.4495,32.4369],[131.4509,32.4328],[131.4527,32.4316]],[[131.4346,32.4586],[131.4353,32.4561],[131.4295,32.4531],[131.429,32.4477],[131.4342,32.4431],[131.4414,32.4436],[131.4427,32.4391]],[[131.4241,32.4642],[131.4346,32.4586]],[[131.4182,32.4601],[131.4164,32.4648],[131.4167,32.4666],[131.4194,32.4669],[131.4241,32.4642]],[[131.4134,32.4555],[131.4151,32.4547],[131.4182,32.4551],[131.4192,32.4573],[131.4182,32.4601]],[[131.394,32.4535],[131.3953,32.4575],[131.3972,32.4586],[131.4036,32.4584],[131.4125,32.4566],[131.4134,32.4555]],[[131.3763,32.4637],[131.383,32.463],[131.3847,32.4609],[131.3854,32.4564],[131.3892,32.4528],[131.394,32.4535]],[[131.3754,32.4722],[131.3768,32.4679],[131.3758,32.4649],[131.3763,32.4637]],[[131.3845,32.4882],[131.3789,32.479],[131.3749,32.4761],[131.3754,32.4722]],[[131.3695,32.4908],[131.3699,32.4892],[131.3726,32.4883],[131.3786,32.4918],[131.3842,32.4896],[131.3845,32.4882]],[[131.3673,32.4984],[131.3721,32.4941],[131.3695,32.4908]],[[131.3517,32.5054],[131.3536,32.5042],[131.3577,32.5036],[131.3619,32.4987],[131.3673,32.4984]],[[131.3314,32.5093],[131.334,32.5067],[131.3389,32.5086],[131.3427,32.5082],[131.3404,32.5046],[131.3429,32.5021],[131.3495,32.5053],[131.3517,32.5054]],[[131.3256,32.5099],[131.328,32.5108],[131.3314,32.5093]],[[131.3266,32.4915],[131.3276,32.494],[131.3265,32.4955],[131.3234,32.4967],[131.3232,32.4984],[131.3207,32.5015],[131.3217,32.5058],[131.3251,32.5062],[131.3258,32.5071],[131.3256,32.5099]],[[131.3232,32.4913],[131.3266,32.4915]],[[131.305,32.4989],[131.3076,32.4982],[131.3107,32.5001],[131.3153,32.4988],[131.3166,32.4978],[131.3178,32.494],[131.3232,32.4913]],[[131.3,32.5053],[131.3017,32.5037],[131.3022,32.5011],[131.305,32.4989]],[[131.2931,32.5038],[131.2948,32.5068],[131.297,32.5078],[131.2984,32.5078],[131.3,32.5053]],[[131.2855,32.508],[131.2931,32.5038]],[[131.2796,32.5067],[131.2855,32.508]],[[131.2735,32.5096],[131.2762,32.5087],[131.2777,32.5067],[131.2796,32.5067]],[[131.2719,32.5094],[131.2735,32.5096]],[[131.2697,32.503],[131.2705,32.5075],[131.2719,32.5094]],[[131.2614,32.5035],[131.2632,32.5039],[131.2674,32.5017],[131.2697,32.503]],[[131.2587,32.4927],[131.2598,32.4951],[131.2583,32.4989],[131.2614,32.5035]],[[131.2562,32.4867],[131.2585,32.4892],[131.2587,32.4927]],[[131.2445,32.4895],[131.2474,32.4885],[131.2508,32.4895],[131.2562,32.4867]],[[131.2386,32.4853],[131.2426,32.489],[131.2445,32.4895]],[[131.2377,32.485],[131.2386,32.4853]],[[131.2311,32.4747],[131.2332,32.4754],[131.2311,32.477],[131.2314,32.4797],[131.2355,32.4808],[131.2356,32.4842],[131.2377,32.485]],[[131.2249,32.4736],[131.2278,32.4748],[131.2311,32.4747]],[[131.2177,32.4719],[131.2208,32.4736],[131.2249,32.4736]],[[131.2108,32.4683],[131.2177,32.4719]],[[131.1966,32.4696],[131.2068,32.4675],[131.2108,32.4683]],[[131.1887,32.4691],[131.193,32.4671],[131.1966,32.4696]],[[131.1758,32.4753],[131.1775,32.4754],[131.182,32.4726],[131.1854,32.4734],[131.1863,32.4715],[131.186,32.4698],[131.1887,32.4691]],[[131.1718,32.4742],[131.1758,32.4753]],[[131.1623,32.4706],[131.1695,32.4718],[131.1718,32.4742]],[[131.1545,32.4577],[131.1545,32.4622],[131.1567,32.4654],[131.1611,32.4676],[131.161,32.4692],[131.1623,32.4706]],[[131.1491,32.4599],[131.1545,32.4577]],[[131.1473,32.4602],[131.1491,32.4599]],[[131.1399,32.4654],[131.1473,32.4602]],[[131.1201,32.4738],[131.1233,32.4724],[131.1241,32.4696],[131.1295,32.4658],[131.1346,32.465],[131.1399,32.4654]],[[131.1092,32.4757],[131.1141,32.4741],[131.1201,32.4738]],[[131.0999,32.4865],[131.1028,32.4844],[131.1023,32.4822],[131.1034,32.4805],[131.1092,32.4757]],[[131.0935,32.4873],[131.097,32.4881],[131.0999,32.4865]],[[131.0755,32.4916],[131.076,32.4901],[131.0778,32.4897],[131.0786,32.488],[131.0802,32.4874],[131.0846,32.4878],[131.0887,32.4866],[131.0935,32.4873]],[[131.0733,32.4938],[131.0755,32.4916]],[[131.0728,32.4999],[131.0738,32.4971],[131.0728,32.4957],[131.0733,32.4938]],[[131.0734,32.5009],[131.0728,32.4999]],[[131.0739,32.5184],[131.0744,32.5164],[131.0731,32.5125],[131.0748,32.5102],[131.075,32.507],[131.0742,32.5056],[131.0749,32.5033],[131.0735,32.5022],[131.0734,32.5009]],[[131.0749,32.5255],[131.076,32.5224],[131.0759,32.5196],[131.0739,32.5184]],[[131.0737,32.5368],[131.0747,32.5357],[131.074,32.5322],[131.0752,32.5289],[131.0749,32.5255]],[[131.0697,32.5412],[131.0707,32.5392],[131.0729,32.5382],[131.0737,32.5368]],[[131.0723,32.5492],[131.0716,32.5453],[131.0724,32.5446],[131.0697,32.5412]],[[131.0736,32.562],[131.0749,32.5605],[131.0747,32.5577],[131.0723,32.5573],[131.071,32.5557],[131.0733,32.5536],[131.0723,32.5492]],[[131.0784,32.5696],[131.0752,32.5677],[131.0731,32.5652],[131.0736,32.562]],[[131.0867,32.5647],[131.0784,32.5696]],[[131.0974,32.5623],[131.0927,32.5616],[131.0867,32.5647]]]}},{"type":"Feature","properties":{"t":"riviere","km":54,"nom":"新冠川"},"geometry":{"type":"MultiLineString","coordinates":[[[142.6952,42.7331],[142.6985,42.7321]],[[142.6985,42.7321],[142.7012,42.7301]],[[142.7012,42.7301],[142.7095,42.7275]],[[142.7095,42.7275],[142.7096,42.7266]],[[142.7096,42.7266],[142.7144,42.7247]],[[142.7144,42.7247],[142.7149,42.7181]],[[142.7149,42.7181],[142.7147,42.7159],[142.7157,42.7142]],[[142.7157,42.7142],[142.7201,42.7109]],[[142.7201,42.7109],[142.721,42.7097],[142.7205,42.7074],[142.7221,42.7061],[142.7209,42.7042],[142.7221,42.701]],[[142.7221,42.701],[142.7138,42.694],[142.7123,42.6948]],[[142.7123,42.6948],[142.7061,42.6871],[142.7002,42.6827]],[[142.7002,42.6827],[142.6992,42.6828]],[[142.6992,42.6828],[142.6919,42.6821],[142.6891,42.6832]],[[142.6891,42.6832],[142.6857,42.6827]],[[142.6857,42.6827],[142.6821,42.6749]],[[142.6821,42.6749],[142.6779,42.674]],[[142.6779,42.674],[142.675,42.6729],[142.6723,42.6738],[142.6685,42.6735]],[[142.6685,42.6735],[142.6612,42.6713]],[[142.6612,42.6713],[142.6607,42.6702],[142.6574,42.6696],[142.6547,42.6678],[142.6515,42.668]],[[142.6515,42.668],[142.6499,42.669],[142.6497,42.6709],[142.6473,42.6713],[142.6462,42.673]],[[142.6462,42.673],[142.6445,42.6733],[142.6408,42.6714],[142.6371,42.6729]],[[142.6371,42.6729],[142.6286,42.6698]],[[142.6286,42.6698],[142.6279,42.669],[142.6305,42.6659],[142.6298,42.6638],[142.6255,42.663],[142.6232,42.6587],[142.6215,42.6583]],[[142.6215,42.6583],[142.6154,42.6576],[142.6122,42.6598],[142.6038,42.6612],[142.6004,42.6608],[142.601,42.6643],[142.5964,42.6656],[142.5956,42.6679],[142.5971,42.6723],[142.5931,42.6746],[142.5956,42.6753],[142.5961,42.6766],[142.5939,42.6785],[142.5914,42.6792]],[[142.5914,42.6792],[142.5847,42.6775]],[[142.5847,42.6775],[142.5816,42.6756],[142.5806,42.6732],[142.5813,42.6706],[142.5806,42.6687],[142.5774,42.6684],[142.5733,42.6704],[142.5721,42.6693]],[[142.5721,42.6693],[142.5677,42.6687],[142.5664,42.6655]],[[142.5664,42.6655],[142.5647,42.6616],[142.5667,42.6588],[142.566,42.6532],[142.5678,42.6482]],[[142.5678,42.6482],[142.5691,42.6408]],[[142.5691,42.6408],[142.5588,42.6293]],[[142.5588,42.6293],[142.5573,42.6261],[142.5569,42.6141]],[[142.5569,42.6141],[142.5571,42.6092]],[[142.5571,42.6092],[142.5554,42.6075]],[[142.5554,42.6075],[142.5539,42.6054],[142.5503,42.6045]],[[142.5503,42.6045],[142.5494,42.6038],[142.5499,42.6015],[142.5491,42.6],[142.5455,42.5975],[142.5456,42.5954],[142.5472,42.5941],[142.5465,42.5932],[142.5475,42.5899]],[[142.5475,42.5899],[142.5451,42.5872],[142.5432,42.5828]],[[142.5432,42.5828],[142.5427,42.5787],[142.5442,42.574]],[[142.5442,42.574],[142.5428,42.5716],[142.5366,42.5701],[142.5354,42.5684]],[[142.5354,42.5684],[142.5356,42.5667]],[[142.5356,42.5667],[142.5357,42.5665]],[[142.5357,42.5665],[142.5358,42.5664]],[[142.5358,42.5664],[142.5358,42.566]],[[142.5358,42.566],[142.5384,42.5633],[142.5386,42.5616]],[[142.5386,42.5616],[142.5384,42.5593],[142.534,42.5546],[142.5316,42.5488]],[[142.5316,42.5488],[142.5335,42.5458],[142.5397,42.5426]],[[142.5397,42.5426],[142.5396,42.5409],[142.5424,42.5377],[142.5413,42.5341],[142.5416,42.5312],[142.547,42.5269]],[[142.547,42.5269],[142.5474,42.5237]],[[142.5474,42.5237],[142.543,42.5218],[142.5386,42.522],[142.5359,42.5247],[142.5333,42.5245],[142.5326,42.5231]],[[142.5326,42.5231],[142.531,42.5187],[142.5287,42.5179],[142.5286,42.5154],[142.527,42.5147],[142.5279,42.5128]],[[142.5279,42.5128],[142.5279,42.5117],[142.527,42.5113],[142.5212,42.5112],[142.5211,42.5097]],[[142.5211,42.5097],[142.5172,42.5077],[142.5147,42.5081]],[[142.5147,42.5081],[142.5115,42.5094],[142.5109,42.5111],[142.5075,42.5119]],[[142.5075,42.5119],[142.504,42.512]],[[142.504,42.512],[142.5027,42.511],[142.4967,42.5108],[142.4957,42.5092]],[[142.4957,42.5092],[142.4911,42.5059],[142.4885,42.505],[142.4866,42.5058]],[[142.4866,42.5058],[142.4843,42.5062],[142.4827,42.505],[142.4805,42.5057],[142.4753,42.5042],[142.4704,42.5056]],[[142.4704,42.5056],[142.4647,42.5042],[142.4607,42.5047]],[[142.4607,42.5047],[142.4582,42.5055]],[[142.4582,42.5055],[142.4531,42.5079]],[[142.4531,42.5079],[142.4514,42.5094]],[[142.4514,42.5094],[142.4473,42.5112]],[[142.4473,42.5112],[142.44,42.5033],[142.4393,42.4985]],[[142.4393,42.4985],[142.4382,42.493]],[[142.4382,42.493],[142.434,42.4899],[142.4336,42.4884]],[[142.4336,42.4884],[142.4323,42.4828],[142.4263,42.4807]],[[142.4263,42.4807],[142.4262,42.4807]],[[142.4262,42.4807],[142.4248,42.4799]],[[142.4248,42.4799],[142.4233,42.4783],[142.4215,42.4736]],[[142.4215,42.4736],[142.4208,42.4716],[142.4191,42.4706]],[[142.4191,42.4706],[142.4172,42.4697]],[[142.4172,42.4697],[142.4147,42.4673]],[[142.4147,42.4673],[142.4111,42.4622],[142.4109,42.4581]],[[142.4109,42.4581],[142.409,42.4562]],[[142.409,42.4562],[142.409,42.453]],[[142.409,42.453],[142.4102,42.4521],[142.4094,42.4494],[142.4111,42.4468]],[[142.4111,42.4468],[142.4101,42.4449],[142.4111,42.4421],[142.4075,42.4388]],[[142.4075,42.4388],[142.4066,42.4317],[142.4087,42.4269],[142.4085,42.4245]],[[142.4085,42.4245],[142.4048,42.424],[142.4026,42.4224],[142.4,42.4167],[142.4011,42.4124],[142.4006,42.4097],[142.3983,42.4086]],[[142.3983,42.4086],[142.3967,42.4058],[142.3948,42.405]],[[142.3948,42.405],[142.3906,42.4027]],[[142.3906,42.4027],[142.3888,42.4021]],[[142.3888,42.4021],[142.382,42.3975],[142.3788,42.3973],[142.3768,42.3981]],[[142.3768,42.3981],[142.3753,42.3982],[142.3705,42.3943],[142.3714,42.3913],[142.37,42.3897]],[[142.37,42.3897],[142.3623,42.3896],[142.3558,42.3877]],[[142.3558,42.3877],[142.3425,42.3847]],[[142.3425,42.3847],[142.3362,42.3852],[142.332,42.3779]],[[142.332,42.3779],[142.3297,42.3748],[142.3297,42.371],[142.3271,42.369]],[[142.3271,42.369],[142.3236,42.3678],[142.32,42.3685]],[[142.32,42.3685],[142.3179,42.3702],[142.3135,42.3711]],[[142.3135,42.3711],[142.3104,42.372],[142.3079,42.366],[142.3054,42.3625]],[[142.3054,42.3625],[142.3047,42.3615]],[[142.5355,42.5675],[142.5362,42.5657]]]}},{"type":"Feature","properties":{"t":"riviere","km":108,"nom":"長良川"},"geometry":{"type":"MultiLineString","coordinates":[[[136.7037,35.0714],[136.7085,35.0648],[136.7113,35.058],[136.7095,35.055]],[[136.6773,35.1287],[136.6765,35.1239],[136.672,35.1162],[136.6722,35.1125],[136.6746,35.1044],[136.678,35.0998],[136.6877,35.0923],[136.7037,35.0714]],[[136.6712,35.143],[136.6728,35.1356],[136.6773,35.1287]],[[136.6741,35.1588],[136.6712,35.143]],[[136.6732,35.1904],[136.6713,35.1748],[136.6741,35.1588]],[[136.6709,35.2427],[136.6738,35.2248],[136.6753,35.2089],[136.675,35.1981],[136.6732,35.1904]],[[136.6755,35.2841],[136.6762,35.2801],[136.6754,35.2747],[136.6734,35.2702],[136.668,35.2627],[136.6663,35.2571],[136.6666,35.2518],[136.6709,35.2427]],[[136.6723,35.2909],[136.6755,35.2841]],[[136.6689,35.3186],[136.6655,35.3134],[136.6647,35.3084],[136.6697,35.2985],[136.6723,35.2909]],[[136.6885,35.3516],[136.6888,35.3376],[136.6863,35.3296],[136.6816,35.3258],[136.6728,35.3216],[136.6689,35.3186]],[[136.6886,35.3549],[136.6885,35.3516]],[[136.6903,35.366],[136.6886,35.3549]],[[136.7061,35.3833],[136.7011,35.3771],[136.6927,35.37],[136.6903,35.366]],[[136.7017,35.3998],[136.7072,35.3863],[136.7061,35.3833]],[[136.7073,35.4111],[136.7037,35.4083],[136.7017,35.4039],[136.7017,35.3998]],[[136.731,35.4194],[136.719,35.4197],[136.7073,35.4111]],[[136.7625,35.4335],[136.7584,35.4309],[136.7465,35.4288],[136.744,35.4269],[136.7419,35.4221],[136.7396,35.4197],[136.7364,35.419],[136.731,35.4194]],[[136.8024,35.4404],[136.7944,35.4382],[136.7886,35.4381],[136.7814,35.4397],[136.7711,35.4396],[136.7625,35.4335]],[[136.8048,35.4432],[136.8024,35.4404]],[[136.8109,35.4462],[136.8048,35.4432]],[[136.812,35.4466],[136.8109,35.4462]],[[136.8263,35.4455],[136.812,35.4466]],[[136.8327,35.453],[136.8288,35.4473],[136.8263,35.4455]],[[136.8349,35.4559],[136.8327,35.453]],[[136.837,35.4613],[136.8349,35.4559]],[[136.8341,35.4687],[136.837,35.4613]],[[136.8427,35.4871],[136.841,35.4865],[136.8396,35.4842],[136.8407,35.4766],[136.8341,35.4687]],[[136.8556,35.487],[136.8481,35.4851],[136.8427,35.4871]],[[136.8963,35.5074],[136.8965,35.5042],[136.8816,35.502],[136.8776,35.4969],[136.8698,35.4957],[136.8621,35.4929],[136.8556,35.487]],[[136.8884,35.5171],[136.8963,35.5074]],[[136.8892,35.5251],[136.887,35.5215],[136.8883,35.5196],[136.8884,35.5171]],[[136.8964,35.5312],[136.8892,35.5251]],[[136.8997,35.5366],[136.8995,35.5336],[136.8964,35.5312]],[[136.8989,35.5423],[136.8999,35.5397],[136.8997,35.5366]],[[136.9125,35.5597],[136.911,35.5525],[136.9001,35.5455],[136.8988,35.5439],[136.8989,35.5423]],[[136.9194,35.5694],[136.9165,35.5665],[136.9125,35.5597]],[[136.9301,35.5741],[136.9304,35.5731],[136.9281,35.5694],[136.9217,35.5707],[136.9194,35.5694]],[[136.9457,35.5727],[136.9433,35.5766],[136.9398,35.5778],[136.9348,35.5774],[136.9301,35.5741]],[[136.9495,35.5752],[136.9486,35.5732],[136.9457,35.5727]],[[136.9491,35.5776],[136.9495,35.5752]],[[136.9436,35.5836],[136.9436,35.5807],[136.9484,35.579],[136.9491,35.5776]],[[136.9563,35.6002],[136.9588,35.5986],[136.9587,35.5968],[136.9553,35.5956],[136.9522,35.5925],[136.9464,35.59],[136.9436,35.5836]],[[136.9433,35.5991],[136.9456,35.5974],[136.9489,35.597],[136.9563,35.6002]],[[136.9374,35.6048],[136.9368,35.6042],[136.9374,35.6025],[136.9404,35.6023],[136.9433,35.5991]],[[136.9379,35.6053],[136.9374,35.6048]],[[136.9396,35.6061],[136.9379,35.6053]],[[136.9414,35.6141],[136.9433,35.613],[136.945,35.6096],[136.9441,35.6081],[136.9396,35.6061]],[[136.9482,35.6221],[136.9464,35.6193],[136.9415,35.6171],[136.9414,35.6141]],[[136.9502,35.6286],[136.9481,35.6253],[136.9482,35.6221]],[[136.9513,35.6322],[136.9517,35.6306],[136.9502,35.6286]],[[136.9479,35.6397],[136.9483,35.6371],[136.9513,35.6322]],[[136.9479,35.6397],[136.9479,35.6397]],[[136.9481,35.651],[136.9494,35.6458],[136.9479,35.6397]],[[136.9551,35.6566],[136.9553,35.6545],[136.9537,35.6539],[136.9491,35.6573],[136.9466,35.6566],[136.9459,35.6543],[136.9481,35.651]],[[136.9524,35.6615],[136.9551,35.6566]],[[136.9518,35.6622],[136.9524,35.6615]],[[136.9571,35.669],[136.9507,35.6653],[136.9518,35.6622]],[[136.9621,35.6699],[136.9571,35.669]],[[136.9628,35.6731],[136.9639,35.6709],[136.9621,35.6699]],[[136.9656,35.6792],[136.9636,35.6782],[136.9594,35.6801],[136.9573,35.6782],[136.9588,35.6759],[136.9628,35.6731]],[[136.9666,35.6831],[136.9668,35.6808],[136.9656,35.6792]],[[136.96,35.6855],[136.9648,35.6845],[136.9666,35.6831]],[[136.948,35.6918],[136.9507,35.6863],[136.9521,35.6854],[136.96,35.6855]],[[136.9513,35.695],[136.9463,35.6951],[136.9459,35.694],[136.948,35.6918]],[[136.9508,35.6972],[136.9513,35.695]],[[136.9501,35.6997],[136.9508,35.6972]],[[136.9486,35.701],[136.9501,35.6997]],[[136.9462,35.7038],[136.9486,35.701]],[[136.9525,35.7116],[136.9514,35.7069],[136.9462,35.7038]],[[136.9525,35.7119],[136.9525,35.7116]],[[136.9457,35.7216],[136.9457,35.7197],[136.947,35.7179],[136.9501,35.7173],[136.9531,35.7143],[136.9525,35.7119]],[[136.9524,35.7343],[136.9529,35.7289],[136.9522,35.7272],[136.9496,35.726],[136.9457,35.7216]],[[136.9474,35.7381],[136.9524,35.7343]],[[136.9474,35.7487],[136.9457,35.7426],[136.9463,35.7391],[136.9474,35.7381]],[[136.9396,35.7579],[136.9474,35.7487]],[[136.9399,35.7673],[136.9387,35.7624],[136.9396,35.7579]],[[136.9326,35.7691],[136.9364,35.7695],[136.9399,35.7673]],[[136.9284,35.7747],[136.9294,35.7739],[136.9283,35.7709],[136.9289,35.7693],[136.9326,35.7691]],[[136.9265,35.7758],[136.9284,35.7747]],[[136.9199,35.7794],[136.9238,35.779],[136.9265,35.7758]],[[136.9185,35.7793],[136.9199,35.7794]],[[136.913,35.7825],[136.9153,35.78],[136.9185,35.7793]],[[136.9104,35.788],[136.913,35.7825]],[[136.9097,35.7921],[136.9104,35.788]],[[136.908,35.7968],[136.9097,35.7921]],[[136.9038,35.8018],[136.908,35.7968]],[[136.8991,35.8082],[136.9,35.8046],[136.9038,35.8018]],[[136.8909,35.817],[136.8991,35.8082]],[[136.8865,35.8236],[136.8878,35.8206],[136.8909,35.817]],[[136.8859,35.8305],[136.8865,35.8236]],[[136.8861,35.8322],[136.8859,35.8305]],[[136.8864,35.8332],[136.8861,35.8322]],[[136.8864,35.8335],[136.8864,35.8332]],[[136.8817,35.8416],[136.8848,35.8395],[136.8864,35.8335]],[[136.8818,35.8462],[136.8817,35.8416]],[[136.8769,35.8486],[136.8782,35.847],[136.8818,35.8462]],[[136.8655,35.8518],[136.8692,35.8499],[136.8733,35.8505],[136.8769,35.8486]],[[136.8549,35.858],[136.8582,35.8544],[136.8655,35.8518]],[[136.8544,35.8667],[136.8564,35.8637],[136.8557,35.8613]],[[136.8544,35.867],[136.8544,35.8667]],[[136.8563,35.8721],[136.854,35.8699],[136.8544,35.867]],[[136.8571,35.8741],[136.8563,35.8721]],[[136.8553,35.8798],[136.8571,35.8741]],[[136.8561,35.8943],[136.8548,35.8889],[136.8561,35.884],[136.8553,35.8798]],[[136.8548,35.8973],[136.8561,35.8943]],[[136.8521,35.9028],[136.8548,35.8973]],[[136.851,35.9051],[136.8521,35.9028]],[[136.8462,35.9132],[136.8479,35.9085],[136.851,35.9051]],[[136.8439,35.9146],[136.8462,35.9132]],[[136.8363,35.9168],[136.8399,35.9171],[136.8439,35.9146]],[[136.8329,35.9234],[136.8343,35.918],[136.8363,35.9168]],[[136.8308,35.928],[136.8329,35.9252],[136.8329,35.9234]],[[136.8344,35.933],[136.8305,35.9304],[136.8308,35.928]],[[136.8366,35.9396],[136.8366,35.9373],[136.8344,35.933]],[[136.8498,35.9401],[136.8459,35.9377],[136.8421,35.9383],[136.8398,35.9398],[136.8366,35.9396]],[[136.8523,35.9405],[136.8498,35.9401]],[[136.8551,35.9393],[136.8523,35.9405]],[[136.8572,35.9375],[136.8551,35.9393]],[[136.8613,35.9404],[136.86,35.9404],[136.859,35.9376],[136.8572,35.9375]],[[136.8671,35.9405],[136.8644,35.9397],[136.8613,35.9404]],[[136.8723,35.944],[136.8683,35.9436],[136.8688,35.9424],[136.8671,35.9405]],[[136.8791,35.9568],[136.8811,35.9563],[136.8803,35.9557],[136.8808,35.953],[136.879,35.9491],[136.8745,35.9461],[136.8744,35.9448],[136.8723,35.944]],[[136.8782,35.959],[136.8791,35.9568]],[[136.8817,35.9675],[136.8817,35.9655],[136.8784,35.963],[136.8793,35.9611],[136.8782,35.959]],[[136.8861,35.9734],[136.8845,35.9695],[136.8817,35.9675]],[[136.8939,35.9783],[136.8911,35.9757],[136.8886,35.9754],[136.8861,35.9734]],[[136.895,35.9858],[136.8942,35.9841],[136.8947,35.9827],[136.8924,35.9805],[136.8947,35.9795],[136.8939,35.9783]],[[136.9189,35.9941],[136.9165,35.9949],[136.9134,35.9944],[136.9121,35.9952],[136.9057,35.9903],[136.9016,35.9894],[136.895,35.9858]],[[136.9302,35.9854],[136.9303,35.9876],[136.9256,35.9909],[136.9255,35.9924],[136.9232,35.9923],[136.9189,35.9941]],[[136.9307,35.9853],[136.9302,35.9854]]]}},{"type":"Feature","properties":{"t":"riviere","km":54,"nom":"美里別川"},"geometry":{"type":"MultiLineString","coordinates":[[[143.5615,43.1495],[143.5658,43.1491],[143.5679,43.1478],[143.5662,43.1428],[143.5619,43.1403],[143.5626,43.139],[143.5654,43.1381],[143.5735,43.138],[143.5787,43.1329],[143.5809,43.132],[143.5905,43.1336],[143.5956,43.1299],[143.606,43.1274]],[[143.5523,43.1497],[143.5571,43.1505],[143.5615,43.1495]],[[143.5369,43.1601],[143.5389,43.1608],[143.5415,43.1603],[143.5433,43.1553],[143.5501,43.1502],[143.5523,43.1497]],[[143.5139,43.1614],[143.5152,43.1618],[143.5163,43.1609],[143.5155,43.1585],[143.5164,43.1563],[143.5185,43.1549],[143.523,43.1592],[143.5337,43.1557],[143.535,43.1564],[143.5369,43.1601]],[[143.5043,43.1586],[143.5093,43.159],[143.5139,43.1614]],[[143.5014,43.1629],[143.5004,43.1598],[143.5043,43.1586]],[[143.4962,43.171],[143.5006,43.1687],[143.5014,43.1629]],[[143.4943,43.1719],[143.4962,43.171]],[[143.4874,43.1848],[143.4917,43.182],[143.4911,43.1772],[143.4943,43.1719]],[[143.4817,43.1901],[143.4874,43.1848]],[[143.4781,43.1979],[143.4779,43.196],[143.4817,43.1901]],[[143.4787,43.214],[143.4806,43.2092],[143.4786,43.2066],[143.4796,43.2003],[143.4781,43.1979]],[[143.4791,43.2333],[143.4772,43.2291],[143.4781,43.2282],[143.4772,43.2226],[143.4808,43.2198],[143.4814,43.2182],[143.4787,43.214]],[[143.4783,43.2383],[143.4796,43.2354],[143.4791,43.2333]],[[143.4783,43.2399],[143.4783,43.2383]],[[143.4781,43.2434],[143.4783,43.2399]],[[143.4731,43.2494],[143.4763,43.2467],[143.4781,43.2434]],[[143.4721,43.2502],[143.4731,43.2494]],[[143.4572,43.2538],[143.4721,43.2502]],[[143.4397,43.2621],[143.4495,43.2562],[143.4549,43.2553],[143.4572,43.2538]],[[143.4384,43.2625],[143.4397,43.2621]],[[143.4309,43.2728],[143.4353,43.2692],[143.4356,43.2642],[143.4384,43.2625]],[[143.4286,43.2803],[143.428,43.2767],[143.4309,43.2728]],[[143.433,43.2923],[143.4276,43.2839],[143.4286,43.2803]],[[143.4367,43.3049],[143.4369,43.3027],[143.4327,43.2955],[143.433,43.2923]],[[143.4376,43.3091],[143.4367,43.3049]],[[143.4378,43.3135],[143.439,43.312],[143.4376,43.3091]],[[143.4303,43.3238],[143.434,43.3211],[143.4378,43.3135]],[[143.426,43.326],[143.4279,43.3257],[143.4289,43.3242],[143.4303,43.3238]],[[143.4136,43.3295],[143.4165,43.3267],[143.4202,43.3259],[143.423,43.3264],[143.4247,43.3254],[143.426,43.326]],[[143.3946,43.3448],[143.3946,43.3438],[143.3999,43.3384],[143.4091,43.3354],[143.4136,43.3295]],[[143.3923,43.3466],[143.3946,43.3448]],[[143.3888,43.3625],[143.3868,43.3601],[143.3888,43.3541],[143.3921,43.3519],[143.3923,43.3466]],[[143.3834,43.3678],[143.3888,43.3625]],[[143.3756,43.3786],[143.3796,43.3729],[143.3799,43.3704],[143.3834,43.3678]],[[143.367,43.3832],[143.3694,43.381],[143.3715,43.381],[143.3756,43.3786]],[[143.358,43.3994],[143.3602,43.3963],[143.3659,43.394],[143.3664,43.3906],[143.3651,43.3878],[143.3665,43.3862],[143.367,43.3832]],[[143.3501,43.4112],[143.3515,43.4073],[143.3554,43.4059],[143.3556,43.4027],[143.358,43.3994]],[[143.349,43.4295],[143.3488,43.4254],[143.3478,43.4237],[143.3487,43.4192],[143.348,43.4179],[143.3508,43.4147],[143.3496,43.4123],[143.3501,43.4112]],[[143.3502,43.4355],[143.349,43.4295]],[[143.3508,43.4565],[143.3521,43.4551],[143.3512,43.449],[143.3527,43.447],[143.3517,43.4439],[143.3529,43.4392],[143.3514,43.436],[143.3502,43.4355]],[[143.3392,43.4639],[143.3403,43.4637],[143.3405,43.4625],[143.3429,43.4623],[143.3467,43.4601],[143.3508,43.4565]],[[143.3359,43.4819],[143.3359,43.4805],[143.332,43.4776],[143.334,43.4762],[143.3343,43.4741],[143.3355,43.4732],[143.3355,43.4704],[143.3341,43.4689],[143.336,43.4676],[143.3357,43.4661],[143.3392,43.4639]],[[143.3371,43.4934],[143.3394,43.4924],[143.3405,43.4898],[143.3389,43.4885],[143.3388,43.4853],[143.3359,43.4819]],[[143.3382,43.5039],[143.3363,43.5031],[143.3376,43.5001],[143.3362,43.4994],[143.3368,43.498],[143.3352,43.4966],[143.3371,43.4934]],[[143.3388,43.5048],[143.3382,43.5039]],[[143.2864,43.5399],[143.2924,43.5369],[143.2966,43.5334],[143.3014,43.5335],[143.3151,43.53],[143.3198,43.5312],[143.3211,43.5297],[143.3427,43.5199],[143.343,43.5189],[143.341,43.5175],[143.3388,43.5107],[143.3403,43.5079],[143.3388,43.5048]],[[143.2789,43.5435],[143.2816,43.5429],[143.2824,43.5415],[143.2864,43.5399]],[[143.2614,43.5489],[143.2709,43.5468],[143.2789,43.5435]]]}},{"type":"Feature","properties":{"t":"riviere","km":58,"nom":"木津川"},"geometry":{"type":"MultiLineString","coordinates":[[[136.2568,34.7187],[136.2542,34.7204],[136.2519,34.7189],[136.2486,34.7184],[136.2463,34.7136],[136.2462,34.7113],[136.2406,34.7079],[136.2407,34.7067],[136.2391,34.7064]],[[136.2391,34.7064],[136.2369,34.7074]],[[136.2369,34.7074],[136.2284,34.7003]],[[136.2284,34.7003],[136.2207,34.6962]],[[136.2207,34.6962],[136.2176,34.6953],[136.2131,34.6899],[136.2096,34.6884]],[[136.2096,34.6884],[136.206,34.6847]],[[136.206,34.6847],[136.2029,34.6834],[136.2004,34.6797],[136.2018,34.6772]],[[136.2018,34.6772],[136.2012,34.6761],[136.1976,34.6757],[136.1945,34.6739],[136.1886,34.6735]],[[136.1886,34.6735],[136.1843,34.6713]],[[136.1843,34.6713],[136.1795,34.6715],[136.1712,34.6668]],[[136.1712,34.6668],[136.1647,34.6657],[136.1652,34.6631],[136.1645,34.6623]],[[136.1645,34.6623],[136.1607,34.6624]],[[136.1607,34.6624],[136.1607,34.6655],[136.1555,34.6699],[136.1556,34.6767]],[[136.1556,34.6767],[136.1516,34.6805],[136.1513,34.684]],[[136.1513,34.684],[136.151,34.6855]],[[136.151,34.6855],[136.1518,34.6899],[136.1577,34.6953],[136.1579,34.6977],[136.1557,34.703]],[[136.1557,34.703],[136.1528,34.7076]],[[136.1528,34.7076],[136.153,34.7126],[136.1503,34.7199]],[[136.1503,34.7199],[136.1501,34.7225],[136.1482,34.7252],[136.1431,34.7279]],[[136.1431,34.7279],[136.1394,34.7297]],[[136.1394,34.7297],[136.1386,34.7304]],[[136.1386,34.7304],[136.1348,34.7328],[136.1306,34.7384]],[[136.1306,34.7384],[136.1236,34.7425]],[[136.1236,34.7425],[136.1231,34.7431]],[[136.1231,34.7431],[136.1194,34.7448]],[[136.1194,34.7448],[136.1177,34.7458]],[[136.1177,34.7458],[136.1168,34.7473],[136.1165,34.7526],[136.1171,34.7558],[136.1184,34.7571]],[[136.1184,34.7571],[136.1151,34.7604],[136.1122,34.7665]],[[136.1122,34.7665],[136.1122,34.771],[136.1102,34.7744]],[[136.1102,34.7744],[136.1095,34.7751]],[[136.1095,34.7751],[136.107,34.777]],[[136.107,34.777],[136.1065,34.7776]],[[136.1065,34.7776],[136.1032,34.7792],[136.1017,34.7789]],[[136.1017,34.7789],[136.0977,34.7768],[136.0948,34.7785],[136.0926,34.7781],[136.0877,34.7794]],[[136.0877,34.7794],[136.0867,34.7791]],[[136.0867,34.7791],[136.0851,34.7734],[136.0797,34.7759],[136.0751,34.775]],[[136.0751,34.775],[136.0731,34.7738]],[[136.0731,34.7738],[136.0697,34.7741]],[[136.0697,34.7741],[136.0661,34.7734],[136.0628,34.7752]],[[136.0628,34.7752],[136.0606,34.7743],[136.0598,34.7711]],[[136.0598,34.7711],[136.0562,34.765]],[[136.0562,34.765],[136.0544,34.7635],[136.05,34.7624]],[[136.05,34.7624],[136.0464,34.761]],[[136.0464,34.761],[136.0427,34.7578],[136.0403,34.7575]],[[136.0403,34.7575],[136.038,34.7565],[136.0344,34.7569],[136.0302,34.7559],[136.0282,34.7584],[136.0236,34.7589],[136.0199,34.761],[136.0151,34.7585],[136.0114,34.7588]],[[136.0114,34.7588],[136.007,34.7645],[136.004,34.7609],[136.0017,34.7611],[135.9994,34.76],[135.9965,34.7606]],[[135.9965,34.7606],[135.9948,34.7621]],[[135.9948,34.7621],[135.9936,34.7654],[135.9946,34.77]],[[135.9946,34.77],[135.993,34.771]],[[135.993,34.771],[135.9905,34.7714],[135.9848,34.7697],[135.982,34.764],[135.9784,34.7622],[135.9722,34.7615],[135.9688,34.7644]],[[135.9688,34.7644],[135.9648,34.7654]],[[135.9648,34.7654],[135.9569,34.7653],[135.954,34.7645],[135.953,34.763]],[[135.953,34.763],[135.952,34.7613]],[[135.952,34.7613],[135.9452,34.7578],[135.9381,34.7593]],[[135.9381,34.7593],[135.9357,34.7613],[135.9281,34.7611],[135.9215,34.7642],[135.9159,34.7644]],[[135.9159,34.7644],[135.9033,34.7662],[135.9013,34.765]],[[135.9013,34.765],[135.897,34.7627]],[[135.897,34.7627],[135.8931,34.7613],[135.8852,34.7622]],[[135.8852,34.7622],[135.8814,34.764],[135.8764,34.7648]],[[135.8764,34.7648],[135.8743,34.7643],[135.8723,34.7618]],[[135.8723,34.7618],[135.8679,34.7585]],[[135.8679,34.7585],[135.8634,34.757]],[[135.8634,34.757],[135.8578,34.756],[135.8547,34.7569],[135.8529,34.7586]],[[135.8529,34.7586],[135.8523,34.7598]],[[135.8523,34.7598],[135.85,34.7621],[135.8473,34.7617],[135.8427,34.7577],[135.8411,34.7549],[135.8323,34.7491],[135.829,34.7451],[135.8193,34.7425],[135.8164,34.7433],[135.8086,34.7426]],[[135.8086,34.7426],[135.8068,34.7431],[135.8045,34.746],[135.8035,34.7493],[135.8047,34.7526]],[[135.8047,34.7526],[135.8081,34.7627],[135.8077,34.7642],[135.8051,34.7658],[135.803,34.7686],[135.8029,34.7729],[135.8015,34.7767],[135.8046,34.7826],[135.8045,34.7864],[135.8038,34.7885],[135.8011,34.7905],[135.7961,34.7984],[135.7974,34.8006],[135.8017,34.804],[135.8034,34.8114],[135.7955,34.8189],[135.791,34.8209],[135.7905,34.8222]],[[135.7905,34.8222],[135.7833,34.829]],[[135.7833,34.829],[135.7811,34.8309],[135.773,34.8346]],[[135.773,34.8346],[135.7662,34.8323],[135.7619,34.8345]],[[135.7619,34.8345],[135.7592,34.8377],[135.7576,34.843],[135.7521,34.8519],[135.7528,34.8582],[135.7516,34.8604],[135.754,34.8632],[135.7529,34.8653],[135.7461,34.8709],[135.7407,34.8727],[135.7344,34.8728]],[[135.7344,34.8728],[135.7302,34.8773],[135.7246,34.8796],[135.7232,34.8814],[135.7151,34.8819],[135.7113,34.8833]],[[135.7113,34.8833],[135.7105,34.8835]],[[135.7105,34.8835],[135.7064,34.8853],[135.7007,34.8895]],[[135.7007,34.8895],[135.6894,34.8892],[135.6848,34.8874],[135.6806,34.8841]]]}},{"type":"Feature","properties":{"t":"riviere","km":87,"nom":"雨竜川"},"geometry":{"type":"MultiLineString","coordinates":[[[141.9173,43.6913],[141.9147,43.6898],[141.9076,43.69],[141.899,43.6861],[141.8984,43.6847],[141.9,43.6815],[141.9059,43.6789],[141.9146,43.6772],[141.9175,43.6692],[141.9168,43.6644],[141.9103,43.6585],[141.9075,43.6471],[141.9076,43.6428],[141.9129,43.6371]],[[141.9142,43.7823],[141.9108,43.7754],[141.8975,43.7671],[141.8975,43.7625],[141.8955,43.7526],[141.8968,43.7481],[141.8983,43.7462],[141.9087,43.744],[141.9089,43.7383],[141.9129,43.7289],[141.9066,43.7207],[141.9055,43.7164],[141.9082,43.7101],[141.9139,43.7067],[141.9193,43.6991],[141.917,43.6949],[141.9173,43.6913]],[[142.0353,43.8233],[142.0343,43.8217],[142.0307,43.8201],[142.0161,43.8201],[142.0124,43.8187],[142.0146,43.8118],[142.0126,43.8022],[142.0091,43.7976],[142.0038,43.7996],[142.0029,43.8045],[141.9968,43.8096],[141.9958,43.8137],[141.9933,43.8141],[141.98,43.8087],[141.9747,43.8082],[141.9664,43.8093],[141.9573,43.8046],[141.9449,43.802],[141.9374,43.7983],[141.9369,43.7966],[141.9381,43.7926],[141.9358,43.7903],[141.9298,43.7894],[141.9142,43.7823]],[[142.1108,43.8954],[142.1093,43.894],[142.1065,43.8941],[142.1028,43.8927],[142.1006,43.891],[142.0986,43.8875],[142.1006,43.8824],[142.1038,43.8806],[142.105,43.8782],[142.1035,43.8751],[142.0993,43.8717],[142.0992,43.8702],[142.1012,43.8667],[142.1072,43.8618],[142.1084,43.8573],[142.1075,43.8543],[142.106,43.8534],[142.104,43.8532],[142.1,43.8547],[142.0971,43.8538],[142.095,43.8468],[142.0998,43.8422],[142.098,43.8349],[142.0948,43.8344],[142.0891,43.8379],[142.0835,43.8352],[142.0802,43.8351],[142.0595,43.8412],[142.0473,43.836],[142.043,43.833],[142.0391,43.8321],[142.0353,43.8233]],[[142.1087,43.9097],[142.1063,43.9034],[142.1106,43.8972],[142.1108,43.8954]],[[142.1069,43.9119],[142.1087,43.9097]],[[142.1005,43.9121],[142.1029,43.9112],[142.1069,43.9119]],[[142.0906,43.9177],[142.0924,43.9153],[142.1005,43.9121]],[[142.0898,43.9213],[142.0906,43.9177]],[[142.0886,43.9257],[142.0899,43.9246],[142.0898,43.9213]],[[142.0843,43.9249],[142.0886,43.9257]],[[142.0811,43.9242],[142.0843,43.9249]],[[142.0807,43.9241],[142.0811,43.9242]],[[142.0767,43.9238],[142.0807,43.9241]],[[142.0722,43.9343],[142.0733,43.9262],[142.0767,43.9238]],[[142.0732,43.9382],[142.0722,43.9343]],[[142.0797,43.9532],[142.0765,43.9474],[142.0721,43.9425],[142.0732,43.9382]],[[142.0846,43.9599],[142.0813,43.9573],[142.0797,43.9532]],[[142.092,43.9677],[142.0891,43.9634],[142.0846,43.9599]],[[142.0986,43.9883],[142.0976,43.987],[142.1015,43.9783],[142.0982,43.9722],[142.092,43.9677]],[[142.1125,43.9888],[142.1068,43.9901],[142.1034,43.9923],[142.1022,43.9914],[142.1016,43.9891],[142.0986,43.9883]],[[142.1217,43.9839],[142.117,43.9849],[142.1125,43.9888]],[[142.1337,43.9896],[142.1271,43.9842],[142.1217,43.9839]],[[142.1377,44.0058],[142.1325,44.0024],[142.129,43.9975],[142.1303,43.9946],[142.1347,43.9915],[142.1337,43.9896]],[[142.1522,44.0152],[142.1488,44.012],[142.1417,44.0102],[142.1377,44.0058]],[[142.1357,44.0293],[142.1367,44.027],[142.142,44.0225],[142.1495,44.0206],[142.1521,44.0179],[142.1522,44.0152]],[[142.136,44.0396],[142.1348,44.0363],[142.1357,44.0293]],[[142.1363,44.0452],[142.136,44.0396]],[[142.1368,44.0515],[142.1374,44.0485],[142.1363,44.0452]],[[142.1383,44.0524],[142.1368,44.0515]],[[142.1429,44.053],[142.1383,44.0524]],[[142.1469,44.0658],[142.1472,44.0651],[142.1444,44.0608],[142.1453,44.0576],[142.1443,44.0539],[142.1429,44.053]],[[142.1462,44.0699],[142.146,44.0671],[142.1469,44.0658]],[[142.1462,44.0715],[142.1462,44.0699]],[[142.1471,44.0816],[142.1479,44.0788],[142.1453,44.0751],[142.1462,44.0715]],[[142.1464,44.0841],[142.1471,44.0816]],[[142.1478,44.0858],[142.1464,44.0841]],[[142.154,44.0894],[142.1525,44.0866],[142.1478,44.0858]],[[142.1487,44.0958],[142.1529,44.0922],[142.154,44.0894]],[[142.1398,44.102],[142.1446,44.1005],[142.1452,44.0985],[142.1487,44.0958]],[[142.1395,44.1026],[142.1398,44.102]],[[142.1403,44.1107],[142.1399,44.1086],[142.1413,44.1065],[142.1395,44.1026]],[[142.1418,44.1135],[142.1403,44.1107]],[[142.1434,44.1152],[142.1418,44.1135]],[[142.1441,44.1158],[142.1434,44.1152]],[[142.145,44.1161],[142.1441,44.1158]],[[142.1498,44.1178],[142.145,44.1161]],[[142.1543,44.1189],[142.1498,44.1178]],[[142.1594,44.1192],[142.1543,44.1189]],[[142.1632,44.1221],[142.1594,44.1192]],[[142.1659,44.1254],[142.1632,44.1221]],[[142.1666,44.1284],[142.1659,44.1254]],[[142.1639,44.1375],[142.1666,44.1284]],[[142.163,44.1432],[142.1639,44.1375]],[[142.1638,44.1532],[142.1626,44.148],[142.163,44.1432]],[[142.1638,44.1533],[142.1638,44.1532]],[[142.1643,44.1557],[142.1638,44.1533]],[[142.1617,44.1622],[142.1597,44.1595],[142.1638,44.1573],[142.1643,44.1557]],[[142.158,44.1666],[142.1609,44.1645],[142.1617,44.1622]],[[142.1512,44.1673],[142.1519,44.1663],[142.1539,44.1664],[142.1543,44.1676],[142.1556,44.1678],[142.158,44.1666]],[[142.1464,44.1802],[142.1507,44.1756],[142.1522,44.1724],[142.1512,44.1673]],[[142.1455,44.1805],[142.1464,44.1802]],[[142.1298,44.1907],[142.1306,44.1902],[142.131,44.1917],[142.1326,44.1921],[142.1361,44.191],[142.1411,44.1841],[142.1413,44.181],[142.1455,44.1805]],[[142.1315,44.1965],[142.1289,44.1941],[142.1298,44.1907]],[[142.1394,44.2062],[142.1363,44.1999],[142.1315,44.1965]],[[142.1427,44.2131],[142.1434,44.2111],[142.1394,44.2062]],[[142.1577,44.2105],[142.1529,44.2102],[142.149,44.2144],[142.1448,44.2161],[142.1424,44.2158],[142.1427,44.2131]],[[142.1855,44.2235],[142.1825,44.2227],[142.1732,44.2245],[142.1662,44.223],[142.1591,44.2256],[142.154,44.2238],[142.151,44.2203],[142.1508,44.2175],[142.1569,44.213],[142.1583,44.2111],[142.1577,44.2105]],[[142.1542,44.2339],[142.1594,44.2313],[142.1628,44.2338],[142.1621,44.2365],[142.1677,44.2384],[142.1719,44.2383],[142.1797,44.2363],[142.1826,44.233],[142.182,44.2289],[142.1826,44.2247],[142.1855,44.2235]],[[142.1483,44.2596],[142.1517,44.2576],[142.1607,44.256],[142.1633,44.2536],[142.164,44.2504],[142.1634,44.2482],[142.1582,44.2488],[142.1558,44.2476],[142.1531,44.2442],[142.1536,44.2425],[142.1563,44.2417],[142.1544,44.2404],[142.1526,44.237],[142.1542,44.2339]],[[142.1331,44.2697],[142.137,44.2649],[142.1455,44.2631],[142.1483,44.2596]],[[142.1634,44.2691],[142.1612,44.2679],[142.1589,44.2688],[142.1575,44.2673],[142.157,44.2648],[142.1551,44.2646],[142.1522,44.2657],[142.149,44.2686],[142.1451,44.2684],[142.1455,44.2718],[142.1421,44.275],[142.1309,44.2744],[142.1308,44.2727],[142.1331,44.2697]],[[142.1623,44.2773],[142.1621,44.2733],[142.1634,44.2691]],[[142.1667,44.287],[142.1652,44.2819],[142.1623,44.2773]],[[142.1785,44.3003],[142.1805,44.2976],[142.1801,44.2946],[142.1768,44.293],[142.1679,44.2939],[142.1671,44.2922],[142.1678,44.2885],[142.1667,44.287]],[[142.1823,44.3006],[142.1785,44.3003]],[[142.1913,44.3025],[142.1823,44.3006]],[[142.2061,44.323],[142.1913,44.3025]],[[142.2074,44.3265],[142.2061,44.323]],[[142.2031,44.3471],[142.1992,44.3432],[142.1973,44.3376],[142.1982,44.3357],[142.2074,44.3265]],[[142.2169,44.3599],[142.2196,44.3585],[142.2197,44.3574],[142.2031,44.3471]],[[142.2144,44.3619],[142.2169,44.3599]],[[142.185,44.3723],[142.1862,44.3732],[142.1903,44.3725],[142.2044,44.366],[142.208,44.3629],[142.2144,44.3619]],[[142.1852,44.3816],[142.1836,44.3809],[142.1822,44.3771],[142.1809,44.3763],[142.183,44.3757],[142.1817,44.3741],[142.1833,44.372],[142.185,44.3723]]]}},{"type":"Feature","properties":{"t":"riviere","km":80,"nom":"空知川"},"geometry":{"type":"MultiLineString","coordinates":[[[141.9042,43.5347],[141.896,43.5251]],[[141.9067,43.5428],[141.9042,43.5347]],[[141.9091,43.5457],[141.9067,43.5428]],[[141.9184,43.5487],[141.9091,43.5457]],[[141.9189,43.5488],[141.9184,43.5487]],[[141.9259,43.5503],[141.9189,43.5488]],[[141.9422,43.5569],[141.9354,43.5511],[141.9259,43.5503]],[[141.9437,43.5582],[141.9422,43.5569]],[[141.9573,43.5637],[141.948,43.561],[141.9437,43.5582]],[[141.9584,43.5636],[141.9573,43.5637]],[[141.9773,43.5589],[141.968,43.5591],[141.9584,43.5636]],[[141.986,43.5721],[141.9837,43.5688],[141.9829,43.5619],[141.9801,43.5596],[141.9773,43.5589]],[[141.9875,43.5733],[141.986,43.5721]],[[141.99,43.5745],[141.9875,43.5733]],[[142.011,43.5689],[141.99,43.5745]],[[142.0165,43.5686],[142.011,43.5689]],[[142.0371,43.5711],[142.0348,43.5715],[142.028,43.5698],[142.0165,43.5686]],[[142.0405,43.5687],[142.0371,43.5711]],[[142.0397,43.559],[142.0378,43.56],[142.0368,43.5619],[142.0403,43.5668],[142.0405,43.5687]],[[142.0436,43.5598],[142.0397,43.559]],[[142.0568,43.5557],[142.0506,43.5598],[142.0436,43.5598]],[[142.0612,43.5524],[142.0568,43.5557]],[[142.0739,43.5477],[142.0763,43.5478],[142.077,43.5488],[142.0737,43.5518],[142.0612,43.5524]],[[142.0696,43.542],[142.0682,43.5448],[142.0688,43.5478],[142.0707,43.5486],[142.0739,43.5477]],[[142.0783,43.5408],[142.0722,43.5407],[142.0696,43.542]],[[142.0837,43.5415],[142.0783,43.5408]],[[142.0933,43.5403],[142.0893,43.5417],[142.0837,43.5415]],[[142.0976,43.5365],[142.0933,43.5403]],[[142.103,43.5383],[142.0976,43.5365]],[[142.1054,43.5407],[142.103,43.5383]],[[142.1092,43.5446],[142.1064,43.543],[142.1054,43.5407]],[[142.1332,43.5447],[142.129,43.5451],[142.1238,43.5437],[142.1136,43.5453],[142.1092,43.5446]],[[142.1366,43.5434],[142.1332,43.5447]],[[142.1499,43.5345],[142.1428,43.5378],[142.1412,43.5405],[142.1422,43.542],[142.1417,43.5429],[142.1366,43.5434]],[[142.1621,43.5347],[142.1538,43.5339],[142.1499,43.5345]],[[142.1694,43.5337],[142.1621,43.5347]],[[142.1704,43.5335],[142.1694,43.5337]],[[142.1914,43.5271],[142.191,43.5293],[142.1889,43.5306],[142.1777,43.533],[142.1704,43.5335]],[[142.1919,43.5231],[142.1914,43.5271]],[[142.2042,43.5129],[142.203,43.5157],[142.1919,43.5231]],[[142.2141,43.4959],[142.2135,43.4992],[142.2088,43.5048],[142.2091,43.5076],[142.2082,43.5095],[142.2042,43.5129]],[[142.2194,43.4883],[142.2149,43.4933],[142.2141,43.4959]],[[142.2201,43.4878],[142.2194,43.4883]],[[142.225,43.4877],[142.2201,43.4878]],[[142.2346,43.487],[142.2317,43.4859],[142.225,43.4877]],[[142.239,43.4913],[142.238,43.4914],[142.2346,43.487]],[[142.2482,43.481],[142.2428,43.4813],[142.2397,43.4831],[142.2409,43.4849],[142.248,43.4867],[142.2471,43.4885],[142.2413,43.4912],[142.239,43.4913]],[[142.2592,43.477],[142.2482,43.481]],[[142.2689,43.4753],[142.2665,43.4767],[142.2618,43.4763],[142.2592,43.477]],[[142.2724,43.4654],[142.2689,43.4753]],[[142.2737,43.4619],[142.2724,43.4654]],[[142.2869,43.4389],[142.2835,43.439],[142.2798,43.4441],[142.2771,43.4455],[142.2751,43.4485],[142.2751,43.4558],[142.2737,43.4619]],[[142.2882,43.4439],[142.2889,43.4404],[142.2869,43.4389]],[[142.313,43.4469],[142.3002,43.4483],[142.2932,43.4507],[142.2875,43.4486],[142.2882,43.4439]],[[142.3263,43.4368],[142.3193,43.4435],[142.313,43.4469]],[[142.3292,43.4305],[142.3263,43.4368]],[[142.3324,43.415],[142.3314,43.4179],[142.3313,43.425],[142.3292,43.4305]],[[142.3349,43.4133],[142.3324,43.415]],[[142.3397,43.4101],[142.3349,43.4133]],[[142.348,43.4009],[142.3477,43.4026],[142.3397,43.4101]],[[142.3481,43.3824],[142.3417,43.3852],[142.3404,43.3901],[142.3412,43.3923],[142.348,43.4009]],[[142.3524,43.3786],[142.3517,43.38],[142.3481,43.3824]],[[142.3515,43.3689],[142.3507,43.3711],[142.3526,43.3769],[142.3524,43.3786]],[[142.3554,43.367],[142.3515,43.3689]],[[142.359,43.3656],[142.3554,43.367]],[[142.3686,43.3578],[142.365,43.3629],[142.359,43.3656]],[[142.369,43.3567],[142.3686,43.3578]],[[142.3739,43.3486],[142.3704,43.3526],[142.369,43.3567]],[[142.3744,43.3447],[142.3739,43.3486]],[[142.3755,43.3411],[142.3744,43.3447]],[[142.3909,43.3261],[142.3921,43.3274],[142.3925,43.3308],[142.3891,43.3364],[142.3861,43.3377],[142.3792,43.3387],[142.3755,43.3411]],[[142.3897,43.3251],[142.3909,43.3261]],[[142.393,43.3063],[142.3894,43.3143],[142.3862,43.3175],[142.3893,43.3227],[142.3897,43.3251]],[[142.3934,43.304],[142.393,43.3063]],[[142.3939,43.2943],[142.3961,43.3011],[142.3934,43.304]],[[142.3922,43.2894],[142.3939,43.2943]],[[142.3918,43.2811],[142.3905,43.2857],[142.3906,43.2878],[142.3922,43.2894]],[[142.3935,43.2782],[142.3918,43.2811]],[[142.3927,43.2702],[142.3935,43.2782]],[[142.3946,43.2591],[142.3949,43.2627],[142.3926,43.2668],[142.3927,43.2702]],[[142.3922,43.2537],[142.3946,43.2591]],[[142.376,43.2283],[142.3842,43.2289],[142.3876,43.235],[142.3906,43.2374],[142.3911,43.2394],[142.3888,43.2448],[142.3943,43.2492],[142.3922,43.2537]],[[142.3726,43.2242],[142.3732,43.2262],[142.376,43.2283]],[[142.3811,43.2178],[142.375,43.2202],[142.3726,43.2242]],[[142.3994,43.2136],[142.3811,43.2178]],[[142.4008,43.2136],[142.3994,43.2136]],[[142.4166,43.2099],[142.4085,43.213],[142.4008,43.2136]],[[142.418,43.1968],[142.4178,43.2014],[142.414,43.206],[142.4166,43.2099]],[[142.421,43.1942],[142.4188,43.1951],[142.418,43.1968]],[[142.4248,43.1807],[142.4308,43.1812],[142.4321,43.188],[142.4252,43.1935],[142.421,43.1942]],[[142.4251,43.1749],[142.4248,43.1807]],[[142.4253,43.172],[142.4251,43.1749]],[[142.4245,43.1659],[142.4253,43.172]],[[142.4212,43.1464],[142.4224,43.1479],[142.4186,43.1533],[142.4208,43.1549],[142.4243,43.1558],[142.4265,43.1578],[142.4263,43.1632],[142.4245,43.1659]],[[142.4193,43.1462],[142.4212,43.1464]],[[142.4165,43.1387],[142.4192,43.1411],[142.4177,43.1427],[142.4193,43.1462]],[[142.418,43.133],[142.4166,43.1343],[142.4165,43.1387]],[[142.4277,43.1329],[142.4259,43.1307],[142.4244,43.1313],[142.4217,43.1305],[142.418,43.133]],[[142.4353,43.134],[142.4336,43.1359],[142.4277,43.1329]],[[142.4427,43.1295],[142.437,43.1318],[142.4353,43.134]],[[142.447,43.127],[142.4427,43.1295]],[[142.4586,43.1293],[142.4524,43.1313],[142.4495,43.1302],[142.447,43.127]],[[142.4752,43.1363],[142.4641,43.1351],[142.4586,43.1293]],[[142.4788,43.1389],[142.4752,43.1363]],[[142.4814,43.1437],[142.4796,43.1419],[142.4788,43.1389]],[[142.4868,43.1483],[142.4814,43.1437]],[[142.4942,43.1535],[142.4868,43.1483]],[[142.5075,43.1549],[142.5048,43.1538],[142.4942,43.1535]],[[142.5122,43.1585],[142.5075,43.1549]],[[142.5328,43.1709],[142.5259,43.1706],[142.5204,43.1688],[142.5175,43.1662],[142.5146,43.1608],[142.5122,43.1585]],[[142.5357,43.1702],[142.5328,43.1709]],[[142.5603,43.1707],[142.5502,43.1695],[142.5357,43.1702]],[[142.5735,43.1729],[142.5681,43.1741],[142.5634,43.1712],[142.5603,43.1707]],[[142.5871,43.1659],[142.5831,43.1673],[142.5809,43.171],[142.5735,43.1729]],[[142.6113,43.1411],[142.6094,43.1407],[142.6048,43.1444],[142.602,43.1495],[142.6018,43.1521],[142.5967,43.155],[142.5892,43.1623],[142.5871,43.1659]],[[142.6225,43.1398],[142.6178,43.1416],[142.6113,43.1411]],[[142.6431,43.1384],[142.6406,43.1386],[142.6397,43.137],[142.6379,43.1365],[142.632,43.1411],[142.6284,43.1418],[142.6225,43.1398]],[[142.6662,43.1274],[142.6625,43.1285],[142.6579,43.1335],[142.6524,43.135],[142.647,43.1383],[142.6431,43.1384]],[[142.6703,43.1254],[142.6662,43.1274]],[[142.6756,43.1242],[142.6703,43.1254]]]}},{"type":"Feature","properties":{"t":"riviere","km":61,"nom":"斐伊川"},"geometry":{"type":"MultiLineString","coordinates":[[[133.2351,35.5492],[133.2437,35.5492],[133.2672,35.5542],[133.273,35.5544]],[[133.2337,35.5494],[133.2351,35.5492]],[[133.2291,35.5489],[133.2337,35.5494]],[[133.2266,35.5485],[133.2291,35.5489]],[[133.2244,35.5481],[133.2266,35.5485]],[[133.2231,35.5479],[133.2244,35.5481]],[[133.2203,35.547],[133.2231,35.5479]],[[133.2119,35.5416],[133.2203,35.547]],[[133.209,35.5399],[133.2119,35.5416]],[[133.2019,35.5358],[133.209,35.5399]],[[133.2015,35.5356],[133.2019,35.5358]],[[133.1964,35.5246],[133.1966,35.5294],[133.2015,35.5356]],[[133.2041,35.5122],[133.1964,35.5246]],[[133.2004,35.505],[133.2063,35.5087],[133.2041,35.5122]],[[133.1273,35.4523],[133.205,35.4702],[133.2083,35.4825],[133.2023,35.5031],[133.2004,35.505]],[[133.0492,35.4653],[133.0541,35.4675],[133.0602,35.4678],[133.0922,35.4619],[133.098,35.4582],[133.1012,35.4537],[133.1072,35.4502],[133.117,35.4496],[133.1273,35.4523]],[[133.0037,35.4539],[133.0411,35.4622],[133.0492,35.4653]],[[132.97,35.4532],[133.0037,35.4539]],[[132.8811,35.438],[132.97,35.4532]],[[132.8544,35.4325],[132.8811,35.438]],[[132.8308,35.4237],[132.8384,35.4276],[132.8544,35.4325]],[[132.8299,35.4232],[132.8308,35.4237]],[[132.82,35.4186],[132.8299,35.4232]],[[132.8173,35.4175],[132.82,35.4186]],[[132.8075,35.4116],[132.8116,35.4151],[132.8173,35.4175]],[[132.797,35.4029],[132.8029,35.4057],[132.8075,35.4116]],[[132.7848,35.3689],[132.7822,35.3796],[132.7826,35.3891],[132.7875,35.3969],[132.797,35.4028]],[[132.7859,35.365],[132.7848,35.3689]],[[132.7863,35.3641],[132.7859,35.365]],[[132.7876,35.3617],[132.7863,35.3641]],[[132.7911,35.3479],[132.7881,35.3515],[132.7889,35.3568],[132.7876,35.3617]],[[132.7944,35.3464],[132.7911,35.3479]],[[132.795,35.3462],[132.7944,35.3464]],[[132.8403,35.3397],[132.8357,35.3388],[132.829,35.3413],[132.8189,35.342],[132.8122,35.3451],[132.8056,35.3468],[132.7989,35.3457],[132.795,35.3462]],[[132.846,35.3422],[132.8403,35.3397]],[[132.8506,35.3428],[132.846,35.3422]],[[132.8631,35.3393],[132.8595,35.3418],[132.8506,35.3428]],[[132.8946,35.3194],[132.889,35.3232],[132.8783,35.3253],[132.8724,35.3295],[132.8717,35.3313],[132.8694,35.333],[132.8685,35.3361],[132.8655,35.3386],[132.8631,35.3393]],[[132.8948,35.3191],[132.8946,35.3194]],[[132.8961,35.3129],[132.896,35.3173],[132.8948,35.3191]],[[132.9,35.2979],[132.8995,35.3056],[132.8961,35.3129]],[[132.895,35.2843],[132.8938,35.2856],[132.8942,35.2876],[132.8993,35.2951],[132.9,35.2979]],[[132.8948,35.2779],[132.8956,35.2824],[132.895,35.2843]],[[132.8959,35.2748],[132.8948,35.2779]],[[132.8965,35.274],[132.8959,35.2748]],[[132.9026,35.2705],[132.8979,35.2724],[132.8965,35.274]],[[132.8953,35.2585],[132.894,35.2652],[132.8988,35.2641],[132.9029,35.2645],[132.9047,35.2658],[132.9053,35.2675],[132.9042,35.2683],[132.904,35.2699],[132.9026,35.2705]],[[132.8945,35.253],[132.8937,35.2544],[132.8956,35.2571],[132.8953,35.2585]],[[132.8995,35.2431],[132.8982,35.2447],[132.8952,35.244],[132.8935,35.2449],[132.897,35.2474],[132.8945,35.253]],[[132.9088,35.2311],[132.9069,35.232],[132.9032,35.2317],[132.8996,35.2357],[132.902,35.2384],[132.9019,35.241],[132.8995,35.2431]],[[132.9099,35.229],[132.9088,35.2311]],[[132.9094,35.2284],[132.9099,35.229]],[[132.9012,35.214],[132.9006,35.2145],[132.9019,35.2159],[132.9078,35.2167],[132.9085,35.2203],[132.9067,35.2241],[132.9094,35.2284]],[[132.9126,35.209],[132.9093,35.2113],[132.9089,35.2143],[132.9012,35.214]],[[132.9299,35.2108],[132.9297,35.2095],[132.9275,35.2086],[132.9251,35.2097],[132.9249,35.2114],[132.9234,35.2125],[132.9212,35.2128],[132.9186,35.2117],[132.9167,35.2124],[132.9139,35.2117],[132.9126,35.209]],[[132.9301,35.2129],[132.9285,35.2129],[132.9276,35.212],[132.9299,35.2108]],[[132.9365,35.2121],[132.9301,35.2129]],[[132.941,35.2144],[132.9365,35.2121]],[[132.9508,35.2169],[132.941,35.2144]],[[132.9507,35.2226],[132.9495,35.219],[132.9508,35.2169]],[[132.9526,35.2264],[132.9507,35.2226]],[[132.9542,35.2275],[132.9526,35.2264]],[[132.9596,35.2288],[132.9581,35.2304],[132.9542,35.2275]],[[132.966,35.2213],[132.9642,35.2218],[132.9659,35.2232],[132.966,35.2254],[132.9647,35.2263],[132.9608,35.2254],[132.9596,35.2288]],[[132.9763,35.2214],[132.9735,35.2222],[132.966,35.2213]],[[132.9856,35.2184],[132.9809,35.2185],[132.9738,35.2172],[132.9736,35.2191],[132.9761,35.2198],[132.9763,35.2214]],[[132.9806,35.2094],[132.9745,35.212],[132.9739,35.213],[132.975,35.2137],[132.9769,35.2123],[132.9786,35.2124],[132.9816,35.216],[132.9857,35.2177],[132.9856,35.2184]],[[132.9905,35.2072],[132.9862,35.2097],[132.9831,35.2084],[132.9806,35.2094]],[[132.9938,35.2067],[132.9926,35.2077],[132.9905,35.2072]],[[133.0029,35.2022],[132.9992,35.2044],[132.9982,35.2063],[132.9951,35.2057],[132.9938,35.2067]],[[133.0014,35.2006],[133.0029,35.2022]],[[133.0046,35.1987],[133.0014,35.2006]],[[133.0087,35.1965],[133.0046,35.1987]],[[133.0101,35.1957],[133.0087,35.1965]],[[133.0246,35.1967],[133.0217,35.1958],[133.021,35.1941],[133.0101,35.1957]],[[133.0312,35.1945],[133.0278,35.1939],[133.0265,35.1946],[133.0258,35.1965],[133.0246,35.1967]],[[133.0629,35.1916],[133.0598,35.1916],[133.0576,35.1927],[133.0554,35.191],[133.0575,35.188],[133.0552,35.1878],[133.0541,35.1884],[133.0544,35.1898],[133.0519,35.19],[133.049,35.1882],[133.0485,35.1865],[133.0472,35.1866],[133.0461,35.1885],[133.0428,35.1866],[133.0416,35.1912],[133.0355,35.1925],[133.0343,35.1944],[133.0312,35.1945]],[[133.0888,35.181],[133.0876,35.1826],[133.0792,35.1849],[133.0785,35.1847],[133.0801,35.1832],[133.0793,35.1826],[133.0756,35.1836],[133.0724,35.1859],[133.069,35.1845],[133.0699,35.1882],[133.0646,35.1898],[133.0629,35.1916]],[[133.0943,35.1801],[133.0888,35.181]],[[133.0956,35.1801],[133.0943,35.1801]],[[133.1002,35.1807],[133.0956,35.1801]],[[133.1095,35.1838],[133.1002,35.1807]],[[133.1123,35.185],[133.1095,35.1838]],[[133.1179,35.187],[133.1123,35.185]],[[133.129,35.1843],[133.1282,35.1857],[133.1179,35.187]],[[133.1366,35.1814],[133.129,35.1843]],[[133.1503,35.184],[133.1447,35.1805],[133.1427,35.1806],[133.1406,35.1793],[133.1366,35.1814]],[[133.1683,35.1947],[133.1657,35.1951],[133.1647,35.1941],[133.1613,35.1951],[133.1599,35.1932],[133.1602,35.1912],[133.1574,35.1911],[133.1503,35.184]],[[133.1776,35.1834],[133.1785,35.1864],[133.1771,35.1895],[133.1788,35.1915],[133.1772,35.1929],[133.1747,35.1923],[133.1741,35.1947],[133.1683,35.1947]]]}},{"type":"Feature","properties":{"t":"riviere","km":81,"nom":"矢作川"},"geometry":{"type":"MultiLineString","coordinates":[[[137.0273,34.8841],[137.0227,34.8798],[137.007,34.8721],[137.0019,34.8678],[136.9957,34.8595],[136.9707,34.8207]],[[137.0778,34.8893],[137.068,34.8896],[137.0458,34.8856],[137.0376,34.8873],[137.033,34.8866],[137.0273,34.8841]],[[137.0916,34.8911],[137.0778,34.8893]],[[137.0929,34.8917],[137.0916,34.8911]],[[137.1436,34.9376],[137.14,34.9357],[137.1294,34.9353],[137.1174,34.9269],[137.1154,34.9216],[137.1074,34.9161],[137.1049,34.9124],[137.1085,34.9057],[137.1069,34.9009],[137.0929,34.8917]],[[137.144,34.9428],[137.1436,34.9376]],[[137.1506,34.9613],[137.1496,34.9582],[137.1452,34.954],[137.144,34.9428]],[[137.1446,34.9901],[137.144,34.9863],[137.1467,34.9819],[137.1481,34.9734],[137.1459,34.969],[137.1506,34.9613]],[[137.1454,34.9905],[137.1446,34.9901]],[[137.1631,34.9975],[137.1565,34.9944],[137.1508,34.9936],[137.1454,34.9905]],[[137.1659,35.0032],[137.1631,34.9975]],[[137.1626,35.0138],[137.1634,35.0084],[137.1652,35.0068],[137.1659,35.0032]],[[137.1708,35.0348],[137.1587,35.0238],[137.1589,35.019],[137.161,35.015],[137.1626,35.0138]],[[137.1716,35.0355],[137.1708,35.0348]],[[137.1765,35.044],[137.1747,35.0422],[137.1741,35.0394],[137.1716,35.0355]],[[137.1782,35.0463],[137.1765,35.044]],[[137.1789,35.0657],[137.1781,35.0586],[137.181,35.0559],[137.1823,35.0506],[137.1782,35.0463]],[[137.1696,35.0743],[137.1736,35.0681],[137.1775,35.0673],[137.1789,35.0657]],[[137.168,35.0764],[137.1696,35.0743]],[[137.1678,35.0912],[137.1682,35.0897],[137.166,35.0807],[137.168,35.0764]],[[137.1718,35.1006],[137.169,35.0992],[137.1673,35.0969],[137.1678,35.0912]],[[137.192,35.108],[137.1843,35.1042],[137.1718,35.1006]],[[137.1928,35.1098],[137.192,35.108]],[[137.192,35.1227],[137.1919,35.1226]],[[137.1919,35.1226],[137.1915,35.1223]],[[137.1915,35.1223],[137.1897,35.1199],[137.1894,35.1174],[137.1931,35.1126],[137.1928,35.1098]],[[137.1996,35.1224],[137.1959,35.1215],[137.192,35.1227]],[[137.2047,35.126],[137.2031,35.1241],[137.1996,35.1224]],[[137.2049,35.1261],[137.2047,35.126]],[[137.2082,35.13],[137.2049,35.1261]],[[137.21,35.1453],[137.209,35.1436],[137.209,35.1404],[137.2075,35.1387],[137.2094,35.1356],[137.2082,35.13]],[[137.2189,35.1519],[137.2149,35.1532],[137.2115,35.1521],[137.2109,35.1511],[137.2136,35.1481],[137.21,35.1453]],[[137.2306,35.1602],[137.2276,35.159],[137.2221,35.1525],[137.2189,35.1519]],[[137.2351,35.1594],[137.2306,35.1602]],[[137.2486,35.1623],[137.2428,35.1607],[137.2409,35.159],[137.2351,35.1594]],[[137.254,35.1649],[137.2486,35.1623]],[[137.2571,35.1726],[137.254,35.1649]],[[137.2655,35.1813],[137.2603,35.1773],[137.2571,35.1726]],[[137.2699,35.1824],[137.2655,35.1813]],[[137.2726,35.1909],[137.2699,35.1824]],[[137.2756,35.193],[137.2726,35.1909]],[[137.2835,35.1981],[137.2804,35.1979],[137.2756,35.193]],[[137.3023,35.2016],[137.298,35.2009],[137.2924,35.1971],[137.2886,35.1959],[137.2855,35.196],[137.2835,35.1981]],[[137.3088,35.2047],[137.3023,35.2016]],[[137.3147,35.2047],[137.3088,35.2047]],[[137.3164,35.2082],[137.3147,35.2047]],[[137.3224,35.2124],[137.3177,35.2105],[137.3164,35.2082]],[[137.3227,35.2195],[137.3208,35.2185],[137.3224,35.2124]],[[137.3308,35.2254],[137.3286,35.2249],[137.3282,35.2216],[137.3268,35.2198],[137.3227,35.2195]],[[137.3323,35.226],[137.3308,35.2254]],[[137.3598,35.2257],[137.3567,35.2261],[137.355,35.2284],[137.3485,35.2254],[137.347,35.2296],[137.3445,35.2312],[137.3417,35.2308],[137.3409,35.228],[137.3389,35.2267],[137.3338,35.227],[137.3323,35.226]],[[137.3603,35.2299],[137.3607,35.2269],[137.3598,35.2257]],[[137.3611,35.2321],[137.3603,35.2299]],[[137.3757,35.2375],[137.3751,35.2363],[137.3716,35.2352],[137.3659,35.235],[137.3611,35.2321]],[[137.3847,35.2444],[137.3813,35.243],[137.3822,35.2406],[137.3816,35.2401],[137.3787,35.2412],[137.3745,35.2411],[137.3738,35.2397],[137.3755,35.239],[137.3757,35.2375]],[[137.3848,35.2442],[137.3847,35.2444]],[[137.386,35.2421],[137.3848,35.2442]],[[137.3874,35.2405],[137.386,35.2421]],[[137.3877,35.2403],[137.3874,35.2405]],[[137.388,35.2402],[137.3877,35.2403]],[[137.3883,35.2402],[137.388,35.2402]],[[137.3885,35.2402],[137.3883,35.2402]],[[137.3902,35.2402],[137.3885,35.2402]],[[137.3927,35.2402],[137.3902,35.2402]],[[137.3971,35.2406],[137.3927,35.2402]],[[137.4011,35.2413],[137.3971,35.2406]],[[137.403,35.2388],[137.4011,35.2413]],[[137.404,35.2383],[137.403,35.2388]],[[137.4043,35.2383],[137.404,35.2383]],[[137.4044,35.2383],[137.4043,35.2383]],[[137.4057,35.2383],[137.4044,35.2383]],[[137.4075,35.2359],[137.4057,35.2383]],[[137.4152,35.2394],[137.4096,35.2354],[137.4081,35.235],[137.4075,35.2359]],[[137.4178,35.2399],[137.4163,35.2403],[137.4152,35.2394]],[[137.4184,35.2393],[137.4178,35.2399]],[[137.4191,35.2378],[137.4184,35.2393]],[[137.4195,35.2371],[137.4191,35.2378]],[[137.4273,35.2251],[137.4242,35.2281],[137.4232,35.2319],[137.4206,35.2339],[137.4195,35.2371]],[[137.4364,35.2258],[137.4295,35.2228],[137.4279,35.2236],[137.4273,35.2251]],[[137.4485,35.2349],[137.4404,35.2308],[137.4364,35.2258]],[[137.4519,35.2381],[137.4485,35.2349]],[[137.4524,35.239],[137.4519,35.2381]],[[137.4529,35.2399],[137.4524,35.239]],[[137.4551,35.2404],[137.4529,35.2399]],[[137.4579,35.2397],[137.4551,35.2404]],[[137.4625,35.2417],[137.4579,35.2397]],[[137.463,35.243],[137.4625,35.2417]],[[137.4635,35.2444],[137.463,35.243]],[[137.465,35.2458],[137.4635,35.2444]],[[137.4655,35.2464],[137.465,35.2458]],[[137.4673,35.246],[137.4655,35.2464]],[[137.4683,35.2455],[137.4673,35.246]],[[137.4684,35.2454],[137.4683,35.2455]],[[137.469,35.2454],[137.4684,35.2454]],[[137.4701,35.2462],[137.4691,35.2454]],[[137.4715,35.247],[137.4701,35.2462]],[[137.4717,35.2473],[137.4715,35.247]],[[137.4721,35.2478],[137.4717,35.2473]],[[137.4724,35.2485],[137.4721,35.2478]],[[137.4724,35.2488],[137.4724,35.2485]],[[137.4725,35.249],[137.4724,35.2488]],[[137.4735,35.2502],[137.4725,35.249]],[[137.4737,35.2503],[137.4735,35.2502]],[[137.4738,35.2504],[137.4737,35.2503]],[[137.4745,35.2508],[137.4738,35.2504]],[[137.475,35.2513],[137.4745,35.2508]],[[137.4759,35.2528],[137.475,35.2513]],[[137.4764,35.2533],[137.4759,35.2528]],[[137.4774,35.2536],[137.4764,35.2533]],[[137.4797,35.2539],[137.4774,35.2536]],[[137.4801,35.254],[137.4797,35.2539]],[[137.4822,35.2545],[137.4801,35.254]],[[137.4834,35.2554],[137.4822,35.2545]],[[137.4889,35.2583],[137.4841,35.2574],[137.4834,35.2554]],[[137.4895,35.2587],[137.4889,35.2583]],[[137.4922,35.2596],[137.4895,35.2587]],[[137.4936,35.259],[137.4922,35.2596]],[[137.497,35.2591],[137.4936,35.259]],[[137.4978,35.261],[137.4982,35.2599],[137.497,35.2591]],[[137.4966,35.2632],[137.4966,35.2616],[137.4978,35.261]],[[137.4969,35.2639],[137.4966,35.2632]],[[137.5034,35.2631],[137.4969,35.2639]],[[137.5057,35.2636],[137.5045,35.2626],[137.5034,35.2631]],[[137.5057,35.2643],[137.5057,35.2636]],[[137.5058,35.2662],[137.5057,35.2643]],[[137.5063,35.2666],[137.5058,35.2662]],[[137.5103,35.2678],[137.5087,35.2661],[137.5063,35.2666]],[[137.514,35.2693],[137.5103,35.2678]],[[137.5132,35.2707],[137.514,35.2693]],[[137.5146,35.2733],[137.5132,35.2721],[137.5132,35.2707]],[[137.5265,35.2736],[137.5249,35.2739],[137.5216,35.272],[137.5198,35.2741],[137.5163,35.275],[137.5146,35.2733]],[[137.5292,35.2587],[137.5272,35.2597],[137.5292,35.2617],[137.5294,35.2643],[137.5284,35.2653],[137.5249,35.2655],[137.5273,35.2691],[137.5241,35.2687],[137.5234,35.27],[137.5237,35.2711],[137.5266,35.2713],[137.5273,35.2727],[137.5265,35.2736]],[[137.5553,35.2628],[137.5515,35.263],[137.5499,35.2646],[137.5467,35.2639],[137.5396,35.2645],[137.5387,35.263],[137.5406,35.2615],[137.5392,35.26],[137.5292,35.2587]],[[137.5645,35.26],[137.5611,35.2581],[137.5556,35.2583],[137.5549,35.2589],[137.5559,35.2615],[137.5553,35.2628]],[[137.5705,35.2554],[137.5673,35.2562],[137.5671,35.2591],[137.5645,35.26]],[[137.5764,35.2517],[137.5719,35.2569],[137.5705,35.2554]],[[137.5821,35.2509],[137.5798,35.2518],[137.5784,35.2511],[137.5764,35.2517]],[[137.593,35.2489],[137.5913,35.2484],[137.5839,35.2516],[137.5821,35.2509]],[[137.5978,35.2544],[137.5927,35.2538],[137.593,35.2489]],[[137.6048,35.2491],[137.6022,35.2499],[137.6019,35.2543],[137.5978,35.2544]],[[137.62,35.2495],[137.6167,35.25],[137.615,35.2514],[137.6108,35.2507],[137.6097,35.2522],[137.6076,35.2523],[137.6069,35.252],[137.6075,35.2492],[137.6048,35.2491]],[[137.6329,35.2448],[137.6298,35.2479],[137.6257,35.2473],[137.6241,35.2482],[137.6213,35.2481],[137.62,35.2495]],[[137.6394,35.2514],[137.6368,35.2512],[137.6329,35.2448]],[[137.641,35.2512],[137.6394,35.2514]],[[137.6661,35.2367],[137.6611,35.2427],[137.6575,35.2446],[137.6545,35.2476],[137.644,35.2524],[137.641,35.2512]],[[137.6672,35.2348],[137.6661,35.2367]]]}},{"type":"Feature","properties":{"t":"riviere","km":82,"nom":"神通川"},"geometry":{"type":"MultiLineString","coordinates":[[[137.2181,36.7304],[137.2203,36.7357],[137.2183,36.7438],[137.2184,36.7481],[137.2215,36.7598]],[[137.2059,36.7175],[137.2073,36.7223],[137.2181,36.7304]],[[137.2075,36.7109],[137.2072,36.715],[137.2059,36.7175]],[[137.204,36.7036],[137.2075,36.7109]],[[137.1972,36.6931],[137.1979,36.6961],[137.204,36.7036]],[[137.1972,36.6929],[137.1972,36.6931]],[[137.1986,36.6916],[137.1972,36.6929]],[[137.1976,36.6896],[137.1986,36.6916]],[[137.1822,36.6402],[137.1811,36.6448],[137.1829,36.6469],[137.1839,36.6509],[137.1871,36.6551],[137.1863,36.6576],[137.1879,36.6625],[137.1891,36.6654],[137.1915,36.6676],[137.1955,36.6771],[137.1986,36.6884],[137.1976,36.6896]],[[137.1858,36.6275],[137.1845,36.6311],[137.1851,36.633],[137.1822,36.6402]],[[137.1818,36.6118],[137.1814,36.6153],[137.1822,36.6179],[137.1851,36.6204],[137.1858,36.6275]],[[137.1879,36.595],[137.1862,36.6043],[137.1818,36.6118]],[[137.1825,36.5883],[137.1863,36.5904],[137.1879,36.595]],[[137.1802,36.5781],[137.1804,36.5856],[137.1825,36.5883]],[[137.1878,36.5708],[137.1809,36.5759],[137.1802,36.5781]],[[137.1999,36.5606],[137.1935,36.5677],[137.1878,36.5708]],[[137.209,36.5586],[137.1999,36.5606]],[[137.2239,36.5529],[137.2199,36.5544],[137.2192,36.556],[137.2168,36.5574],[137.209,36.5586]],[[137.2338,36.5313],[137.2363,36.5359],[137.2332,36.5379],[137.2309,36.5434],[137.2293,36.5449],[137.2287,36.5479],[137.2239,36.5529]],[[137.2326,36.5301],[137.2338,36.5313]],[[137.2295,36.526],[137.2326,36.5301]],[[137.2277,36.5173],[137.2295,36.526]],[[137.2282,36.5162],[137.2277,36.5173]],[[137.2305,36.5148],[137.2282,36.5162]],[[137.2312,36.5144],[137.2305,36.5148]],[[137.2341,36.5075],[137.2319,36.5086],[137.2329,36.5121],[137.2312,36.5144]],[[137.2517,36.508],[137.247,36.5081],[137.2394,36.5043],[137.2341,36.5075]],[[137.253,36.5044],[137.2517,36.508]],[[137.239,36.4955],[137.2514,36.4994],[137.2533,36.5022],[137.253,36.5044]],[[137.2415,36.4871],[137.2431,36.4885],[137.2429,36.4928],[137.2395,36.4942],[137.239,36.4955]],[[137.2389,36.4848],[137.2415,36.4871]],[[137.2346,36.478],[137.2368,36.4826],[137.2389,36.4848]],[[137.2482,36.4621],[137.2494,36.4642],[137.2484,36.4655],[137.2417,36.4704],[137.24,36.4741],[137.235,36.476],[137.2346,36.478]],[[137.2016,36.4294],[137.2065,36.4278],[137.2088,36.4314],[137.2142,36.4307],[137.2131,36.4339],[137.2134,36.4385],[137.215,36.4393],[137.2173,36.4387],[137.2196,36.4393],[137.2227,36.444],[137.2321,36.4446],[137.2398,36.4522],[137.2424,36.4578],[137.2482,36.4621]],[[137.1974,36.4251],[137.2016,36.4294]],[[137.1982,36.4194],[137.1974,36.4251]],[[137.1927,36.4152],[137.1947,36.4178],[137.1974,36.4181],[137.1982,36.4194]],[[137.1918,36.4113],[137.1927,36.4152]],[[137.1915,36.411],[137.1918,36.4113]],[[137.1851,36.4069],[137.1915,36.411]],[[137.1841,36.4036],[137.1851,36.4069]],[[137.1813,36.3987],[137.183,36.4001],[137.1841,36.4036]],[[137.1785,36.3958],[137.1782,36.3973],[137.1813,36.3987]],[[137.1828,36.3926],[137.1804,36.3933],[137.1785,36.3958]],[[137.1812,36.3876],[137.1828,36.3926]],[[137.1832,36.3865],[137.1812,36.3876]],[[137.1831,36.3827],[137.1839,36.3842],[137.1832,36.3865]],[[137.183,36.3825],[137.1831,36.3827]],[[137.179,36.3748],[137.179,36.3768],[137.1816,36.3793],[137.183,36.3825]],[[137.1921,36.3745],[137.1884,36.3773],[137.1856,36.3757],[137.1846,36.3724],[137.1831,36.3713],[137.179,36.3748]],[[137.1905,36.3677],[137.1875,36.3719],[137.192,36.3729],[137.1921,36.3745]],[[137.1942,36.36],[137.1938,36.3611],[137.1874,36.3647],[137.1882,36.366],[137.1914,36.3664],[137.1905,36.3677]],[[137.1837,36.3518],[137.1885,36.3517],[137.1899,36.3589],[137.1942,36.36]],[[137.1653,36.3384],[137.1693,36.3414],[137.178,36.3415],[137.1798,36.3423],[137.1808,36.3432],[137.1813,36.3472],[137.1837,36.3518]],[[137.1547,36.3357],[137.1565,36.3334],[137.1583,36.3335],[137.1653,36.3384]],[[137.1514,36.3332],[137.1547,36.3357]],[[137.1508,36.3324],[137.1514,36.3332]],[[137.1494,36.3299],[137.1508,36.3324]],[[137.1394,36.3306],[137.1418,36.3305],[137.1433,36.3294],[137.1494,36.3299]],[[137.1378,36.3297],[137.1394,36.3306]],[[137.1331,36.3172],[137.1331,36.3197],[137.1344,36.321],[137.1378,36.3297]],[[137.1309,36.3145],[137.1331,36.3172]],[[137.1087,36.307],[137.1144,36.3105],[137.12,36.3159],[137.1219,36.3159],[137.1279,36.3116],[137.1294,36.3123],[137.1309,36.3145]],[[137.122,36.2954],[137.1172,36.2947],[137.1152,36.2958],[137.1147,36.3006],[137.1087,36.307]],[[137.1295,36.2939],[137.1289,36.296],[137.1258,36.2975],[137.1231,36.2977],[137.1232,36.2965],[137.122,36.2954]],[[137.1294,36.2936],[137.1295,36.2939]],[[137.1375,36.2712],[137.1373,36.2752],[137.1361,36.2767],[137.1267,36.2777],[137.1257,36.2789],[137.1301,36.2826],[137.1281,36.2871],[137.1283,36.2911],[137.1294,36.2936]],[[137.1387,36.264],[137.1374,36.2665],[137.1375,36.2712]],[[137.1428,36.2594],[137.1387,36.264]],[[137.1504,36.2573],[137.1428,36.2594]],[[137.1556,36.2505],[137.1504,36.2573]],[[137.2211,36.2067],[137.2134,36.2096],[137.2086,36.2099],[137.2066,36.2128],[137.2018,36.2158],[137.1917,36.2194],[137.1864,36.2234],[137.1827,36.2277],[137.1828,36.2351],[137.1794,36.2392],[137.1682,36.2481],[137.1556,36.2505]],[[137.242,36.1986],[137.2357,36.1998],[137.2274,36.2045],[137.2211,36.2067]],[[137.2568,36.1908],[137.2601,36.1965],[137.2596,36.1986],[137.242,36.1986]],[[137.255,36.1895],[137.2568,36.1908]],[[137.2502,36.1833],[137.2526,36.1877],[137.255,36.1895]],[[137.2462,36.1718],[137.2466,36.1736],[137.2486,36.1752],[137.2502,36.1833]],[[137.2466,36.1663],[137.2451,36.1687],[137.2462,36.1718]],[[137.2527,36.1614],[137.2466,36.1663]],[[137.2551,36.1584],[137.2527,36.1614]],[[137.2574,36.1464],[137.2551,36.1584]],[[137.2578,36.1281],[137.2564,36.1329],[137.2594,36.1395],[137.2574,36.1464]],[[137.2679,36.1106],[137.269,36.1118],[137.2663,36.1151],[137.2658,36.1185],[137.2602,36.1242],[137.2578,36.1281]],[[137.267,36.1099],[137.2679,36.1106]],[[137.2532,36.0918],[137.2564,36.0955],[137.259,36.0966],[137.26,36.0995],[137.2644,36.1019],[137.2646,36.1037],[137.2623,36.1049],[137.266,36.1065],[137.267,36.1099]],[[137.2464,36.0859],[137.2492,36.0873],[137.2532,36.0918]],[[137.2417,36.0847],[137.2464,36.0859]],[[137.2391,36.084],[137.2417,36.0847]],[[137.2296,36.0801],[137.2327,36.0824],[137.2391,36.084]],[[137.2275,36.0798],[137.2296,36.0801]],[[137.2073,36.071],[137.2086,36.0726],[137.2108,36.0727],[137.2123,36.0742],[137.2192,36.0754],[137.2209,36.0773],[137.2231,36.0773],[137.2275,36.0798]],[[137.1883,36.0642],[137.1895,36.0664],[137.1962,36.0694],[137.1998,36.0699],[137.2017,36.0692],[137.2045,36.0712],[137.2073,36.071]],[[137.1861,36.0628],[137.1883,36.0642]],[[137.1825,36.0612],[137.1861,36.0628]],[[137.1742,36.0587],[137.1767,36.0612],[137.1813,36.0606],[137.1825,36.0612]],[[137.1655,36.0443],[137.165,36.046],[137.167,36.0482],[137.1674,36.052],[137.1718,36.0549],[137.1742,36.0587]],[[137.1556,36.0299],[137.1594,36.0326],[137.1586,36.0346],[137.1607,36.0357],[137.1595,36.0383],[137.1613,36.042],[137.1655,36.0443]]]}},{"type":"Feature","properties":{"t":"riviere","km":93,"nom":"庄川"},"geometry":{"type":"MultiLineString","coordinates":[[[136.9955,36.5754],[136.99,36.5811],[136.99,36.5844],[136.9921,36.5894],[136.9906,36.5943],[136.9919,36.5978],[136.9952,36.6003],[136.9936,36.6029],[136.9979,36.6089],[136.9977,36.6143],[137.0011,36.617],[137.0003,36.6208],[137.0023,36.6257],[137.0001,36.6283],[137.0004,36.6325],[137.0047,36.6358],[137.0028,36.639],[137.0049,36.6428],[137.0042,36.6438],[137.0057,36.646],[137.0079,36.6468],[137.0086,36.6486],[137.0067,36.6534],[137.008,36.6584],[137.0095,36.66],[137.0047,36.6654],[137.0079,36.673],[137.0052,36.6752],[137.0036,36.6807],[137.005,36.6842],[137.0045,36.6862],[137.0061,36.688],[137.0062,36.6896],[137.0097,36.6936],[137.0104,36.6996],[137.0166,36.7065],[137.0194,36.7077],[137.0205,36.7097],[137.0199,36.7115],[137.0251,36.714],[137.0258,36.7171],[137.0287,36.7179],[137.0314,36.72],[137.0305,36.724],[137.0346,36.7273],[137.0384,36.7277],[137.0419,36.7318],[137.0425,36.7341],[137.0454,36.7365],[137.0459,36.7418],[137.0444,36.7435],[137.0504,36.7539],[137.0532,36.7568],[137.0547,36.7707],[137.0582,36.777],[137.0674,36.7851],[137.0722,36.7884],[137.0765,36.7897]],[[136.9957,36.5751],[136.9955,36.5754]],[[137.0081,36.5575],[137.0049,36.5608],[137.0061,36.5659],[137.0054,36.5664],[137.0037,36.5662],[137.0019,36.5646],[136.9993,36.5644],[136.9954,36.5644],[136.994,36.5654],[136.997,36.5706],[136.9971,36.5733],[136.9957,36.5751]],[[137.0086,36.557],[137.0081,36.5575]],[[136.8721,36.3532],[136.8759,36.3554],[136.8763,36.3599],[136.8729,36.3618],[136.8738,36.3643],[136.8731,36.3668],[136.8687,36.3694],[136.8694,36.3712],[136.869,36.3741],[136.8723,36.3776],[136.8725,36.3823],[136.8748,36.387],[136.8772,36.3895],[136.8766,36.3947],[136.8777,36.3967],[136.8783,36.4021],[136.8831,36.4036],[136.8849,36.406],[136.8866,36.4064],[136.8898,36.4031],[136.8943,36.4039],[136.8998,36.4034],[136.9075,36.4004],[136.9131,36.4023],[136.9164,36.4019],[136.9208,36.3978],[136.9232,36.4001],[136.9267,36.4016],[136.9256,36.4046],[136.936,36.4142],[136.9366,36.4175],[136.9379,36.4191],[136.9372,36.4218],[136.9404,36.4236],[136.9422,36.4269],[136.9467,36.4291],[136.9481,36.4316],[136.9521,36.432],[136.9576,36.4355],[136.9587,36.439],[136.9619,36.4392],[136.964,36.4379],[136.9662,36.4395],[136.9669,36.4428],[136.9696,36.4469],[136.9681,36.4565],[136.9703,36.4577],[136.9747,36.4575],[136.9759,36.4582],[136.9745,36.4596],[136.9713,36.4598],[136.973,36.4629],[136.9695,36.4662],[136.9731,36.4674],[136.9737,36.4698],[136.9757,36.4708],[136.9764,36.4727],[136.9781,36.4726],[136.981,36.4703],[136.9838,36.4712],[136.9834,36.4732],[136.9786,36.4744],[136.9813,36.4776],[136.9831,36.4828],[136.9802,36.484],[136.9817,36.486],[136.9856,36.487],[136.9857,36.4922],[136.9875,36.4944],[136.9907,36.4958],[136.9929,36.4981],[136.9957,36.4987],[136.9937,36.5003],[136.9936,36.5019],[136.9987,36.5045],[136.9985,36.5052],[136.9952,36.5058],[136.9961,36.5078],[136.9946,36.5101],[136.9948,36.514],[136.9898,36.5164],[136.9899,36.5196],[136.9932,36.5219],[136.9904,36.5265],[136.9909,36.5286],[136.9928,36.5303],[136.9924,36.5334],[136.994,36.5377],[137.0011,36.5397],[137.0044,36.5471],[137.0094,36.55],[137.01,36.5533],[137.0086,36.557]],[[136.8931,36.2486],[136.892,36.25],[136.8931,36.2517],[136.8918,36.2531],[136.8923,36.2565],[136.8994,36.2534],[136.9037,36.2547],[136.904,36.2585],[136.9059,36.2588],[136.9057,36.262],[136.9009,36.2681],[136.902,36.2698],[136.9024,36.2754],[136.9055,36.2804],[136.9058,36.2832],[136.9083,36.2883],[136.9133,36.2911],[136.9116,36.2931],[136.9051,36.2938],[136.9039,36.2947],[136.8975,36.2941],[136.8946,36.2921],[136.8948,36.2944],[136.8906,36.2956],[136.8942,36.3038],[136.8963,36.3053],[136.8947,36.3074],[136.8949,36.309],[136.8989,36.3138],[136.9015,36.3148],[136.8998,36.3172],[136.9021,36.3193],[136.8898,36.3251],[136.8909,36.3292],[136.8906,36.3335],[136.8883,36.3364],[136.8845,36.3385],[136.8859,36.3419],[136.8885,36.3411],[136.8903,36.3415],[136.891,36.3425],[136.8907,36.345],[136.8878,36.3457],[136.8823,36.342],[136.8785,36.3449],[136.8747,36.3428],[136.8746,36.3449],[136.8765,36.3467],[136.8759,36.3494],[136.8705,36.349],[136.8697,36.3498],[136.8707,36.3534],[136.8721,36.3532]],[[136.8864,36.2166],[136.8813,36.2208],[136.8794,36.2244],[136.8837,36.2284],[136.8896,36.2319],[136.8905,36.2398],[136.8942,36.2443],[136.8931,36.2486]],[[136.8954,36.2124],[136.8864,36.2166]],[[136.8968,36.2104],[136.8954,36.2124]],[[136.901,36.2013],[136.8972,36.2056],[136.8968,36.2104]],[[136.9015,36.2],[136.901,36.2013]],[[136.9017,36.1992],[136.9015,36.2]],[[136.9002,36.1933],[136.9017,36.1992]],[[136.9001,36.192],[136.9002,36.1933]],[[136.8988,36.1874],[136.8983,36.1884],[136.9001,36.192]],[[136.8997,36.1867],[136.8988,36.1874]],[[136.9016,36.1819],[136.8997,36.1867]],[[136.9019,36.1812],[136.9016,36.1819]],[[136.9048,36.1738],[136.9019,36.1812]],[[136.9075,36.1711],[136.9048,36.1738]],[[136.9086,36.1698],[136.9075,36.1711]],[[136.9066,36.1659],[136.9086,36.1698]],[[136.9098,36.1429],[136.9129,36.1491],[136.9125,36.1517],[136.906,36.1608],[136.9054,36.1642],[136.9066,36.1659]],[[136.9088,36.1368],[136.9081,36.14],[136.9098,36.1429]],[[136.9153,36.1283],[136.9109,36.137],[136.9088,36.1368]],[[136.9162,36.1253],[136.9153,36.1283]],[[136.9263,36.1162],[136.9222,36.1188],[136.9162,36.1253]],[[136.9349,36.1039],[136.9297,36.114],[136.9263,36.1162]],[[136.9494,36.076],[136.9511,36.0815],[136.9506,36.0841],[136.9393,36.0953],[136.9349,36.1039]],[[136.9401,36.0571],[136.9434,36.0663],[136.9436,36.0706],[136.9428,36.0731],[136.9449,36.075],[136.9494,36.076]],[[136.9442,36.0515],[136.9402,36.055],[136.9401,36.0571]],[[136.9532,36.0357],[136.9495,36.0421],[136.9501,36.0477],[136.9469,36.0474],[136.9473,36.0489],[136.9442,36.0515]],[[136.9516,36.0333],[136.9532,36.0357]],[[136.958,36.0293],[136.9521,36.0317],[136.9516,36.0333]],[[136.9746,36.0159],[136.9668,36.0183],[136.9642,36.022],[136.9628,36.0271],[136.958,36.0293]],[[136.9778,36.0154],[136.9746,36.0159]],[[136.987,36.0156],[136.9778,36.0154]],[[136.9923,36.0297],[136.9909,36.029],[136.9897,36.0205],[136.9875,36.0199],[136.987,36.0156]],[[137.0035,36.0295],[136.9968,36.0289],[136.9923,36.0297]],[[137.0184,36.0231],[137.0174,36.025],[137.0156,36.0243],[137.0126,36.0248],[137.0122,36.0262],[137.01,36.0281],[137.0045,36.0285],[137.0035,36.0295]],[[137.0237,36.0145],[137.0234,36.017],[137.0204,36.0204],[137.0207,36.0218],[137.0184,36.0231]],[[137.024,36.0136],[137.0237,36.0145]],[[137.0267,36.008],[137.0261,36.011],[137.0245,36.0118],[137.024,36.0136]],[[137.0201,35.9646],[137.0225,35.9676],[137.0204,35.9695],[137.0215,35.9716],[137.0208,35.9733],[137.0218,35.975],[137.0186,35.979],[137.0177,35.9815],[137.0185,35.9838],[137.0157,35.9869],[137.0169,35.9882],[137.0177,35.995],[137.021,35.9984],[137.0203,36.001],[137.0239,36.0047],[137.0234,36.0066],[137.0267,36.008]]]}},{"type":"Feature","properties":{"t":"riviere","km":52,"nom":"小矢部川"},"geometry":{"type":"MultiLineString","coordinates":[[[137.0531,36.7839],[137.0625,36.7917],[137.0679,36.7942]],[[137.0443,36.7802],[137.0484,36.7803],[137.0531,36.7839]],[[137.0354,36.7798],[137.0397,36.7806],[137.0443,36.7802]],[[137.0337,36.7781],[137.0354,36.7798]],[[137.0335,36.7775],[137.0337,36.7781]],[[137.0317,36.7724],[137.0328,36.7735],[137.0335,36.7775]],[[137.0114,36.7638],[137.0201,36.7689],[137.0282,36.7706],[137.0317,36.7724]],[[137.0064,36.7674],[137.008,36.7646],[137.0114,36.7638]],[[136.9984,36.7736],[137.0013,36.775],[137.0035,36.7744],[137.006,36.7716],[137.0064,36.7674]],[[136.9973,36.7729],[136.9984,36.7736]],[[136.9941,36.7684],[136.9973,36.7729]],[[136.9879,36.767],[136.9941,36.7684]],[[136.9786,36.7627],[136.9786,36.7645],[136.9801,36.7659],[136.9879,36.767]],[[136.9802,36.7486],[136.9834,36.7514],[136.9844,36.7553],[136.9786,36.7627]],[[136.96,36.7437],[136.9645,36.7478],[136.9694,36.7496],[136.977,36.7472],[136.9802,36.7486]],[[136.9557,36.7348],[136.9573,36.7367],[136.9573,36.739],[136.96,36.7437]],[[136.9315,36.7185],[136.9343,36.7215],[136.9437,36.725],[136.9478,36.7305],[136.9557,36.7348]],[[136.9201,36.7106],[136.9282,36.714],[136.9315,36.7185]],[[136.8971,36.6995],[136.9019,36.7021],[136.91,36.7044],[136.9161,36.709],[136.9201,36.7106]],[[136.8959,36.6987],[136.8971,36.6995]],[[136.8931,36.6971],[136.8959,36.6987]],[[136.8907,36.6951],[136.8931,36.6971]],[[136.8867,36.691],[136.8907,36.6951]],[[136.8821,36.6755],[136.8816,36.6794],[136.8826,36.6829],[136.8867,36.691]],[[136.8715,36.6706],[136.8795,36.6736],[136.8821,36.6755]],[[136.8697,36.6637],[136.8697,36.6674],[136.8715,36.6706]],[[136.8782,36.6416],[136.8757,36.6439],[136.8736,36.6482],[136.8729,36.6537],[136.8697,36.6637]],[[136.8803,36.6396],[136.8782,36.6416]],[[136.8946,36.6183],[136.8911,36.6188],[136.8923,36.6259],[136.8858,36.6305],[136.8827,36.6369],[136.8803,36.6396]],[[136.8964,36.6184],[136.8946,36.6183]],[[136.9046,36.6133],[136.8964,36.6184]],[[136.9046,36.6122],[136.9046,36.6133]],[[136.904,36.6108],[136.9046,36.6122]],[[136.8993,36.598],[136.9021,36.6086],[136.904,36.6108]],[[136.8864,36.589],[136.8936,36.5949],[136.8993,36.598]],[[136.8827,36.5841],[136.8864,36.589]],[[136.8818,36.5825],[136.8827,36.5841]],[[136.8804,36.58],[136.8818,36.5825]],[[136.8825,36.5762],[136.8804,36.58]],[[136.8825,36.5759],[136.8825,36.5762]],[[136.8828,36.5748],[136.8825,36.5759]],[[136.8775,36.5633],[136.8828,36.5748]],[[136.8576,36.5308],[136.8656,36.5438],[136.8735,36.5537],[136.8775,36.5633]],[[136.8539,36.5268],[136.8576,36.5308]],[[136.8494,36.5163],[136.8539,36.5268]],[[136.8489,36.5152],[136.8494,36.5163]],[[136.8459,36.5144],[136.8489,36.5152]],[[136.8341,36.4958],[136.8353,36.4968],[136.8375,36.4967],[136.8365,36.4982],[136.8388,36.5004],[136.8409,36.5007],[136.8384,36.5031],[136.8436,36.505],[136.8428,36.5079],[136.8447,36.5086],[136.8451,36.5101],[136.8434,36.5111],[136.8459,36.5144]],[[136.822,36.4916],[136.8291,36.4927],[136.8341,36.4958]],[[136.8061,36.47],[136.8037,36.473],[136.8049,36.4734],[136.807,36.4765],[136.8094,36.4768],[136.8112,36.4804],[136.8189,36.4851],[136.8225,36.4904],[136.822,36.4916]],[[136.8002,36.4569],[136.8022,36.4656],[136.8061,36.4673],[136.8061,36.47]],[[136.7998,36.4525],[136.7994,36.4557],[136.8002,36.4569]],[[136.7981,36.4456],[136.7979,36.4462],[136.7997,36.4464],[136.7998,36.4525]],[[136.7976,36.4407],[136.7998,36.4424],[136.7981,36.4456]],[[136.799,36.4366],[136.7976,36.4407]],[[136.799,36.4359],[136.799,36.4366]],[[136.8029,36.4289],[136.8014,36.4329],[136.7993,36.4345],[136.799,36.4359]],[[136.8074,36.4304],[136.8059,36.4308],[136.8029,36.4289]],[[136.8121,36.4264],[136.8106,36.4268],[136.8103,36.4286],[136.8074,36.4304]],[[136.8148,36.4187],[136.8133,36.4233],[136.8112,36.425],[136.8121,36.4264]],[[136.8111,36.4048],[136.8117,36.4064],[136.8106,36.4067],[136.8098,36.4085],[136.8106,36.41],[136.8103,36.4124],[136.8141,36.4162],[136.8148,36.4187]],[[136.8156,36.39],[136.8147,36.3918],[136.8152,36.3959],[136.8136,36.3977],[136.8121,36.3977],[136.8122,36.4024],[136.8111,36.4048]],[[136.8179,36.3794],[136.8196,36.3805],[136.82,36.3846],[136.8179,36.3885],[136.8167,36.3885],[136.8156,36.39]]]}},{"type":"Feature","properties":{"t":"riviere","km":73,"nom":"九頭竜川"},"geometry":{"type":"MultiLineString","coordinates":[[[136.1452,36.2123],[136.1401,36.2181],[136.1354,36.2193]],[[136.1471,36.1973],[136.1477,36.2075],[136.1452,36.2123]],[[136.1484,36.1703],[136.1469,36.1738],[136.1474,36.1774],[136.1552,36.183],[136.1568,36.1856],[136.1571,36.189],[136.1555,36.1922],[136.1471,36.1973]],[[136.1495,36.1701],[136.1484,36.1703]],[[136.165,36.1501],[136.1602,36.1608],[136.1495,36.1701]],[[136.1761,36.1378],[136.1678,36.1439],[136.165,36.1501]],[[136.1779,36.1342],[136.1761,36.1378]],[[136.171,36.1201],[136.1733,36.1255],[136.1774,36.13],[136.1779,36.1342]],[[136.1789,36.1103],[136.1743,36.1126],[136.171,36.1178],[136.171,36.1201]],[[136.2021,36.0989],[136.1994,36.0997],[136.1955,36.1072],[136.1934,36.109],[136.1905,36.11],[136.1789,36.1103]],[[136.2145,36.1018],[136.2116,36.1027],[136.2021,36.0989]],[[136.2268,36.1019],[136.22,36.099],[136.2145,36.1018]],[[136.2276,36.1022],[136.2268,36.1019]],[[136.2626,36.1064],[136.2586,36.1068],[136.2553,36.1099],[136.2523,36.1106],[136.2489,36.1091],[136.2391,36.1083],[136.2371,36.1066],[136.2276,36.1022]],[[136.2637,36.1061],[136.2626,36.1064]],[[136.2997,36.0985],[136.2969,36.0973],[136.2873,36.0972],[136.2846,36.0981],[136.2817,36.1009],[136.2781,36.1003],[136.2637,36.1061]],[[136.3218,36.1036],[136.2997,36.0985]],[[136.3223,36.1037],[136.3218,36.1036]],[[136.3357,36.0963],[136.3315,36.0977],[136.3296,36.102],[136.3223,36.1037]],[[136.338,36.0955],[136.3357,36.0963]],[[136.346,36.0947],[136.338,36.0955]],[[136.3477,36.0943],[136.346,36.0947]],[[136.3522,36.094],[136.3477,36.0943]],[[136.3648,36.0919],[136.3522,36.094]],[[136.3671,36.0912],[136.3648,36.0919]],[[136.3793,36.0859],[136.3747,36.0864],[136.3671,36.0912]],[[136.3941,36.0855],[136.3889,36.0874],[136.3825,36.0872],[136.3793,36.0859]],[[136.3996,36.0847],[136.3941,36.0855]],[[136.4166,36.0788],[136.4096,36.0795],[136.3996,36.0847]],[[136.4293,36.0774],[136.4227,36.08],[136.4197,36.0785],[136.4166,36.0788]],[[136.4352,36.076],[136.4304,36.0763],[136.4293,36.0774]],[[136.4423,36.0776],[136.4373,36.0771],[136.4352,36.076]],[[136.4444,36.0772],[136.4423,36.0776]],[[136.4492,36.0735],[136.4444,36.0772]],[[136.4785,36.0698],[136.4692,36.0738],[136.4492,36.0735]],[[136.4848,36.0674],[136.4785,36.0698]],[[136.4932,36.0599],[136.4903,36.0647],[136.4849,36.0674]],[[136.4979,36.0493],[136.4977,36.0519],[136.4956,36.0542],[136.4955,36.0568],[136.4932,36.0599]],[[136.5012,36.0426],[136.4988,36.0456],[136.4979,36.0493]],[[136.5032,36.0379],[136.5012,36.0426]],[[136.5141,36.0235],[136.5076,36.0257],[136.5035,36.0347],[136.5032,36.0379]],[[136.5157,36.022],[136.5141,36.0235]],[[136.5368,36.0103],[136.5312,36.015],[136.5257,36.0169],[136.5179,36.0218],[136.5157,36.022]],[[136.5456,36.0059],[136.5413,36.0074],[136.5368,36.0103]],[[136.5475,36.002],[136.5473,36.005],[136.5456,36.0059]],[[136.5532,35.9955],[136.5475,36.002]],[[136.5562,35.9914],[136.5532,35.9955]],[[136.5575,35.9891],[136.5562,35.9914]],[[136.5651,35.9755],[136.5606,35.9834],[136.5579,35.9862],[136.5575,35.9891]],[[136.6004,35.9674],[136.5964,35.973],[136.5899,35.9715],[136.5896,35.9704],[136.591,35.9702],[136.5918,35.9688],[136.5885,35.9657],[136.5883,35.9671],[136.5862,35.9682],[136.578,35.9679],[136.5651,35.9755]],[[136.6079,35.9634],[136.6058,35.9673],[136.6004,35.9674]],[[136.6146,35.9606],[136.6108,35.9608],[136.6079,35.9634]],[[136.6183,35.9566],[136.6142,35.9571],[136.6146,35.9606]],[[136.6263,35.9492],[136.6225,35.9539],[136.6248,35.9577],[136.6225,35.9577],[136.6207,35.9557],[136.6183,35.9566]],[[136.6417,35.9437],[136.6421,35.9448],[136.6393,35.9479],[136.6393,35.9498],[136.6385,35.9504],[136.631,35.9474],[136.6283,35.9475],[136.6263,35.9492]],[[136.6445,35.9244],[136.6376,35.9277],[136.6341,35.9265],[136.632,35.9285],[136.6333,35.9308],[136.6366,35.933],[136.6345,35.9396],[136.64,35.9412],[136.6403,35.9428],[136.6417,35.9437]],[[136.6267,35.922],[136.6345,35.9188],[136.6385,35.9226],[136.6409,35.9233],[136.6424,35.9221],[136.6441,35.9227],[136.6445,35.9244]],[[136.6248,35.9202],[136.6255,35.9218],[136.6267,35.922]],[[136.6253,35.9174],[136.6248,35.9202]],[[136.627,35.9126],[136.626,35.9133],[136.6253,35.9174]],[[136.6359,35.9068],[136.627,35.9126]],[[136.653,35.9],[136.6488,35.9016],[136.6466,35.9052],[136.6443,35.9067],[136.6359,35.9068]],[[136.6608,35.9016],[136.6558,35.8995],[136.653,35.9]],[[136.669,35.9048],[136.664,35.9042],[136.6608,35.9016]],[[136.6721,35.9036],[136.669,35.9048]],[[136.6725,35.9033],[136.6721,35.9036]],[[136.6728,35.9031],[136.6725,35.9033]],[[136.6813,35.8945],[136.6769,35.8945],[136.6772,35.9011],[136.6728,35.9031]],[[136.6885,35.8932],[136.6868,35.8948],[136.6813,35.8945]],[[136.6896,35.8911],[136.6885,35.8932]],[[136.6905,35.889],[136.6896,35.8911]],[[136.68,35.879],[136.6837,35.8835],[136.6874,35.8867],[136.6904,35.8879],[136.6905,35.889]],[[136.7156,35.8757],[136.709,35.8751],[136.6962,35.8762],[136.6863,35.876],[136.682,35.8766],[136.68,35.879]],[[136.718,35.8759],[136.7156,35.8757]],[[136.7246,35.8763],[136.718,35.8759]],[[136.7378,35.873],[136.7262,35.8723],[136.7246,35.8763]],[[136.7507,35.8747],[136.747,35.8751],[136.7378,35.873]],[[136.7541,35.8738],[136.7507,35.8747]],[[136.7653,35.8771],[136.763,35.875],[136.7586,35.8752],[136.7541,35.8738]],[[136.768,35.8783],[136.7653,35.8771]],[[136.7776,35.8777],[136.7741,35.8775],[136.7705,35.879],[136.768,35.8783]],[[136.7817,35.8769],[136.7776,35.8777]],[[136.7841,35.8773],[136.7817,35.8769]],[[136.7849,35.878],[136.7841,35.8773]],[[136.7893,35.8761],[136.7883,35.8776],[136.7865,35.8769],[136.7849,35.878]],[[136.7911,35.8734],[136.7883,35.8753],[136.7893,35.8761]],[[136.7999,35.8706],[136.7983,35.8707],[136.7972,35.873],[136.7911,35.8734]],[[136.8009,35.8701],[136.7999,35.8706]],[[136.8139,35.8706],[136.8046,35.8718],[136.8009,35.8701]],[[136.819,35.8707],[136.8165,35.8697],[136.8139,35.8706]],[[136.8244,35.8694],[136.8224,35.8708],[136.8231,35.8721],[136.8208,35.8735],[136.8194,35.8729],[136.819,35.8707]],[[136.8224,35.8635],[136.8244,35.8694]]]}},{"type":"Feature","properties":{"t":"riviere","km":53,"nom":"円山川"},"geometry":{"type":"MultiLineString","coordinates":[[[134.8219,35.5189],[134.8249,35.526],[134.8317,35.5339],[134.8314,35.5397],[134.8268,35.5506],[134.8171,35.5593],[134.8115,35.567],[134.8078,35.5743],[134.8014,35.58],[134.8006,35.582],[134.8008,35.5877],[134.8029,35.5951],[134.8035,35.6036],[134.8058,35.6097],[134.8175,35.6253],[134.8206,35.6282],[134.8213,35.6315],[134.8243,35.6358],[134.8259,35.6408],[134.8311,35.6471],[134.8345,35.6482]],[[134.8233,35.5115],[134.8219,35.5189]],[[134.8086,35.5006],[134.8105,35.5023],[134.8147,35.5035],[134.8233,35.5115]],[[134.8085,35.4976],[134.8086,35.5006]],[[134.813,35.4913],[134.8106,35.495],[134.8085,35.4964],[134.8085,35.4976]],[[134.7904,35.4806],[134.8093,35.483],[134.8129,35.4881],[134.8122,35.4899],[134.813,35.4913]],[[134.7892,35.4726],[134.7899,35.4741],[134.787,35.4774],[134.7904,35.4806]],[[134.7855,35.4686],[134.785,35.4708],[134.7892,35.4726]],[[134.7792,35.4691],[134.7855,35.4686]],[[134.7771,35.4596],[134.7758,35.4625],[134.7785,35.4657],[134.7776,35.4687],[134.7792,35.4691]],[[134.7794,35.4564],[134.7771,35.4596]],[[134.7766,35.4542],[134.7794,35.4564]],[[134.7747,35.4523],[134.7766,35.4542]],[[134.7728,35.4493],[134.7747,35.4523]],[[134.7746,35.4454],[134.7729,35.4469],[134.7728,35.4493]],[[134.7884,35.4418],[134.7816,35.4428],[134.7746,35.4454]],[[134.7972,35.4235],[134.7965,35.4256],[134.7914,35.4276],[134.7892,35.4305],[134.7914,35.4378],[134.7899,35.441],[134.7884,35.4418]],[[134.7901,35.4187],[134.7962,35.4212],[134.7972,35.4235]],[[134.7849,35.4151],[134.7901,35.4187]],[[134.7817,35.4115],[134.7849,35.4151]],[[134.7803,35.41],[134.7817,35.4115]],[[134.7895,35.3966],[134.7817,35.4024],[134.7813,35.4052],[134.7796,35.4077],[134.7803,35.41]],[[134.79,35.3964],[134.7895,35.3966]],[[134.8122,35.3883],[134.8071,35.3899],[134.7993,35.3893],[134.7966,35.3901],[134.79,35.3964]],[[134.815,35.386],[134.8122,35.3883]],[[134.8153,35.3846],[134.815,35.386]],[[134.8127,35.3741],[134.8125,35.3785],[134.8154,35.3825],[134.8153,35.3846]],[[134.8152,35.3713],[134.8134,35.3721],[134.8127,35.3741]],[[134.8185,35.3694],[134.8152,35.3713]],[[134.8271,35.3613],[134.8247,35.3645],[134.8185,35.3694]],[[134.8321,35.3558],[134.8271,35.3613]],[[134.8341,35.3544],[134.8321,35.3558]],[[134.835,35.3542],[134.8341,35.3544]],[[134.8361,35.3537],[134.835,35.3542]],[[134.8499,35.3292],[134.8573,35.3339],[134.8597,35.3375],[134.8592,35.3403],[134.857,35.3423],[134.8529,35.3436],[134.8448,35.3443],[134.8421,35.3475],[134.8408,35.3511],[134.8361,35.3537]],[[134.8469,35.3236],[134.8499,35.3292]],[[134.8375,35.3132],[134.839,35.3153],[134.8447,35.319],[134.8469,35.3236]],[[134.8377,35.3099],[134.8375,35.3132]],[[134.8391,35.3043],[134.8377,35.3099]],[[134.8376,35.2953],[134.8391,35.2973],[134.8391,35.3043]],[[134.8262,35.2895],[134.8315,35.2933],[134.8376,35.2953]],[[134.8199,35.2713],[134.823,35.274],[134.8233,35.2853],[134.8262,35.2895]],[[134.8166,35.2683],[134.8199,35.2713]],[[134.8062,35.2576],[134.8088,35.2633],[134.8146,35.2661],[134.8166,35.2683]],[[134.8027,35.2469],[134.803,35.2523],[134.8062,35.2576]],[[134.7939,35.2297],[134.7953,35.2355],[134.7995,35.2389],[134.8,35.243],[134.8027,35.2469]],[[134.795,35.2245],[134.7939,35.2297]],[[134.7959,35.2204],[134.7965,35.2212],[134.795,35.2245]],[[134.7955,35.2081],[134.7959,35.2204]],[[134.7938,35.1988],[134.7943,35.2049],[134.7955,35.2081]],[[134.7932,35.1979],[134.7938,35.1988]],[[134.7924,35.1903],[134.7936,35.1929],[134.7932,35.1979]],[[134.7926,35.1895],[134.7924,35.1903]],[[134.7922,35.1892],[134.7926,35.1895]],[[134.7938,35.1849],[134.7924,35.1862],[134.7916,35.1888],[134.7922,35.1892]],[[134.7938,35.1845],[134.7938,35.1849]],[[134.8034,35.1816],[134.7953,35.1803],[134.794,35.1815],[134.7938,35.1845]]]}},{"type":"Feature","properties":{"t":"riviere","km":62,"nom":"加古川"},"geometry":{"type":"MultiLineString","coordinates":[[[135.0358,35.2196],[135.0376,35.2103],[135.0417,35.2049],[135.0432,35.2006],[135.0431,35.1923],[135.0377,35.1802],[135.0378,35.1766],[135.0422,35.1699],[135.0429,35.1648],[135.0421,35.1621],[135.0373,35.1606],[135.0381,35.156],[135.0365,35.1528],[135.0369,35.1502],[135.0336,35.1466],[135.0292,35.1439],[135.0271,35.1393],[135.0152,35.1369],[135.0108,35.1342],[135.0097,35.1321],[135.0104,35.1299],[135.0053,35.1241],[135.0046,35.1213],[135.0016,35.1183],[134.9994,35.1141],[134.9935,35.1111],[134.9892,35.1068],[134.9883,35.1042],[134.9889,35.1005],[134.9944,35.0955],[134.9943,35.0912],[134.9961,35.0865],[134.9953,35.0838],[134.9925,35.0803],[134.9924,35.0778],[134.9972,35.0749],[135.0027,35.0734],[135.0087,35.0732],[135.0106,35.071],[135.0091,35.0643],[134.9947,35.0554],[134.9925,35.0532],[134.9893,35.0489],[134.9856,35.0377],[134.9816,35.0337],[134.9824,35.0308],[134.9859,35.0263],[134.9847,35.0203],[134.9963,35.01],[134.9971,35.0011],[134.9961,34.9961],[134.992,34.9884],[134.9848,34.9843],[134.9831,34.9802],[134.9769,34.9792],[134.9743,34.9774],[134.9746,34.972],[134.9724,34.9628],[134.9726,34.9583],[134.9651,34.9495],[134.963,34.9454],[134.9625,34.9411],[134.9543,34.9348],[134.9447,34.931],[134.9463,34.9233],[134.944,34.9214],[134.9379,34.919],[134.9298,34.9126],[134.9282,34.9091],[134.9286,34.9078],[134.9333,34.9065],[134.9368,34.9035],[134.9381,34.9008],[134.9379,34.8961],[134.9357,34.8906],[134.9301,34.884],[134.9273,34.8764],[134.9153,34.8601],[134.916,34.8572],[134.9154,34.8543],[134.9111,34.8474],[134.9134,34.8412],[134.9185,34.839],[134.9257,34.8321],[134.9289,34.8302],[134.9332,34.8236],[134.9369,34.8206],[134.9378,34.8192],[134.9375,34.8172],[134.9252,34.8074],[134.9104,34.7995],[134.9031,34.7982],[134.894,34.7951],[134.8729,34.7952],[134.8691,34.7934],[134.8601,34.7851],[134.8462,34.7809],[134.8368,34.7754],[134.8357,34.7761],[134.8296,34.773],[134.8168,34.7707],[134.8111,34.7682],[134.8065,34.7602],[134.8101,34.7455],[134.8076,34.7322]],[[135.0327,35.2263],[135.0358,35.2196]],[[135.0153,35.2378],[135.0166,35.2344],[135.0192,35.2322],[135.0219,35.2324],[135.0251,35.234],[135.0281,35.2331],[135.0327,35.2263]],[[134.9397,35.2364],[134.9406,35.2371],[134.9414,35.2403],[134.9471,35.2446],[134.9709,35.2519],[134.9731,35.2506],[134.9778,35.2499],[134.9882,35.2516],[134.9913,35.2493],[134.9972,35.247],[135.0043,35.2477],[135.0065,35.2454],[135.0079,35.2403],[135.0131,35.2396],[135.0153,35.2378]]]}},{"type":"Feature","properties":{"t":"riviere","km":54,"nom":"揖保川"},"geometry":{"type":"MultiLineString","coordinates":[[[134.5853,34.7817],[134.5823,34.7786],[134.5813,34.7763],[134.5838,34.7705]],[[134.5731,34.794],[134.5754,34.7913],[134.579,34.7893],[134.5809,34.7864],[134.5843,34.7845],[134.5853,34.7817]],[[134.5633,34.8016],[134.5687,34.7994],[134.5731,34.794]],[[134.5592,34.8049],[134.5633,34.8016]],[[134.5591,34.8051],[134.5592,34.8049]],[[134.5575,34.8077],[134.5591,34.8051]],[[134.555,34.8097],[134.5575,34.8077]],[[134.5477,34.8147],[134.5512,34.8138],[134.555,34.8097]],[[134.5399,34.8164],[134.5477,34.8147]],[[134.5372,34.8173],[134.5399,34.8164]],[[134.5368,34.8184],[134.5372,34.8173]],[[134.5331,34.8371],[134.5321,34.8302],[134.533,34.8226],[134.5339,34.8204],[134.5368,34.8184]],[[134.5352,34.8392],[134.5331,34.8371]],[[134.5387,34.8549],[134.5404,34.8492],[134.5403,34.8459],[134.5352,34.8392]],[[134.5506,34.8684],[134.5387,34.8549]],[[134.5476,34.8791],[134.5512,34.8728],[134.5506,34.8684]],[[134.5544,34.8979],[134.5546,34.8919],[134.5476,34.8791]],[[134.5548,34.9016],[134.5544,34.8979]],[[134.552,34.9147],[134.5548,34.9016]],[[134.5528,34.9223],[134.5537,34.9189],[134.552,34.9147]],[[134.5543,34.9343],[134.5554,34.9318],[134.5524,34.9258],[134.5528,34.9223]],[[134.5498,34.9453],[134.5528,34.9403],[134.5543,34.9343]],[[134.5496,34.9458],[134.5498,34.9453]],[[134.5487,34.9544],[134.548,34.9494],[134.5496,34.9458]],[[134.5492,34.9619],[134.5487,34.9544]],[[134.549,34.9628],[134.5492,34.9619]],[[134.5461,34.9747],[134.5521,34.9754],[134.554,34.9734],[134.5482,34.9676],[134.549,34.9628]],[[134.5502,34.9899],[134.5437,34.9856],[134.5393,34.9802],[134.5394,34.979],[134.5416,34.9768],[134.5461,34.9747]],[[134.5542,34.9943],[134.5502,34.9899]],[[134.5511,35.0069],[134.5515,35.0018],[134.5542,34.9943]],[[134.55,35.0104],[134.5511,35.0069]],[[134.5497,35.0113],[134.55,35.0104]],[[134.55,35.014],[134.5497,35.0113]],[[134.5541,35.031],[134.5546,35.0279],[134.5539,35.026],[134.5549,35.0224],[134.552,35.0192],[134.55,35.014]],[[134.5525,35.033],[134.5541,35.031]],[[134.5752,35.0479],[134.5691,35.0463],[134.5659,35.0436],[134.5598,35.0414],[134.5535,35.0356],[134.5525,35.033]],[[134.576,35.0541],[134.5777,35.0526],[134.5779,35.0502],[134.5772,35.0489],[134.5752,35.0479]],[[134.5725,35.0599],[134.5731,35.0572],[134.576,35.0541]],[[134.5727,35.0615],[134.5725,35.0599]],[[134.5721,35.0645],[134.5727,35.0615]],[[134.5724,35.0671],[134.5721,35.0645]],[[134.5761,35.0676],[134.5724,35.0671]],[[134.5835,35.0672],[134.5799,35.0667],[134.5761,35.0676]],[[134.5858,35.0686],[134.5835,35.0672]],[[134.5832,35.0754],[134.5862,35.0719],[134.5866,35.0701],[134.5858,35.0686]],[[134.5816,35.0953],[134.5784,35.0897],[134.5817,35.0845],[134.5808,35.0807],[134.5832,35.0754]],[[134.5827,35.097],[134.5816,35.0953]],[[134.5811,35.1033],[134.5829,35.0992],[134.5827,35.097]],[[134.5814,35.1145],[134.5827,35.1114],[134.5806,35.1071],[134.5811,35.1033]],[[134.5827,35.122],[134.5807,35.1196],[134.5814,35.1145]],[[134.5913,35.1278],[134.5897,35.1275],[134.5876,35.1295],[134.5864,35.1294],[134.5849,35.1279],[134.5841,35.1236],[134.5827,35.122]],[[134.5978,35.138],[134.5953,35.1326],[134.5913,35.1278]],[[134.6034,35.1424],[134.6016,35.1426],[134.5978,35.138]],[[134.6104,35.152],[134.6049,35.143],[134.6034,35.1424]],[[134.6142,35.1565],[134.6104,35.152]],[[134.6147,35.1612],[134.6142,35.1565]],[[134.6178,35.1693],[134.6178,35.1653],[134.6147,35.1612]],[[134.6223,35.1805],[134.6194,35.175],[134.6189,35.172],[134.6174,35.1703],[134.6178,35.1693]],[[134.6248,35.1818],[134.6223,35.1805]],[[134.6496,35.1942],[134.6445,35.1939],[134.6428,35.1902],[134.6388,35.1899],[134.6333,35.1863],[134.6331,35.1838],[134.6248,35.1818]],[[134.6512,35.195],[134.6496,35.1942]],[[134.6517,35.1967],[134.6512,35.195]],[[134.6519,35.1981],[134.6517,35.1967]],[[134.6492,35.2095],[134.6499,35.2084],[134.6478,35.2055],[134.6498,35.2044],[134.6501,35.2],[134.6519,35.1981]],[[134.6506,35.2175],[134.6488,35.2155],[134.6513,35.213],[134.6485,35.2107],[134.6492,35.2095]],[[134.651,35.2294],[134.6513,35.227],[134.6493,35.2259],[134.6514,35.2228],[134.6492,35.2199],[134.648,35.2211],[134.647,35.2198],[134.6506,35.2175]],[[134.6518,35.2334],[134.651,35.2326],[134.6527,35.2305],[134.651,35.2294]],[[134.652,35.2364],[134.6502,35.2344],[134.6518,35.2334]],[[134.6506,35.2432],[134.6524,35.2421],[134.6512,35.2402],[134.6532,35.2398],[134.6515,35.2382],[134.652,35.2364]]]}},{"type":"Feature","properties":{"t":"riviere","km":87,"nom":"紀の川"},"geometry":{"type":"MultiLineString","coordinates":[[[135.1482,34.2259],[135.1441,34.2248]],[[135.1647,34.2406],[135.1546,34.229],[135.1482,34.2259]],[[135.1741,34.2463],[135.1689,34.2448],[135.1647,34.2406]],[[135.1856,34.2494],[135.1741,34.2463]],[[135.2008,34.2559],[135.1968,34.2555],[135.1856,34.2494]],[[135.2077,34.2558],[135.2008,34.2559]],[[135.2156,34.2541],[135.2077,34.2558]],[[135.2277,34.2478],[135.2203,34.2492],[135.2165,34.2514],[135.2156,34.2541]],[[135.25,34.2498],[135.238,34.2467],[135.2277,34.2478]],[[135.2539,34.249],[135.25,34.2498]],[[135.3022,34.2542],[135.2833,34.2547],[135.2648,34.2518],[135.2539,34.249]],[[135.3171,34.2496],[135.3022,34.2542]],[[135.3177,34.2494],[135.3171,34.2496]],[[135.324,34.2464],[135.3177,34.2494]],[[135.3296,34.2458],[135.324,34.2464]],[[135.3445,34.253],[135.3315,34.2482],[135.3311,34.2464],[135.3296,34.2458]],[[135.3637,34.2526],[135.359,34.254],[135.3445,34.253]],[[135.3784,34.25],[135.3739,34.2472],[135.3721,34.2471],[135.3665,34.2493],[135.3637,34.2526]],[[135.3808,34.255],[135.3784,34.25]],[[135.469,34.2828],[135.4599,34.2803],[135.4513,34.2792],[135.4445,34.2705],[135.4302,34.2637],[135.4083,34.2651],[135.3996,34.2608],[135.3943,34.2612],[135.3878,34.2592],[135.3838,34.2558],[135.3808,34.255]],[[135.473,34.2826],[135.469,34.2828]],[[135.4788,34.2818],[135.473,34.2826]],[[135.4843,34.2809],[135.4788,34.2818]],[[135.4869,34.2832],[135.4843,34.2809]],[[135.4897,34.2865],[135.4869,34.2832]],[[135.495,34.2895],[135.4897,34.2865]],[[135.4969,34.2902],[135.495,34.2895]],[[135.4989,34.2908],[135.4969,34.2902]],[[135.5025,34.2917],[135.4989,34.2908]],[[135.5154,34.2933],[135.5125,34.2912],[135.5025,34.2917]],[[135.527,34.2949],[135.5154,34.2933]],[[135.5324,34.2994],[135.5315,34.2969],[135.527,34.2949]],[[135.5353,34.3022],[135.5324,34.2994]],[[135.5415,34.3038],[135.5383,34.3046],[135.5353,34.3022]],[[135.5451,34.3011],[135.5415,34.3038]],[[135.5574,34.2942],[135.5451,34.3011]],[[135.5609,34.2936],[135.5574,34.2942]],[[135.5653,34.2969],[135.5609,34.2936]],[[135.5729,34.2994],[135.5682,34.2991],[135.5653,34.2969]],[[135.5772,34.2989],[135.5729,34.2994]],[[135.5797,34.2978],[135.5772,34.2989]],[[135.5845,34.3003],[135.5797,34.2978]],[[135.5958,34.3093],[135.5923,34.3103],[135.588,34.31],[135.5841,34.3026],[135.5845,34.3003]],[[135.6052,34.3098],[135.5958,34.3093]],[[135.6134,34.3142],[135.6104,34.3115],[135.6052,34.3098]],[[135.6192,34.3178],[135.6134,34.3142]],[[135.6319,34.3182],[135.6277,34.317],[135.6192,34.3178]],[[135.6391,34.3214],[135.6319,34.3182]],[[135.6413,34.322],[135.6391,34.3214]],[[135.6508,34.3238],[135.6458,34.3237],[135.6413,34.322]],[[135.6546,34.3254],[135.6508,34.3238]],[[135.6596,34.3266],[135.6546,34.3254]],[[135.6636,34.327],[135.6596,34.3266]],[[135.666,34.3269],[135.6636,34.327]],[[135.6687,34.3289],[135.666,34.3269]],[[135.6714,34.3313],[135.6687,34.3289]],[[135.6722,34.3319],[135.6714,34.3313]],[[135.6932,34.3383],[135.6894,34.3368],[135.6846,34.3385],[135.6807,34.3383],[135.6722,34.3319]],[[135.6937,34.3384],[135.6932,34.3383]],[[135.6911,34.3464],[135.6905,34.3453],[135.6937,34.3407],[135.6937,34.3384]],[[135.6938,34.3476],[135.6911,34.3464]],[[135.6947,34.3478],[135.6938,34.3476]],[[135.7029,34.3474],[135.6947,34.3478]],[[135.7062,34.3475],[135.7029,34.3474]],[[135.7113,34.3492],[135.7091,34.3474],[135.7062,34.3475]],[[135.7169,34.3558],[135.7128,34.3535],[135.7113,34.3492]],[[135.7335,34.3468],[135.7292,34.3478],[135.729,34.3516],[135.7276,34.355],[135.7249,34.3559],[135.7207,34.355],[135.7169,34.3558]],[[135.7492,34.3603],[135.7512,34.3558],[135.7481,34.354],[135.7381,34.3618],[135.7309,34.3575],[135.7307,34.355],[135.7355,34.35],[135.735,34.3479],[135.7335,34.3468]],[[135.749,34.3701],[135.7502,34.3688],[135.7492,34.3603]],[[135.7687,34.3793],[135.7591,34.377],[135.7512,34.3728],[135.749,34.3701]],[[135.7812,34.3834],[135.779,34.3834],[135.7687,34.3793]],[[135.7869,34.3787],[135.7842,34.3826],[135.7812,34.3834]],[[135.7949,34.3832],[135.7923,34.3808],[135.7869,34.3787]],[[135.7987,34.3853],[135.7949,34.3832]],[[135.7993,34.3853],[135.7987,34.3853]],[[135.8031,34.3852],[135.7993,34.3853]],[[135.8127,34.3858],[135.8031,34.3852]],[[135.8246,34.3889],[135.8127,34.3858]],[[135.8335,34.3918],[135.8246,34.3889]],[[135.8349,34.3922],[135.8335,34.3918]],[[135.8397,34.3923],[135.8349,34.3922]],[[135.8455,34.3933],[135.8397,34.3923]],[[135.8491,34.3933],[135.8455,34.3933]],[[135.8496,34.3934],[135.8491,34.3933]],[[135.8593,34.395],[135.8545,34.3936],[135.8496,34.3934]],[[135.8641,34.3958],[135.8593,34.395]],[[135.8666,34.3943],[135.8641,34.3958]],[[135.8725,34.3914],[135.8666,34.3943]],[[135.8948,34.3757],[135.8907,34.3768],[135.8903,34.379],[135.8918,34.3807],[135.8916,34.382],[135.8821,34.3827],[135.8807,34.3844],[135.8803,34.3886],[135.8755,34.3886],[135.8725,34.3914]],[[135.9008,34.3777],[135.8948,34.3757]],[[135.924,34.3876],[135.926,34.3909],[135.924,34.392],[135.9229,34.3912],[135.9225,34.3889],[135.9169,34.3856],[135.9162,34.3826],[135.9169,34.3815],[135.9157,34.3797],[135.9175,34.3765],[135.9167,34.3753],[135.9138,34.3754],[135.9074,34.3789],[135.9101,34.3818],[135.9101,34.383],[135.9074,34.3839],[135.905,34.3872],[135.9009,34.3864],[135.9018,34.3831],[135.9008,34.3777]],[[135.9437,34.3718],[135.9423,34.3728],[135.9321,34.3692],[135.9299,34.3712],[135.9261,34.3723],[135.9273,34.3766],[135.9263,34.3821],[135.9243,34.3828],[135.9233,34.3844],[135.924,34.3876]],[[135.9291,34.3612],[135.9327,34.364],[135.9348,34.3642],[135.9372,34.3624],[135.9386,34.3628],[135.9405,34.3693],[135.9437,34.3718]],[[135.9275,34.358],[135.9288,34.3593],[135.9291,34.3612]],[[135.9276,34.355],[135.9248,34.356],[135.9275,34.358]],[[135.9413,34.3498],[135.9367,34.3537],[135.9276,34.355]],[[135.9491,34.346],[135.9464,34.3489],[135.9413,34.3498]],[[135.9528,34.3448],[135.9491,34.346]],[[135.9623,34.3312],[135.96,34.3367],[135.9576,34.3366],[135.9562,34.3395],[135.954,34.3408],[135.954,34.3435],[135.9528,34.3448]],[[135.987,34.3136],[135.9792,34.3117],[135.978,34.3171],[135.9762,34.3197],[135.9712,34.3193],[135.972,34.3224],[135.9702,34.3234],[135.9697,34.3251],[135.9738,34.3281],[135.9737,34.3299],[135.9721,34.3319],[135.9668,34.3333],[135.9645,34.3311],[135.9623,34.3312]],[[135.9911,34.3132],[135.989,34.3153],[135.987,34.3136]],[[135.9923,34.306],[135.9942,34.3103],[135.9911,34.3132]],[[135.9982,34.3014],[135.9961,34.3036],[135.994,34.3023],[135.9924,34.3024],[135.9923,34.306]],[[136.0022,34.2943],[136.0032,34.2956],[135.9982,34.3014]],[[135.9998,34.292],[136.0022,34.2943]],[[136.0052,34.2799],[136.0039,34.2809],[136.0041,34.2817],[136.008,34.2822],[136.0046,34.2846],[136.0036,34.2877],[136.0004,34.2894],[135.9998,34.292]],[[136.0089,34.2756],[136.0052,34.2799]],[[136.0124,34.274],[136.0089,34.2756]],[[136.0128,34.2738],[136.0124,34.274]],[[136.0557,34.2533],[136.0505,34.2554],[136.0516,34.2578],[136.0505,34.2589],[136.0429,34.257],[136.0399,34.2608],[136.0382,34.2602],[136.0331,34.262],[136.0265,34.2617],[136.0248,34.2601],[136.0225,34.2602],[136.0169,34.2638],[136.0189,34.2664],[136.0157,34.2686],[136.0151,34.2734],[136.0128,34.2738]],[[136.0618,34.2576],[136.0589,34.257],[136.0575,34.2542],[136.0557,34.2533]],[[136.0666,34.2645],[136.0654,34.2602],[136.0623,34.2587],[136.0618,34.2576]]]}},{"type":"Feature","properties":{"t":"riviere","km":52,"nom":"日野川"},"geometry":{"type":"MultiLineString","coordinates":[[[133.3752,35.4554],[133.3761,35.4564],[133.3758,35.4591]],[[133.3735,35.4549],[133.3752,35.4554]],[[133.3664,35.4342],[133.3703,35.4393],[133.3709,35.448],[133.3735,35.4549]],[[133.3699,35.4118],[133.368,35.414],[133.3668,35.4198],[133.3674,35.4288],[133.3664,35.4342]],[[133.3981,35.3967],[133.3955,35.4003],[133.3873,35.4035],[133.3794,35.4051],[133.3781,35.4072],[133.3699,35.4118]],[[133.4088,35.3814],[133.4067,35.3848],[133.4002,35.3894],[133.3981,35.3967]],[[133.4089,35.3805],[133.4088,35.3814]],[[133.4142,35.3715],[133.4126,35.3764],[133.4089,35.3805]],[[133.415,35.3685],[133.4142,35.3715]],[[133.415,35.3685],[133.4157,35.3679]],[[133.4291,35.3561],[133.4273,35.3607],[133.4157,35.3679]],[[133.435,35.3404],[133.4337,35.3458],[133.4291,35.3561]],[[133.4349,35.339],[133.435,35.3404]],[[133.436,35.3371],[133.4349,35.339]],[[133.4363,35.3279],[133.4356,35.3305],[133.436,35.3371]],[[133.4369,35.3274],[133.4363,35.3279]],[[133.4413,35.3258],[133.4369,35.3274]],[[133.4424,35.3253],[133.4413,35.3258]],[[133.4515,35.3201],[133.4463,35.324],[133.4424,35.3253]],[[133.4546,35.318],[133.4515,35.3201]],[[133.4588,35.3125],[133.4582,35.3168],[133.4546,35.318]],[[133.4657,35.3082],[133.4662,35.31],[133.4654,35.3115],[133.462,35.3097],[133.4593,35.3109],[133.4588,35.3125]],[[133.4703,35.3003],[133.4686,35.3036],[133.4652,35.3036],[133.4638,35.3047],[133.4657,35.3082]],[[133.471,35.2966],[133.4703,35.3003]],[[133.4845,35.2867],[133.4813,35.2896],[133.4765,35.289],[133.471,35.2966]],[[133.4846,35.2859],[133.4845,35.2867]],[[133.4841,35.2817],[133.4846,35.2859]],[[133.4834,35.2803],[133.4841,35.2817]],[[133.4825,35.2786],[133.4834,35.2803]],[[133.4751,35.2683],[133.4747,35.2712],[133.4784,35.2722],[133.4794,35.2738],[133.478,35.2768],[133.4819,35.277],[133.4825,35.2786]],[[133.4763,35.267],[133.4751,35.2683]],[[133.477,35.2659],[133.4763,35.267]],[[133.4702,35.2625],[133.4758,35.2632],[133.477,35.2659]],[[133.4658,35.262],[133.4667,35.2628],[133.4702,35.2625]],[[133.4603,35.2571],[133.4658,35.262]],[[133.4476,35.2443],[133.4508,35.2474],[133.4528,35.2532],[133.4603,35.2571]],[[133.4441,35.2435],[133.4476,35.2443]],[[133.439,35.2388],[133.4381,35.2407],[133.4388,35.2425],[133.4441,35.2435]],[[133.4356,35.2356],[133.4387,35.2359],[133.439,35.2388]],[[133.4328,35.2371],[133.4356,35.2356]],[[133.4252,35.2387],[133.4295,35.2387],[133.4328,35.2371]],[[133.4194,35.2369],[133.4252,35.2387]],[[133.4198,35.2299],[133.4181,35.2354],[133.4194,35.2369]],[[133.3943,35.2168],[133.3987,35.2183],[133.4021,35.2173],[133.4028,35.2242],[133.4079,35.2229],[133.4164,35.2255],[133.4198,35.2299]],[[133.391,35.2155],[133.3931,35.2156],[133.3943,35.2168]],[[133.3867,35.2127],[133.388,35.2149],[133.391,35.2155]],[[133.3865,35.2123],[133.3867,35.2127]],[[133.3827,35.203],[133.3874,35.2045],[133.3861,35.2102],[133.3865,35.2123]],[[133.3671,35.1951],[133.376,35.1998],[133.3768,35.2033],[133.3827,35.203]],[[133.3527,35.1932],[133.3567,35.1937],[133.3584,35.1963],[133.3618,35.1976],[133.3671,35.1951]],[[133.3418,35.1953],[133.3467,35.1932],[133.3512,35.1949],[133.3527,35.1932]],[[133.336,35.1908],[133.338,35.1932],[133.3418,35.1953]],[[133.3265,35.1861],[133.3267,35.1873],[133.3306,35.1901],[133.336,35.1908]],[[133.3222,35.167],[133.3243,35.1701],[133.3223,35.1737],[133.3279,35.1757],[133.3267,35.1772],[133.33,35.1829],[133.3265,35.1861]],[[133.3143,35.1722],[133.3157,35.1719],[133.3172,35.1687],[133.3215,35.1666],[133.3222,35.167]],[[133.3137,35.1718],[133.3143,35.1722]],[[133.3081,35.1667],[133.3137,35.1718]],[[133.3045,35.1622],[133.3073,35.1631],[133.3081,35.1667]],[[133.2975,35.1605],[133.3045,35.1622]],[[133.2934,35.16],[133.2975,35.1605]],[[133.2772,35.1579],[133.2814,35.1602],[133.2865,35.1592],[133.2934,35.16]],[[133.2716,35.1551],[133.2772,35.1579]],[[133.264,35.155],[133.2674,35.156],[133.2716,35.1551]],[[133.259,35.1439],[133.2604,35.1434],[133.2613,35.1442],[133.2604,35.1513],[133.2613,35.1535],[133.264,35.155]],[[133.2563,35.1449],[133.259,35.1439]],[[133.2524,35.1434],[133.2516,35.145],[133.2525,35.1457],[133.2563,35.1449]],[[133.2455,35.1278],[133.2468,35.1279],[133.2457,35.1332],[133.2476,35.134],[133.2451,35.1367],[133.2489,35.1374],[133.2515,35.1403],[133.2534,35.1409],[133.2524,35.1434]],[[133.2417,35.1265],[133.2455,35.1278]],[[133.2007,35.1187],[133.2012,35.1199],[133.2053,35.1213],[133.2098,35.1211],[133.2134,35.119],[133.2177,35.1211],[133.222,35.1198],[133.2238,35.1202],[133.2252,35.1227],[133.2289,35.1219],[133.2283,35.1238],[133.2294,35.1243],[133.2326,35.1234],[133.2348,35.1253],[133.2368,35.123],[133.2394,35.1231],[133.2417,35.1265]],[[133.2004,35.1171],[133.2007,35.1187]],[[133.1999,35.1147],[133.2004,35.1171]],[[133.1908,35.1022],[133.1938,35.104],[133.1951,35.1085],[133.1979,35.1091],[133.2002,35.1132],[133.1999,35.1147]],[[133.1906,35.1013],[133.1908,35.1022]],[[133.1849,35.093],[133.1868,35.0978],[133.1906,35.1013]],[[133.1822,35.0881],[133.1828,35.09],[133.1855,35.0924],[133.1849,35.093]],[[133.1757,35.0846],[133.1772,35.0846],[133.1801,35.0875],[133.1822,35.0881]],[[133.1608,35.0849],[133.1639,35.0852],[133.1645,35.0869],[133.1672,35.0879],[133.1697,35.0868],[133.1701,35.0857],[133.1733,35.0865],[133.1744,35.0848],[133.1757,35.0846]],[[133.1563,35.0821],[133.1596,35.0828],[133.1596,35.0844],[133.1608,35.0849]],[[133.1466,35.0754],[133.1481,35.079],[133.1521,35.0821],[133.1563,35.0821]]]}},{"type":"Feature","properties":{"t":"riviere","km":84,"nom":"旭川"},"geometry":{"type":"MultiLineString","coordinates":[[[133.9342,34.64],[133.9375,34.6361],[133.9461,34.6301],[133.972,34.6011]],[[133.9318,34.6536],[133.9305,34.6474],[133.9342,34.64]],[[133.9355,34.6603],[133.9334,34.6588],[133.9318,34.6536]],[[133.9365,34.6608],[133.9355,34.6603]],[[133.9377,34.6624],[133.9365,34.6608]],[[133.9326,34.672],[133.933,34.6666],[133.9372,34.6652],[133.9377,34.6624]],[[133.9379,34.6869],[133.9319,34.6782],[133.9326,34.672]],[[133.9404,34.6942],[133.9409,34.6935],[133.9379,34.6869]],[[133.9518,34.7105],[133.9466,34.7025],[133.9443,34.7008],[133.9404,34.6942]],[[133.9592,34.7124],[133.9544,34.7119],[133.9518,34.7105]],[[133.9679,34.7132],[133.9592,34.7124]],[[133.9703,34.7137],[133.9679,34.7132]],[[133.9673,34.7243],[133.9697,34.7233],[133.9733,34.7189],[133.9732,34.7173],[133.9703,34.7137]],[[133.9663,34.7248],[133.9673,34.7243]],[[133.944,34.7688],[133.9514,34.7751],[133.9542,34.7757],[133.9564,34.7752],[133.9596,34.77],[133.9669,34.7709],[133.969,34.7702],[133.9701,34.7672],[133.9696,34.7627],[133.9593,34.7578],[133.9618,34.7535],[133.9607,34.7456],[133.9617,34.7411],[133.9633,34.739],[133.9634,34.7357],[133.962,34.7328],[133.9571,34.7272],[133.9581,34.7256],[133.9663,34.7248]],[[133.9424,34.7688],[133.944,34.7688]],[[133.9404,34.769],[133.9424,34.7688]],[[133.9394,34.7692],[133.9404,34.769]],[[133.9315,34.7753],[133.9338,34.7744],[133.9394,34.7692]],[[133.9276,34.7776],[133.9315,34.7753]],[[133.9375,34.7943],[133.9358,34.7897],[133.9287,34.7824],[133.9273,34.7798],[133.9276,34.7776]],[[133.9364,34.801],[133.9375,34.7943]],[[133.9432,34.8125],[133.9378,34.8021],[133.9364,34.801]],[[133.9375,34.8257],[133.9425,34.8244],[133.944,34.816],[133.9432,34.8125]],[[133.9314,34.8262],[133.9375,34.8257]],[[133.928,34.8291],[133.9314,34.8262]],[[133.9329,34.8423],[133.9315,34.8365],[133.9279,34.8331],[133.928,34.8291]],[[133.9265,34.8427],[133.9329,34.8423]],[[133.9056,34.8321],[133.9165,34.8333],[133.9265,34.8427]],[[133.9034,34.8354],[133.9035,34.8333],[133.9056,34.8321]],[[133.9064,34.8421],[133.9034,34.8354]],[[133.9091,34.8456],[133.9064,34.8421]],[[133.9103,34.8485],[133.9091,34.8456]],[[133.9095,34.8588],[133.9103,34.8485]],[[133.9016,34.871],[133.902,34.8667],[133.9083,34.8612],[133.9095,34.8588]],[[133.9023,34.874],[133.9016,34.871]],[[133.8976,34.883],[133.902,34.8821],[133.9043,34.8791],[133.9023,34.874]],[[133.891,34.899],[133.8936,34.898],[133.8948,34.8943],[133.8877,34.8925],[133.887,34.8888],[133.8923,34.8838],[133.8976,34.883]],[[133.8864,34.9002],[133.891,34.899]],[[133.8785,34.9032],[133.8794,34.9019],[133.8864,34.9002]],[[133.8572,34.9134],[133.8603,34.9115],[133.8637,34.9063],[133.8684,34.9054],[133.8747,34.907],[133.8765,34.9064],[133.8785,34.9032]],[[133.8565,34.9137],[133.8572,34.9134]],[[133.8476,34.9203],[133.8506,34.9155],[133.8565,34.9137]],[[133.8432,34.9452],[133.8455,34.9435],[133.8466,34.938],[133.8526,34.9306],[133.8522,34.9271],[133.8477,34.9234],[133.8476,34.9203]],[[133.8398,34.9449],[133.8432,34.9452]],[[133.8362,34.9447],[133.8398,34.9449]],[[133.8302,34.9518],[133.8335,34.9504],[133.8351,34.9456],[133.8362,34.9447]],[[133.8125,34.9459],[133.8147,34.9465],[133.8171,34.9498],[133.8215,34.9529],[133.8302,34.9518]],[[133.8108,34.9467],[133.8125,34.9459]],[[133.8106,34.9542],[133.8087,34.9524],[133.8108,34.9467]],[[133.8206,34.9666],[133.8195,34.9637],[133.8148,34.9611],[133.8136,34.956],[133.8106,34.9542]],[[133.8126,34.9769],[133.8206,34.9666]],[[133.7929,34.9839],[133.7977,34.9808],[133.8028,34.9795],[133.805,34.9751],[133.8092,34.9776],[133.8126,34.9769]],[[133.7878,34.9881],[133.7929,34.9839]],[[133.7754,35.0027],[133.7739,35.0019],[133.7752,35.0004],[133.7811,35.0012],[133.7831,35.0004],[133.7838,34.9979],[133.7814,34.9938],[133.7866,34.9906],[133.7878,34.9881]],[[133.7639,35.0223],[133.7675,35.0169],[133.7791,35.0062],[133.7793,35.0047],[133.7754,35.0027]],[[133.7598,35.0206],[133.7639,35.0223]],[[133.7555,35.0175],[133.7598,35.0206]],[[133.7523,35.0225],[133.753,35.0186],[133.7555,35.0175]],[[133.7544,35.0337],[133.7523,35.0225]],[[133.7548,35.0341],[133.7544,35.0337]],[[133.7594,35.0402],[133.7587,35.0376],[133.7548,35.0341]],[[133.7544,35.0501],[133.7583,35.0442],[133.7594,35.0402]],[[133.7571,35.0599],[133.7537,35.0537],[133.7544,35.0501]],[[133.7572,35.0612],[133.7571,35.0599]],[[133.7565,35.0646],[133.7572,35.0612]],[[133.7562,35.0654],[133.7565,35.0646]],[[133.7493,35.076],[133.7533,35.0732],[133.7562,35.0654]],[[133.7387,35.0783],[133.7493,35.076]],[[133.7366,35.0786],[133.7387,35.0783]],[[133.7353,35.0785],[133.7366,35.0786]],[[133.7256,35.0816],[133.7353,35.0785]],[[133.7226,35.0825],[133.7256,35.0816]],[[133.7138,35.0829],[133.7226,35.0825]],[[133.7081,35.0824],[133.7138,35.0829]],[[133.7065,35.0823],[133.7081,35.0824]],[[133.6917,35.0782],[133.6943,35.0777],[133.6965,35.0808],[133.699,35.082],[133.7065,35.0823]],[[133.6911,35.0787],[133.6917,35.0782]],[[133.6909,35.0788],[133.6911,35.0787]],[[133.6898,35.0824],[133.6909,35.0788]],[[133.69,35.0836],[133.6898,35.0824]],[[133.6902,35.0917],[133.6894,35.0906],[133.69,35.0836]],[[133.6988,35.0957],[133.6965,35.0919],[133.6902,35.0917]],[[133.7183,35.1015],[133.7168,35.0986],[133.7104,35.0974],[133.7026,35.0992],[133.7027,35.1035],[133.7019,35.1044],[133.6997,35.1042],[133.6975,35.1019],[133.6996,35.0995],[133.6988,35.0957]],[[133.7161,35.1065],[133.7183,35.1015]],[[133.7086,35.1183],[133.7098,35.1166],[133.7084,35.1153],[133.7085,35.1135],[133.7126,35.1108],[133.7161,35.1065]],[[133.7129,35.1197],[133.7096,35.1196],[133.7086,35.1183]],[[133.7142,35.121],[133.7129,35.1197]],[[133.707,35.1319],[133.7093,35.1307],[133.7104,35.125],[133.7135,35.1232],[133.7146,35.1219],[133.7142,35.121]],[[133.7054,35.133],[133.707,35.1319]],[[133.7074,35.1341],[133.7054,35.133]],[[133.7158,35.1372],[133.7143,35.1368],[133.711,35.1326],[133.7074,35.1341]],[[133.718,35.1434],[133.7158,35.1372]],[[133.7182,35.1474],[133.7191,35.1454],[133.718,35.1434]],[[133.7167,35.1511],[133.7161,35.1497],[133.7182,35.1474]],[[133.7186,35.1531],[133.7167,35.1511]],[[133.7192,35.1535],[133.7186,35.1531]],[[133.728,35.1575],[133.7192,35.1535]],[[133.7287,35.1641],[133.728,35.1575]],[[133.7341,35.1682],[133.7287,35.1641]],[[133.7351,35.1696],[133.7341,35.1682]],[[133.7306,35.1736],[133.7336,35.1728],[133.7351,35.1696]],[[133.7289,35.1764],[133.7286,35.175],[133.7306,35.1736]],[[133.7377,35.1835],[133.73,35.1782],[133.7289,35.1764]],[[133.7371,35.1847],[133.7377,35.1835]],[[133.7286,35.1888],[133.7286,35.1875],[133.7309,35.1853],[133.7371,35.1847]],[[133.7306,35.2014],[133.7332,35.1964],[133.7316,35.192],[133.7286,35.1888]],[[133.7327,35.208],[133.7306,35.2014]],[[133.7327,35.2082],[133.7327,35.208]],[[133.7414,35.2438],[133.742,35.243],[133.7397,35.2406],[133.7361,35.2388],[133.7385,35.2349],[133.7358,35.2331],[133.7345,35.2289],[133.7279,35.2247],[133.7248,35.2242],[133.7181,35.2298],[133.7159,35.2306],[133.7147,35.2331],[133.7134,35.2324],[133.713,35.2297],[133.7103,35.2263],[133.7102,35.2252],[133.7161,35.2208],[133.7185,35.2158],[133.7206,35.2148],[133.7266,35.2145],[133.7281,35.2112],[133.7331,35.2108],[133.7327,35.2082]],[[133.7315,35.2566],[133.734,35.2542],[133.7341,35.2468],[133.7379,35.2464],[133.7415,35.2475],[133.7408,35.2445],[133.7414,35.2438]],[[133.7263,35.2697],[133.7256,35.2684],[133.7261,35.2672],[133.731,35.2612],[133.7315,35.2566]],[[133.7317,35.2731],[133.7295,35.2704],[133.7263,35.2697]],[[133.7351,35.2787],[133.7317,35.2731]],[[133.7358,35.285],[133.7375,35.2811],[133.7351,35.2787]],[[133.7308,35.2894],[133.7358,35.285]],[[133.7293,35.29],[133.7308,35.2894]],[[133.7216,35.2892],[133.7293,35.29]],[[133.7119,35.2884],[133.7216,35.2892]],[[133.7005,35.2861],[133.7064,35.2882],[133.7119,35.2884]],[[133.695,35.279],[133.6953,35.28],[133.6964,35.2802],[133.6972,35.283],[133.7005,35.2861]],[[133.6899,35.2747],[133.694,35.2772],[133.695,35.279]],[[133.6884,35.2747],[133.6899,35.2747]],[[133.6859,35.2752],[133.6884,35.2747]],[[133.6785,35.2745],[133.6823,35.276],[133.6859,35.2752]],[[133.6771,35.2744],[133.6785,35.2745]],[[133.6602,35.2776],[133.6771,35.2744]],[[133.6509,35.278],[133.6544,35.2754],[133.6602,35.2776]],[[133.6445,35.2772],[133.6509,35.278]],[[133.6391,35.2762],[133.6413,35.2758],[133.6433,35.2774],[133.6445,35.2772]],[[133.6199,35.2752],[133.6227,35.2756],[133.6272,35.2745],[133.6302,35.2755],[133.6337,35.274],[133.6391,35.2762]],[[133.6069,35.2726],[133.6119,35.2729],[133.6133,35.2741],[133.6199,35.2752]],[[133.6059,35.2725],[133.6069,35.2726]],[[133.6013,35.2718],[133.602,35.2731],[133.6059,35.2725]],[[133.5922,35.2663],[133.5945,35.2678],[133.599,35.2684],[133.6013,35.2718]],[[133.5918,35.2654],[133.5922,35.2663]],[[133.5916,35.2646],[133.5918,35.2654]],[[133.5912,35.2625],[133.5916,35.2646]],[[133.5916,35.2588],[133.5925,35.2599],[133.5912,35.2625]],[[133.9466,34.7025],[133.9471,34.7008],[133.9454,34.6964],[133.9409,34.6935]]]}},{"type":"Feature","properties":{"t":"riviere","km":74,"nom":"高梁川"},"geometry":{"type":"MultiLineString","coordinates":[[[133.7477,34.6202],[133.7489,34.618],[133.747,34.6143],[133.7476,34.613],[133.7451,34.609],[133.7389,34.6042],[133.7314,34.6014],[133.719,34.5918],[133.7162,34.5889],[133.71,34.5748],[133.6992,34.5623],[133.6974,34.5577],[133.6972,34.5413],[133.6984,34.5267]],[[133.7447,34.6233],[133.7461,34.6228],[133.7477,34.6202]],[[133.7399,34.6243],[133.7447,34.6233]],[[133.7279,34.6487],[133.7271,34.6486],[133.7258,34.6448],[133.7265,34.6396],[133.729,34.6352],[133.7277,34.63],[133.731,34.6253],[133.7353,34.6239],[133.7399,34.6243]],[[133.7284,34.6507],[133.7279,34.6487]],[[133.7157,34.6766],[133.7197,34.6728],[133.7232,34.6714],[133.7271,34.6673],[133.7294,34.6541],[133.7276,34.6526],[133.7284,34.6507]],[[133.7281,34.6918],[133.7246,34.6871],[133.716,34.6798],[133.7157,34.6766]],[[133.7268,34.7044],[133.7293,34.7001],[133.7281,34.6918]],[[133.7196,34.7029],[133.7234,34.7045],[133.7268,34.7044]],[[133.7155,34.7015],[133.7196,34.7029]],[[133.7117,34.7055],[133.7132,34.7029],[133.7155,34.7015]],[[133.703,34.7123],[133.7117,34.7055]],[[133.693,34.7115],[133.6979,34.713],[133.703,34.7123]],[[133.6718,34.7213],[133.6778,34.7217],[133.6795,34.7204],[133.6813,34.7108],[133.683,34.7088],[133.6875,34.7093],[133.693,34.7115]],[[133.6716,34.7213],[133.6718,34.7213]],[[133.6477,34.7163],[133.6533,34.7153],[133.6589,34.7161],[133.665,34.7204],[133.6716,34.7213]],[[133.6466,34.7173],[133.6477,34.7163]],[[133.6383,34.7241],[133.6466,34.7173]],[[133.6407,34.7273],[133.6383,34.7241]],[[133.6426,34.7287],[133.6407,34.7273]],[[133.6435,34.7367],[133.646,34.7346],[133.6467,34.7322],[133.6426,34.7287]],[[133.6094,34.7577],[133.6132,34.7578],[133.6196,34.7542],[133.6265,34.7475],[133.6293,34.7476],[133.6347,34.7456],[133.6435,34.7367]],[[133.6043,34.7658],[133.6013,34.7619],[133.601,34.7597],[133.604,34.758],[133.6094,34.7577]],[[133.5978,34.7768],[133.6022,34.7749],[133.6051,34.7672],[133.6043,34.7658]],[[133.6064,34.7814],[133.5987,34.7793],[133.5972,34.7776],[133.5978,34.7768]],[[133.6129,34.7928],[133.6064,34.7814]],[[133.6147,34.7968],[133.6129,34.7928]],[[133.615,34.8],[133.6147,34.7968]],[[133.616,34.8094],[133.615,34.8]],[[133.6183,34.8227],[133.619,34.8207],[133.6145,34.8183],[133.6123,34.8158],[133.6128,34.8141],[133.6154,34.8121],[133.616,34.8094]],[[133.606,34.8293],[133.6098,34.8258],[133.6183,34.8227]],[[133.5994,34.8439],[133.5947,34.8388],[133.5959,34.8376],[133.6009,34.8363],[133.606,34.8293]],[[133.5969,34.8467],[133.5992,34.8454],[133.5994,34.8439]],[[133.5864,34.8496],[133.5906,34.8469],[133.5969,34.8467]],[[133.5797,34.8585],[133.582,34.8565],[133.5809,34.8542],[133.5864,34.8496]],[[133.5698,34.8549],[133.5724,34.8543],[133.5797,34.8585]],[[133.5624,34.8739],[133.5665,34.8657],[133.5638,34.8642],[133.5628,34.8615],[133.5646,34.8604],[133.5712,34.8608],[133.572,34.8586],[133.5713,34.8573],[133.5696,34.8567],[133.5698,34.8549]],[[133.5507,34.8808],[133.5536,34.8767],[133.5603,34.876],[133.5624,34.8739]],[[133.5508,34.8823],[133.5507,34.8808]],[[133.5225,34.9117],[133.5304,34.913],[133.5352,34.9076],[133.5352,34.9024],[133.5385,34.8989],[133.5448,34.8953],[133.5517,34.8952],[133.5491,34.8912],[133.5509,34.8877],[133.5508,34.8823]],[[133.5236,34.9192],[133.5241,34.9183],[133.521,34.9147],[133.5225,34.9117]],[[133.5197,34.9218],[133.5236,34.9192]],[[133.5245,34.9279],[133.5196,34.9244],[133.5197,34.9218]],[[133.5186,34.9327],[133.524,34.9292],[133.5245,34.9279]],[[133.4926,34.9393],[133.4922,34.9379],[133.4963,34.9361],[133.4992,34.9366],[133.5032,34.9411],[133.5065,34.9408],[133.5073,34.9386],[133.5049,34.9328],[133.5072,34.9301],[133.5098,34.9303],[133.5116,34.932],[133.5186,34.9327]],[[133.4962,34.952],[133.4968,34.9505],[133.4957,34.9425],[133.4926,34.9393]],[[133.4666,34.9627],[133.4699,34.9614],[133.477,34.9634],[133.4808,34.9582],[133.4817,34.9524],[133.483,34.9507],[133.4912,34.9542],[133.4962,34.952]],[[133.4695,34.9741],[133.4693,34.9714],[133.4645,34.9689],[133.4635,34.9674],[133.4666,34.9627]],[[133.4642,34.9864],[133.4687,34.9811],[133.4695,34.9741]],[[133.4488,34.993],[133.4527,34.9895],[133.4642,34.9864]],[[133.4449,34.9931],[133.4488,34.993]],[[133.4444,34.9939],[133.4449,34.9931]],[[133.4371,35.009],[133.4439,35.0041],[133.4444,34.9939]],[[133.4362,35.0102],[133.4371,35.009]],[[133.4385,35.0188],[133.4387,35.0148],[133.4358,35.0118],[133.4362,35.0102]],[[133.4375,35.0204],[133.4385,35.0188]],[[133.4364,35.0217],[133.4375,35.0204]],[[133.4362,35.022],[133.4364,35.0217]],[[133.4393,35.0283],[133.4398,35.0256],[133.4362,35.0232],[133.4362,35.022]],[[133.4587,35.0544],[133.4556,35.0507],[133.4553,35.049],[133.4598,35.0493],[133.46,35.0478],[133.4407,35.0412],[133.4402,35.0383],[133.4351,35.0319],[133.4393,35.0283]],[[133.4566,35.0568],[133.4587,35.0544]],[[133.4569,35.0595],[133.4566,35.0568]],[[133.4603,35.0733],[133.4552,35.073],[133.4554,35.0693],[133.4573,35.0642],[133.4564,35.062],[133.4569,35.0595]],[[133.4446,35.0818],[133.4466,35.0804],[133.4494,35.0816],[133.4577,35.0792],[133.4593,35.0773],[133.4603,35.0733]],[[133.4339,35.0955],[133.4359,35.0941],[133.4406,35.094],[133.4429,35.092],[133.443,35.0896],[133.4389,35.0878],[133.4434,35.0866],[133.4423,35.0834],[133.4449,35.083],[133.4446,35.0818]],[[133.4389,35.103],[133.4334,35.0996],[133.4339,35.0955]],[[133.4375,35.1051],[133.4389,35.103]],[[133.4356,35.1061],[133.4375,35.1051]],[[133.4294,35.1339],[133.4304,35.1306],[133.4323,35.1294],[133.4323,35.127],[133.4339,35.1252],[133.4342,35.1226],[133.4376,35.1188],[133.4366,35.1164],[133.4337,35.1151],[133.4353,35.1116],[133.4356,35.1061]],[[133.43,35.1435],[133.4269,35.1403],[133.4294,35.1339]]]}},{"type":"Feature","properties":{"t":"riviere","km":51,"nom":"芦田川"},"geometry":{"type":"MultiLineString","coordinates":[[[133.3551,34.4733],[133.3687,34.4612],[133.3899,34.4499],[133.4003,34.4412]],[[133.3456,34.4834],[133.3551,34.4733]],[[133.3343,34.5302],[133.3455,34.5291],[133.354,34.5298],[133.3583,34.5282],[133.3559,34.5242],[133.3517,34.5229],[133.349,34.5198],[133.3466,34.5101],[133.3422,34.5034],[133.3422,34.5016],[133.3404,34.4989],[133.3403,34.4946],[133.3436,34.4859],[133.3456,34.4834]],[[133.3276,34.5321],[133.3343,34.5302]],[[133.3183,34.5347],[133.3276,34.5321]],[[133.3046,34.5419],[133.3111,34.5385],[133.3147,34.5382],[133.3183,34.5347]],[[133.2999,34.5437],[133.3046,34.5419]],[[133.286,34.542],[133.2999,34.5437]],[[133.277,34.5491],[133.286,34.542]],[[133.2697,34.5513],[133.277,34.5491]],[[133.2672,34.5523],[133.2697,34.5513]],[[133.244,34.556],[133.2518,34.5518],[133.2672,34.5523]],[[133.236,34.564],[133.2389,34.5595],[133.244,34.556]],[[133.234,34.5655],[133.236,34.564]],[[133.2186,34.5675],[133.2234,34.5713],[133.2278,34.5722],[133.2313,34.5695],[133.234,34.5655]],[[133.2137,34.5605],[133.2138,34.5632],[133.2186,34.5675]],[[133.2084,34.553],[133.2121,34.5527],[133.2139,34.5537],[133.2137,34.5605]],[[133.1967,34.5574],[133.1986,34.5565],[133.206,34.5561],[133.2084,34.553]],[[133.1966,34.5708],[133.196,34.5677],[133.1974,34.5643],[133.1959,34.5588],[133.1967,34.5574]],[[133.1795,34.5954],[133.1822,34.5946],[133.1854,34.5956],[133.1873,34.6005],[133.1892,34.6005],[133.19,34.5901],[133.1931,34.5865],[133.1947,34.5789],[133.1942,34.5738],[133.1965,34.5736],[133.1966,34.5708]],[[133.1715,34.5894],[133.1737,34.59],[133.177,34.5888],[133.181,34.5913],[133.1804,34.5924],[133.1777,34.5928],[133.1769,34.5954],[133.1795,34.5954]],[[133.1676,34.5875],[133.1697,34.5872],[133.1715,34.5894]],[[133.1604,34.5915],[133.1614,34.5918],[133.1628,34.5896],[133.1676,34.5875]],[[133.1456,34.5884],[133.1481,34.5886],[133.1498,34.5906],[133.1532,34.59],[133.1562,34.5922],[133.1587,34.5911],[133.1604,34.5915]],[[133.1444,34.5886],[133.1456,34.5884]],[[133.1427,34.592],[133.1445,34.5901],[133.1444,34.5886]],[[133.1259,34.6228],[133.129,34.6228],[133.1253,34.6184],[133.1258,34.6168],[133.127,34.6156],[133.1335,34.6141],[133.1331,34.6123],[133.1299,34.6092],[133.1297,34.6071],[133.1368,34.6066],[133.1359,34.6026],[133.1387,34.5983],[133.1371,34.5947],[133.1374,34.593],[133.1427,34.592]],[[133.1257,34.6227],[133.1259,34.6228]],[[133.1183,34.6235],[133.1204,34.62],[133.1257,34.6227]],[[133.1077,34.6306],[133.1096,34.6289],[133.1097,34.626],[133.111,34.6237],[133.1125,34.6233],[133.117,34.6251],[133.1183,34.6235]],[[133.1013,34.6287],[133.1032,34.6308],[133.1077,34.6306]],[[133.1012,34.6213],[133.1003,34.624],[133.1029,34.6259],[133.1013,34.6287]],[[133.1042,34.6161],[133.1012,34.6213]],[[133.1046,34.6158],[133.1042,34.6161]],[[133.1102,34.5985],[133.1106,34.5993],[133.1127,34.599],[133.1125,34.6018],[133.1145,34.6046],[133.1094,34.607],[133.1111,34.6116],[133.1046,34.6158]],[[133.081,34.5945],[133.0879,34.5968],[133.0897,34.5966],[133.0935,34.5902],[133.0981,34.588],[133.1005,34.5901],[133.1013,34.5935],[133.1084,34.5958],[133.1102,34.5985]],[[133.0746,34.5891],[133.0808,34.5914],[133.081,34.5945]],[[133.071,34.5882],[133.0746,34.5891]],[[133.0639,34.5871],[133.0665,34.5891],[133.071,34.5882]],[[133.0542,34.585],[133.0596,34.5847],[133.0639,34.5871]],[[133.0536,34.5861],[133.0542,34.585]],[[133.0484,34.5848],[133.0516,34.5868],[133.0536,34.5861]],[[133.0344,34.5775],[133.036,34.5786],[133.0382,34.5834],[133.0408,34.5845],[133.0438,34.5835],[133.0484,34.5848]],[[133.0132,34.5886],[133.0151,34.5882],[133.0192,34.584],[133.0265,34.584],[133.0318,34.5773],[133.0344,34.5775]],[[133.0052,34.5872],[133.0095,34.5874],[133.0132,34.5886]],[[132.9984,34.5793],[133.0018,34.5815],[133.002,34.5839],[133.0052,34.5872]],[[132.9499,34.5601],[132.9551,34.5615],[132.9576,34.5651],[132.9572,34.5702],[132.9598,34.5722],[132.9587,34.577],[132.9666,34.5768],[132.9701,34.5816],[132.9726,34.5804],[132.9737,34.5788],[132.9833,34.5745],[132.9898,34.5747],[132.9984,34.5793]],[[132.9412,34.5609],[132.9499,34.5601]],[[132.909,34.5657],[132.9131,34.5658],[132.9207,34.5608],[132.9252,34.5595],[132.934,34.5601],[132.9371,34.5615],[132.9412,34.5609]],[[132.89,34.5642],[132.8929,34.5662],[132.8963,34.5638],[132.9009,34.5662],[132.9057,34.5661],[132.9079,34.565],[132.909,34.5657]]]}},{"type":"Feature","properties":{"t":"riviere","km":62,"nom":"那賀川"},"geometry":{"type":"MultiLineString","coordinates":[[[134.6755,33.9361],[134.6814,33.9391],[134.6926,33.9428]],[[134.5853,33.9434],[134.6007,33.9382],[134.6057,33.9385],[134.609,33.9404],[134.6196,33.9408],[134.6327,33.9388],[134.6475,33.9408],[134.668,33.9354],[134.6755,33.9361]],[[134.5853,33.9434],[134.6007,33.9382],[134.6057,33.9385],[134.609,33.9404],[134.6196,33.9408],[134.6327,33.9388],[134.6475,33.9408],[134.668,33.9354],[134.6755,33.9361]],[[134.5794,33.9423],[134.5853,33.9434]],[[134.5731,33.937],[134.5744,33.9391],[134.5794,33.9423]],[[134.5753,33.9278],[134.5729,33.9314],[134.5731,33.937]],[[134.5764,33.9248],[134.5753,33.9278]],[[134.5497,33.9204],[134.5503,33.9234],[134.5564,33.9251],[134.5689,33.9217],[134.5721,33.9221],[134.5764,33.9248]],[[134.5479,33.9166],[134.5499,33.9177],[134.5497,33.9204]],[[134.5413,33.914],[134.5431,33.916],[134.5479,33.9166]],[[134.5413,33.9136],[134.5413,33.914]],[[134.5284,33.9081],[134.5294,33.9041],[134.5307,33.9027],[134.5361,33.903],[134.5385,33.9058],[134.5413,33.9136]],[[134.5199,33.905],[134.521,33.9079],[134.5206,33.9109],[134.5216,33.9119],[134.5247,33.9113],[134.5284,33.9081]],[[134.5011,33.8979],[134.5045,33.8995],[134.5131,33.9007],[134.518,33.9031],[134.5199,33.905]],[[134.5027,33.8933],[134.501,33.8949],[134.5011,33.8979]],[[134.4988,33.8792],[134.4976,33.8848],[134.5004,33.8884],[134.505,33.8902],[134.5049,33.8923],[134.5027,33.8933]],[[134.4969,33.8744],[134.4988,33.8792]],[[134.4882,33.8604],[134.4977,33.8599],[134.5019,33.8607],[134.5046,33.8624],[134.5048,33.8637],[134.5037,33.8643],[134.4975,33.8657],[134.4969,33.8744]],[[134.4864,33.8603],[134.4882,33.8604]],[[134.4802,33.8559],[134.48,33.8578],[134.4814,33.859],[134.4864,33.8603]],[[134.4828,33.8527],[134.4802,33.8559]],[[134.4926,33.8393],[134.4954,33.8394],[134.4967,33.8405],[134.4957,33.8436],[134.4871,33.8483],[134.4865,33.8499],[134.4828,33.8527]],[[134.4933,33.8299],[134.4824,33.8362],[134.4831,33.839],[134.4857,33.8404],[134.4926,33.8393]],[[134.4868,33.8263],[134.4923,33.8277],[134.4933,33.8299]],[[134.4858,33.8236],[134.4868,33.8263]],[[134.4854,33.8227],[134.4858,33.8236]],[[134.4903,33.8141],[134.496,33.8139],[134.4971,33.8154],[134.4967,33.8165],[134.4914,33.8194],[134.4868,33.8197],[134.4854,33.8227]],[[134.4879,33.8157],[134.4903,33.8141]],[[134.4711,33.8044],[134.4762,33.8096],[134.48,33.8159],[134.4851,33.8167],[134.4879,33.8157]],[[134.4702,33.8021],[134.4711,33.8044]],[[134.4656,33.7986],[134.4676,33.7994],[134.4702,33.8021]],[[134.4626,33.7985],[134.4656,33.7986]],[[134.4581,33.7997],[134.4626,33.7985]],[[134.4473,33.7981],[134.4493,33.7993],[134.4581,33.7997]],[[134.4439,33.7902],[134.4473,33.7981]],[[134.4411,33.7898],[134.4432,33.7893],[134.4439,33.7902]],[[134.4276,33.7961],[134.4329,33.7986],[134.4348,33.7955],[134.4401,33.7921],[134.4411,33.7898]],[[134.4225,33.7949],[134.4245,33.7945],[134.4276,33.7961]],[[134.4212,33.7961],[134.4225,33.7949]],[[134.3983,33.8022],[134.4013,33.8002],[134.403,33.7972],[134.4025,33.7959],[134.3978,33.7928],[134.3999,33.791],[134.4026,33.7911],[134.4066,33.7935],[134.4092,33.797],[134.4122,33.7986],[134.4172,33.7986],[134.4212,33.7961]],[[134.3951,33.8034],[134.3983,33.8022]],[[134.3925,33.7872],[134.3919,33.7889],[134.3875,33.7897],[134.3857,33.7918],[134.3837,33.7965],[134.3839,33.8001],[134.386,33.8037],[134.3882,33.8045],[134.3951,33.8034]],[[134.3865,33.7832],[134.3901,33.7848],[134.3925,33.7872]],[[134.3746,33.7876],[134.3811,33.7894],[134.3835,33.7839],[134.3865,33.7832]],[[134.3758,33.8072],[134.3781,33.8055],[134.3792,33.7974],[134.3774,33.7962],[134.3733,33.798],[134.3708,33.7979],[134.3687,33.7956],[134.3709,33.7885],[134.3727,33.7874],[134.3746,33.7876]],[[134.3618,33.8036],[134.3699,33.8015],[134.3743,33.8041],[134.3748,33.8067],[134.3758,33.8072]],[[134.3598,33.8091],[134.3618,33.8069],[134.3618,33.8036]],[[134.3597,33.8092],[134.3598,33.8091]],[[134.3445,33.8064],[134.3597,33.8092]],[[134.3405,33.7952],[134.3447,33.7972],[134.3464,33.7997],[134.3418,33.8054],[134.3445,33.8064]],[[134.3333,33.7962],[134.3405,33.7952]],[[134.3287,33.8035],[134.3292,33.8041],[134.3319,33.8028],[134.3321,33.7983],[134.3333,33.7962]],[[134.3028,33.797],[134.3066,33.7982],[134.3109,33.7938],[134.3128,33.7934],[134.3146,33.7982],[134.3182,33.8018],[134.3218,33.8029],[134.3256,33.8004],[134.3278,33.8003],[134.3287,33.8035]],[[134.3019,33.7972],[134.3028,33.797]],[[134.3014,33.7978],[134.3019,33.7972]],[[134.2696,33.8095],[134.2753,33.814],[134.2782,33.8114],[134.283,33.8098],[134.2881,33.8061],[134.2911,33.807],[134.294,33.8061],[134.2967,33.8037],[134.295,33.8009],[134.2956,33.8],[134.3014,33.7978]],[[134.2656,33.8106],[134.2681,33.8089],[134.2696,33.8095]],[[134.2497,33.8089],[134.2505,33.8104],[134.2542,33.8091],[134.2601,33.8104],[134.2607,33.8066],[134.2656,33.8106]],[[134.2411,33.8052],[134.2426,33.8068],[134.2481,33.8051],[134.2499,33.807],[134.2497,33.8089]],[[134.2391,33.7982],[134.2395,33.8025],[134.2411,33.8052]],[[134.2107,33.7914],[134.2145,33.7916],[134.2175,33.7886],[134.2212,33.7909],[134.226,33.7891],[134.23,33.7892],[134.2347,33.7904],[134.2377,33.7925],[134.2371,33.7963],[134.2391,33.7982]],[[134.2089,33.7899],[134.2107,33.7914]],[[134.2078,33.7751],[134.2066,33.7753],[134.2053,33.7791],[134.2061,33.7809],[134.2079,33.7813],[134.2089,33.7899]],[[134.2038,33.7713],[134.204,33.7731],[134.2068,33.7732],[134.208,33.774],[134.2078,33.7751]],[[134.1849,33.7741],[134.1935,33.7741],[134.1945,33.7733],[134.195,33.7705],[134.1981,33.7677],[134.2021,33.7678],[134.2038,33.7713]],[[134.1832,33.7747],[134.1849,33.7741]],[[134.1808,33.7749],[134.1832,33.7747]],[[134.1804,33.7738],[134.1808,33.7749]],[[134.1822,33.7618],[134.183,33.7654],[134.1845,33.7663],[134.1824,33.7684],[134.1826,33.7724],[134.1804,33.7738]],[[134.1665,33.764],[134.1695,33.7618],[134.169,33.7587],[134.1735,33.7601],[134.1747,33.7626],[134.1736,33.7655],[134.1765,33.7652],[134.1787,33.7627],[134.1813,33.763],[134.1822,33.7618]],[[134.1682,33.7741],[134.1693,33.7731],[134.1709,33.7656],[134.1692,33.7643],[134.1674,33.7652],[134.1665,33.764]],[[134.1561,33.7701],[134.1558,33.7678],[134.1577,33.7675],[134.1582,33.7689],[134.1596,33.769],[134.1636,33.7672],[134.1658,33.7704],[134.1656,33.7737],[134.1669,33.7748],[134.1682,33.7741]],[[134.1517,33.7713],[134.153,33.771],[134.1536,33.7694],[134.1561,33.7701]],[[134.0587,33.8148],[134.0605,33.813],[134.0602,33.8109],[134.0635,33.8108],[134.0652,33.8084],[134.063,33.807],[134.0635,33.806],[134.0666,33.805],[134.0672,33.8036],[134.0689,33.8036],[134.0698,33.8013],[134.0718,33.8006],[134.0692,33.8],[134.0689,33.7985],[134.0669,33.7981],[134.0667,33.7973],[134.069,33.7965],[134.071,33.7969],[134.0715,33.7953],[134.0733,33.7958],[134.0782,33.7912],[134.0802,33.785],[134.0795,33.7841],[134.08,33.7813],[134.0831,33.7786],[134.0823,33.7749],[134.0844,33.7728],[134.0858,33.7729],[134.0874,33.7699],[134.0905,33.7694],[134.0913,33.7724],[134.0954,33.7717],[134.0973,33.7731],[134.1074,33.776],[134.1102,33.7758],[134.1139,33.7733],[134.1157,33.7744],[134.1178,33.7734],[134.122,33.7748],[134.1264,33.7732],[134.1309,33.7741],[134.1363,33.7728],[134.1386,33.7742],[134.1413,33.7734],[134.1445,33.7706],[134.1479,33.7722],[134.1517,33.7713]],[[134.0596,33.8214],[134.0587,33.8148]],[[134.0692,33.8293],[134.0624,33.8256],[134.0625,33.8237],[134.0596,33.8214]],[[134.0744,33.8355],[134.0732,33.8349],[134.0726,33.8323],[134.0692,33.8293]]]}},{"type":"Feature","properties":{"t":"riviere","km":58,"nom":"仁淀川"},"geometry":{"type":"MultiLineString","coordinates":[[[133.481,33.4648],[133.4803,33.459]],[[133.4765,33.4702],[133.481,33.4648]],[[133.4649,33.474],[133.4765,33.4702]],[[133.4617,33.4832],[133.4607,33.4758],[133.4618,33.4745],[133.4649,33.474]],[[133.4463,33.4951],[133.4598,33.4875],[133.4617,33.4832]],[[133.4361,33.5125],[133.4401,33.504],[133.4401,33.5001],[133.4418,33.4974],[133.4463,33.4951]],[[133.4307,33.5215],[133.432,33.5175],[133.4361,33.5125]],[[133.4299,33.5236],[133.4307,33.5215]],[[133.4318,33.5316],[133.4293,33.5277],[133.4302,33.5268],[133.4299,33.5236]],[[133.426,33.54],[133.4304,33.5351],[133.4318,33.5316]],[[133.4163,33.55],[133.4176,33.5467],[133.426,33.54]],[[133.41,33.5538],[133.4128,33.5532],[133.4163,33.55]],[[133.3989,33.5452],[133.4036,33.5482],[133.4067,33.5522],[133.41,33.5538]],[[133.3889,33.5513],[133.3923,33.5493],[133.3951,33.5462],[133.3989,33.5452]],[[133.3761,33.5565],[133.3795,33.5528],[133.3889,33.5513]],[[133.3686,33.5634],[133.3725,33.5612],[133.3761,33.5565]],[[133.361,33.5799],[133.3647,33.5788],[133.3649,33.577],[133.3627,33.5713],[133.365,33.5661],[133.3686,33.5634]],[[133.3478,33.56],[133.3488,33.5591],[133.3533,33.5588],[133.3571,33.5613],[133.3561,33.5723],[133.3565,33.5774],[133.3583,33.5795],[133.361,33.5799]],[[133.3309,33.5594],[133.333,33.5586],[133.3375,33.5606],[133.3411,33.5651],[133.3424,33.5655],[133.347,33.5643],[133.3478,33.56]],[[133.3263,33.568],[133.3276,33.5633],[133.3309,33.5594]],[[133.3108,33.5779],[133.3138,33.5731],[133.3224,33.5718],[133.3263,33.568]],[[133.2965,33.5652],[133.3012,33.5732],[133.3013,33.5747],[133.2987,33.5771],[133.2997,33.5792],[133.307,33.581],[133.3108,33.5779]],[[133.2846,33.5712],[133.2877,33.5721],[133.2909,33.5716],[133.292,33.5702],[133.2897,33.5673],[133.2896,33.5656],[133.2919,33.5646],[133.2965,33.5652]],[[133.2529,33.5684],[133.2588,33.5666],[133.2585,33.5619],[133.2593,33.5607],[133.2619,33.56],[133.2639,33.5603],[133.2677,33.5655],[133.2706,33.5674],[133.2752,33.5692],[133.2797,33.5684],[133.2846,33.5712]],[[133.2362,33.5701],[133.2402,33.5732],[133.2418,33.5733],[133.2529,33.5684]],[[133.2565,33.5386],[133.2564,33.5405],[133.2479,33.5457],[133.2482,33.551],[133.2513,33.5539],[133.2523,33.5571],[133.2386,33.5648],[133.2366,33.5668],[133.2362,33.5701]],[[133.2551,33.5369],[133.2565,33.5386]],[[133.2535,33.5359],[133.2551,33.5369]],[[133.2501,33.535],[133.2535,33.5359]],[[133.2178,33.553],[133.2198,33.5491],[133.2248,33.5498],[133.2283,33.5479],[133.2276,33.5437],[133.2312,33.5388],[133.2357,33.5382],[133.2379,33.5407],[133.2411,33.5417],[133.2442,33.5405],[133.2465,33.5359],[133.2501,33.535]],[[133.1982,33.5748],[133.2021,33.5725],[133.2042,33.5696],[133.2095,33.5688],[133.2134,33.5613],[133.2176,33.5623],[133.219,33.5616],[133.2188,33.5601],[133.2161,33.559],[133.2157,33.5576],[133.2178,33.553]],[[133.1915,33.5669],[133.1929,33.5656],[133.1947,33.5664],[133.1963,33.5705],[133.1961,33.5737],[133.1982,33.5748]],[[133.1843,33.5769],[133.1867,33.5762],[133.1887,33.5738],[133.1915,33.5669]],[[133.1814,33.5763],[133.1843,33.5769]],[[133.1672,33.5733],[133.1704,33.5724],[133.1721,33.5729],[133.1747,33.5767],[133.1814,33.5763]],[[133.1586,33.5675],[133.1631,33.5728],[133.1672,33.5733]],[[133.1525,33.5652],[133.1534,33.5665],[133.1586,33.5675]],[[133.1446,33.5536],[133.1491,33.5535],[133.1512,33.5546],[133.1541,33.5611],[133.1525,33.5652]],[[133.1332,33.5586],[133.1364,33.5586],[133.1383,33.5574],[133.1391,33.5546],[133.1408,33.5531],[133.1446,33.5536]],[[133.1292,33.5405],[133.1298,33.5418],[133.1279,33.5439],[133.1313,33.5467],[133.1309,33.5492],[133.1331,33.5548],[133.1332,33.5586]],[[133.1229,33.5401],[133.127,33.5397],[133.1292,33.5405]],[[133.0914,33.5361],[133.0928,33.5355],[133.0955,33.5362],[133.0973,33.5443],[133.0992,33.5459],[133.1032,33.5431],[133.1074,33.5419],[133.1106,33.5431],[133.1129,33.5456],[133.1144,33.5456],[133.1191,33.541],[133.1229,33.5401]],[[133.0757,33.5397],[133.0818,33.5356],[133.0841,33.5366],[133.0868,33.5409],[133.0895,33.5414],[133.0922,33.5395],[133.0914,33.5361]],[[133.0703,33.5409],[133.0757,33.5397]],[[133.0636,33.5391],[133.0673,33.5387],[133.0703,33.5409]],[[133.0622,33.5412],[133.0636,33.5391]],[[133.0618,33.5415],[133.0622,33.5412]],[[133.0612,33.5419],[133.0618,33.5415]],[[133.0582,33.5429],[133.0612,33.5419]],[[133.0509,33.5436],[133.053,33.5437],[133.0543,33.5423],[133.0582,33.5429]],[[133.0487,33.5425],[133.0509,33.5436]],[[133.0467,33.5413],[133.0487,33.5425]],[[133.0365,33.5407],[133.0467,33.5413]],[[133.0282,33.537],[133.0365,33.5407]],[[133.0086,33.5435],[133.0209,33.5423],[133.0267,33.5373],[133.0282,33.537]],[[133.0083,33.5437],[133.0086,33.5435]],[[133.0051,33.5521],[133.0052,33.5492],[133.0083,33.5437]],[[133.0069,33.5565],[133.0051,33.5521]],[[133.0075,33.56],[133.0079,33.5583],[133.0069,33.5565]],[[133.0037,33.5717],[133.0048,33.5651],[133.0075,33.56]],[[132.9958,33.5748],[132.998,33.5731],[133.0026,33.5726],[133.0037,33.5717]],[[132.9915,33.5886],[132.9929,33.5856],[132.993,33.5809],[132.9954,33.5778],[132.9958,33.5748]],[[132.9767,33.613],[132.9778,33.6126],[132.9808,33.6143],[132.9825,33.6134],[132.9839,33.6108],[132.9825,33.609],[132.9836,33.6045],[132.9855,33.6021],[132.99,33.6006],[132.9915,33.5988],[132.9935,33.5925],[132.9915,33.5886]],[[132.978,33.6239],[132.9742,33.6235],[132.9738,33.6225],[132.9761,33.6166],[132.9775,33.6159],[132.9781,33.6144],[132.9767,33.613]],[[132.9904,33.6288],[132.9884,33.6278],[132.9831,33.6283],[132.9821,33.6227],[132.978,33.6239]],[[132.9975,33.6319],[132.9952,33.6301],[132.9904,33.6288]],[[133.0029,33.6322],[133.0017,33.6315],[132.9975,33.6319]],[[133.0139,33.6722],[133.0074,33.672],[133.0055,33.6672],[133.0025,33.6656],[133.0042,33.663],[133.0097,33.6634],[133.0101,33.6613],[133.0081,33.6586],[133.0104,33.6567],[133.0087,33.6532],[133.0056,33.6507],[133.0052,33.6481],[133.0037,33.6472],[133.0018,33.6427],[133.0023,33.6413],[133.0046,33.641],[133.0056,33.6384],[133.0029,33.6371],[133.0044,33.6341],[133.0029,33.6322]],[[133.0379,33.6772],[133.0336,33.6761],[133.031,33.6772],[133.0295,33.6756],[133.0268,33.6759],[133.0221,33.6737],[133.0212,33.6753],[133.0193,33.6754],[133.0139,33.6722]],[[133.0472,33.6768],[133.0386,33.6758],[133.0379,33.6772]],[[133.0714,33.6704],[133.0692,33.6689],[133.0671,33.6699],[133.0645,33.6681],[133.0616,33.6683],[133.0578,33.6709],[133.0568,33.6741],[133.0527,33.6752],[133.0477,33.6745],[133.0472,33.6768]],[[133.0873,33.6913],[133.0872,33.6886],[133.0843,33.6881],[133.0806,33.685],[133.0775,33.6853],[133.0773,33.6809],[133.0784,33.6791],[133.0736,33.6775],[133.0731,33.6738],[133.0716,33.6724],[133.0714,33.6704]],[[133.0924,33.6955],[133.0916,33.6942],[133.0899,33.6946],[133.0876,33.693],[133.0873,33.6913]],[[133.0944,33.7017],[133.0924,33.6955]],[[133.092,33.714],[133.0908,33.7122],[133.0925,33.711],[133.0923,33.7093],[133.0937,33.7061],[133.0931,33.7038],[133.0944,33.7017]],[[133.0936,33.7152],[133.092,33.714]],[[133.0967,33.7166],[133.0936,33.7152]],[[133.0977,33.7199],[133.0967,33.7166]],[[133.1154,33.7358],[133.108,33.7322],[133.1074,33.7302],[133.1017,33.7254],[133.1013,33.7234],[133.0977,33.7199]],[[133.1221,33.7367],[133.1208,33.7358],[133.1197,33.7368],[133.1154,33.7358]],[[133.1247,33.7467],[133.1231,33.7461],[133.1228,33.7445],[133.1207,33.7425],[133.1221,33.7367]],[[133.1221,33.7527],[133.1242,33.7517],[133.1234,33.7502],[133.1257,33.749],[133.1257,33.7483],[133.1241,33.7485],[133.1247,33.7467]],[[133.1076,33.764],[133.1122,33.7606],[133.1156,33.7553],[133.1221,33.7527]]]}},{"type":"Feature","properties":{"t":"riviere","km":66,"nom":"四万十川(渡川)"},"geometry":{"type":"MultiLineString","coordinates":[[[132.8488,33.0302],[132.8532,33.0265],[132.858,33.0244],[132.8584,33.023],[132.8557,33.0209],[132.8544,33.0168],[132.8556,33.0126],[132.8608,33.0091],[132.8744,33.0114],[132.8752,33.0121],[132.8718,33.017],[132.872,33.0196],[132.8757,33.022],[132.8798,33.0214],[132.8831,33.0189],[132.8848,33.0123],[132.8873,33.0079],[132.8895,33.006],[132.8968,33.0051],[132.9016,33.0061],[132.9065,33.0058],[132.9132,33.0047],[132.9155,33.0035],[132.9236,32.9956],[132.9264,32.9881],[132.9303,32.9831],[132.9349,32.9778],[132.9393,32.9745],[132.9468,32.9728],[132.9595,32.9738],[132.967,32.9711],[132.971,32.9656],[132.9732,32.9606],[132.9761,32.9474],[132.9857,32.9376],[132.9896,32.9351]],[[132.8454,33.0349],[132.8488,33.0302]],[[132.8092,33.0843],[132.816,33.0687],[132.8183,33.0666],[132.8243,33.0643],[132.8251,33.0631],[132.8247,33.0602],[132.8178,33.0563],[132.8171,33.0546],[132.818,33.0518],[132.8258,33.0472],[132.8314,33.049],[132.8338,33.0484],[132.8361,33.0447],[132.8425,33.04],[132.8454,33.0349]],[[132.8037,33.0913],[132.8082,33.0875],[132.8092,33.0843]],[[132.8001,33.1444],[132.8039,33.1389],[132.8035,33.1364],[132.8042,33.135],[132.8085,33.1302],[132.8114,33.1283],[132.8182,33.1285],[132.8201,33.1274],[132.8193,33.1246],[132.8166,33.123],[132.8141,33.1227],[132.8111,33.1203],[132.8108,33.1168],[132.8132,33.1141],[132.8188,33.1139],[132.8208,33.1129],[132.8241,33.1101],[132.8252,33.1079],[132.8235,33.1016],[132.8222,33.1],[132.8183,33.1007],[132.8127,33.1047],[132.8079,33.1041],[132.8054,33.1027],[132.8037,33.1008],[132.8022,33.0964],[132.8023,33.0938],[132.8037,33.0913]],[[132.7884,33.1481],[132.7912,33.1458],[132.8001,33.1444]],[[132.7997,33.156],[132.7989,33.1544],[132.7954,33.1529],[132.7896,33.1529],[132.7887,33.1518],[132.7884,33.1481]],[[132.7919,33.1749],[132.7908,33.1654],[132.7922,33.1634],[132.799,33.16],[132.8002,33.1581],[132.7997,33.156]],[[132.792,33.1751],[132.7919,33.1749]],[[132.7925,33.2091],[132.7956,33.2055],[132.7959,33.2038],[132.7949,33.2019],[132.7918,33.1998],[132.7897,33.196],[132.7978,33.1898],[132.7926,33.1844],[132.792,33.1751]],[[132.8046,33.2099],[132.8034,33.2088],[132.8005,33.2086],[132.7997,33.2159],[132.7956,33.2177],[132.793,33.2165],[132.794,33.2142],[132.7924,33.212],[132.7925,33.2091]],[[132.8377,33.2069],[132.8342,33.2099],[132.8337,33.2144],[132.8321,33.2164],[132.8233,33.2193],[132.8231,33.2228],[132.8248,33.2273],[132.8234,33.2294],[132.821,33.2304],[132.8174,33.23],[132.8141,33.2268],[132.8107,33.2193],[132.8053,33.2133],[132.8046,33.2099]],[[132.8447,33.206],[132.8408,33.2056],[132.8377,33.2069]],[[132.8498,33.2085],[132.8447,33.206]],[[132.8482,33.2309],[132.837,33.2242],[132.8356,33.2214],[132.8403,33.2184],[132.852,33.2162],[132.8539,33.215],[132.8545,33.2141],[132.854,33.2125],[132.8498,33.2085]],[[132.8502,33.2317],[132.8482,33.2309]],[[132.861,33.234],[132.8502,33.2317]],[[132.8737,33.2321],[132.8719,33.2336],[132.8675,33.235],[132.861,33.234]],[[132.8745,33.2308],[132.8737,33.2321]],[[132.8877,33.2225],[132.8796,33.2248],[132.8773,33.2238],[132.874,33.2196],[132.8698,33.2164],[132.8659,33.2164],[132.8647,33.2201],[132.8733,33.2261],[132.8745,33.2308]],[[132.8934,33.2194],[132.8913,33.2213],[132.8877,33.2225]],[[132.9111,33.2036],[132.9079,33.2008],[132.9037,33.2007],[132.9021,33.2042],[132.9029,33.2097],[132.901,33.2128],[132.8934,33.2194]],[[132.9127,33.2261],[132.911,33.226],[132.9061,33.2227],[132.9039,33.2205],[132.9032,33.2178],[132.9041,33.2158],[132.9076,33.213],[132.911,33.2074],[132.9111,33.2036]],[[132.9243,33.2262],[132.9197,33.227],[132.9127,33.2261]],[[132.9242,33.2221],[132.9243,33.2262]],[[132.9382,33.2117],[132.9331,33.218],[132.9278,33.218],[132.9229,33.2159],[132.9199,33.216],[132.9197,33.2188],[132.9242,33.2221]],[[132.9479,33.1968],[132.9463,33.1975],[132.9455,33.2002],[132.9503,33.2059],[132.9501,33.2076],[132.9479,33.209],[132.9403,33.2094],[132.9382,33.2117]],[[132.9505,33.1974],[132.9479,33.1968]],[[132.9689,33.1932],[132.9651,33.1942],[132.9635,33.1957],[132.9652,33.2045],[132.9645,33.2065],[132.9627,33.2075],[132.9595,33.207],[132.9559,33.2047],[132.9505,33.1974]],[[132.9697,33.1927],[132.9689,33.1932]],[[132.97,33.1835],[132.972,33.1855],[132.9724,33.1876],[132.9697,33.1927]],[[132.9826,33.1795],[132.9797,33.1839],[132.9776,33.184],[132.9749,33.1808],[132.9728,33.1803],[132.97,33.1835]],[[132.9907,33.1826],[132.9858,33.179],[132.9826,33.1795]],[[132.9934,33.184],[132.9907,33.1826]],[[133.0025,33.1823],[133.0003,33.185],[132.9951,33.1851],[132.9934,33.184]],[[133.0091,33.1811],[133.0043,33.181],[133.0025,33.1823]],[[133.0119,33.1802],[133.0091,33.1811]],[[133.0282,33.1759],[133.0175,33.1761],[133.014,33.1776],[133.0119,33.1802]],[[133.033,33.1763],[133.0282,33.1759]],[[133.0451,33.1862],[133.0422,33.1847],[133.0412,33.183],[133.0438,33.1765],[133.0437,33.1744],[133.0415,33.1741],[133.037,33.1762],[133.033,33.1763]],[[133.0527,33.1846],[133.0451,33.1862]],[[133.0604,33.1663],[133.053,33.1687],[133.0521,33.1698],[133.0527,33.1731],[133.0559,33.1767],[133.0566,33.1794],[133.0557,33.1825],[133.0527,33.1846]],[[133.0697,33.1608],[133.0676,33.1607],[133.0636,33.1646],[133.0604,33.1663]],[[133.0719,33.1658],[133.0697,33.1608]],[[133.0719,33.1666],[133.0719,33.1658]],[[133.0693,33.1702],[133.0715,33.1696],[133.0719,33.1666]],[[133.0675,33.182],[133.0607,33.1782],[133.0591,33.1753],[133.0641,33.1718],[133.0693,33.1702]],[[133.0731,33.1825],[133.0675,33.182]],[[133.0821,33.1886],[133.0822,33.1851],[133.0806,33.1826],[133.0782,33.1813],[133.0731,33.1825]],[[133.082,33.1967],[133.0797,33.1948],[133.0821,33.1886]],[[133.1013,33.1822],[133.1002,33.1786],[133.0981,33.1779],[133.0964,33.1784],[133.0949,33.1802],[133.0946,33.183],[133.0985,33.1883],[133.0966,33.1919],[133.0886,33.1964],[133.082,33.1967]],[[133.1122,33.1927],[133.1026,33.1875],[133.1012,33.1846],[133.1013,33.1822]],[[133.1189,33.1977],[133.1153,33.1937],[133.1122,33.1927]],[[133.1215,33.2006],[133.1189,33.1977]],[[133.1286,33.2016],[133.1215,33.2006]],[[133.1303,33.2063],[133.1306,33.2045],[133.1286,33.2016]],[[133.1264,33.2084],[133.1303,33.2063]],[[133.1265,33.2191],[133.1249,33.2178],[133.12,33.2172],[133.1179,33.2146],[133.1183,33.2131],[133.1221,33.2099],[133.1264,33.2084]],[[133.1329,33.2329],[133.133,33.2254],[133.1265,33.2191]],[[133.129,33.2378],[133.1296,33.2358],[133.1329,33.2329]],[[133.1325,33.2411],[133.129,33.2378]],[[133.1344,33.2423],[133.1325,33.2411]],[[133.1367,33.2513],[133.1389,33.2505],[133.1406,33.2466],[133.1366,33.2451],[133.1344,33.2423]],[[133.1304,33.2538],[133.1367,33.2513]],[[133.1192,33.2566],[133.1205,33.2546],[133.1242,33.2531],[133.1304,33.2538]],[[133.1094,33.2776],[133.1091,33.2756],[133.11,33.2744],[133.1217,33.2701],[133.1202,33.2664],[133.1202,33.2629],[133.1185,33.2599],[133.1192,33.2566]],[[133.1113,33.281],[133.1099,33.2802],[133.1094,33.2776]],[[133.1117,33.283],[133.1113,33.281]],[[133.1071,33.2863],[133.1117,33.283]],[[133.1055,33.2951],[133.1053,33.2889],[133.1071,33.2863]],[[133.0992,33.3046],[133.1029,33.3006],[133.1055,33.2951]],[[133.1056,33.3044],[133.1034,33.3056],[133.1033,33.3096],[133.1,33.3119],[133.0983,33.311],[133.0971,33.3087],[133.0992,33.3046]],[[133.1089,33.3232],[133.1067,33.3219],[133.1025,33.326],[133.0998,33.3253],[133.1001,33.3202],[133.0991,33.3153],[133.1055,33.3155],[133.1074,33.3137],[133.1073,33.3068],[133.1056,33.3044]],[[133.1046,33.3275],[133.1046,33.3265],[133.1093,33.3246],[133.1089,33.3232]],[[133.108,33.3366],[133.1065,33.338],[133.1057,33.3359],[133.1085,33.33],[133.1046,33.3275]],[[133.1298,33.333],[133.1268,33.3341],[133.1298,33.3405],[133.1258,33.3403],[133.1223,33.3374],[133.1207,33.3375],[133.1194,33.3386],[133.1202,33.343],[133.1191,33.3441],[133.115,33.3417],[133.1157,33.3392],[133.1188,33.3361],[133.1187,33.3344],[133.1125,33.3362],[133.1104,33.3332],[133.1087,33.3345],[133.108,33.3366]],[[133.1376,33.3339],[133.1298,33.333]],[[133.1403,33.3399],[133.1376,33.3339]],[[133.1356,33.3478],[133.1365,33.3457],[133.1397,33.3447],[133.1403,33.3399]],[[133.1383,33.3615],[133.1394,33.36],[133.1366,33.3577],[133.1359,33.3559],[133.1362,33.3548],[133.1388,33.3539],[133.1393,33.3529],[133.1356,33.3478]],[[133.1311,33.3738],[133.1288,33.3717],[133.1296,33.3691],[133.1313,33.3668],[133.1352,33.3642],[133.1351,33.3612],[133.1383,33.3615]],[[133.1279,33.3808],[133.129,33.3755],[133.1311,33.3738]],[[133.1228,33.3797],[133.1251,33.3788],[133.1279,33.3808]],[[133.1194,33.3796],[133.1208,33.3795],[133.1211,33.3827],[133.1228,33.3797]],[[133.1131,33.3819],[133.1148,33.3803],[133.1183,33.3808],[133.1194,33.3796]],[[133.1101,33.3794],[133.1107,33.3783],[133.1117,33.3785],[133.112,33.3817],[133.1131,33.3819]],[[133.1042,33.3798],[133.1051,33.3795],[133.1054,33.3806],[133.1084,33.3815],[133.1101,33.3794]],[[133.0998,33.3821],[133.102,33.3831],[133.1042,33.3798]],[[133.0943,33.387],[133.0985,33.3873],[133.0979,33.3846],[133.0998,33.3821]],[[133.0921,33.3975],[133.0946,33.3959],[133.0945,33.3932],[133.0926,33.3925],[133.0951,33.3886],[133.0937,33.3881],[133.0943,33.387]],[[133.0957,33.404],[133.097,33.4027],[133.0969,33.399],[133.0953,33.3975],[133.0938,33.3982],[133.0921,33.3975]],[[133.0882,33.4104],[133.0898,33.4091],[133.0916,33.4105],[133.0909,33.4066],[133.0948,33.4034],[133.0957,33.404]],[[133.0915,33.4153],[133.0921,33.4134],[133.0909,33.4121],[133.0879,33.4134],[133.0882,33.4104]],[[133.0879,33.4175],[133.0915,33.4153]],[[133.0901,33.4212],[133.0878,33.4194],[133.0879,33.4175]],[[133.0877,33.4236],[133.0901,33.4212]],[[133.0862,33.4348],[133.0862,33.4291],[133.0888,33.4257],[133.0877,33.4236]],[[133.085,33.4407],[133.0857,33.4375],[133.0867,33.4367],[133.0862,33.4348]],[[133.0833,33.4501],[133.086,33.4483],[133.086,33.4464],[133.0841,33.4445],[133.085,33.4407]]]}},{"type":"Feature","properties":{"t":"riviere","km":51,"nom":"白川"},"geometry":{"type":"MultiLineString","coordinates":[[[130.6509,32.769],[130.6403,32.7714],[130.6341,32.7749],[130.6238,32.7754],[130.6026,32.7794]],[[130.6772,32.7723],[130.6672,32.7725],[130.6582,32.7693],[130.6509,32.769]],[[130.6878,32.7698],[130.6772,32.7723]],[[130.6884,32.7698],[130.6878,32.7698]],[[130.7316,32.8135],[130.7269,32.8099],[130.7218,32.8118],[130.7116,32.7981],[130.6991,32.7922],[130.6957,32.7924],[130.6936,32.7915],[130.6929,32.7897],[130.6939,32.7837],[130.691,32.7773],[130.6912,32.7719],[130.6884,32.7698]],[[130.7367,32.8126],[130.7347,32.8142],[130.7316,32.8135]],[[130.7392,32.812],[130.7381,32.8116],[130.7367,32.8126]],[[130.7486,32.821],[130.7465,32.8182],[130.7435,32.8181],[130.7423,32.8172],[130.7392,32.812]],[[130.7593,32.8261],[130.7583,32.8284],[130.7552,32.8285],[130.7538,32.8267],[130.7549,32.8241],[130.7538,32.8232],[130.7515,32.8237],[130.7486,32.821]],[[130.7614,32.8269],[130.7593,32.8261]],[[130.7617,32.8346],[130.7597,32.8336],[130.7625,32.8289],[130.7614,32.8269]],[[130.8911,32.8609],[130.8874,32.8617],[130.8831,32.8612],[130.8777,32.8589],[130.8708,32.8575],[130.8678,32.8556],[130.8672,32.8525],[130.8638,32.8542],[130.8573,32.8546],[130.8543,32.8526],[130.849,32.8534],[130.8438,32.8528],[130.8407,32.8544],[130.8351,32.8554],[130.8325,32.8524],[130.8304,32.8524],[130.8287,32.8537],[130.8147,32.8529],[130.8099,32.8546],[130.8062,32.8523],[130.7986,32.8522],[130.7947,32.8528],[130.7926,32.8548],[130.7872,32.8505],[130.7856,32.8453],[130.7807,32.8481],[130.7757,32.8485],[130.773,32.8475],[130.7726,32.8421],[130.7674,32.842],[130.7657,32.8348],[130.7617,32.8346]],[[130.895,32.8617],[130.8931,32.8606],[130.8911,32.8609]],[[130.9238,32.8673],[130.9194,32.865],[130.9134,32.8661],[130.9107,32.865],[130.9063,32.8659],[130.9037,32.8641],[130.8978,32.8635],[130.895,32.8617]],[[130.9247,32.8678],[130.9238,32.8673]],[[130.9299,32.8704],[130.9247,32.8678]],[[130.934,32.8685],[130.9327,32.8689],[130.9323,32.8704],[130.9299,32.8704]],[[130.9441,32.8746],[130.9371,32.8721],[130.934,32.8685]],[[130.9566,32.8734],[130.9497,32.8755],[130.9476,32.8753],[130.9462,32.8736],[130.9452,32.8747],[130.9441,32.8746]],[[130.9591,32.8732],[130.9566,32.8734]],[[130.9716,32.8756],[130.9697,32.8743],[130.9643,32.8748],[130.9591,32.8732]],[[130.976,32.8738],[130.9716,32.8756]],[[130.9848,32.8741],[130.9785,32.8718],[130.976,32.8738]],[[130.9918,32.8703],[130.9897,32.8744],[130.9848,32.8741]],[[130.9959,32.864],[130.9939,32.8648],[130.9916,32.8673],[130.991,32.8684],[130.992,32.869],[130.9918,32.8703]],[[130.9967,32.8631],[130.9959,32.864]],[[130.9973,32.856],[130.9953,32.8592],[130.996,32.8608],[130.9955,32.8624],[130.9967,32.8631]],[[131.0042,32.8522],[130.9973,32.856]],[[131.004,32.8514],[131.0042,32.8522]],[[131.0072,32.8462],[131.0069,32.8481],[131.009,32.8496],[131.0047,32.8502],[131.004,32.8514]],[[131.0076,32.8453],[131.0072,32.8462]],[[131.0119,32.84],[131.0101,32.8407],[131.0076,32.8453]],[[131.0246,32.841],[131.0237,32.8425],[131.0217,32.843],[131.019,32.8409],[131.015,32.8418],[131.0119,32.84]],[[131.0262,32.8375],[131.0246,32.841]],[[131.0276,32.8364],[131.0262,32.8375]],[[131.0323,32.8314],[131.0303,32.8322],[131.0298,32.8344],[131.0276,32.8364]],[[131.0335,32.8302],[131.0323,32.8314]],[[131.0344,32.8285],[131.0335,32.8302]],[[131.035,32.8267],[131.0344,32.8285]],[[131.0381,32.8254],[131.0359,32.8255],[131.035,32.8267]],[[131.0455,32.824],[131.0381,32.8254]],[[131.0474,32.8235],[131.0455,32.824]],[[131.0478,32.8228],[131.0474,32.8235]],[[131.0533,32.8215],[131.0518,32.821],[131.0478,32.8228]],[[131.0592,32.8199],[131.0577,32.8196],[131.0559,32.8213],[131.0533,32.8215]],[[131.0621,32.8197],[131.0592,32.8199]],[[131.0776,32.8171],[131.075,32.8162],[131.0679,32.8167],[131.0643,32.8179],[131.0621,32.8197]],[[131.0793,32.8177],[131.0776,32.8171]],[[131.0851,32.8188],[131.0793,32.8177]],[[131.0876,32.8199],[131.0865,32.8188],[131.0851,32.8188]],[[131.0984,32.8225],[131.0949,32.8203],[131.0888,32.8192],[131.0876,32.8199]],[[131.1031,32.8257],[131.0985,32.8239],[131.0984,32.8225]],[[131.1089,32.8257],[131.1031,32.8257]],[[131.1222,32.8301],[131.1204,32.8297],[131.1196,32.8284],[131.1147,32.8272],[131.1138,32.8278],[131.1089,32.8257]],[[131.1217,32.8328],[131.1211,32.8321],[131.1222,32.8301]],[[131.1313,32.8414],[131.1283,32.8388],[131.1283,32.8364],[131.1258,32.8358],[131.1252,32.8345],[131.1217,32.8328]]]}},{"type":"Feature","properties":{"t":"riviere","km":54,"nom":"球磨川"},"geometry":{"type":"MultiLineString","coordinates":[[[130.5802,32.4834],[130.5716,32.4758],[130.5655,32.4734]],[[130.5978,32.4933],[130.5939,32.491],[130.5907,32.4861],[130.5835,32.4854],[130.5802,32.4834]],[[130.6243,32.4988],[130.6202,32.4984],[130.6172,32.4967],[130.6102,32.495],[130.6037,32.4951],[130.5978,32.4933]],[[130.631,32.4901],[130.6308,32.4928],[130.6285,32.4965],[130.6243,32.4988]],[[130.6304,32.4833],[130.631,32.4901]],[[130.6348,32.474],[130.631,32.4762],[130.6304,32.4833]],[[130.6432,32.4691],[130.6393,32.4728],[130.6348,32.474]],[[130.6456,32.466],[130.6432,32.4691]],[[130.6618,32.4593],[130.6587,32.4609],[130.651,32.462],[130.6456,32.466]],[[130.662,32.4583],[130.6618,32.4593]],[[130.6591,32.4453],[130.655,32.4467],[130.6528,32.4491],[130.6521,32.4524],[130.6537,32.4546],[130.6595,32.4554],[130.662,32.4583]],[[130.6603,32.4412],[130.6607,32.4438],[130.6591,32.4453]],[[130.6532,32.4301],[130.6556,32.4317],[130.6567,32.4378],[130.6603,32.4412]],[[130.6439,32.4309],[130.6532,32.4301]],[[130.6465,32.4232],[130.6408,32.4289],[130.6416,32.4305],[130.6439,32.4309]],[[130.6426,32.4126],[130.6424,32.4155],[130.6467,32.4197],[130.6465,32.4232]],[[130.6432,32.412],[130.6426,32.4126]],[[130.6512,32.4009],[130.6492,32.4049],[130.6432,32.412]],[[130.653,32.3913],[130.6519,32.3928],[130.6522,32.3979],[130.6512,32.4009]],[[130.6538,32.3905],[130.653,32.3913]],[[130.6515,32.3784],[130.6512,32.3803],[130.6526,32.3829],[130.6548,32.3842],[130.6582,32.3845],[130.6596,32.3868],[130.659,32.3885],[130.6558,32.3891],[130.6538,32.3905]],[[130.646,32.3708],[130.6529,32.374],[130.6531,32.3761],[130.6515,32.3784]],[[130.6448,32.3696],[130.646,32.3708]],[[130.6275,32.3521],[130.6351,32.3546],[130.6396,32.3573],[130.6419,32.3604],[130.6427,32.3675],[130.6448,32.3696]],[[130.619,32.3482],[130.6275,32.3521]],[[130.6137,32.3477],[130.6163,32.3472],[130.619,32.3482]],[[130.6086,32.347],[130.6137,32.3477]],[[130.6018,32.3318],[130.6033,32.3418],[130.6086,32.347]],[[130.6,32.3292],[130.6018,32.3318]],[[130.6123,32.313],[130.6051,32.3205],[130.6,32.3292]],[[130.6018,32.2922],[130.5994,32.2935],[130.5989,32.2966],[130.6039,32.3],[130.6049,32.3021],[130.6104,32.3066],[130.6123,32.3099],[130.6123,32.313]],[[130.6045,32.2883],[130.604,32.2915],[130.6018,32.2922]],[[130.6036,32.2804],[130.6028,32.2822],[130.6048,32.2853],[130.6045,32.2883]],[[130.6081,32.2789],[130.6036,32.2804]],[[130.6083,32.2708],[130.6128,32.2746],[130.6139,32.2776],[130.6125,32.279],[130.6081,32.2789]],[[130.6114,32.2657],[130.6084,32.2687],[130.6083,32.2708]],[[130.6243,32.2631],[130.6189,32.2663],[130.6114,32.2657]],[[130.6484,32.2515],[130.644,32.2541],[130.6411,32.2539],[130.633,32.2587],[130.6278,32.2592],[130.6243,32.2631]],[[130.6521,32.2513],[130.6499,32.2506],[130.6484,32.2515]],[[130.6695,32.2446],[130.658,32.2419],[130.6573,32.2428],[130.659,32.2465],[130.6584,32.2496],[130.6554,32.2517],[130.6521,32.2513]],[[130.6818,32.2448],[130.6695,32.2446]],[[130.6894,32.2369],[130.6873,32.2389],[130.6854,32.2437],[130.6818,32.2448]],[[130.6914,32.2362],[130.6894,32.2369]],[[130.7004,32.2286],[130.6967,32.2317],[130.694,32.236],[130.6914,32.2362]],[[130.7081,32.2291],[130.7039,32.2273],[130.7004,32.2286]],[[130.7137,32.2274],[130.7108,32.2291],[130.7081,32.2291]],[[130.7215,32.2159],[130.7156,32.2193],[130.7141,32.2237],[130.7151,32.225],[130.7137,32.2274]],[[130.7257,32.2138],[130.7215,32.2159]],[[130.7296,32.2116],[130.7257,32.2138]],[[130.7333,32.2098],[130.7296,32.2116]],[[130.7367,32.2083],[130.7333,32.2098]],[[130.7405,32.2073],[130.7367,32.2083]],[[130.7547,32.2112],[130.7493,32.2086],[130.7423,32.2068],[130.7405,32.2073]],[[130.7576,32.2126],[130.7547,32.2112]],[[130.7603,32.2128],[130.7576,32.2126]],[[130.7606,32.2128],[130.7603,32.2128]],[[130.7813,32.2062],[130.782,32.2124],[130.7774,32.2153],[130.7606,32.2128]],[[130.7824,32.2045],[130.7813,32.2062]],[[130.7903,32.2052],[130.7824,32.2045]],[[130.7989,32.2051],[130.7934,32.2059],[130.7903,32.2052]],[[130.8015,32.2059],[130.7989,32.2051]],[[130.8037,32.2062],[130.8015,32.2059]],[[130.8174,32.2086],[130.8154,32.2067],[130.8121,32.2055],[130.8082,32.207],[130.8037,32.2062]],[[130.8193,32.2107],[130.8174,32.2086]],[[130.8205,32.2119],[130.8193,32.2107]],[[130.8303,32.2155],[130.8205,32.2119]],[[130.8329,32.2191],[130.8303,32.2155]],[[130.8379,32.2223],[130.8329,32.2191]],[[130.8528,32.2238],[130.8458,32.2219],[130.8379,32.2223]],[[130.8542,32.2254],[130.8528,32.2238]],[[130.8559,32.2281],[130.8542,32.2254]],[[130.8641,32.2353],[130.8559,32.2281]],[[130.8741,32.2426],[130.8688,32.2399],[130.8641,32.2353]],[[130.8763,32.243],[130.8741,32.2426]],[[130.8792,32.2434],[130.8763,32.243]],[[130.8824,32.2424],[130.8792,32.2434]],[[130.8901,32.2433],[130.8871,32.2406],[130.8824,32.2424]],[[130.891,32.2462],[130.8901,32.2433]],[[130.8913,32.2479],[130.891,32.2462]],[[130.8937,32.2534],[130.8913,32.2479]],[[130.8988,32.2573],[130.8937,32.2534]],[[130.9036,32.2621],[130.9028,32.26],[130.8988,32.2573]],[[130.9096,32.2601],[130.9054,32.2624],[130.9036,32.2621]],[[130.9174,32.2642],[130.9131,32.2601],[130.9096,32.2601]],[[130.9267,32.2707],[130.9217,32.2683],[130.9174,32.2642]],[[130.9315,32.2727],[130.9267,32.2707]],[[130.9431,32.2708],[130.9396,32.2689],[130.9364,32.2685],[130.9315,32.2727]],[[130.9606,32.2814],[130.9591,32.2815],[130.9561,32.2775],[130.9526,32.2766],[130.9481,32.273],[130.9431,32.2708]],[[130.964,32.2818],[130.9606,32.2814]],[[130.9725,32.2846],[130.964,32.2818]],[[130.9755,32.285],[130.9725,32.2846]],[[130.9821,32.29],[130.9755,32.285]],[[131.0027,32.3064],[130.9994,32.3047],[130.9916,32.2925],[130.9864,32.2896],[130.9821,32.29]],[[131.0092,32.3201],[131.008,32.3192],[131.0077,32.3173],[131.0103,32.314],[131.0052,32.3105],[131.0027,32.3064]],[[131.0127,32.3202],[131.0092,32.3201]],[[131.0183,32.3208],[131.0127,32.3202]],[[131.0177,32.3302],[131.019,32.3254],[131.0183,32.3208]],[[131.0136,32.3365],[131.0162,32.3338],[131.0177,32.3302]],[[131.0137,32.34],[131.0136,32.3365]],[[131.0131,32.3431],[131.0137,32.34]],[[131.0134,32.3471],[131.0131,32.3431]],[[131.015,32.3583],[131.0151,32.3543],[131.0168,32.3527],[131.0131,32.3497],[131.0134,32.3471]],[[131.0192,32.3625],[131.0179,32.3613],[131.018,32.3592],[131.0159,32.3592],[131.015,32.3583]],[[131.0215,32.3776],[131.0214,32.3764],[131.0243,32.374],[131.0232,32.372],[131.0239,32.3714],[131.0192,32.3625]],[[131.0071,32.3985],[131.0106,32.3955],[131.0126,32.3957],[131.016,32.3922],[131.0163,32.3889],[131.0199,32.3842],[131.0196,32.3821],[131.0218,32.3793],[131.0215,32.3776]],[[130.9947,32.3985],[130.9965,32.398],[131.002,32.3998],[131.0071,32.3985]],[[130.9795,32.4042],[130.9851,32.3995],[130.9897,32.3977],[130.9918,32.3972],[130.9947,32.3985]],[[130.9673,32.4219],[130.9692,32.4199],[130.968,32.4192],[130.9687,32.4192],[130.9685,32.418],[130.9696,32.4179],[130.9692,32.4159],[130.9717,32.4152],[130.9724,32.4125],[130.9751,32.41],[130.9747,32.4086],[130.9757,32.4081],[130.9748,32.4068],[130.9772,32.4061],[130.977,32.4048],[130.9795,32.4042]],[[130.9681,32.4319],[130.9669,32.4275],[130.9655,32.4269],[130.9663,32.4251],[130.9681,32.4241],[130.9683,32.4225],[130.9673,32.4219]],[[130.9716,32.4345],[130.9714,32.4329],[130.9702,32.432],[130.9681,32.4319]],[[130.9715,32.4412],[130.97,32.4389],[130.9716,32.4345]]]}},{"type":"Feature","properties":{"t":"riviere","km":59,"nom":"五ヶ瀬川"},"geometry":{"type":"MultiLineString","coordinates":[[[131.7118,32.5921],[131.7139,32.592],[131.7149,32.5906]],[[131.7055,32.5911],[131.7118,32.5921]],[[131.6923,32.5909],[131.6966,32.5916],[131.7021,32.5906],[131.7055,32.5911]],[[131.6779,32.5845],[131.6923,32.5909]],[[131.6499,32.5853],[131.6565,32.5831],[131.6616,32.5841],[131.674,32.5834],[131.6779,32.5845]],[[131.6288,32.5811],[131.6296,32.5824],[131.6379,32.5819],[131.646,32.5852],[131.6499,32.5853]],[[131.6329,32.5733],[131.6294,32.5783],[131.6288,32.5811]],[[131.634,32.5702],[131.6343,32.5716],[131.6329,32.5733]],[[131.6337,32.57],[131.634,32.5702]],[[131.6222,32.5644],[131.6273,32.5679],[131.6337,32.57]],[[131.6067,32.5638],[131.6095,32.5649],[131.6122,32.5635],[131.6222,32.5644]],[[131.602,32.5636],[131.6067,32.5638]],[[131.5982,32.563],[131.602,32.5636]],[[131.5828,32.5658],[131.5863,32.567],[131.5954,32.5628],[131.5982,32.563]],[[131.5807,32.5648],[131.5828,32.5658]],[[131.5735,32.5642],[131.5784,32.5638],[131.5807,32.5648]],[[131.5707,32.5632],[131.5735,32.5642]],[[131.55,32.5644],[131.5628,32.5637],[131.5661,32.5626],[131.5707,32.5632]],[[131.5488,32.5581],[131.5499,32.5593],[131.5488,32.5638],[131.55,32.5644]],[[131.5296,32.5651],[131.531,32.5679],[131.5335,32.5684],[131.5351,32.5674],[131.5352,32.5662],[131.5333,32.5637],[131.5335,32.5598],[131.5366,32.5577],[131.5411,32.559],[131.5488,32.5581]],[[131.5135,32.5714],[131.5142,32.5681],[131.5221,32.5573],[131.5246,32.5571],[131.5296,32.5651]],[[131.4936,32.5884],[131.495,32.583],[131.504,32.5777],[131.5057,32.5773],[131.5099,32.5795],[131.5117,32.5788],[131.5134,32.5763],[131.5135,32.5714]],[[131.4848,32.6062],[131.4914,32.6044],[131.4933,32.6025],[131.4941,32.5979],[131.4929,32.592],[131.4936,32.5884]],[[131.4697,32.6017],[131.4715,32.6008],[131.4812,32.6055],[131.4848,32.6062]],[[131.468,32.6079],[131.4712,32.6078],[131.4718,32.6049],[131.4697,32.6017]],[[131.4492,32.6105],[131.452,32.6096],[131.456,32.6066],[131.4613,32.605],[131.4654,32.6056],[131.468,32.6079]],[[131.4468,32.611],[131.4492,32.6105]],[[131.4366,32.6201],[131.4376,32.6204],[131.4422,32.6163],[131.4447,32.617],[131.4463,32.6164],[131.4468,32.611]],[[131.416,32.6245],[131.4195,32.6231],[131.4255,32.624],[131.4287,32.6197],[131.4326,32.6178],[131.4366,32.6201]],[[131.392,32.6407],[131.3946,32.6376],[131.3938,32.6344],[131.3946,32.633],[131.4034,32.6351],[131.4057,32.6347],[131.4097,32.6267],[131.416,32.6245]],[[131.3912,32.6423],[131.392,32.6407]],[[131.3873,32.6551],[131.3895,32.6537],[131.3915,32.6462],[131.3912,32.6423]],[[131.3704,32.6657],[131.3762,32.6621],[131.3769,32.6596],[131.3747,32.6543],[131.3752,32.6521],[131.3873,32.6551]],[[131.3647,32.667],[131.365,32.6653],[131.3671,32.6646],[131.3704,32.6657]],[[131.3534,32.6748],[131.3588,32.6712],[131.3635,32.6716],[131.3647,32.667]],[[131.3466,32.6817],[131.3491,32.6818],[131.3494,32.6769],[131.3534,32.6748]],[[131.3283,32.6809],[131.3322,32.6823],[131.3372,32.6798],[131.3441,32.6806],[131.3466,32.6817]],[[131.3208,32.6912],[131.323,32.6887],[131.3232,32.6835],[131.3283,32.6809]],[[131.3199,32.6978],[131.318,32.6942],[131.3208,32.6912]],[[131.3139,32.7014],[131.3175,32.701],[131.3199,32.6978]],[[131.2969,32.7142],[131.2999,32.7136],[131.3006,32.7123],[131.3007,32.7103],[131.2989,32.7086],[131.2983,32.7042],[131.3008,32.7026],[131.3012,32.7],[131.3095,32.6972],[131.3117,32.6982],[131.3139,32.7014]],[[131.2885,32.7194],[131.2895,32.7176],[131.2969,32.7142]],[[131.2897,32.7266],[131.29,32.7213],[131.2885,32.7194]],[[131.2755,32.7287],[131.2776,32.7274],[131.2828,32.7279],[131.2867,32.7271],[131.2868,32.7287],[131.2875,32.7289],[131.2897,32.7266]],[[131.2754,32.7288],[131.2755,32.7287]],[[131.274,32.7417],[131.2753,32.7408],[131.2758,32.738],[131.2742,32.7329],[131.2754,32.7288]],[[131.2527,32.7381],[131.2555,32.7347],[131.26,32.7363],[131.2626,32.7422],[131.265,32.7424],[131.2682,32.741],[131.274,32.7417]],[[131.2466,32.7436],[131.2485,32.7427],[131.2527,32.7381]],[[131.235,32.7444],[131.2435,32.743],[131.2466,32.7436]],[[131.2284,32.741],[131.2317,32.7439],[131.235,32.7444]],[[131.2219,32.7364],[131.2284,32.741]],[[131.2107,32.7285],[131.2156,32.73],[131.2219,32.7364]],[[131.2057,32.7299],[131.2071,32.7305],[131.2107,32.7285]],[[131.19,32.7221],[131.1967,32.7262],[131.2057,32.7299]],[[131.1875,32.7233],[131.19,32.7221]],[[131.1823,32.7202],[131.1862,32.7233],[131.1875,32.7233]],[[131.171,32.7158],[131.1748,32.7189],[131.1794,32.7187],[131.1823,32.7202]],[[131.1534,32.6978],[131.1545,32.6994],[131.1579,32.6998],[131.1567,32.701],[131.1548,32.7006],[131.1547,32.7027],[131.1589,32.7029],[131.1603,32.7043],[131.1623,32.7045],[131.163,32.7059],[131.1653,32.7064],[131.1708,32.7127],[131.171,32.7158]],[[131.1523,32.6961],[131.1534,32.6978]],[[131.1503,32.6871],[131.1504,32.6879],[131.1571,32.6903],[131.156,32.6916],[131.1506,32.6931],[131.1523,32.6961]],[[131.152,32.6819],[131.1525,32.6848],[131.1503,32.6871]],[[131.1516,32.6801],[131.152,32.6819]],[[131.1547,32.6791],[131.1516,32.6801]],[[131.155,32.6791],[131.1547,32.6791]],[[131.158,32.6752],[131.1584,32.6776],[131.155,32.6791]],[[131.1574,32.6691],[131.158,32.6752]],[[131.1613,32.667],[131.1599,32.6648],[131.1581,32.6647],[131.1585,32.6665],[131.1574,32.6691]],[[131.1674,32.663],[131.1676,32.6645],[131.1653,32.6665],[131.1622,32.6675],[131.1613,32.667]],[[131.1709,32.6547],[131.1697,32.656],[131.1674,32.6554],[131.1672,32.6579],[131.1691,32.6601],[131.1688,32.661],[131.1665,32.6611],[131.1674,32.663]],[[131.165,32.6527],[131.166,32.6536],[131.1702,32.6535],[131.1709,32.6547]],[[131.1576,32.6292],[131.1555,32.6323],[131.1544,32.637],[131.1589,32.6438],[131.1622,32.6469],[131.1633,32.6468],[131.164,32.6452],[131.1657,32.6469],[131.1682,32.6467],[131.1694,32.6494],[131.1652,32.6508],[131.165,32.6527]],[[131.1589,32.6262],[131.1576,32.6292]],[[131.1623,32.6184],[131.1589,32.6262]],[[131.1621,32.6172],[131.1623,32.6184]],[[131.1546,32.6056],[131.1563,32.6065],[131.1558,32.6076],[131.1572,32.608],[131.159,32.6105],[131.1598,32.6135],[131.1616,32.615],[131.1606,32.6163],[131.1621,32.6172]],[[131.1539,32.5964],[131.1534,32.6023],[131.1546,32.6056]],[[131.1548,32.5949],[131.1539,32.5964]],[[131.1551,32.5925],[131.1548,32.5949]],[[131.155,32.5913],[131.1551,32.5925]],[[131.1332,32.5697],[131.1356,32.5697],[131.1367,32.5708],[131.1405,32.5693],[131.1442,32.5707],[131.1471,32.5692],[131.1506,32.5705],[131.1516,32.5694],[131.1534,32.5719],[131.1579,32.5736],[131.1587,32.5757],[131.1575,32.5776],[131.1589,32.5788],[131.1595,32.5838],[131.1561,32.5873],[131.155,32.5913]],[[131.1267,32.5719],[131.1282,32.5709],[131.1316,32.5714],[131.1332,32.5697]]]}},{"type":"Feature","properties":{"t":"riviere","km":57,"nom":"大淀川"},"geometry":{"type":"MultiLineString","coordinates":[[[131.458,31.8936],[131.4597,31.893]],[[131.4575,31.8936],[131.458,31.8936]],[[131.4391,31.8985],[131.4459,31.8955],[131.4575,31.8936]],[[131.4166,31.9064],[131.4307,31.9022],[131.4391,31.8985]],[[131.4058,31.9108],[131.413,31.9069],[131.4166,31.9064]],[[131.4043,31.9239],[131.4035,31.9147],[131.4058,31.9108]],[[131.4056,31.9271],[131.4043,31.9239]],[[131.4063,31.9287],[131.4056,31.9271]],[[131.3998,31.9525],[131.4044,31.9461],[131.407,31.9398],[131.408,31.9354],[131.4063,31.9287]],[[131.3959,31.9557],[131.3998,31.9525]],[[131.3935,31.9579],[131.3959,31.9557]],[[131.3917,31.9585],[131.3935,31.9579]],[[131.3905,31.9586],[131.3917,31.9585]],[[131.3749,31.9583],[131.3812,31.9596],[131.3905,31.9586]],[[131.364,31.9499],[131.3726,31.9574],[131.3749,31.9583]],[[131.3626,31.9502],[131.364,31.9499]],[[131.3483,31.9487],[131.3569,31.9506],[131.3626,31.9502]],[[131.3457,31.9475],[131.3483,31.9487]],[[131.3383,31.9406],[131.3457,31.9475]],[[131.329,31.9413],[131.3383,31.9406]],[[131.3231,31.9433],[131.329,31.9413]],[[131.3128,31.9493],[131.3231,31.9433]],[[131.3057,31.954],[131.3128,31.9493]],[[131.2932,31.9524],[131.295,31.9522],[131.3021,31.9543],[131.3057,31.954]],[[131.2902,31.9505],[131.2932,31.9524]],[[131.2878,31.9461],[131.2896,31.9471],[131.2902,31.9505]],[[131.2834,31.9438],[131.2878,31.9461]],[[131.2744,31.9419],[131.2801,31.9404],[131.2834,31.9438]],[[131.2648,31.9423],[131.2641,31.9463],[131.267,31.9492],[131.2693,31.9499],[131.2708,31.949],[131.269,31.9454],[131.2744,31.9419]],[[131.255,31.9399],[131.2612,31.9397],[131.2648,31.9423]],[[131.2528,31.9408],[131.255,31.9399]],[[131.2489,31.9276],[131.2501,31.9302],[131.2486,31.9354],[131.2488,31.938],[131.2502,31.9403],[131.2528,31.9408]],[[131.2378,31.92],[131.2398,31.9193],[131.2412,31.9207],[131.2361,31.9248],[131.237,31.9266],[131.2397,31.927],[131.2406,31.9281],[131.238,31.9301],[131.2378,31.932],[131.2424,31.9318],[131.2463,31.9281],[131.2489,31.9276]],[[131.2303,31.9168],[131.2323,31.9172],[131.2342,31.9215],[131.2378,31.92]],[[131.2188,31.9226],[131.2205,31.9198],[131.2241,31.9194],[131.2303,31.9168]],[[131.199,31.9396],[131.2016,31.9396],[131.2077,31.9368],[131.2079,31.9356],[131.2062,31.9336],[131.2073,31.9312],[131.2146,31.9308],[131.2188,31.9226]],[[131.1861,31.9413],[131.1892,31.9413],[131.1941,31.9393],[131.199,31.9396]],[[131.1674,31.9386],[131.1708,31.9393],[131.1738,31.9445],[131.1751,31.9448],[131.1823,31.9419],[131.1861,31.9413]],[[131.1532,31.9373],[131.1566,31.9395],[131.1638,31.9401],[131.1674,31.9386]],[[131.143,31.9261],[131.1449,31.9289],[131.1543,31.9351],[131.1532,31.9373]],[[131.1316,31.8993],[131.1322,31.9017],[131.1362,31.9034],[131.1347,31.9062],[131.136,31.9085],[131.1359,31.9124],[131.1339,31.9155],[131.1355,31.9236],[131.143,31.9261]],[[131.1281,31.8874],[131.1288,31.8935],[131.1316,31.8993]],[[131.1265,31.8848],[131.1281,31.8874]],[[131.1188,31.8698],[131.1229,31.8711],[131.1213,31.8775],[131.1265,31.8848]],[[131.1173,31.8696],[131.1188,31.8698]],[[131.1135,31.8602],[131.1149,31.8634],[131.115,31.8683],[131.1173,31.8696]],[[131.1146,31.8554],[131.1136,31.8568],[131.1135,31.8602]],[[131.1136,31.8508],[131.1146,31.8554]],[[131.1126,31.8478],[131.1136,31.8508]],[[131.1124,31.8371],[131.1126,31.8478]],[[131.1273,31.8235],[131.1265,31.8262],[131.1253,31.827],[131.1185,31.8267],[131.1163,31.8277],[131.1124,31.8371]],[[131.1197,31.8145],[131.1264,31.8213],[131.1273,31.8235]],[[131.1171,31.8103],[131.1175,31.8134],[131.1197,31.8145]],[[131.1145,31.8062],[131.1171,31.8103]],[[131.111,31.8019],[131.1145,31.8062]],[[131.0788,31.7881],[131.0833,31.7899],[131.0879,31.79],[131.0906,31.791],[131.0915,31.7926],[131.0909,31.7963],[131.0922,31.7977],[131.0953,31.7986],[131.1006,31.7963],[131.1027,31.7965],[131.111,31.8019]],[[131.0696,31.7764],[131.0761,31.7765],[131.0767,31.7863],[131.0788,31.7881]],[[131.0678,31.7751],[131.0696,31.7764]],[[131.067,31.7722],[131.0678,31.7751]],[[131.0661,31.7647],[131.0678,31.7688],[131.067,31.7722]],[[131.0637,31.7533],[131.0625,31.7592],[131.0661,31.7647]],[[131.0632,31.7517],[131.0637,31.7533]],[[131.0644,31.7474],[131.0632,31.7517]],[[131.0634,31.7405],[131.0644,31.7474]],[[131.0566,31.7361],[131.0575,31.7371],[131.0616,31.7377],[131.0634,31.7405]],[[131.0541,31.7317],[131.0563,31.7335],[131.0566,31.7361]],[[131.0524,31.7183],[131.0526,31.7215],[131.0553,31.726],[131.0529,31.7302],[131.0541,31.7317]],[[131.0528,31.7174],[131.0524,31.7183]],[[131.054,31.7165],[131.0528,31.7174]],[[131.0541,31.7117],[131.054,31.7165]],[[131.0511,31.7112],[131.0532,31.7105],[131.0541,31.7117]],[[131.0404,31.7042],[131.0433,31.7044],[131.0442,31.7066],[131.0491,31.7074],[131.0509,31.7092],[131.0511,31.7112]],[[131.0289,31.6972],[131.0302,31.6988],[131.0404,31.7042]],[[131.0287,31.6967],[131.0289,31.6972]],[[131.0284,31.6962],[131.0287,31.6967]],[[131.0255,31.6919],[131.0284,31.6962]],[[131.0248,31.6922],[131.0255,31.6919]],[[131.0241,31.6913],[131.0248,31.6922]],[[131.0243,31.6867],[131.0255,31.6863],[131.026,31.6882],[131.0241,31.6913]],[[131.0264,31.6808],[131.0265,31.682],[131.0234,31.6851],[131.0233,31.6864],[131.0243,31.6867]],[[131.0246,31.6751],[131.0262,31.6774],[131.0264,31.6808]],[[131.0246,31.6745],[131.0246,31.6751]],[[131.0246,31.6742],[131.0246,31.6745]],[[131.0243,31.6719],[131.0246,31.6742]],[[131.0188,31.6626],[131.0198,31.6645],[131.0177,31.6652],[131.0181,31.6685],[131.0203,31.6693],[131.0207,31.6708],[131.0243,31.6719]],[[131.019,31.6616],[131.0188,31.6626]],[[131.0482,31.6392],[131.0421,31.6411],[131.0389,31.6448],[131.0344,31.6478],[131.0304,31.648],[131.0297,31.6493],[131.0313,31.6518],[131.0312,31.6534],[131.0269,31.6544],[131.019,31.6616]],[[131.051,31.6366],[131.0507,31.6377],[131.0482,31.6392]],[[131.0573,31.6255],[131.0528,31.6284],[131.0527,31.6318],[131.051,31.6366]],[[131.0672,31.6219],[131.0573,31.6255]],[[131.1086,31.6144],[131.1078,31.6139],[131.1058,31.6153],[131.1044,31.6141],[131.102,31.6139],[131.1009,31.6148],[131.0988,31.6139],[131.0946,31.6162],[131.0912,31.6154],[131.0898,31.6141],[131.0847,31.6139],[131.0793,31.6166],[131.0775,31.6163],[131.0763,31.6182],[131.0738,31.6181],[131.071,31.6209],[131.0672,31.6219]],[[131.1074,31.6383],[131.1132,31.6352],[131.1131,31.633],[131.1168,31.6297],[131.1166,31.6285],[131.1189,31.6277],[131.122,31.6245],[131.1198,31.6202],[131.118,31.6192],[131.1151,31.6199],[131.1132,31.6173],[131.1097,31.6164],[131.1086,31.6144]],[[131.1065,31.64],[131.1074,31.6383]],[[131.104,31.6414],[131.1065,31.64]],[[131.0906,31.6517],[131.0942,31.6474],[131.101,31.6448],[131.104,31.6414]]]}},{"type":"Feature","properties":{"t":"riviere","km":78,"nom":"川内川"},"geometry":{"type":"MultiLineString","coordinates":[[[130.208,31.8429],[130.207,31.8436]],[[130.2262,31.8323],[130.2122,31.8397],[130.208,31.8429]],[[130.2355,31.8305],[130.2325,31.8297],[130.2262,31.8323]],[[130.2498,31.8316],[130.2447,31.8325],[130.2355,31.8305]],[[130.2549,31.8288],[130.2498,31.8316]],[[130.259,31.829],[130.2549,31.8288]],[[130.2651,31.8282],[130.259,31.829]],[[130.2755,31.824],[130.2651,31.8282]],[[130.2873,31.8186],[130.2755,31.824]],[[130.2934,31.817],[130.2873,31.8186]],[[130.3066,31.8198],[130.3015,31.8194],[130.2934,31.817]],[[130.307,31.8199],[130.3066,31.8198]],[[130.3163,31.8285],[130.3132,31.8222],[130.307,31.8199]],[[130.3194,31.8379],[130.3163,31.8285]],[[130.3216,31.8602],[130.3184,31.858],[130.318,31.8564],[130.3208,31.853],[130.322,31.8496],[130.3213,31.8426],[130.3194,31.8379]],[[130.326,31.8611],[130.3216,31.8602]],[[130.3288,31.8617],[130.326,31.8611]],[[130.3527,31.8585],[130.3448,31.859],[130.3333,31.8621],[130.3288,31.8617]],[[130.3559,31.8508],[130.3563,31.8569],[130.3552,31.8581],[130.3527,31.8585]],[[130.3952,31.8601],[130.3885,31.8534],[130.3844,31.8542],[130.3806,31.857],[130.3742,31.8523],[130.3728,31.8528],[130.3712,31.8576],[130.3681,31.8577],[130.3641,31.8559],[130.3605,31.8497],[130.357,31.8496],[130.3559,31.8508]],[[130.4006,31.8556],[130.4033,31.858],[130.4016,31.8602],[130.3982,31.8613],[130.3952,31.8601]],[[130.4155,31.8578],[130.4081,31.8525],[130.4015,31.8542],[130.4006,31.8556]],[[130.4222,31.8635],[130.4185,31.8623],[130.4155,31.8578]],[[130.4251,31.8626],[130.4222,31.8635]],[[130.4307,31.872],[130.4297,31.8666],[130.4251,31.8626]],[[130.4385,31.8912],[130.4377,31.8883],[130.4326,31.8823],[130.4307,31.872]],[[130.4416,31.9086],[130.4405,31.9081],[130.4402,31.9063],[130.4436,31.9025],[130.4425,31.9017],[130.4405,31.8946],[130.4385,31.8912]],[[130.4601,31.9119],[130.4541,31.9073],[130.4481,31.905],[130.4446,31.9059],[130.4416,31.9086]],[[130.4654,31.9237],[130.4625,31.924],[130.4611,31.9225],[130.4601,31.9119]],[[130.4739,31.9273],[130.4743,31.9246],[130.4722,31.9228],[130.4687,31.9221],[130.4654,31.9237]],[[130.4699,31.9336],[130.4698,31.9312],[130.4739,31.9273]],[[130.4678,31.9528],[130.4642,31.9496],[130.4625,31.9441],[130.4648,31.9383],[130.4699,31.9336]],[[130.4714,31.9567],[130.4688,31.9559],[130.4678,31.9528]],[[130.476,31.9557],[130.4714,31.9567]],[[130.4786,31.9559],[130.476,31.9557]],[[130.4854,31.9569],[130.4786,31.9559]],[[130.4882,31.9564],[130.4854,31.9569]],[[130.5011,31.956],[130.4983,31.9551],[130.4882,31.9564]],[[130.5002,31.9577],[130.5011,31.956]],[[130.5024,31.9781],[130.5067,31.978],[130.5075,31.9766],[130.5028,31.9634],[130.4995,31.9594],[130.5002,31.9577]],[[130.494,31.9887],[130.4933,31.9858],[130.4969,31.9796],[130.5024,31.9781]],[[130.4951,31.9929],[130.4954,31.9914],[130.494,31.9887]],[[130.5038,32.0066],[130.5003,32.0037],[130.5002,32.0014],[130.4955,31.9961],[130.4951,31.9929]],[[130.5128,32.005],[130.5103,32.0051],[130.5061,32.0075],[130.5038,32.0066]],[[130.523,32.01],[130.5179,32.0067],[130.5128,32.005]],[[130.5285,32.0122],[130.523,32.01]],[[130.5446,32.0048],[130.5409,32.0055],[130.533,32.0092],[130.5302,32.012],[130.5285,32.0122]],[[130.5449,32.0047],[130.5446,32.0048]],[[130.5506,32.0028],[130.5485,32.0026],[130.5449,32.0047]],[[130.5613,32.0067],[130.555,32.0051],[130.5506,32.0028]],[[130.5707,32.0099],[130.5672,32.0089],[130.5655,32.0101],[130.5624,32.0099],[130.5613,32.0067]],[[130.5724,32.0105],[130.5707,32.0099]],[[130.5943,32.014],[130.591,32.0167],[130.5878,32.017],[130.5839,32.0159],[130.5779,32.0115],[130.5724,32.0105]],[[130.6012,32.0156],[130.5976,32.0133],[130.5943,32.014]],[[130.6025,32.0167],[130.6012,32.0156]],[[130.6404,31.9988],[130.6362,32.0051],[130.6259,32.0071],[130.6212,32.0118],[130.6109,32.0175],[130.6063,32.0184],[130.6025,32.0167]],[[130.6433,31.993],[130.6404,31.9988]],[[130.6496,31.9913],[130.6468,31.9914],[130.6433,31.993]],[[130.6581,31.987],[130.6586,31.9902],[130.6577,31.9915],[130.6529,31.9924],[130.6496,31.9913]],[[130.6594,31.9834],[130.6582,31.9845],[130.6581,31.987]],[[130.679,31.9769],[130.6752,31.9768],[130.6751,31.9799],[130.6685,31.9847],[130.6594,31.9834]],[[130.6831,31.9719],[130.6821,31.9743],[130.679,31.9769]],[[130.6907,31.9644],[130.6887,31.9658],[130.6872,31.9707],[130.6831,31.9719]],[[130.6946,31.9641],[130.6907,31.9644]],[[130.7029,31.9608],[130.6975,31.9619],[130.6946,31.9641]],[[130.7033,31.96],[130.7029,31.9608]],[[130.704,31.9521],[130.7048,31.9546],[130.7033,31.96]],[[130.7085,31.9487],[130.7055,31.9478],[130.704,31.9521]],[[130.7155,31.9518],[130.7114,31.9511],[130.7085,31.9487]],[[130.7157,31.9522],[130.7155,31.9518]],[[130.7193,31.9551],[130.7172,31.9549],[130.7157,31.9522]],[[130.7247,31.9555],[130.7193,31.9551]],[[130.7247,31.9555],[130.7193,31.9551]],[[130.73,31.9579],[130.7247,31.9555]],[[130.7381,31.9651],[130.7357,31.9608],[130.73,31.9579]],[[130.7395,31.9745],[130.7381,31.9651]],[[130.7432,31.9888],[130.7417,31.9816],[130.7381,31.9777],[130.7395,31.9745]],[[130.7464,31.9922],[130.7432,31.9888]],[[130.7426,32.0019],[130.7424,31.9998],[130.7448,31.9969],[130.7464,31.9922]],[[130.743,32.0028],[130.7426,32.0019]],[[130.7422,32.0168],[130.7418,32.0129],[130.7449,32.009],[130.743,32.0028]],[[130.7424,32.0177],[130.7422,32.0168]],[[130.7405,32.0259],[130.7426,32.0205],[130.7424,32.0177]],[[130.7396,32.0289],[130.7405,32.0259]],[[130.7395,32.0342],[130.7388,32.032],[130.7396,32.0289]],[[130.7428,32.0367],[130.7395,32.0342]],[[130.7471,32.0399],[130.7428,32.0367]],[[130.7577,32.041],[130.7542,32.04],[130.7475,32.0406],[130.7471,32.0399]],[[130.7608,32.0492],[130.761,32.0472],[130.7577,32.041]],[[130.7696,32.05],[130.7627,32.0517],[130.7608,32.0492]],[[130.7717,32.0589],[130.7722,32.0537],[130.7696,32.05]],[[130.7827,32.0608],[130.773,32.0599],[130.7717,32.0589]],[[130.7838,32.0617],[130.7827,32.0608]],[[130.7925,32.0588],[130.7904,32.0608],[130.7873,32.0621],[130.7838,32.0617]],[[130.8006,32.0542],[130.7925,32.0588]],[[130.8055,32.0553],[130.8006,32.0542]],[[130.8191,32.0468],[130.8165,32.0477],[130.8123,32.0531],[130.8055,32.0553]],[[130.8217,32.0478],[130.8191,32.0468]],[[130.8651,32.0508],[130.8609,32.0477],[130.8626,32.0456],[130.862,32.0448],[130.8597,32.0437],[130.8543,32.0439],[130.85,32.0398],[130.8457,32.0423],[130.8398,32.0407],[130.8336,32.0435],[130.8294,32.0472],[130.8217,32.0478]],[[130.8653,32.0526],[130.8651,32.0508]],[[130.8667,32.0527],[130.8653,32.0526]],[[130.8673,32.052],[130.8667,32.0527]],[[130.8736,32.048],[130.8684,32.0504],[130.8673,32.052]],[[130.8746,32.0495],[130.8736,32.048]],[[130.8759,32.0511],[130.8746,32.0507],[130.8746,32.0495]],[[130.8766,32.0517],[130.8759,32.0511]],[[130.8796,32.0492],[130.8766,32.0517]],[[130.8885,32.0519],[130.8888,32.0535],[130.8825,32.0526],[130.8808,32.0518],[130.8796,32.0492]],[[130.8883,32.0499],[130.8885,32.0519]],[[130.8933,32.0492],[130.8923,32.0485],[130.8883,32.0499]],[[130.9043,32.062],[130.9031,32.0596],[130.9048,32.0568],[130.9043,32.0556],[130.9003,32.055],[130.9004,32.053],[130.896,32.0522],[130.8931,32.0533],[130.892,32.0513],[130.8933,32.0492]],[[130.915,32.0746],[130.9132,32.0733],[130.9123,32.0705],[130.9072,32.0666],[130.9069,32.0637],[130.9043,32.062]],[[130.9244,32.0801],[130.9177,32.0739],[130.915,32.0746]],[[130.9256,32.0867],[130.9231,32.0863],[130.9223,32.0849],[130.9244,32.0801]],[[130.9288,32.0922],[130.9256,32.0867]],[[130.9297,32.0975],[130.9288,32.0922]],[[130.9327,32.1073],[130.9311,32.1059],[130.9297,32.0975]],[[130.9332,32.1161],[130.9331,32.1107],[130.9321,32.109],[130.9327,32.1073]],[[130.9204,32.1248],[130.9274,32.1229],[130.9283,32.1205],[130.9332,32.1161]],[[130.9161,32.1255],[130.9204,32.1248]],[[130.9135,32.1307],[130.9161,32.1255]],[[130.9128,32.1363],[130.9135,32.1307]],[[130.912,32.1543],[130.912,32.1521],[130.9097,32.1461],[130.9114,32.1376],[130.9128,32.1363]]]}},{"type":"Feature","properties":{"t":"riviere","km":121,"nom":"鬼怒川"},"geometry":{"type":"MultiLineString","coordinates":[[[139.9562,35.9751],[139.9525,35.9716],[139.9509,35.965],[139.9455,35.9552],[139.9439,35.9484],[139.9462,35.9423],[139.9517,35.9363]],[[139.9577,35.9759],[139.9562,35.9751]],[[139.9731,35.987],[139.9723,35.9856],[139.9735,35.9813],[139.9721,35.9785],[139.9637,35.9759],[139.9577,35.9759]],[[139.9726,36.0034],[139.9726,36.0003],[139.9762,35.9958],[139.977,35.993],[139.9731,35.987]],[[139.9737,36.0118],[139.9726,36.0034]],[[139.9855,36.0251],[139.9785,36.0159],[139.9737,36.0118]],[[139.9861,36.0399],[139.98,36.0344],[139.9855,36.0251]],[[139.9632,36.0998],[139.9609,36.0937],[139.9612,36.0898],[139.9636,36.0854],[139.9665,36.0845],[139.9687,36.0819],[139.9742,36.0799],[139.9783,36.074],[139.978,36.0636],[139.98,36.0538],[139.9881,36.0461],[139.9861,36.0399]],[[139.945,36.1577],[139.9519,36.1451],[139.9541,36.13],[139.9659,36.1197],[139.9672,36.1175],[139.9678,36.1138],[139.9672,36.1047],[139.9659,36.1021],[139.9632,36.0998]],[[139.931,36.1963],[139.9345,36.1953],[139.9371,36.1911],[139.937,36.1847],[139.9339,36.179],[139.9338,36.1758],[139.9441,36.1682],[139.945,36.1577]],[[139.92,36.1999],[139.9233,36.1954],[139.931,36.1963]],[[139.9158,36.2089],[139.92,36.1999]],[[139.8881,36.2545],[139.8883,36.2521],[139.8934,36.2464],[139.9002,36.2425],[139.9033,36.2397],[139.9053,36.237],[139.9048,36.2355],[139.9064,36.2287],[139.9156,36.2201],[139.9168,36.2166],[139.915,36.2116],[139.9158,36.2089]],[[139.8916,36.2588],[139.8889,36.2568],[139.8881,36.2545]],[[139.9076,36.2779],[139.905,36.2748],[139.9014,36.2727],[139.8955,36.263],[139.8916,36.2588]],[[139.9075,36.281],[139.9076,36.2779]],[[139.9092,36.3078],[139.9083,36.3065],[139.9088,36.2977],[139.908,36.2952],[139.9105,36.2893],[139.9076,36.2832],[139.9075,36.281]],[[139.9119,36.3098],[139.9092,36.3078]],[[139.9136,36.3149],[139.9119,36.3098]],[[139.9109,36.3317],[139.9117,36.3264],[139.9109,36.3209],[139.9131,36.3186],[139.9136,36.3149]],[[139.9106,36.334],[139.9109,36.3317]],[[139.9126,36.3455],[139.9135,36.3387],[139.9106,36.334]],[[139.9133,36.3629],[139.911,36.361],[139.9102,36.3582],[139.9125,36.3501],[139.9126,36.3455]],[[139.9639,36.4742],[139.9596,36.4658],[139.9473,36.4557],[139.9434,36.4499],[139.9413,36.4492],[139.94,36.4462],[139.9421,36.4373],[139.9355,36.434],[139.9312,36.4245],[139.9347,36.4174],[139.933,36.4105],[139.934,36.398],[139.9305,36.382],[139.9229,36.3697],[139.9133,36.3629]],[[139.9605,36.4881],[139.961,36.4852],[139.964,36.4826],[139.9639,36.4742]],[[139.9618,36.6255],[139.9695,36.6165],[139.9716,36.6058],[139.9716,36.5998],[139.9682,36.5976],[139.9676,36.5963],[139.967,36.587],[139.9706,36.5791],[139.9689,36.5662],[139.9571,36.5492],[139.9551,36.5478],[139.9493,36.5465],[139.9479,36.5425],[139.954,36.5297],[139.9531,36.5243],[139.9543,36.5188],[139.9515,36.516],[139.9509,36.5093],[139.9543,36.5063],[139.9556,36.503],[139.9533,36.4999],[139.9562,36.4963],[139.9614,36.4939],[139.962,36.4912],[139.9605,36.4881]],[[139.9497,36.6719],[139.9516,36.6666],[139.9555,36.6412],[139.9571,36.6353],[139.9618,36.6255]],[[139.9485,36.6756],[139.9497,36.6719]],[[139.9445,36.6831],[139.9485,36.6756]],[[139.938,36.691],[139.9445,36.6831]],[[139.9313,36.6982],[139.938,36.691]],[[139.9222,36.7071],[139.9313,36.6982]],[[139.9142,36.7144],[139.9222,36.7071]],[[139.9042,36.7215],[139.9142,36.7144]],[[139.8897,36.7264],[139.9042,36.7215]],[[139.8787,36.7272],[139.8897,36.7264]],[[139.8653,36.7272],[139.8787,36.7272]],[[139.8139,36.741],[139.8225,36.7366],[139.8321,36.7358],[139.8373,36.7329],[139.8375,36.7338],[139.8414,36.7323],[139.8478,36.7321],[139.8563,36.7278],[139.8653,36.7272]],[[139.7926,36.7526],[139.8114,36.7415],[139.8139,36.741]],[[139.7736,36.7565],[139.7926,36.7526]],[[139.7549,36.7679],[139.7586,36.7664],[139.7635,36.7623],[139.7703,36.7597],[139.7736,36.7565]],[[139.7341,36.7686],[139.736,36.7677],[139.7494,36.7688],[139.7549,36.7679]],[[139.7334,36.7684],[139.7341,36.7686]],[[139.7272,36.7722],[139.7303,36.7694],[139.7334,36.7684]],[[139.7133,36.7761],[139.7167,36.7767],[139.722,36.7756],[139.7256,36.7741],[139.7272,36.7722]],[[139.7043,36.7859],[139.7048,36.7829],[139.7082,36.7803],[139.7084,36.7786],[139.7133,36.7761]],[[139.7047,36.7866],[139.7043,36.7859]],[[139.7035,36.7924],[139.7039,36.7868],[139.7047,36.7866]],[[139.7027,36.7963],[139.7035,36.7924]],[[139.7046,36.8031],[139.7021,36.7995],[139.7027,36.7963]],[[139.7088,36.8177],[139.708,36.8091],[139.7051,36.8052],[139.7046,36.8031]],[[139.7169,36.8274],[139.7085,36.8226],[139.7088,36.8177]],[[139.7177,36.8285],[139.7169,36.8274]],[[139.721,36.8362],[139.7177,36.8285]],[[139.7217,36.8388],[139.721,36.8362]],[[139.7224,36.8445],[139.7209,36.8415],[139.7217,36.8388]],[[139.7265,36.8466],[139.7224,36.8445]],[[139.7312,36.8499],[139.7265,36.8466]],[[139.7283,36.8548],[139.7312,36.8499]],[[139.7264,36.8565],[139.7283,36.8548]],[[139.7175,36.86],[139.7191,36.8579],[139.7218,36.8566],[139.7264,36.8565]],[[139.7124,36.8646],[139.7175,36.86]],[[139.6988,36.8737],[139.7027,36.8726],[139.7003,36.8669],[139.7018,36.8668],[139.7049,36.8689],[139.7124,36.8646]],[[139.699,36.8758],[139.6988,36.8737]],[[139.6974,36.8793],[139.7007,36.8775],[139.699,36.8758]],[[139.6997,36.8806],[139.6974,36.8793]],[[139.7022,36.8821],[139.6997,36.8806]],[[139.7025,36.883],[139.7022,36.8821]],[[139.7021,36.8847],[139.7025,36.883]],[[139.7055,36.8916],[139.7062,36.8904],[139.7031,36.8879],[139.7021,36.8847]],[[139.7047,36.8927],[139.7055,36.8916]],[[139.6931,36.8989],[139.6973,36.8985],[139.6993,36.8951],[139.7047,36.8927]],[[139.6928,36.899],[139.6931,36.8989]],[[139.6897,36.8997],[139.6928,36.899]],[[139.6767,36.9112],[139.682,36.9112],[139.6822,36.9082],[139.6911,36.904],[139.6915,36.9028],[139.6897,36.8997]],[[139.664,36.8933],[139.6698,36.8928],[139.673,36.8937],[139.6727,36.8962],[139.6758,36.8978],[139.6765,36.8999],[139.6745,36.9038],[139.6714,36.9055],[139.6711,36.9068],[139.6767,36.9112]],[[139.6595,36.8923],[139.664,36.8933]],[[139.6568,36.8916],[139.6595,36.8923]],[[139.6554,36.8903],[139.6568,36.8916]],[[139.6515,36.8823],[139.6554,36.8903]],[[139.6445,36.8774],[139.6474,36.8769],[139.6499,36.878],[139.6503,36.8811],[139.6513,36.8811],[139.6515,36.8823]],[[139.6424,36.8787],[139.6445,36.8774]],[[139.6362,36.8746],[139.6374,36.8778],[139.6424,36.8787]],[[139.6355,36.8745],[139.6362,36.8746]],[[139.6329,36.8728],[139.6343,36.872],[139.6344,36.874],[139.6355,36.8745]],[[139.6248,36.8692],[139.6268,36.8711],[139.6292,36.8692],[139.6293,36.8712],[139.6315,36.8729],[139.6329,36.8728]],[[139.6222,36.8685],[139.6236,36.8681],[139.6248,36.8692]],[[139.6183,36.8686],[139.6222,36.8685]],[[139.6175,36.8689],[139.6183,36.8686]],[[139.6166,36.8694],[139.6175,36.8689]],[[139.6101,36.8693],[139.6115,36.8702],[139.6166,36.8694]],[[139.6099,36.869],[139.6101,36.8693]],[[139.6098,36.8689],[139.6099,36.869]],[[139.6053,36.8654],[139.6095,36.8669],[139.6098,36.8689]],[[139.5996,36.8656],[139.6053,36.8654]],[[139.591,36.8663],[139.5959,36.8668],[139.5996,36.8656]],[[139.5729,36.8634],[139.5732,36.8643],[139.5785,36.8643],[139.5813,36.8659],[139.5831,36.8653],[139.591,36.8663]],[[139.5618,36.8608],[139.5642,36.8621],[139.567,36.861],[139.5719,36.8618],[139.5729,36.8634]],[[139.5603,36.862],[139.5607,36.8607],[139.5618,36.8608]],[[139.5543,36.8654],[139.5553,36.8631],[139.5591,36.8634],[139.5603,36.862]],[[139.5468,36.8632],[139.5486,36.8646],[139.5512,36.8642],[139.5543,36.8654]],[[139.5361,36.8594],[139.5389,36.862],[139.5468,36.8632]],[[139.534,36.8596],[139.5361,36.8594]],[[139.5285,36.8676],[139.5294,36.8655],[139.5327,36.8647],[139.5328,36.8633],[139.5345,36.8619],[139.534,36.8596]],[[139.5266,36.8703],[139.5266,36.8683],[139.5285,36.8676]],[[139.5219,36.8763],[139.5213,36.8753],[139.5223,36.8732],[139.5242,36.8728],[139.5266,36.8703]],[[139.5203,36.878],[139.5219,36.8763]],[[139.5196,36.8798],[139.5203,36.8781]],[[139.5069,36.8795],[139.509,36.8788],[139.5196,36.8798]],[[139.5053,36.878],[139.5069,36.8795]],[[139.4988,36.8773],[139.5022,36.877],[139.5053,36.878]],[[139.4851,36.8755],[139.4952,36.8777],[139.4988,36.8773]],[[139.4777,36.8776],[139.4804,36.8789],[139.4817,36.8751],[139.4851,36.8755]],[[139.468,36.879],[139.4777,36.8776]],[[139.4636,36.8804],[139.466,36.8804],[139.468,36.879]],[[139.4578,36.8814],[139.4599,36.8802],[139.4636,36.8804]],[[139.4472,36.8793],[139.4545,36.8796],[139.4555,36.88],[139.4554,36.8817],[139.4578,36.8814]],[[139.4457,36.8791],[139.4472,36.8793]],[[139.4426,36.8777],[139.4457,36.8791]],[[139.4412,36.8792],[139.4426,36.8777]],[[139.4312,36.8783],[139.4377,36.8792],[139.4382,36.88],[139.4395,36.879],[139.4412,36.8792]],[[139.4297,36.8817],[139.4317,36.8803],[139.4312,36.8783]],[[139.4146,36.8777],[139.417,36.8778],[139.4192,36.8798],[139.4276,36.8799],[139.4297,36.8817]],[[139.4005,36.8728],[139.4019,36.8739],[139.4052,36.8734],[139.4066,36.875],[139.411,36.8757],[139.4146,36.8777]],[[139.3884,36.8663],[139.3925,36.8675],[139.4005,36.8728]],[[139.3847,36.8628],[139.3884,36.8663]],[[139.3813,36.8624],[139.3822,36.8632],[139.3847,36.8628]],[[139.3811,36.8621],[139.3813,36.8624]],[[139.3808,36.8617],[139.3811,36.8621]],[[139.3728,36.8567],[139.3738,36.8581],[139.3798,36.8598],[139.3808,36.8617]]]}},{"type":"Feature","properties":{"t":"riviere","km":86,"nom":"揖斐川"},"geometry":{"type":"MultiLineString","coordinates":[[[136.7095,35.055],[136.7137,35.0353],[136.7179,35.0256]],[[136.6894,35.0815],[136.691,35.0778],[136.6968,35.0703],[136.7027,35.0649],[136.7061,35.0563],[136.7095,35.055]],[[136.6794,35.0932],[136.6846,35.0894],[136.6894,35.0815]],[[136.6725,35.0987],[136.6794,35.0932]],[[136.6685,35.106],[136.6725,35.0987]],[[136.6661,35.1158],[136.6685,35.106]],[[136.6702,35.1323],[136.6713,35.1291],[136.6707,35.1253],[136.667,35.119],[136.6661,35.1158]],[[136.6691,35.1347],[136.6702,35.1323]],[[136.6674,35.1401],[136.6691,35.1347]],[[136.6559,35.1599],[136.6674,35.1401]],[[136.636,35.1765],[136.6449,35.1667],[136.654,35.1622],[136.6559,35.1599]],[[136.6285,35.1887],[136.636,35.1765]],[[136.6276,35.192],[136.6285,35.1887]],[[136.6204,35.2516],[136.6184,35.2458],[136.619,35.2378],[136.6144,35.2312],[136.6137,35.2287],[136.6184,35.2175],[136.6221,35.2119],[136.6256,35.2017],[136.6276,35.192]],[[136.6206,35.2545],[136.6204,35.2516]],[[136.6456,35.3902],[136.6545,35.3816],[136.6563,35.3773],[136.6576,35.3723],[136.6579,35.3596],[136.6571,35.3535],[136.6583,35.3499],[136.6574,35.3477],[136.6386,35.3342],[136.6377,35.3303],[136.6394,35.3195],[136.6384,35.3157],[136.6353,35.311],[136.6286,35.3066],[136.621,35.2997],[136.6154,35.2877],[136.6115,35.2725],[136.6128,35.2658],[136.6206,35.2545]],[[136.6406,35.4053],[136.6417,35.3951],[136.6456,35.3902]],[[136.5815,35.4732],[136.5854,35.4708],[136.5887,35.464],[136.592,35.462],[136.5963,35.4533],[136.6069,35.4422],[136.6157,35.4289],[136.6162,35.4267],[136.6212,35.4206],[136.6296,35.4118],[136.6406,35.4053]],[[136.5398,35.495],[136.5471,35.4877],[136.5529,35.4857],[136.5614,35.4861],[136.5685,35.4814],[136.574,35.4799],[136.5794,35.4764],[136.5815,35.4732]],[[136.5334,35.5032],[136.5398,35.495]],[[136.5331,35.5037],[136.5334,35.5032]],[[136.5316,35.5073],[136.5331,35.5037]],[[136.5319,35.5123],[136.5305,35.5105],[136.5316,35.5073]],[[136.5311,35.5278],[136.5296,35.5242],[136.5297,35.5216],[136.534,35.5185],[136.5344,35.5172],[136.5319,35.5123]],[[136.5309,35.5287],[136.5311,35.5278]],[[136.5197,35.5338],[136.5221,35.5354],[136.524,35.5331],[136.5309,35.5287]],[[136.5129,35.5303],[136.5163,35.5298],[136.5197,35.5338]],[[136.5132,35.5323],[136.5129,35.5303]],[[136.5099,35.5506],[136.5092,35.5476],[136.5069,35.545],[136.5111,35.5434],[136.5137,35.5397],[136.5149,35.5336],[136.5132,35.5323]],[[136.5062,35.5553],[136.5095,35.5529],[136.5099,35.5506]],[[136.5009,35.5607],[136.5062,35.5553]],[[136.4852,35.5697],[136.4894,35.5687],[136.4885,35.5653],[136.4897,35.5641],[136.4986,35.5644],[136.5028,35.5633],[136.503,35.5624],[136.5009,35.5607]],[[136.4814,35.5725],[136.4852,35.5697]],[[136.4722,35.572],[136.4769,35.5743],[136.4814,35.5725]],[[136.4688,35.578],[136.4712,35.577],[136.4703,35.5737],[136.4722,35.572]],[[136.4612,35.5763],[136.465,35.5763],[136.466,35.5785],[136.4688,35.578]],[[136.4584,35.5823],[136.4612,35.5763]],[[136.4584,35.5828],[136.4584,35.5823]],[[136.4581,35.5848],[136.4584,35.5828]],[[136.4567,35.5864],[136.4581,35.5848]],[[136.4552,35.5932],[136.4543,35.5917],[136.4547,35.5884],[136.4567,35.5864]],[[136.4624,35.5972],[136.4577,35.5959],[136.4552,35.5932]],[[136.4628,35.5981],[136.4624,35.5972]],[[136.4624,35.5995],[136.4628,35.5981]],[[136.4609,35.6032],[136.4603,35.6011],[136.4624,35.5995]],[[136.4671,35.6055],[136.4654,35.6039],[136.4609,35.6032]],[[136.4677,35.6061],[136.4671,35.6055]],[[136.4731,35.6142],[136.4743,35.613],[136.4743,35.611],[136.4692,35.6108],[136.4677,35.6061]],[[136.4673,35.6228],[136.4696,35.6197],[136.4702,35.6153],[136.4731,35.6142]],[[136.4722,35.6267],[136.4724,35.6252],[136.4715,35.6242],[136.4673,35.6228]],[[136.4856,35.636],[136.4779,35.6368],[136.4782,35.6345],[136.4765,35.632],[136.4785,35.6281],[136.4753,35.6266],[136.4732,35.6285],[136.4722,35.6267]],[[136.4874,35.6365],[136.4856,35.636]],[[136.4886,35.6374],[136.4874,35.6365]],[[136.4896,35.638],[136.4886,35.6374]],[[136.4942,35.6409],[136.497,35.6397],[136.4968,35.6378],[136.4948,35.6376],[136.4921,35.6392],[136.4896,35.638]],[[136.4942,35.6421],[136.4942,35.6409]],[[136.4978,35.6429],[136.4955,35.6432],[136.4942,35.6421]],[[136.5028,35.6431],[136.5003,35.6421],[136.4978,35.6429]],[[136.5045,35.6464],[136.5028,35.6431]],[[136.5099,35.6549],[136.5069,35.6523],[136.506,35.6499],[136.503,35.6484],[136.5045,35.6464]],[[136.4994,35.6741],[136.5009,35.672],[136.4999,35.6688],[136.5026,35.6664],[136.5021,35.663],[136.5032,35.6623],[136.5065,35.6631],[136.5073,35.6597],[136.5098,35.6592],[136.5112,35.6575],[136.5099,35.6549]],[[136.4973,35.6783],[136.4994,35.6741]],[[136.4965,35.68],[136.4973,35.6783]],[[136.4839,35.6941],[136.4851,35.6957],[136.4908,35.6934],[136.4897,35.6892],[136.4944,35.6857],[136.4965,35.68]],[[136.4836,35.6939],[136.4839,35.6941]],[[136.482,35.6937],[136.4836,35.6939]],[[136.4797,35.6963],[136.4804,35.6944],[136.482,35.6937]],[[136.4795,35.6967],[136.4797,35.6963]],[[136.474,35.6979],[136.477,35.6982],[136.4795,35.6967]],[[136.4707,35.6996],[136.474,35.6979]],[[136.4684,35.7024],[136.4707,35.6996]],[[136.465,35.7034],[136.4669,35.7036],[136.4684,35.7024]],[[136.4638,35.7029],[136.465,35.7034]],[[136.4611,35.7035],[136.4638,35.7029]],[[136.46,35.7066],[136.4611,35.7035]],[[136.456,35.7107],[136.46,35.7066]],[[136.4536,35.7132],[136.456,35.7107]],[[136.4443,35.7206],[136.447,35.7179],[136.4517,35.7158],[136.4536,35.7132]],[[136.4376,35.7266],[136.4443,35.7206]],[[136.4362,35.7289],[136.4376,35.7266]],[[136.4318,35.7324],[136.4322,35.7293],[136.4362,35.7289]],[[136.4297,35.7349],[136.4315,35.7338],[136.4318,35.7324]],[[136.4253,35.7351],[136.4297,35.7349]],[[136.4242,35.74],[136.4235,35.7388],[136.4255,35.7368],[136.4253,35.7351]],[[136.4149,35.7453],[136.4168,35.7448],[136.419,35.7423],[136.4201,35.7437],[136.4217,35.7439],[136.4258,35.7411],[136.4242,35.74]],[[136.4127,35.7458],[136.4149,35.7453]],[[136.3979,35.7519],[136.4008,35.7492],[136.4039,35.7497],[136.4061,35.7478],[136.4097,35.7493],[136.41,35.7479],[136.4127,35.7458]],[[136.3938,35.7486],[136.3972,35.7498],[136.3979,35.7519]],[[136.392,35.748],[136.3938,35.7486]],[[136.3868,35.7503],[136.3867,35.749],[136.3876,35.7487],[136.3882,35.7502],[136.3903,35.7505],[136.392,35.748]]]}},{"type":"Feature","properties":{"t":"riviere","km":62,"nom":"夕張川"},"geometry":{"type":"MultiLineString","coordinates":[[[141.6041,43.1196],[141.5933,43.1219],[141.5817,43.1205]],[[141.605,43.1196],[141.6041,43.1196]],[[141.611,43.1181],[141.605,43.1196]],[[141.7024,43.0864],[141.6507,43.0977],[141.6395,43.1029],[141.6228,43.1139],[141.611,43.1181]],[[141.7258,43.0824],[141.7215,43.0813],[141.7168,43.0839],[141.7024,43.0864]],[[141.7361,43.0811],[141.7305,43.0816],[141.7282,43.0836],[141.7258,43.0824]],[[141.7529,43.0766],[141.7483,43.0797],[141.7421,43.0785],[141.7361,43.0811]],[[141.7633,43.0705],[141.7594,43.0725],[141.7574,43.0748],[141.7529,43.0766]],[[141.764,43.07],[141.7633,43.0705]],[[141.7693,43.0567],[141.7675,43.0625],[141.7643,43.066],[141.7647,43.069],[141.764,43.07]],[[141.7626,43.0472],[141.7651,43.0496],[141.7696,43.052],[141.7693,43.0567]],[[141.7621,43.0429],[141.7626,43.0472]],[[141.7779,43.0256],[141.7668,43.0333],[141.7621,43.0429]],[[141.7803,43.0245],[141.7779,43.0256]],[[141.7839,43.0248],[141.7803,43.0245]],[[141.806,43.0256],[141.8006,43.0277],[141.7941,43.0242],[141.7839,43.0248]],[[141.8114,43.0189],[141.8115,43.0224],[141.806,43.0256]],[[141.812,43.0172],[141.8114,43.0189]],[[141.8539,42.9884],[141.8479,42.9845],[141.8433,42.9841],[141.8403,42.989],[141.841,42.9946],[141.8403,42.9967],[141.8372,42.9982],[141.8317,42.997],[141.8299,42.9974],[141.8287,42.9992],[141.8306,43.0043],[141.8299,43.0062],[141.822,43.0091],[141.812,43.0172]],[[141.8572,42.9887],[141.8539,42.9884]],[[141.8606,42.987],[141.8572,42.9887]],[[141.8746,42.9547],[141.8743,42.958],[141.8694,42.9618],[141.8703,42.9665],[141.8629,42.9679],[141.8564,42.9673],[141.8541,42.969],[141.8541,42.9705],[141.8612,42.9753],[141.8593,42.9826],[141.8606,42.987]],[[141.8915,42.9306],[141.8904,42.9379],[141.8791,42.9416],[141.8764,42.9433],[141.875,42.9459],[141.8713,42.9478],[141.8709,42.9494],[141.8746,42.9547]],[[141.9109,42.9176],[141.9047,42.921],[141.8965,42.9235],[141.8938,42.9262],[141.8915,42.9306]],[[141.9152,42.9114],[141.9109,42.9176]],[[141.9154,42.9111],[141.9152,42.9114]],[[141.928,42.9031],[141.9199,42.9061],[141.9154,42.9111]],[[141.9311,42.9022],[141.928,42.9031]],[[141.9343,42.9029],[141.9311,42.9022]],[[141.9587,42.9141],[141.9547,42.9152],[141.9532,42.9165],[141.9488,42.9159],[141.9471,42.9149],[141.9447,42.9111],[141.9343,42.9029]],[[141.9625,42.9136],[141.9587,42.9141]],[[141.9792,42.9061],[141.9775,42.9062],[141.968,42.9124],[141.9625,42.9136]],[[141.9926,42.8988],[141.9896,42.9039],[141.9847,42.9061],[141.9792,42.9061]],[[142.0101,42.9057],[141.9985,42.8981],[141.9953,42.8976],[141.9926,42.8988]],[[142.0286,42.9102],[142.016,42.9084],[142.0101,42.9057]],[[142.0313,42.9167],[142.0305,42.9122],[142.0286,42.9102]],[[142.0316,42.9183],[142.0313,42.9167]],[[142.0436,42.9374],[142.0428,42.9331],[142.0364,42.9329],[142.0347,42.932],[142.0351,42.9296],[142.0322,42.9236],[142.0316,42.9183]],[[142.0371,42.9509],[142.0293,42.9459],[142.0288,42.9409],[142.0312,42.9397],[142.0466,42.9442],[142.0479,42.9435],[142.0477,42.9421],[142.0441,42.939],[142.0436,42.9374]],[[142.0327,42.9526],[142.0357,42.9527],[142.0371,42.9509]],[[142.0184,42.9537],[142.0196,42.9506],[142.023,42.9489],[142.026,42.9493],[142.0284,42.9512],[142.0327,42.9526]],[[142.0071,42.9706],[141.9993,42.9692],[141.998,42.9677],[141.9983,42.9658],[142.0068,42.9637],[142.0158,42.9576],[142.0184,42.9537]],[[142.0149,42.9779],[142.0146,42.9762],[142.0112,42.9723],[142.0071,42.9706]],[[142.013,42.9896],[142.0109,42.9885],[142.0101,42.9864],[142.0149,42.9779]],[[142.0264,43.0059],[142.0198,43.0008],[142.0225,42.9917],[142.013,42.9896]],[[142.0465,43.0073],[142.0364,43.0069],[142.0305,43.0089],[142.0264,43.0059]],[[142.0677,43.0141],[142.0625,43.0144],[142.061,43.0124],[142.0553,43.0114],[142.0518,43.0074],[142.0465,43.0073]],[[142.0754,43.021],[142.0726,43.02],[142.0697,43.0146],[142.0677,43.0141]],[[142.078,43.0156],[142.0757,43.0135],[142.074,43.0138],[142.0739,43.0154],[142.0757,43.0181],[142.0754,43.021]],[[142.0903,43.0215],[142.0803,43.0179],[142.078,43.0156]],[[142.0983,43.0227],[142.0903,43.0215]],[[142.0999,43.0239],[142.0983,43.0227]],[[142.1051,43.0273],[142.0999,43.0239]],[[142.1044,43.0341],[142.1051,43.0273]],[[142.0997,43.0445],[142.1037,43.0386],[142.1044,43.0341]],[[142.101,43.0516],[142.0986,43.0468],[142.0997,43.0445]],[[142.1026,43.0597],[142.1028,43.0566],[142.0999,43.0551],[142.101,43.0516]],[[142.1061,43.0702],[142.1087,43.069],[142.1061,43.0668],[142.1111,43.0653],[142.1103,43.0644],[142.1056,43.0639],[142.1093,43.0627],[142.1092,43.0608],[142.1026,43.0597]],[[142.1068,43.0732],[142.1055,43.072],[142.1061,43.0702]],[[142.106,43.0782],[142.1053,43.0774],[142.1062,43.0765],[142.1119,43.0772],[142.1144,43.0758],[142.1122,43.0742],[142.1068,43.0732]],[[142.1099,43.0847],[142.1116,43.082],[142.1113,43.0803],[142.106,43.0782]],[[142.1008,43.088],[142.1099,43.0847]],[[142.0976,43.0964],[142.096,43.095],[142.0966,43.0943],[142.1038,43.0934],[142.1066,43.0916],[142.1062,43.0895],[142.1018,43.0898],[142.1008,43.088]],[[142.097,43.1079],[142.1018,43.1073],[142.103,43.1062],[142.1025,43.1042],[142.0972,43.1014],[142.0991,43.0979],[142.0976,43.0964]],[[142.1032,43.1132],[142.1006,43.1126],[142.1,43.1115],[142.1031,43.1099],[142.103,43.109],[142.0991,43.1103],[142.0972,43.1092],[142.097,43.1079]],[[142.1024,43.1262],[142.1026,43.1247],[142.105,43.1214],[142.1005,43.1198],[142.0991,43.1176],[142.0998,43.1145],[142.103,43.1141],[142.1032,43.1132]],[[142.0965,43.1315],[142.095,43.1311],[142.096,43.1298],[142.1028,43.129],[142.1024,43.1262]],[[142.0959,43.1354],[142.095,43.134],[142.0968,43.1323],[142.0965,43.1315]],[[142.0958,43.1423],[142.0949,43.1414],[142.0983,43.1396],[142.0974,43.1383],[142.0982,43.1367],[142.0959,43.1354]],[[142.1011,43.1512],[142.0969,43.1524],[142.0958,43.1518],[142.0966,43.1506],[142.0994,43.1503],[142.1011,43.1481],[142.1003,43.1469],[142.0955,43.1488],[142.0938,43.148],[142.0933,43.1469],[142.0944,43.1454],[142.1,43.1437],[142.0988,43.1427],[142.0958,43.1423]],[[142.104,43.1539],[142.1012,43.154],[142.1011,43.1512]],[[142.1405,43.1596],[142.1366,43.1572],[142.1339,43.158],[142.1319,43.1564],[142.1286,43.1567],[142.1284,43.1549],[142.125,43.1564],[142.1233,43.1525],[142.1216,43.1527],[142.1191,43.1559],[142.1177,43.1564],[142.1161,43.1559],[142.1155,43.1536],[142.1136,43.1552],[142.1105,43.154],[142.1057,43.1533],[142.104,43.1539]],[[142.16,43.1595],[142.1558,43.1595],[142.1536,43.1604],[142.152,43.1584],[142.1492,43.1587],[142.1442,43.1566],[142.1417,43.1577],[142.1426,43.1605],[142.1405,43.1596]],[[142.1666,43.1652],[142.1632,43.1623],[142.1605,43.1628],[142.16,43.1595]],[[142.171,43.1829],[142.1696,43.1821],[142.1672,43.1827],[142.1667,43.18],[142.1657,43.1795],[142.167,43.179],[142.1661,43.1757],[142.1678,43.1758],[142.167,43.1744],[142.1684,43.1722],[142.1678,43.1714],[142.1685,43.1704],[142.1671,43.1679],[142.1649,43.1669],[142.1666,43.1652]],[[142.223,43.1841],[142.2185,43.1835],[142.215,43.1843],[142.2142,43.1829],[142.2077,43.1848],[142.205,43.1842],[142.2036,43.1853],[142.1995,43.1837],[142.199,43.1847],[142.1979,43.1839],[142.1957,43.1848],[142.1958,43.1835],[142.1936,43.1841],[142.1933,43.1831],[142.1925,43.1843],[142.1902,43.1841],[142.1888,43.1827],[142.1873,43.1837],[142.1863,43.1828],[142.1825,43.1832],[142.1799,43.1823],[142.1729,43.1822],[142.171,43.1829]],[[142.2291,43.1874],[142.224,43.1856],[142.223,43.1841]]]}},{"type":"Feature","properties":{"t":"riviere","km":86,"nom":"小貝川"},"geometry":{"type":"MultiLineString","coordinates":[[[140.1274,35.8706],[140.1274,35.8696]],[[140.1298,35.8845],[140.1264,35.8812],[140.1254,35.8791],[140.1274,35.8706]],[[140.149,35.9032],[140.1473,35.897],[140.1428,35.8915],[140.1298,35.8845]],[[140.133,35.9168],[140.141,35.9114],[140.1472,35.9091],[140.1484,35.9073],[140.149,35.9032]],[[140.0857,35.9434],[140.0866,35.9395],[140.0904,35.9347],[140.0955,35.9341],[140.0997,35.932],[140.1083,35.9324],[140.1112,35.9282],[140.1156,35.9247],[140.1192,35.9248],[140.1236,35.9297],[140.1268,35.9296],[140.1284,35.9281],[140.1272,35.9225],[140.1277,35.9206],[140.133,35.9168]],[[140.0287,35.9429],[140.0299,35.9406],[140.0319,35.9391],[140.0397,35.9363],[140.0446,35.9316],[140.0478,35.9313],[140.0557,35.9369],[140.0642,35.9363],[140.0748,35.9435],[140.0813,35.9447],[140.0857,35.9434]],[[140.0268,36.0429],[140.0293,36.0337],[140.0268,36.0311],[140.0206,36.0272],[140.0129,36.0263],[140.0081,36.0208],[140.0006,36.0184],[139.9945,36.0142],[139.9933,36.0106],[139.9956,36.0064],[139.9918,36.0001],[139.992,35.9957],[139.9887,35.9914],[139.9926,35.9859],[139.9924,35.9812],[139.9945,35.9765],[139.9967,35.9745],[140.0015,35.9743],[140.0044,35.9722],[140.0048,35.97],[140.0017,35.966],[140.0021,35.964],[140.0072,35.9623],[140.0087,35.9588],[140.0103,35.9575],[140.02,35.9542],[140.0271,35.9479],[140.0287,35.9429]],[[140.0268,36.0429],[140.0268,36.0429]],[[139.9992,36.1854],[140.0133,36.1792],[140.0075,36.1717],[140.0066,36.1614],[140.0023,36.1559],[140.0035,36.1536],[140.003,36.1516],[140.0039,36.1477],[140.0025,36.1432],[140.0028,36.1409],[140.001,36.1379],[139.9981,36.1358],[139.9996,36.1318],[139.998,36.1283],[140.0031,36.1216],[140.002,36.1135],[139.9996,36.1099],[140.0009,36.1051],[140.0055,36.0973],[140.0044,36.0938],[139.9989,36.0905],[139.998,36.0876],[140.0038,36.0815],[140.0082,36.0708],[140.0082,36.0694],[140.0053,36.0664],[140.0052,36.0651],[140.0107,36.0602],[140.017,36.0586],[140.0241,36.052],[140.0272,36.0461],[140.0268,36.0429]],[[139.9941,36.2531],[139.9985,36.2488],[139.9971,36.2442],[139.9987,36.2379],[139.9982,36.2305],[140.0033,36.2215],[140.0042,36.216],[140.0038,36.2137],[140.0027,36.2126],[140.0034,36.2089],[139.9989,36.2074],[139.9931,36.203],[139.9939,36.201],[139.9937,36.1962],[139.9973,36.1918],[139.9972,36.189],[139.9992,36.1854]],[[139.9924,36.2847],[139.9914,36.2811],[139.9949,36.2764],[139.9923,36.2708],[139.997,36.2681],[139.996,36.2627],[139.9974,36.2563],[139.9941,36.2531]],[[140.0117,36.3733],[140.008,36.3715],[140.0073,36.3678],[140.005,36.3654],[140.005,36.3602],[140.007,36.3585],[140.0072,36.3571],[140.0045,36.3544],[140.0058,36.352],[140.0043,36.3478],[140.0054,36.3453],[140.0029,36.3427],[140.0038,36.3396],[140.0018,36.3346],[140.003,36.3307],[140.0008,36.3255],[140.0035,36.3149],[140.0019,36.3117],[140.0033,36.3086],[140.0,36.3007],[139.998,36.2996],[139.9988,36.2963],[139.9983,36.2914],[139.9924,36.2847]],[[140.0166,36.3762],[140.014,36.3772],[140.0125,36.3763],[140.0117,36.3733]],[[140.0309,36.3902],[140.0253,36.3859],[140.0245,36.3839],[140.0204,36.3815],[140.0197,36.3764],[140.0166,36.3762]],[[140.0644,36.4304],[140.0606,36.4288],[140.0573,36.4236],[140.0498,36.4226],[140.0411,36.4167],[140.0408,36.4122],[140.0385,36.4115],[140.0374,36.41],[140.0386,36.4042],[140.0351,36.4021],[140.0354,36.3981],[140.0327,36.3949],[140.0309,36.3902]],[[140.068,36.4333],[140.0661,36.431],[140.0644,36.4304]],[[140.071,36.4381],[140.068,36.4333]],[[140.0812,36.4541],[140.0807,36.4496],[140.0777,36.4461],[140.0742,36.444],[140.071,36.4381]],[[140.087,36.465],[140.0831,36.461],[140.0836,36.4582],[140.0812,36.4541]],[[140.0901,36.487],[140.0877,36.4838],[140.0881,36.4684],[140.087,36.465]],[[140.0902,36.4944],[140.0895,36.4893],[140.0901,36.487]],[[140.0876,36.5216],[140.0861,36.5198],[140.0845,36.5149],[140.0905,36.4968],[140.0902,36.4944]],[[140.1003,36.5321],[140.0982,36.5272],[140.0876,36.5216]],[[140.0995,36.5699],[140.0983,36.5654],[140.1009,36.5566],[140.1003,36.5491],[140.0978,36.5414],[140.1003,36.5321]],[[140.1033,36.5768],[140.0995,36.5699]],[[140.0935,36.6013],[140.1002,36.5918],[140.1016,36.5836],[140.1035,36.5814],[140.1037,36.5796],[140.1026,36.5776],[140.1033,36.5768]],[[140.0935,36.6018],[140.0935,36.6013]],[[140.0935,36.6019],[140.0935,36.6018]],[[140.0886,36.6081],[140.0935,36.6019]],[[140.0885,36.6082],[140.0886,36.6081]],[[140.0859,36.6137],[140.0863,36.6108],[140.0885,36.6082]],[[140.0859,36.6137],[140.0859,36.6137]],[[140.0851,36.6167],[140.0859,36.6137]],[[140.085,36.6168],[140.0851,36.6167]],[[140.0835,36.6191],[140.085,36.6168]],[[140.0835,36.6192],[140.0835,36.6191]],[[140.0807,36.6262],[140.0814,36.6223],[140.0835,36.6192]],[[140.0807,36.6263],[140.0807,36.6262]],[[140.0806,36.6311],[140.0796,36.6293],[140.0807,36.6263]]]}},{"type":"Feature","properties":{"t":"riviere","km":50,"nom":"江戸川"},"geometry":{"type":"MultiLineString","coordinates":[[[139.9163,35.7074],[139.932,35.6979],[139.9448,35.6794]],[[139.8718,35.9159],[139.8765,35.911],[139.8802,35.9043],[139.8845,35.9002],[139.8894,35.8927],[139.8929,35.8852],[139.8943,35.8775],[139.8977,35.8713],[139.9,35.8639],[139.8961,35.8536],[139.8924,35.8489],[139.8898,35.8434],[139.8898,35.8365],[139.8885,35.832],[139.8881,35.8236],[139.8904,35.8188],[139.8908,35.8141],[139.8889,35.8072],[139.891,35.8004],[139.8882,35.7945],[139.8936,35.7803],[139.892,35.778],[139.8813,35.7723],[139.8796,35.7689],[139.8797,35.7667],[139.8855,35.7555],[139.8912,35.7495],[139.8981,35.7455],[139.8998,35.7432],[139.901,35.7382],[139.8973,35.7298],[139.8981,35.724],[139.9163,35.7074]],[[139.8715,35.9163],[139.8718,35.9159]],[[139.8461,35.9415],[139.8495,35.9381],[139.8621,35.9314],[139.8675,35.9251],[139.8715,35.9163]],[[139.8209,35.99],[139.8268,35.9829],[139.8251,35.9752],[139.8256,35.9728],[139.8338,35.9683],[139.8351,35.9646],[139.8351,35.9601],[139.8377,35.9539],[139.8461,35.9415]],[[139.8147,35.997],[139.8209,35.99]],[[139.7763,36.0908],[139.7797,36.083],[139.7826,36.0707],[139.788,36.0646],[139.791,36.0585],[139.8014,36.0497],[139.8048,36.0444],[139.8149,36.0376],[139.8175,36.0324],[139.8175,36.0293],[139.8142,36.0249],[139.8135,36.0224],[139.8169,36.0032],[139.8147,35.997]],[[139.7739,36.1104],[139.777,36.1075],[139.7779,36.1052],[139.7763,36.0908]]]}},{"type":"Feature","properties":{"t":"riviere","km":87,"nom":"飛騨川"},"geometry":{"type":"MultiLineString","coordinates":[[[137.0539,35.4667],[137.0526,35.4652],[137.054,35.4601],[137.0523,35.4451]],[[137.0638,35.4767],[137.0594,35.4699],[137.0539,35.4667]],[[137.0665,35.4786],[137.0638,35.4767]],[[137.0703,35.4793],[137.0665,35.4786]],[[137.0729,35.4803],[137.0703,35.4793]],[[137.0728,35.4976],[137.0723,35.4919],[137.0735,35.4821],[137.0729,35.4803]],[[137.0747,35.5007],[137.0728,35.4976]],[[137.0765,35.5023],[137.0747,35.5007]],[[137.0771,35.5028],[137.0765,35.5023]],[[137.082,35.5065],[137.0771,35.5028]],[[137.0889,35.5123],[137.087,35.5095],[137.082,35.5065]],[[137.0926,35.5174],[137.0889,35.5123]],[[137.0934,35.52],[137.0926,35.5174]],[[137.0954,35.5218],[137.0934,35.52]],[[137.0994,35.5214],[137.0954,35.5218]],[[137.1011,35.521],[137.0994,35.5214]],[[137.1027,35.5202],[137.1011,35.521]],[[137.1135,35.5196],[137.1124,35.5184],[137.1088,35.5182],[137.1027,35.5202]],[[137.116,35.525],[137.1162,35.5226],[137.1135,35.5196]],[[137.1158,35.5326],[137.116,35.525]],[[137.1154,35.5386],[137.1147,35.5349],[137.1158,35.5326]],[[137.1211,35.5393],[137.1154,35.5386]],[[137.1359,35.5417],[137.1334,35.5432],[137.1286,35.539],[137.1211,35.5393]],[[137.1531,35.5487],[137.1504,35.5484],[137.1401,35.5411],[137.1359,35.5417]],[[137.1628,35.5423],[137.1531,35.5487]],[[137.1665,35.5414],[137.1648,35.5412],[137.1628,35.5423]],[[137.1646,35.5527],[137.1644,35.5482],[137.1666,35.544],[137.1665,35.5414]],[[137.1681,35.5546],[137.1646,35.5527]],[[137.1734,35.5558],[137.1681,35.5546]],[[137.1813,35.5518],[137.1758,35.5557],[137.1734,35.5558]],[[137.1849,35.5534],[137.1841,35.552],[137.1813,35.5518]],[[137.1894,35.5768],[137.1909,35.5738],[137.1886,35.5711],[137.1872,35.5665],[137.1836,35.5607],[137.1849,35.5534]],[[137.1873,35.5789],[137.1894,35.5768]],[[137.1572,35.5994],[137.1654,35.5973],[137.1721,35.5896],[137.1744,35.5836],[137.1837,35.5812],[137.1873,35.5789]],[[137.1836,35.6105],[137.1796,35.607],[137.1727,35.6049],[137.17,35.5991],[137.1681,35.5988],[137.1648,35.6019],[137.1613,35.6029],[137.1577,35.6013],[137.1572,35.5994]],[[137.1665,35.6224],[137.1619,35.6195],[137.1626,35.6175],[137.1771,35.6119],[137.1818,35.6121],[137.1836,35.6105]],[[137.1811,35.6241],[137.1685,35.6243],[137.1665,35.6224]],[[137.1855,35.6378],[137.1819,35.6342],[137.1827,35.6273],[137.1811,35.6241]],[[137.187,35.6429],[137.1885,35.6408],[137.1859,35.6396],[137.1855,35.6378]],[[137.1709,35.6469],[137.1738,35.6453],[137.1829,35.6449],[137.187,35.6429]],[[137.1688,35.6483],[137.1709,35.6469]],[[137.1654,35.651],[137.1688,35.6483]],[[137.1651,35.6599],[137.1652,35.657],[137.1618,35.6541],[137.1654,35.651]],[[137.1625,35.6609],[137.1651,35.6599]],[[137.1617,35.6611],[137.1625,35.6609]],[[137.1633,35.6665],[137.1604,35.6647],[137.1617,35.6611]],[[137.1633,35.6665],[137.1622,35.6634],[137.1625,35.6609]],[[137.1703,35.6704],[137.1702,35.6685],[137.1633,35.6665]],[[137.1654,35.6779],[137.1674,35.6735],[137.1703,35.6704]],[[137.1657,35.6789],[137.1654,35.6779]],[[137.1752,35.7],[137.1721,35.6975],[137.1738,35.6941],[137.1733,35.6905],[137.1675,35.6862],[137.1657,35.6789]],[[137.1848,35.7101],[137.1826,35.707],[137.1814,35.7029],[137.1752,35.7]],[[137.2002,35.7229],[137.1957,35.7204],[137.1941,35.7134],[137.1915,35.7117],[137.1848,35.7101]],[[137.1967,35.7297],[137.1972,35.727],[137.2,35.7245],[137.2002,35.7229]],[[137.2005,35.7322],[137.1967,35.7297]],[[137.2027,35.7326],[137.2005,35.7322]],[[137.2034,35.7327],[137.2027,35.7326]],[[137.2055,35.7332],[137.2034,35.7327]],[[137.2062,35.7333],[137.2055,35.7332]],[[137.2101,35.7375],[137.2094,35.7347],[137.2062,35.7333]],[[137.2104,35.7463],[137.2091,35.7434],[137.2119,35.7423],[137.212,35.7407],[137.2102,35.7389],[137.2101,35.7375]],[[137.2292,35.7549],[137.2257,35.7517],[137.2215,35.7511],[137.2158,35.7476],[137.2126,35.75],[137.2101,35.7503],[137.211,35.7485],[137.2104,35.7463]],[[137.226,35.7592],[137.2263,35.7576],[137.2292,35.7561],[137.2292,35.7549]],[[137.2275,35.7642],[137.226,35.7592]],[[137.2292,35.7705],[137.2275,35.7691],[137.2275,35.7642]],[[137.2227,35.7774],[137.2254,35.7728],[137.2285,35.7716],[137.2292,35.7705]],[[137.2289,35.7821],[137.2237,35.779],[137.2227,35.7774]],[[137.2518,35.778],[137.2495,35.7787],[137.2442,35.7776],[137.2369,35.7785],[137.2317,35.7822],[137.2289,35.7821]],[[137.2531,35.7815],[137.2536,35.7791],[137.2518,35.778]],[[137.2555,35.7909],[137.2531,35.7815]],[[137.2569,35.7926],[137.2555,35.7909]],[[137.2572,35.7936],[137.2569,35.7926]],[[137.2538,35.7962],[137.2572,35.7936]],[[137.2461,35.8001],[137.2516,35.7984],[137.2538,35.7962]],[[137.242,35.8072],[137.243,35.8022],[137.2461,35.8001]],[[137.2419,35.8074],[137.242,35.8072]],[[137.239,35.8092],[137.2419,35.8074]],[[137.2358,35.8106],[137.239,35.8092]],[[137.2351,35.8156],[137.2336,35.8127],[137.2358,35.8106]],[[137.2381,35.8186],[137.2351,35.8156]],[[137.2395,35.8204],[137.2381,35.8186]],[[137.2367,35.8255],[137.2395,35.8233],[137.2395,35.8204]],[[137.2348,35.8276],[137.2367,35.8255]],[[137.2313,35.8301],[137.2348,35.8276]],[[137.2303,35.833],[137.2313,35.8301]],[[137.2307,35.8338],[137.2303,35.833]],[[137.2312,35.8349],[137.2307,35.8338]],[[137.2314,35.8398],[137.2312,35.8349]],[[137.2258,35.8445],[137.2314,35.8398]],[[137.2225,35.8555],[137.2221,35.8506],[137.2258,35.8445]],[[137.2214,35.8572],[137.2225,35.8555]],[[137.221,35.8613],[137.2214,35.8572]],[[137.2171,35.8644],[137.221,35.8613]],[[137.2165,35.8646],[137.2171,35.8644]],[[137.2113,35.8705],[137.213,35.8664],[137.2165,35.8646]],[[137.206,35.8745],[137.2112,35.8706]],[[137.2084,35.8873],[137.2099,35.8853],[137.2097,35.8838],[137.206,35.8787],[137.2055,35.8754],[137.2081,35.8724],[137.2099,35.872]],[[137.2089,35.8821],[137.2065,35.8782],[137.2073,35.8741]],[[137.2075,35.8903],[137.2089,35.8837],[137.2078,35.881]],[[137.2057,35.8975],[137.2075,35.8903]],[[137.2042,35.9015],[137.2057,35.8975]],[[137.2025,35.9051],[137.2042,35.9015]],[[137.2024,35.9057],[137.2025,35.9051]],[[137.2023,35.9081],[137.2024,35.9057]],[[137.2024,35.9088],[137.2023,35.9081]],[[137.2024,35.9091],[137.2024,35.9088]],[[137.2032,35.9158],[137.2024,35.9091]],[[137.2018,35.9252],[137.2008,35.9215],[137.2032,35.9158]],[[137.2076,35.9257],[137.2027,35.9259],[137.2018,35.9252]],[[137.2212,35.9242],[137.2151,35.9257],[137.2116,35.925],[137.2076,35.9257]],[[137.233,35.9297],[137.2273,35.9289],[137.2212,35.9242]],[[137.2374,35.9299],[137.233,35.9297]],[[137.2479,35.932],[137.2464,35.9305],[137.2436,35.9316],[137.2374,35.9299]],[[137.2494,35.9344],[137.2479,35.932]],[[137.2539,35.9448],[137.2515,35.9433],[137.2494,35.9344]],[[137.2571,35.9463],[137.2539,35.9448]],[[137.2593,35.949],[137.2571,35.9463]],[[137.2578,35.9598],[137.2569,35.9567],[137.2594,35.952],[137.2593,35.949]],[[137.2614,35.9717],[137.2592,35.9704],[137.2593,35.9685],[137.2613,35.9659],[137.258,35.9622],[137.2578,35.9598]],[[137.2786,35.9808],[137.2742,35.978],[137.2679,35.978],[137.2656,35.9733],[137.2614,35.9717]],[[137.2791,35.9856],[137.2804,35.9834],[137.2786,35.9808]],[[137.2757,35.9911],[137.2744,35.9893],[137.2747,35.9883],[137.2791,35.9856]],[[137.2883,36.0179],[137.2923,36.0149],[137.2927,36.0097],[137.2909,36.0067],[137.294,36.0029],[137.2856,35.9998],[137.2848,35.9965],[137.2757,35.9911]],[[137.2946,36.0222],[137.2887,36.02],[137.2883,36.0179]],[[137.2909,36.0351],[137.2917,36.0339],[137.2907,36.0301],[137.294,36.0295],[137.2964,36.0277],[137.2962,36.024],[137.2946,36.0222]],[[137.287,36.0363],[137.2909,36.0351]],[[137.2867,36.0367],[137.287,36.0363]],[[137.2777,36.0448],[137.277,36.0422],[137.2787,36.0394],[137.2847,36.0382],[137.2867,36.0367]],[[137.2807,36.0479],[137.2777,36.0448]],[[137.2849,36.0538],[137.284,36.0506],[137.2807,36.0479]],[[137.2913,36.0657],[137.2876,36.0642],[137.2859,36.0625],[137.2849,36.0601],[137.2849,36.0538]],[[137.2941,36.0738],[137.2947,36.0702],[137.2913,36.0657]],[[137.2923,36.0788],[137.2941,36.0738]],[[137.2968,36.0836],[137.2923,36.0788]],[[137.2999,36.086],[137.2968,36.0836]],[[137.3176,36.0921],[137.3123,36.0883],[137.302,36.0876],[137.2999,36.086]],[[137.3243,36.0917],[137.3192,36.0934],[137.3176,36.0921]],[[137.33,36.0921],[137.3243,36.0917]],[[137.3347,36.0925],[137.33,36.0921]],[[137.3404,36.0915],[137.3347,36.0925]],[[137.3437,36.0892],[137.3419,36.0895],[137.3404,36.0915]],[[137.3514,36.092],[137.3457,36.0915],[137.3452,36.0893],[137.3437,36.0892]],[[137.355,36.0901],[137.3514,36.092]],[[137.3568,36.0892],[137.355,36.0901]],[[137.3626,36.0797],[137.3599,36.0803],[137.3583,36.0822],[137.3568,36.0892]],[[137.3781,36.0785],[137.3653,36.0804],[137.3626,36.0797]],[[137.3791,36.0785],[137.3781,36.0785]],[[137.3824,36.0783],[137.3819,36.0791],[137.3791,36.0785]],[[137.4227,36.0741],[137.4206,36.0756],[137.4135,36.0753],[137.4095,36.0818],[137.4063,36.0809],[137.4033,36.0784],[137.3965,36.076],[137.3944,36.0743],[137.3908,36.0737],[137.3866,36.0738],[137.3854,36.0761],[137.3824,36.0783]],[[137.4254,36.07],[137.4227,36.0741]],[[137.43,36.0542],[137.4284,36.0584],[137.4268,36.0598],[137.4265,36.0647],[137.425,36.0673],[137.4254,36.07]],[[137.4374,36.0478],[137.43,36.0542]],[[137.4446,36.0386],[137.4446,36.0397],[137.4414,36.0428],[137.4417,36.0445],[137.4374,36.0478]],[[137.4529,36.0289],[137.4468,36.0294],[137.4444,36.0312],[137.4431,36.0337],[137.4447,36.0364],[137.4446,36.0386]],[[137.4748,36.0306],[137.4647,36.0297],[137.4606,36.0283],[137.4571,36.0295],[137.4529,36.0289]],[[137.4818,36.0343],[137.4748,36.0306]],[[137.4871,36.0364],[137.4818,36.0343]],[[137.4929,36.0345],[137.4904,36.0344],[137.4888,36.0363],[137.4871,36.0364]],[[137.4931,36.0321],[137.4938,36.0336],[137.4929,36.0345]],[[137.493,36.0318],[137.4931,36.0321]],[[137.4997,36.0196],[137.4974,36.022],[137.4954,36.0225],[137.4925,36.0287],[137.493,36.0318]],[[137.5134,36.026],[137.4997,36.0196]],[[137.5156,36.0266],[137.5134,36.026]],[[137.5221,36.0313],[137.5222,36.0295],[137.5201,36.0296],[137.5156,36.0266]],[[137.5236,36.0321],[137.5221,36.0313]],[[137.5278,36.0346],[137.5268,36.0338],[137.5259,36.0343],[137.5236,36.0321]],[[137.5325,36.0379],[137.5278,36.0346]],[[137.5357,36.0394],[137.5341,36.0384],[137.5328,36.0391],[137.5325,36.0379]],[[137.5454,36.0407],[137.5442,36.042],[137.5424,36.041],[137.5402,36.0418],[137.5367,36.0392],[137.5357,36.0394]],[[137.5475,36.0407],[137.5454,36.0407]],[[137.5554,36.0459],[137.5507,36.0433],[137.5488,36.0405],[137.5475,36.0407]],[[137.5647,36.0479],[137.5628,36.0487],[137.5585,36.0464],[137.5554,36.0459]],[[137.567,36.0489],[137.5647,36.0479]],[[137.5681,36.0486],[137.567,36.0489]],[[137.5798,36.0529],[137.572,36.0514],[137.5681,36.0486]],[[137.5847,36.0521],[137.5853,36.0511],[137.5835,36.0509],[137.5798,36.0529]],[[137.5893,36.0581],[137.585,36.0557],[137.5847,36.0521]],[[137.6013,36.0564],[137.5978,36.0575],[137.5926,36.0553],[137.5893,36.0581]]]}},{"type":"Feature","properties":{"t":"riviere","km":55,"nom":"田川"},"geometry":{"type":"MultiLineString","coordinates":[[[139.8789,36.3128],[139.8796,36.3107],[139.8822,36.3105],[139.885,36.3119],[139.8903,36.3103],[139.8921,36.3081],[139.8903,36.304],[139.8906,36.3026],[139.8934,36.3007],[139.9,36.3003],[139.8972,36.293],[139.898,36.2885],[139.9011,36.2858],[139.9019,36.2814],[139.9075,36.281]],[[139.883,36.3253],[139.8829,36.3201],[139.8804,36.3177],[139.8789,36.3128]],[[139.9014,36.3622],[139.9002,36.3608],[139.8984,36.3612],[139.8945,36.3591],[139.8945,36.3561],[139.8921,36.356],[139.8923,36.3512],[139.8942,36.35],[139.8937,36.3455],[139.8916,36.3435],[139.889,36.3431],[139.8896,36.3405],[139.8854,36.3386],[139.8831,36.3353],[139.8832,36.3326],[139.8853,36.331],[139.8858,36.3281],[139.8832,36.3261],[139.883,36.3242]],[[139.9015,36.3623],[139.9014,36.3622]],[[139.9018,36.3624],[139.9015,36.3623]],[[139.8936,36.3971],[139.8963,36.3882],[139.8985,36.3857],[139.8989,36.3797],[139.9014,36.3722],[139.9018,36.3624]],[[139.8913,36.4948],[139.8921,36.4901],[139.8895,36.4843],[139.8932,36.4711],[139.892,36.4666],[139.8939,36.4632],[139.8919,36.4598],[139.8904,36.4546],[139.8911,36.4514],[139.8885,36.4477],[139.8902,36.4414],[139.8881,36.4376],[139.8877,36.4342],[139.8903,36.4253],[139.8952,36.4209],[139.8957,36.4195],[139.894,36.416],[139.8945,36.4133],[139.8927,36.4093],[139.8959,36.4057],[139.8963,36.4039],[139.8936,36.3971]],[[139.8867,36.5271],[139.8904,36.522],[139.8905,36.5169],[139.8927,36.5142],[139.8925,36.5125],[139.8889,36.5089],[139.8913,36.5014],[139.8913,36.4948]],[[139.8899,36.5528],[139.8886,36.552],[139.8881,36.5488],[139.8849,36.5464],[139.8865,36.5424],[139.8849,36.5369],[139.8853,36.5345],[139.884,36.5319],[139.8867,36.5271]],[[139.8958,36.5593],[139.8917,36.5574],[139.8899,36.5528]],[[139.8958,36.5593],[139.8917,36.5574],[139.8899,36.5528]],[[139.896,36.5597],[139.8958,36.5593]],[[139.8938,36.5658],[139.8929,36.5642],[139.8958,36.5611],[139.896,36.5597]],[[139.8919,36.5745],[139.8948,36.5688],[139.8938,36.5658]],[[139.8922,36.5809],[139.8912,36.5788],[139.8919,36.5745]],[[139.8942,36.6039],[139.8948,36.6024],[139.8937,36.5982],[139.8943,36.5955],[139.8921,36.593],[139.8923,36.5897],[139.891,36.5881],[139.8922,36.5809]],[[139.8321,36.669],[139.8363,36.6685],[139.8387,36.6652],[139.8389,36.6615],[139.842,36.6599],[139.8429,36.6571],[139.8495,36.6535],[139.8497,36.649],[139.8577,36.6449],[139.8609,36.6424],[139.8599,36.6349],[139.8587,36.6331],[139.8603,36.6303],[139.8596,36.6273],[139.86,36.6235],[139.8612,36.6215],[139.8662,36.6179],[139.8836,36.611],[139.8888,36.6079],[139.8907,36.6047],[139.8942,36.6039]],[[139.8134,36.6685],[139.8187,36.6698],[139.8233,36.6689],[139.8321,36.669]],[[139.7817,36.6619],[139.7843,36.6601],[139.7909,36.662],[139.7934,36.6636],[139.7946,36.6623],[139.7977,36.6614],[139.801,36.6633],[139.802,36.6658],[139.8043,36.6658],[139.8038,36.6665],[139.8046,36.6672],[139.8134,36.6685]],[[139.7385,36.6891],[139.7417,36.6856],[139.745,36.6845],[139.7481,36.6807],[139.7538,36.6779],[139.757,36.6739],[139.7565,36.6723],[139.7572,36.6714],[139.7672,36.6704],[139.7745,36.6634],[139.7817,36.6619]],[[139.7017,36.7079],[139.7093,36.7066],[139.7104,36.7048],[139.718,36.7019],[139.7204,36.6999],[139.7238,36.7003],[139.728,36.6978],[139.7292,36.6981],[139.7347,36.694],[139.7348,36.6925],[139.7378,36.6913],[139.7385,36.6891]],[[139.7015,36.7078],[139.7017,36.7079]],[[139.6694,36.7224],[139.6759,36.723],[139.6806,36.7213],[139.6811,36.7193],[139.6836,36.7176],[139.6846,36.7144],[139.6884,36.7139],[139.7006,36.7074],[139.7015,36.7078]],[[139.6496,36.7338],[139.6518,36.7326],[139.6524,36.7311],[139.6579,36.7306],[139.6694,36.7224]]]}},{"type":"Feature","properties":{"t":"riviere","km":64,"nom":"中川"},"geometry":{"type":"MultiLineString","coordinates":[[[139.8563,35.7642],[139.8546,35.7622],[139.8545,35.7604],[139.8579,35.7573],[139.8627,35.7474],[139.8579,35.7441],[139.8605,35.7403],[139.8606,35.7379],[139.8596,35.7369],[139.8564,35.7381],[139.8537,35.7379],[139.8527,35.7358],[139.8557,35.7321],[139.8554,35.7307],[139.8515,35.7302],[139.8482,35.7275],[139.8439,35.7266],[139.8429,35.7245],[139.8442,35.7216],[139.8534,35.7129],[139.8578,35.7072],[139.8605,35.7004],[139.8606,35.6944],[139.8591,35.6891],[139.8517,35.6775],[139.8499,35.6603],[139.8465,35.6544]],[[139.8509,35.7784],[139.8586,35.769],[139.8582,35.7661],[139.8563,35.7642]],[[139.8466,35.7847],[139.8509,35.7784]],[[139.8445,35.7907],[139.8466,35.7847]],[[139.8466,35.7962],[139.8444,35.7943],[139.8445,35.7907]],[[139.8468,35.7964],[139.8466,35.7962]],[[139.8484,35.7978],[139.8468,35.7964]],[[139.8688,35.8174],[139.8669,35.8113],[139.8573,35.8054],[139.8484,35.7978]],[[139.8625,35.8234],[139.8672,35.8216],[139.8688,35.8174]],[[139.8512,35.8254],[139.8548,35.8239],[139.8625,35.8234]],[[139.8485,35.8272],[139.8512,35.8254]],[[139.844,35.8405],[139.8456,35.8314],[139.8485,35.8272]],[[139.8429,35.8458],[139.844,35.8405]],[[139.841,35.8524],[139.8429,35.8458]],[[139.8389,35.8663],[139.841,35.8524]],[[139.8397,35.8699],[139.8389,35.8663]],[[139.8383,35.8824],[139.8401,35.8774],[139.8397,35.8699]],[[139.8378,35.886],[139.8383,35.8824]],[[139.8398,35.893],[139.8399,35.8906],[139.8378,35.886]],[[139.8388,35.898],[139.8398,35.893]],[[139.8366,35.908],[139.8388,35.898]],[[139.8304,35.9395],[139.8355,35.9348],[139.8373,35.9313],[139.836,35.9183],[139.8366,35.908]],[[139.8246,35.946],[139.8304,35.9395]],[[139.8202,35.951],[139.8246,35.946]],[[139.82,35.951],[139.8202,35.951]],[[139.8049,35.9554],[139.808,35.9532],[139.8148,35.9511],[139.82,35.951]],[[139.7976,35.9606],[139.8049,35.9554]],[[139.7872,35.9684],[139.7976,35.9606]],[[139.7817,35.9823],[139.7838,35.9718],[139.7872,35.9684]],[[139.7815,35.9857],[139.7817,35.9823]],[[139.7814,35.9909],[139.7815,35.9857]],[[139.7826,35.9941],[139.7814,35.9909]],[[139.7837,35.9985],[139.7839,35.9966],[139.7826,35.9941]],[[139.7816,36.0],[139.7837,35.9985]],[[139.7811,36.0017],[139.7816,36.0]],[[139.7801,36.0198],[139.7832,36.0166],[139.782,36.0128],[139.7792,36.0113],[139.7807,36.0096],[139.7811,36.0017]],[[139.7798,36.0299],[139.7799,36.0279],[139.778,36.0258],[139.7801,36.0198]],[[139.7769,36.0313],[139.7798,36.0299]],[[139.7749,36.038],[139.7746,36.0358],[139.7769,36.0313]],[[139.7689,36.0542],[139.7698,36.053],[139.7697,36.0508],[139.7725,36.0469],[139.7718,36.043],[139.7749,36.038]],[[139.7678,36.0775],[139.7683,36.0736],[139.7665,36.0704],[139.7667,36.066],[139.7622,36.0611],[139.762,36.0579],[139.7633,36.0561],[139.7689,36.0542]],[[139.7654,36.0797],[139.7678,36.0775]],[[139.7555,36.0831],[139.7576,36.0817],[139.7654,36.0797]],[[139.7357,36.0865],[139.747,36.0874],[139.7506,36.0864],[139.7555,36.0831]],[[139.7314,36.0866],[139.7357,36.0865]],[[139.7243,36.0934],[139.7314,36.0866]],[[139.7177,36.0985],[139.7243,36.0934]],[[139.7125,36.1004],[139.7177,36.0985]],[[139.7087,36.0993],[139.7125,36.1004]],[[139.6928,36.105],[139.6966,36.1006],[139.7016,36.0974],[139.7048,36.0972],[139.7087,36.0993]],[[139.6647,36.117],[139.6647,36.1126],[139.668,36.1086],[139.6711,36.108],[139.6797,36.1094],[139.6928,36.105]],[[139.6487,36.1309],[139.6518,36.1298],[139.6558,36.1262],[139.6576,36.1233],[139.6648,36.1188],[139.6647,36.117]],[[139.6467,36.1334],[139.6487,36.1309]],[[139.6445,36.1375],[139.6467,36.1334]],[[139.6407,36.1419],[139.6445,36.1375]],[[139.6367,36.1424],[139.6407,36.1419]],[[139.6026,36.1566],[139.6367,36.1424]],[[139.5973,36.1587],[139.6026,36.1566]],[[139.5899,36.1617],[139.5973,36.1587]],[[139.582,36.1649],[139.5899,36.1617]],[[139.5719,36.1692],[139.582,36.1649]],[[139.5576,36.1715],[139.5621,36.1724],[139.565,36.1698],[139.5719,36.1692]],[[139.556,36.1713],[139.5576,36.1715]],[[139.5475,36.1689],[139.556,36.1713]]]}},{"type":"Feature","properties":{"t":"riviere","km":63,"nom":"江合川"},"geometry":{"type":"MultiLineString","coordinates":[[[141.1925,38.5394],[141.197,38.5415],[141.1994,38.5412],[141.2062,38.5386],[141.2076,38.5371],[141.2185,38.5335],[141.226,38.5293]],[[141.1783,38.5314],[141.1845,38.5318],[141.1876,38.5362],[141.1925,38.5394]],[[141.1772,38.5274],[141.1783,38.5314]],[[141.1423,38.5344],[141.1451,38.5307],[141.1554,38.5295],[141.1656,38.5243],[141.1742,38.5244],[141.1772,38.5274]],[[141.1251,38.5527],[141.1276,38.546],[141.1319,38.5433],[141.1335,38.5389],[141.1382,38.5377],[141.1423,38.5344]],[[141.1238,38.5538],[141.1251,38.5527]],[[141.1215,38.5549],[141.1238,38.5538]],[[141.1198,38.5549],[141.1215,38.5549]],[[141.1187,38.5545],[141.1198,38.5549]],[[141.1178,38.554],[141.1187,38.5545]],[[141.1169,38.5538],[141.1178,38.554]],[[141.1169,38.5538],[141.1178,38.554]],[[141.102,38.5541],[141.1074,38.5535],[141.1129,38.5545],[141.1169,38.5538]],[[141.1009,38.5543],[141.102,38.5541]],[[141.1009,38.5543],[141.102,38.5541]],[[141.099,38.5544],[141.1009,38.5543]],[[141.098,38.5543],[141.099,38.5544]],[[141.098,38.5543],[141.099,38.5544]],[[141.0874,38.5589],[141.0899,38.5564],[141.098,38.5543]],[[141.0865,38.5593],[141.0874,38.5589]],[[141.0865,38.5593],[141.0874,38.5589]],[[141.0137,38.5666],[141.0178,38.5673],[141.031,38.564],[141.0383,38.5637],[141.0419,38.5646],[141.0503,38.5616],[141.06,38.561],[141.0772,38.5639],[141.0813,38.5626],[141.0836,38.5601],[141.0865,38.5593]],[[140.9837,38.5798],[140.991,38.5799],[140.9982,38.5749],[141.0012,38.5758],[141.0052,38.5732],[141.0082,38.5696],[141.0137,38.5666]],[[140.981,38.5802],[140.9837,38.5798]],[[140.9749,38.5861],[140.9781,38.5817],[140.981,38.5802]],[[140.9461,38.5971],[140.9534,38.5946],[140.964,38.5953],[140.9683,38.5945],[140.9722,38.592],[140.9749,38.5861]],[[140.945,38.597],[140.9461,38.5971]],[[140.9394,38.598],[140.945,38.597]],[[140.9343,38.5993],[140.9351,38.5983],[140.9394,38.598]],[[140.9166,38.6165],[140.9176,38.6149],[140.9223,38.6123],[140.9265,38.6119],[140.9296,38.6095],[140.9343,38.5993]],[[140.9134,38.6177],[140.915,38.6178],[140.9166,38.6165]],[[140.9098,38.6218],[140.9134,38.6177]],[[140.9087,38.6256],[140.9098,38.6218]],[[140.8792,38.6526],[140.8857,38.6509],[140.8906,38.6481],[140.8983,38.6386],[140.899,38.6365],[140.9011,38.6357],[140.9031,38.6318],[140.9059,38.6297],[140.9087,38.6256]],[[140.8488,38.6824],[140.8588,38.6706],[140.8639,38.6671],[140.8633,38.664],[140.8694,38.6607],[140.8741,38.6553],[140.8776,38.6548],[140.8792,38.6526]],[[140.8365,38.6979],[140.8387,38.6956],[140.838,38.6924],[140.8385,38.6902],[140.8432,38.6857],[140.8488,38.6824]],[[140.8248,38.7104],[140.8254,38.7068],[140.829,38.7052],[140.8336,38.6994],[140.8365,38.6979]],[[140.8167,38.7152],[140.8231,38.7132],[140.8248,38.7104]],[[140.7958,38.7223],[140.8,38.7219],[140.8003,38.7185],[140.8054,38.7144],[140.8105,38.714],[140.8167,38.7152]],[[140.7855,38.7301],[140.7897,38.7284],[140.7929,38.7233],[140.7958,38.7223]],[[140.7798,38.7285],[140.7823,38.7305],[140.7855,38.7301]],[[140.7756,38.7309],[140.7781,38.7287],[140.7798,38.7285]],[[140.7744,38.7312],[140.7756,38.7309]],[[140.7671,38.7338],[140.7744,38.7312]],[[140.7643,38.7342],[140.7671,38.7338]],[[140.7526,38.7373],[140.7643,38.7342]],[[140.7433,38.7407],[140.7526,38.7373]],[[140.7386,38.747],[140.7397,38.7441],[140.7433,38.7407]],[[140.729,38.7502],[140.7373,38.7489],[140.7386,38.747]],[[140.7253,38.7499],[140.729,38.7502]],[[140.7203,38.7484],[140.7253,38.7499]],[[140.7093,38.7408],[140.7141,38.7449],[140.7203,38.7484]],[[140.704,38.7386],[140.7093,38.7408]],[[140.7019,38.7529],[140.6994,38.7521],[140.6986,38.7438],[140.6999,38.7412],[140.704,38.7386]],[[140.705,38.7546],[140.7019,38.7529]],[[140.7068,38.7798],[140.7081,38.7783],[140.7067,38.7762],[140.7065,38.7721],[140.71,38.7688],[140.7081,38.7659],[140.7087,38.7589],[140.707,38.7555],[140.705,38.7546]],[[140.6983,38.7835],[140.7013,38.784],[140.7014,38.7817],[140.7068,38.7798]],[[140.6975,38.7828],[140.6983,38.7835]],[[140.6935,38.7821],[140.695,38.7831],[140.6975,38.7828]],[[140.6932,38.7819],[140.6935,38.7821]],[[140.6726,38.7891],[140.6741,38.7882],[140.6728,38.7851],[140.6762,38.7856],[140.6843,38.7824],[140.6909,38.7811],[140.6932,38.7819]],[[140.6682,38.7894],[140.6703,38.7877],[140.6726,38.7891]],[[140.6663,38.7919],[140.6682,38.7894]],[[140.664,38.796],[140.6657,38.795],[140.6653,38.7925],[140.6663,38.7919]],[[140.6604,38.798],[140.6612,38.7968],[140.664,38.796]],[[140.6594,38.7998],[140.6604,38.798]],[[140.6506,38.8099],[140.6535,38.8042],[140.6594,38.7998]],[[140.6461,38.8178],[140.6506,38.8099]],[[140.6466,38.8213],[140.6461,38.8178]],[[140.6463,38.8407],[140.6467,38.8393],[140.6441,38.8338],[140.6397,38.8286],[140.6406,38.8269],[140.6461,38.8241],[140.6466,38.8213]],[[140.6471,38.8421],[140.6463,38.8407]],[[140.6499,38.8505],[140.6471,38.8421]],[[140.6511,38.8539],[140.6499,38.8505]],[[140.6525,38.8572],[140.6511,38.8539]],[[140.6589,38.8612],[140.6545,38.86],[140.6525,38.8572]],[[140.661,38.8614],[140.6589,38.8612]],[[140.668,38.8652],[140.661,38.8614]],[[140.6802,38.8651],[140.6785,38.8667],[140.6755,38.8672],[140.668,38.8652]],[[140.6819,38.8656],[140.6802,38.8651]],[[140.6946,38.8665],[140.6912,38.8668],[140.6867,38.865],[140.6819,38.8656]],[[140.7018,38.8634],[140.6994,38.8647],[140.6981,38.867],[140.6946,38.8665]],[[140.7068,38.8604],[140.705,38.8612],[140.7028,38.8601],[140.7018,38.8634]],[[140.7106,38.8596],[140.7079,38.8591],[140.7068,38.8604]],[[140.7188,38.8496],[140.7154,38.8509],[140.7164,38.8522],[140.7122,38.8542],[140.7159,38.8545],[140.7141,38.857],[140.711,38.8579],[140.7106,38.8596]],[[140.7288,38.8393],[140.7299,38.8406],[140.7279,38.8439],[140.7243,38.8458],[140.7236,38.8477],[140.722,38.8468],[140.7198,38.8473],[140.7188,38.8496]],[[140.9737,38.5892],[140.9752,38.5878],[140.9756,38.5854]]]}},{"type":"Feature","properties":{"t":"riviere","km":53,"nom":"閉伊川"},"geometry":{"type":"MultiLineString","coordinates":[[[141.9428,39.6368],[141.9459,39.6349],[141.9491,39.6343],[141.9572,39.6402],[141.9662,39.6388]],[[141.926,39.6319],[141.9265,39.6344],[141.9279,39.6356],[141.9312,39.6354],[141.9362,39.6372],[141.9428,39.6368]],[[141.8951,39.6303],[141.904,39.6316],[141.9087,39.6298],[141.9154,39.629],[141.9243,39.6322],[141.926,39.6319]],[[141.8635,39.6312],[141.8663,39.6317],[141.8783,39.6293],[141.8817,39.6295],[141.8865,39.632],[141.8951,39.6303]],[[141.8634,39.6312],[141.8635,39.6312]],[[141.8561,39.6276],[141.8586,39.6253],[141.863,39.6251],[141.8641,39.6268],[141.8634,39.6312]],[[141.8416,39.6335],[141.8444,39.6353],[141.8474,39.635],[141.8539,39.6305],[141.8561,39.6276]],[[141.8204,39.627],[141.8237,39.6262],[141.8231,39.625],[141.8211,39.6244],[141.8235,39.6217],[141.8277,39.6226],[141.8366,39.6224],[141.8412,39.6255],[141.8416,39.6335]],[[141.8132,39.6207],[141.8136,39.6229],[141.8093,39.6249],[141.8099,39.6277],[141.8112,39.6281],[141.8166,39.6262],[141.8204,39.627]],[[141.8127,39.6198],[141.8132,39.6207]],[[141.8069,39.6182],[141.809,39.617],[141.8127,39.6198]],[[141.8035,39.62],[141.8055,39.6197],[141.8069,39.6182]],[[141.8026,39.6184],[141.8035,39.62]],[[141.8011,39.6138],[141.8026,39.6184]],[[141.7827,39.6064],[141.7876,39.6059],[141.789,39.6143],[141.7921,39.6183],[141.7944,39.6179],[141.7979,39.6136],[141.8011,39.6138]],[[141.7781,39.6091],[141.7827,39.6064]],[[141.7733,39.6084],[141.7753,39.6105],[141.7781,39.6091]],[[141.7639,39.604],[141.7688,39.6034],[141.7702,39.6043],[141.7752,39.6029],[141.7748,39.6047],[141.7724,39.6058],[141.7733,39.6084]],[[141.7536,39.5924],[141.7521,39.5959],[141.7528,39.5975],[141.7572,39.598],[141.7625,39.5963],[141.7641,39.5968],[141.7622,39.6023],[141.7639,39.604]],[[141.7471,39.5936],[141.7498,39.5934],[141.7522,39.592],[141.7536,39.5924]],[[141.7398,39.5942],[141.7417,39.5947],[141.7437,39.5999],[141.7454,39.6009],[141.7468,39.5983],[141.7452,39.5954],[141.7471,39.5936]],[[141.7337,39.6004],[141.7387,39.5983],[141.7366,39.5963],[141.7398,39.5942]],[[141.7162,39.5966],[141.7206,39.5956],[141.7315,39.6005],[141.7337,39.6004]],[[141.7006,39.6016],[141.7059,39.6005],[141.71,39.6012],[141.7124,39.6002],[141.7118,39.598],[141.7083,39.5965],[141.7095,39.595],[141.7129,39.5945],[141.7141,39.5965],[141.7162,39.5966]],[[141.6975,39.6045],[141.6989,39.6023],[141.7006,39.6016]],[[141.6975,39.6045],[141.6991,39.6026]],[[141.6991,39.6026],[141.6994,39.602]],[[141.693,39.6018],[141.6964,39.6047],[141.6975,39.6045]],[[141.691,39.6017],[141.693,39.6018]],[[141.666,39.5899],[141.6694,39.5901],[141.6754,39.593],[141.6817,39.5995],[141.6858,39.5993],[141.6885,39.6013],[141.691,39.6017]],[[141.6595,39.5951],[141.6645,39.5922],[141.666,39.5899]],[[141.6587,39.5957],[141.6595,39.5951]],[[141.6468,39.5976],[141.6502,39.5962],[141.6572,39.5964],[141.6587,39.5957]],[[141.6476,39.6108],[141.6492,39.6108],[141.6492,39.6089],[141.6525,39.6072],[141.6533,39.605],[141.6515,39.603],[141.6469,39.602],[141.6468,39.5976]],[[141.6279,39.6138],[141.6303,39.6109],[141.6362,39.6083],[141.6476,39.6108]],[[141.6171,39.626],[141.6208,39.6269],[141.624,39.6258],[141.6244,39.624],[141.621,39.6226],[141.6204,39.6214],[141.6279,39.6138]],[[141.6017,39.6329],[141.6047,39.6342],[141.6082,39.6335],[141.6038,39.6301],[141.6038,39.628],[141.6056,39.6267],[141.6107,39.6295],[141.6148,39.6303],[141.617,39.6286],[141.6171,39.626]],[[141.5987,39.6316],[141.6017,39.6329]],[[141.5976,39.6416],[141.5999,39.6399],[141.5996,39.6372],[141.5955,39.6364],[141.5946,39.6354],[141.5963,39.6326],[141.5987,39.6316]],[[141.5946,39.6544],[141.5965,39.6531],[141.5965,39.6511],[141.5936,39.6491],[141.594,39.6471],[141.5914,39.645],[141.5911,39.6429],[141.592,39.6421],[141.5948,39.6425],[141.5976,39.6416]],[[141.5894,39.6543],[141.5946,39.6544]],[[141.5877,39.654],[141.5894,39.6543]],[[141.5702,39.6437],[141.5714,39.647],[141.5787,39.6493],[141.5847,39.6486],[141.5871,39.6472],[141.5882,39.6488],[141.5877,39.654]],[[141.5592,39.6444],[141.5641,39.6448],[141.5702,39.6437]],[[141.5321,39.627],[141.536,39.6295],[141.536,39.6321],[141.534,39.6339],[141.5371,39.6352],[141.5371,39.6403],[141.5425,39.6408],[141.5436,39.6423],[141.5426,39.6444],[141.5437,39.6463],[141.5472,39.6445],[141.5531,39.6437],[141.5543,39.6439],[141.5547,39.6463],[141.5592,39.6444]],[[141.5233,39.632],[141.5296,39.6305],[141.5312,39.6291],[141.5301,39.6273],[141.5321,39.627]],[[141.5148,39.6269],[141.5221,39.6297],[141.5233,39.632]],[[141.5102,39.6226],[141.514,39.6239],[141.5148,39.6269]],[[141.4924,39.6186],[141.4945,39.6191],[141.4982,39.6168],[141.5017,39.6164],[141.505,39.6183],[141.5048,39.6221],[141.5102,39.6226]],[[141.4897,39.6166],[141.4924,39.6186]],[[141.48,39.6153],[141.4834,39.6137],[141.4858,39.6113],[141.4863,39.6141],[141.4882,39.6164],[141.4897,39.6166]],[[141.4757,39.6208],[141.4763,39.6177],[141.4749,39.6159],[141.4753,39.6146],[141.4764,39.614],[141.4783,39.6154],[141.48,39.6153]],[[141.4738,39.6228],[141.4757,39.6218],[141.4757,39.6208]],[[141.468,39.626],[141.4709,39.6237],[141.4738,39.6228]],[[141.4615,39.6272],[141.468,39.626]],[[141.4609,39.6326],[141.46,39.6296],[141.4615,39.6272]],[[141.4541,39.6311],[141.4588,39.6311],[141.4609,39.6326]],[[141.4513,39.6365],[141.4531,39.6316],[141.4541,39.6311]],[[141.441,39.6325],[141.4438,39.6337],[141.4498,39.6338],[141.4513,39.6365]],[[141.426,39.6379],[141.435,39.6366],[141.4388,39.6347],[141.439,39.6326],[141.441,39.6325]],[[141.4237,39.6394],[141.426,39.6379]],[[141.4237,39.6396],[141.4237,39.6394]],[[141.4203,39.6407],[141.4237,39.6396]],[[141.416,39.6412],[141.4203,39.6407]],[[141.412,39.6404],[141.416,39.6412]],[[141.3992,39.6438],[141.4008,39.6423],[141.4042,39.642],[141.4056,39.64],[141.4096,39.6409],[141.412,39.6404]],[[141.3854,39.6443],[141.3914,39.6448],[141.3992,39.6438]],[[141.3809,39.6431],[141.3822,39.6442],[141.3854,39.6443]],[[141.3633,39.6468],[141.3775,39.6423],[141.3809,39.6431]],[[141.3621,39.6471],[141.3633,39.6468]],[[141.3592,39.6613],[141.3512,39.656],[141.3555,39.6497],[141.3621,39.6471]],[[141.691,39.6017],[141.693,39.6018]]]}},{"type":"Feature","properties":{"t":"riviere","km":92,"nom":"只見川"},"geometry":{"type":"MultiLineString","coordinates":[[[139.7626,37.6095],[139.7636,37.6134],[139.7626,37.6199],[139.7563,37.6265],[139.7549,37.6296],[139.7545,37.6341]],[[139.76,37.5893],[139.7597,37.598],[139.7662,37.6019],[139.7673,37.6056],[139.7671,37.6065],[139.7655,37.6069],[139.7624,37.6056],[139.7626,37.6095]],[[139.7693,37.5666],[139.7714,37.5693],[139.7708,37.5744],[139.7619,37.5775],[139.76,37.579],[139.7619,37.5827],[139.7657,37.5856],[139.766,37.5879],[139.76,37.5893]],[[139.7486,37.5536],[139.7523,37.5545],[139.7541,37.5564],[139.7542,37.5638],[139.7586,37.5634],[139.7624,37.565]],[[139.7624,37.565],[139.7627,37.565]],[[139.7627,37.565],[139.7693,37.5666]],[[139.7461,37.5532],[139.7486,37.5536]],[[139.7245,37.5465],[139.7283,37.5501],[139.7391,37.5496],[139.7461,37.5532]],[[139.7222,37.5337],[139.72,37.5354],[139.7196,37.5372],[139.7245,37.5465]],[[139.6517,37.4772],[139.6544,37.4784],[139.6712,37.4795],[139.6724,37.4818],[139.6694,37.4888],[139.6671,37.4907],[139.6668,37.4938],[139.6691,37.4945],[139.673,37.4923],[139.6757,37.4942],[139.6835,37.4964],[139.6841,37.4988],[139.6836,37.5053],[139.6883,37.5074],[139.6975,37.5083],[139.7046,37.5117],[139.7067,37.5188],[139.7082,37.5203],[139.7125,37.5207],[139.7166,37.5289],[139.7233,37.531],[139.7238,37.5323],[139.7222,37.5337]],[[139.65,37.4761],[139.6517,37.4772]],[[139.629,37.4623],[139.633,37.4664],[139.6415,37.4723],[139.65,37.4761]],[[139.6144,37.4582],[139.6169,37.4616],[139.6231,37.4596],[139.6269,37.4604],[139.629,37.4623]],[[139.6066,37.4544],[139.6099,37.4545],[139.6115,37.4571],[139.6144,37.4582]],[[139.6003,37.4602],[139.6022,37.4589],[139.603,37.4558],[139.6066,37.4544]],[[139.5999,37.4604],[139.6003,37.4602]],[[139.5921,37.4707],[139.5928,37.4689],[139.5896,37.4651],[139.5934,37.4626],[139.5999,37.4604]],[[139.5853,37.476],[139.587,37.4762],[139.5921,37.4707]],[[139.5688,37.484],[139.5703,37.4778],[139.5713,37.4769],[139.5785,37.478],[139.5814,37.4763],[139.5853,37.476]],[[139.5662,37.4839],[139.5688,37.484]],[[139.5625,37.4824],[139.5662,37.4839]],[[139.5606,37.4819],[139.5625,37.4824]],[[139.5493,37.4841],[139.5548,37.4821],[139.5606,37.4819]],[[139.5488,37.4841],[139.5493,37.4841]],[[139.5412,37.4839],[139.5488,37.4841]],[[139.5376,37.483],[139.5412,37.4839]],[[139.5373,37.4829],[139.5376,37.483]],[[139.5289,37.4789],[139.5319,37.4814],[139.5373,37.4829]],[[139.5277,37.476],[139.5289,37.4789]],[[139.5265,37.4731],[139.5277,37.476]],[[139.5279,37.4693],[139.5265,37.4731]],[[139.5221,37.456],[139.5276,37.4564],[139.5307,37.4584],[139.5306,37.4602],[139.5275,37.4645],[139.5279,37.4693]],[[139.5085,37.4471],[139.5116,37.449],[139.5104,37.4521],[139.5146,37.4562],[139.5174,37.457],[139.5221,37.456]],[[139.5063,37.4453],[139.5085,37.4471]],[[139.5039,37.4395],[139.5053,37.4405],[139.5063,37.4453]],[[139.4956,37.4414],[139.4989,37.4392],[139.5039,37.4395]],[[139.4843,37.4358],[139.4925,37.4412],[139.4956,37.4414]],[[139.4754,37.4143],[139.4829,37.4197],[139.4818,37.4273],[139.4843,37.4358]],[[139.4702,37.4084],[139.4705,37.4111],[139.4754,37.4143]],[[139.4687,37.4017],[139.4714,37.4039],[139.4702,37.4084]],[[139.4647,37.3998],[139.4687,37.4017]],[[139.4517,37.3961],[139.4554,37.3986],[139.4615,37.3979],[139.4647,37.3998]],[[139.4496,37.3964],[139.4517,37.3961]],[[139.4426,37.3973],[139.4462,37.3976],[139.4496,37.3964]],[[139.4172,37.3883],[139.4254,37.3902],[139.4314,37.3945],[139.4411,37.3958],[139.4426,37.3973]],[[139.4044,37.3932],[139.4112,37.389],[139.4172,37.3883]],[[139.4005,37.395],[139.4044,37.3932]],[[139.3767,37.3884],[139.3801,37.3862],[139.3805,37.3838],[139.3785,37.3803],[139.3791,37.3782],[139.3829,37.3782],[139.3846,37.3792],[139.3849,37.381],[139.3841,37.3826],[139.3837,37.39],[139.385,37.3932],[139.3905,37.395],[139.4005,37.395]],[[139.3622,37.3972],[139.3675,37.3985],[139.3713,37.3977],[139.3723,37.3965],[139.3697,37.3923],[139.3703,37.391],[139.3729,37.3889],[139.3767,37.3884]],[[139.3602,37.3955],[139.3622,37.3972]],[[139.35,37.3909],[139.3564,37.3917],[139.3602,37.3955]],[[139.3473,37.3885],[139.35,37.3909]],[[139.3414,37.3767],[139.345,37.3785],[139.3469,37.381],[139.3474,37.3823],[139.3451,37.3856],[139.3473,37.3885]],[[139.3405,37.3755],[139.3414,37.3767]],[[139.3256,37.3747],[139.3259,37.3757],[139.3278,37.3763],[139.3381,37.3742],[139.3405,37.3755]],[[139.3224,37.3704],[139.3256,37.3747]],[[139.3231,37.3603],[139.3239,37.362],[139.3224,37.3704]],[[139.3241,37.3575],[139.3231,37.3603]],[[139.3246,37.3533],[139.3252,37.3552],[139.3241,37.3575]],[[139.3249,37.3514],[139.3246,37.3533]],[[139.3188,37.3447],[139.3217,37.3466],[139.3237,37.3507],[139.3249,37.3514]],[[139.3111,37.3392],[139.3139,37.3402],[139.3188,37.3447]],[[139.3039,37.3378],[139.3111,37.3392]],[[139.3016,37.3353],[139.3039,37.3378]],[[139.299,37.3331],[139.3016,37.3353]],[[139.2973,37.3288],[139.299,37.3331]],[[139.2932,37.3228],[139.2973,37.3288]],[[139.2929,37.3218],[139.2932,37.3228]],[[139.2901,37.3148],[139.2929,37.3218]],[[139.2873,37.3102],[139.2901,37.3148]],[[139.2761,37.3051],[139.2853,37.3101],[139.2873,37.3102]],[[139.2668,37.3027],[139.2761,37.3051]],[[139.2595,37.3002],[139.2668,37.3027]],[[139.2387,37.2982],[139.244,37.2994],[139.2468,37.3038],[139.2488,37.3052],[139.251,37.3044],[139.2548,37.2997],[139.2595,37.3002]],[[139.2284,37.2976],[139.2338,37.2954],[139.2387,37.2982]],[[139.2276,37.2696],[139.2274,37.2741],[139.2291,37.2764],[139.2292,37.2787],[139.2312,37.2806],[139.2299,37.2833],[139.2316,37.2855],[139.2308,37.2876],[139.2273,37.2905],[139.2265,37.2927],[139.2259,37.2965],[139.2284,37.2976]],[[139.2216,37.2669],[139.2276,37.2696]],[[139.219,37.2558],[139.22,37.2629],[139.2216,37.2669]],[[139.213,37.2536],[139.2167,37.2539],[139.219,37.2558]],[[139.2112,37.2442],[139.2101,37.2458],[139.2122,37.2499],[139.2119,37.253],[139.213,37.2536]],[[139.2134,37.2345],[139.213,37.237],[139.2166,37.2405],[139.2146,37.2426],[139.2112,37.2442]],[[139.2135,37.2317],[139.2134,37.2345]],[[139.212,37.2298],[139.2135,37.2317]],[[139.2123,37.2156],[139.2124,37.2169],[139.2152,37.2194],[139.2147,37.2239],[139.2165,37.2272],[139.2125,37.2283],[139.212,37.2298]],[[139.2143,37.215],[139.2123,37.2156]],[[139.2211,37.2081],[139.2209,37.2123],[139.2161,37.2121],[139.2143,37.215]],[[139.2211,37.2075],[139.2211,37.2081]],[[139.2235,37.2041],[139.2215,37.2046],[139.2211,37.2075]],[[139.2263,37.2021],[139.2265,37.2035],[139.2235,37.2041]],[[139.2255,37.201],[139.2263,37.2021]],[[139.2253,37.2008],[139.2255,37.201]],[[139.2253,37.2007],[139.2253,37.2008]],[[139.2251,37.2],[139.2253,37.2007]],[[139.2251,37.1997],[139.2251,37.2]],[[139.2308,37.1945],[139.2251,37.1997]],[[139.2315,37.193],[139.2308,37.1945]],[[139.2316,37.1929],[139.2315,37.193]],[[139.232,37.1925],[139.2316,37.1929]],[[139.2387,37.1878],[139.2364,37.1882],[139.232,37.1925]],[[139.2413,37.1866],[139.2387,37.1878]],[[139.2413,37.1862],[139.2413,37.1866]],[[139.2412,37.1837],[139.2413,37.1862]],[[139.2415,37.1835],[139.2413,37.1837]],[[139.2435,37.1824],[139.2415,37.1835]],[[139.2437,37.1822],[139.2435,37.1824]],[[139.2445,37.181],[139.2437,37.1822]],[[139.2445,37.1809],[139.2445,37.181]],[[139.2435,37.1774],[139.2445,37.1809]],[[139.2437,37.1772],[139.2435,37.1774]],[[139.2441,37.1772],[139.2437,37.1772]],[[139.2449,37.1773],[139.2441,37.1772]],[[139.2453,37.1771],[139.2449,37.1773]],[[139.2453,37.1768],[139.2453,37.1771]],[[139.2447,37.1745],[139.2453,37.1768]],[[139.2446,37.1745],[139.2447,37.1745]],[[139.2434,37.1739],[139.2446,37.1745]],[[139.243,37.1734],[139.2434,37.1739]],[[139.2427,37.1728],[139.243,37.1734]],[[139.2427,37.1727],[139.2427,37.1728]],[[139.2427,37.1725],[139.2427,37.1727]],[[139.2427,37.1723],[139.2427,37.1725]],[[139.2434,37.1702],[139.2427,37.1723]],[[139.2435,37.1702],[139.2434,37.1702]],[[139.2452,37.1699],[139.2435,37.1702]],[[139.2456,37.17],[139.2452,37.1699]],[[139.2463,37.1701],[139.2456,37.17]],[[139.2471,37.1698],[139.2463,37.1701]],[[139.2473,37.1695],[139.2471,37.1698]],[[139.2473,37.1689],[139.2473,37.1695]],[[139.2473,37.1687],[139.2473,37.1689]],[[139.2473,37.1682],[139.2473,37.1687]],[[139.2471,37.1678],[139.2473,37.1682]],[[139.2467,37.1676],[139.2471,37.1678]],[[139.2474,37.1661],[139.2462,37.1666],[139.2466,37.1675]],[[139.2489,37.1662],[139.2474,37.1661]],[[139.2497,37.1661],[139.2489,37.1662]],[[139.2509,37.166],[139.2497,37.1661]],[[139.2516,37.1658],[139.2509,37.166]],[[139.2533,37.1653],[139.2516,37.1658]],[[139.2538,37.1651],[139.2533,37.1653]],[[139.2538,37.1649],[139.2538,37.1651]],[[139.2538,37.1648],[139.2538,37.1649]],[[139.2536,37.1647],[139.2538,37.1648]],[[139.2535,37.1647],[139.2536,37.1647]],[[139.2526,37.1645],[139.2535,37.1647]],[[139.2513,37.1643],[139.2526,37.1645]],[[139.2507,37.1631],[139.2503,37.1638],[139.2513,37.1643]],[[139.2532,37.1609],[139.2507,37.1631]],[[139.2528,37.1591],[139.2532,37.1609]],[[139.252,37.1578],[139.2528,37.1591]],[[139.25,37.1567],[139.252,37.1578]],[[139.2499,37.1565],[139.25,37.1567]],[[139.25,37.1552],[139.2499,37.1565]],[[139.2502,37.1536],[139.25,37.1552]],[[139.2453,37.1434],[139.2458,37.146],[139.2498,37.1517],[139.2502,37.1536]],[[139.244,37.1363],[139.2453,37.1434]],[[139.2394,37.1229],[139.2438,37.1284],[139.244,37.1363]],[[139.2359,37.1013],[139.2351,37.1133],[139.2394,37.1229]],[[139.2432,37.0843],[139.2388,37.0898],[139.2408,37.0936],[139.2359,37.1013]],[[139.2494,37.0811],[139.2432,37.0843]],[[139.2473,37.0758],[139.2494,37.0811]],[[139.248,37.0693],[139.2465,37.0728],[139.2473,37.0758]],[[139.2496,37.0672],[139.248,37.0693]],[[139.2529,37.0628],[139.2496,37.066],[139.2496,37.0672]],[[139.2546,37.0577],[139.2544,37.062],[139.2529,37.0628]],[[139.2593,37.0462],[139.26,37.0477],[139.2577,37.0483],[139.2566,37.0507],[139.2571,37.0565],[139.2546,37.0577]],[[139.2528,37.0358],[139.254,37.0373],[139.2526,37.0401],[139.2592,37.0434],[139.26,37.0448],[139.2593,37.0462]],[[139.2499,37.0317],[139.2529,37.0344],[139.2528,37.0358]],[[139.2483,37.0311],[139.2499,37.0317]],[[139.2482,37.0275],[139.2492,37.0281],[139.2483,37.0311]],[[139.2489,37.0249],[139.2482,37.0275]],[[139.2433,37.0151],[139.2449,37.0166],[139.2447,37.0185],[139.2489,37.0249]],[[139.2506,37.0046],[139.2467,37.0091],[139.2433,37.0151]],[[139.2514,37.0006],[139.2506,37.0046]],[[139.2515,37.0001],[139.2514,37.0006]],[[139.2534,36.9836],[139.2559,36.9891],[139.2541,36.9902],[139.2529,36.9943],[139.2535,36.9957],[139.2515,37.0001]],[[139.2495,36.9784],[139.2475,36.9801],[139.2479,36.9816],[139.2534,36.9836]],[[139.2514,36.9647],[139.2481,36.966],[139.2496,36.9675],[139.248,36.9711],[139.2529,36.9735],[139.2523,36.9766],[139.2495,36.9784]],[[139.2487,36.9611],[139.2514,36.962],[139.2514,36.9647]],[[139.2492,36.9604],[139.2487,36.9611]],[[139.2452,36.9527],[139.2465,36.9559],[139.25,36.9559],[139.2501,36.9595],[139.2492,36.9604]],[[139.2437,36.9468],[139.2441,36.9482],[139.2417,36.9496],[139.2452,36.9527]],[[139.2433,36.9458],[139.2437,36.9468]],[[139.2335,36.9414],[139.2357,36.9425],[139.2413,36.9414],[139.2419,36.942],[139.2407,36.9435],[139.243,36.944],[139.2433,36.9458]],[[139.2321,36.9407],[139.2335,36.9414]]]}},{"type":"Feature","properties":{"t":"riviere","km":52,"nom":"思川"},"geometry":{"type":"MultiLineString","coordinates":[[[139.7393,36.2532],[139.7367,36.2476],[139.7325,36.2443],[139.7075,36.2318],[139.7058,36.2292],[139.7066,36.2258],[139.6983,36.2203]],[[139.7398,36.2537],[139.7393,36.2532]],[[139.7497,36.2669],[139.7458,36.2618],[139.7413,36.2591],[139.7398,36.2537]],[[139.7854,36.3068],[139.7784,36.3054],[139.7766,36.3043],[139.7751,36.2974],[139.7737,36.2962],[139.7712,36.2881],[139.7647,36.2821],[139.7538,36.2766],[139.7531,36.2719],[139.7497,36.2669]],[[139.8054,36.3369],[139.7998,36.3344],[139.7991,36.3284],[139.7998,36.3248],[139.7961,36.3131],[139.7905,36.3078],[139.7854,36.3068]],[[139.8066,36.3523],[139.8081,36.3501],[139.8084,36.3414],[139.8054,36.3369]],[[139.7966,36.4018],[139.7983,36.3961],[139.7929,36.3873],[139.7924,36.3807],[139.7937,36.3763],[139.8012,36.3705],[139.8015,36.3632],[139.8052,36.3579],[139.8066,36.3523]],[[139.7599,36.4507],[139.7626,36.4456],[139.7691,36.4374],[139.7752,36.4322],[139.7808,36.4226],[139.7863,36.4185],[139.7885,36.4149],[139.7959,36.41],[139.7968,36.4069],[139.7966,36.4018]],[[139.7477,36.4799],[139.7521,36.4723],[139.7543,36.4657],[139.7582,36.4603],[139.7599,36.4507]],[[139.7168,36.4931],[139.72,36.4913],[139.7205,36.4893],[139.7223,36.4878],[139.728,36.4872],[139.7382,36.4823],[139.7452,36.4815],[139.7477,36.4799]],[[139.7136,36.5016],[139.7141,36.4975],[139.7168,36.4931]],[[139.7058,36.5126],[139.7067,36.5079],[139.7136,36.5016]],[[139.6758,36.5152],[139.6889,36.5197],[139.693,36.518],[139.6975,36.5187],[139.6989,36.5142],[139.7058,36.5126]],[[139.6677,36.5124],[139.6758,36.5152]],[[139.6635,36.5071],[139.6658,36.5083],[139.6677,36.5124]],[[139.6321,36.503],[139.637,36.5042],[139.6395,36.5036],[139.6522,36.505],[139.6572,36.5073],[139.6618,36.5062],[139.6635,36.5071]],[[139.6222,36.5053],[139.6265,36.5051],[139.6298,36.5031],[139.6321,36.503]],[[139.6054,36.5157],[139.6096,36.5125],[139.6124,36.5086],[139.6222,36.5053]],[[139.5873,36.531],[139.5885,36.5279],[139.5924,36.5279],[139.591,36.5223],[139.5921,36.52],[139.5954,36.5193],[139.6014,36.521],[139.6054,36.5157]],[[139.5701,36.5514],[139.5728,36.5524],[139.5768,36.5505],[139.5784,36.5463],[139.5813,36.5456],[139.5835,36.5466],[139.5823,36.5395],[139.5802,36.5366],[139.5861,36.5365],[139.587,36.5352],[139.5873,36.531]],[[139.5419,36.5722],[139.544,36.5717],[139.5465,36.5734],[139.547,36.5708],[139.5511,36.5697],[139.5528,36.5675],[139.554,36.5674],[139.5556,36.5689],[139.5579,36.5681],[139.5592,36.5662],[139.5607,36.566],[139.5611,36.5652],[139.5594,36.5638],[139.5602,36.5622],[139.5632,36.5626],[139.5646,36.5603],[139.5661,36.561],[139.567,36.56],[139.5657,36.5577],[139.5619,36.5562],[139.5653,36.5545],[139.5663,36.5527],[139.5683,36.555],[139.5701,36.5514]],[[139.5091,36.5847],[139.5083,36.5827],[139.5131,36.5801],[139.5175,36.5802],[139.5206,36.5815],[139.5294,36.577],[139.5375,36.577],[139.5419,36.5722]],[[139.51,36.5872],[139.51,36.5854],[139.5091,36.5847]],[[139.4958,36.5962],[139.4961,36.5951],[139.5028,36.5924],[139.5034,36.5906],[139.5059,36.5901],[139.506,36.5892],[139.5096,36.5881],[139.51,36.5872]],[[139.4944,36.5969],[139.4958,36.5962]],[[139.482,36.6026],[139.4894,36.5999],[139.4907,36.5985],[139.494,36.598],[139.4944,36.5969]],[[139.4791,36.6054],[139.4798,36.6036],[139.482,36.6026]]]}},{"type":"Feature","properties":{"t":"riviere","km":56,"nom":"吾妻川"},"geometry":{"type":"MultiLineString","coordinates":[[[139.0083,36.504],[139.0164,36.4996]],[[139.0078,36.5074],[139.0083,36.504]],[[139.0059,36.5156],[139.0084,36.5119],[139.0078,36.5074]],[[138.9927,36.5225],[138.9996,36.5201],[139.0059,36.5156]],[[138.9907,36.5237],[138.9927,36.5225]],[[138.9828,36.5263],[138.9861,36.5265],[138.9907,36.5237]],[[138.9809,36.5298],[138.9828,36.5263]],[[138.9778,36.5325],[138.9809,36.5298]],[[138.9724,36.5366],[138.9754,36.5331],[138.9778,36.5325]],[[138.9718,36.5372],[138.9724,36.5366]],[[138.9646,36.5377],[138.9692,36.5386],[138.9718,36.5372]],[[138.9608,36.5418],[138.9611,36.5394],[138.9646,36.5377]],[[138.9587,36.5453],[138.9608,36.5418]],[[138.9581,36.5455],[138.9587,36.5453]],[[138.9525,36.5467],[138.9581,36.5455]],[[138.9429,36.5501],[138.944,36.5504],[138.947,36.5482],[138.9525,36.5467]],[[138.9408,36.5482],[138.9429,36.5501]],[[138.9353,36.5474],[138.9373,36.5468],[138.9408,36.5482]],[[138.9326,36.5492],[138.9353,36.5474]],[[138.9293,36.5508],[138.9326,36.5492]],[[138.9267,36.5515],[138.9293,36.5508]],[[138.919,36.5509],[138.9267,36.5515]],[[138.9173,36.55],[138.919,36.5509]],[[138.9111,36.5533],[138.9141,36.5497],[138.9173,36.55]],[[138.8687,36.5784],[138.8746,36.5731],[138.8792,36.5712],[138.8831,36.5674],[138.888,36.5666],[138.8965,36.563],[138.8957,36.5599],[138.8999,36.5554],[138.9023,36.5545],[138.9089,36.5558],[138.9101,36.5554],[138.9111,36.5533]],[[138.8652,36.5812],[138.8687,36.5784]],[[138.8607,36.5815],[138.8652,36.5812]],[[138.8588,36.5804],[138.8607,36.5815]],[[138.8484,36.5812],[138.8531,36.5797],[138.8588,36.5804]],[[138.8404,36.5831],[138.8484,36.5812]],[[138.836,36.5814],[138.8376,36.5827],[138.8404,36.5831]],[[138.8364,36.5781],[138.836,36.5814]],[[138.8375,36.5755],[138.8377,36.5768],[138.8364,36.5781]],[[138.8214,36.5673],[138.8321,36.5709],[138.8375,36.5755]],[[138.8105,36.5554],[138.8117,36.5595],[138.817,36.5619],[138.8214,36.5673]],[[138.8087,36.5499],[138.8099,36.5514],[138.8093,36.5532],[138.8105,36.5554]],[[138.8074,36.5491],[138.8087,36.5499]],[[138.8054,36.5485],[138.8074,36.5491]],[[138.802,36.547],[138.8054,36.5485]],[[138.7968,36.5463],[138.802,36.547]],[[138.7901,36.5486],[138.7918,36.5502],[138.7968,36.5463]],[[138.7868,36.5483],[138.7889,36.5473],[138.7901,36.5486]],[[138.7821,36.5519],[138.7868,36.5483]],[[138.7787,36.5528],[138.7821,36.5519]],[[138.7719,36.5532],[138.7755,36.5536],[138.7787,36.5528]],[[138.7689,36.555],[138.7719,36.5532]],[[138.7675,36.5579],[138.7689,36.555]],[[138.7646,36.5586],[138.7675,36.5579]],[[138.758,36.5598],[138.7646,36.5586]],[[138.7555,36.5622],[138.758,36.5598]],[[138.7534,36.5643],[138.7555,36.5622]],[[138.7504,36.5653],[138.7534,36.5643]],[[138.7476,36.5662],[138.7504,36.5653]],[[138.7426,36.5692],[138.7476,36.5662]],[[138.7386,36.5706],[138.7426,36.5692]],[[138.735,36.5714],[138.7386,36.5706]],[[138.7313,36.5688],[138.735,36.5714]],[[138.7245,36.5637],[138.7286,36.5653],[138.7313,36.5688]],[[138.7183,36.5592],[138.7223,36.563],[138.7245,36.5637]],[[138.7126,36.5562],[138.7156,36.5578],[138.7164,36.5598],[138.7183,36.5592]],[[138.7119,36.5559],[138.7126,36.5562]],[[138.7036,36.5523],[138.7095,36.5555],[138.7119,36.5559]],[[138.7019,36.551],[138.7036,36.5523]],[[138.6939,36.5475],[138.7019,36.551]],[[138.6897,36.5469],[138.6939,36.5475]],[[138.689,36.5466],[138.6897,36.5469]],[[138.6865,36.545],[138.689,36.5466]],[[138.6773,36.5405],[138.6865,36.545]],[[138.6708,36.5412],[138.6773,36.5405]],[[138.6616,36.5441],[138.665,36.5419],[138.6708,36.5412]],[[138.6585,36.545],[138.6616,36.5441]],[[138.6465,36.5458],[138.6509,36.5452],[138.6531,36.5426],[138.6555,36.5436],[138.6564,36.5455],[138.6585,36.545]],[[138.6448,36.5478],[138.6465,36.5458]],[[138.6292,36.5533],[138.6325,36.5529],[138.6369,36.5498],[138.6391,36.5512],[138.6448,36.5478]],[[138.6251,36.5519],[138.6279,36.5516],[138.6292,36.5533]],[[138.6223,36.5504],[138.6251,36.5519]],[[138.6136,36.5503],[138.6175,36.5496],[138.6187,36.5482],[138.6205,36.5492],[138.6207,36.551],[138.6223,36.5504]],[[138.5966,36.5497],[138.5993,36.5469],[138.6072,36.5466],[138.6087,36.5478],[138.609,36.55],[138.6136,36.5503]],[[138.5919,36.5469],[138.5933,36.5465],[138.5966,36.5497]],[[138.587,36.5512],[138.5919,36.5469]],[[138.5821,36.546],[138.5845,36.5472],[138.587,36.5512]],[[138.5703,36.5429],[138.573,36.5446],[138.5724,36.5472],[138.574,36.5482],[138.5777,36.5453],[138.5821,36.546]],[[138.5623,36.5447],[138.5703,36.5429]],[[138.5609,36.544],[138.5623,36.5447]],[[138.5603,36.5433],[138.5609,36.544]],[[138.5548,36.5375],[138.5589,36.5404],[138.5603,36.5433]],[[138.5527,36.5348],[138.5548,36.5375]],[[138.5468,36.5306],[138.5494,36.5314],[138.5527,36.5348]],[[138.5418,36.5255],[138.5423,36.5288],[138.5468,36.5306]],[[138.5312,36.516],[138.533,36.5176],[138.5331,36.5197],[138.537,36.5204],[138.5404,36.5193],[138.5423,36.5201],[138.5432,36.523],[138.5418,36.5255]],[[138.5276,36.514],[138.5312,36.516]],[[138.5149,36.5104],[138.5181,36.5098],[138.5204,36.5124],[138.5243,36.5118],[138.5276,36.514]],[[138.5132,36.5101],[138.5149,36.5104]],[[138.5063,36.5067],[138.5087,36.5084],[138.5131,36.509],[138.5132,36.5101]],[[138.5042,36.5062],[138.5063,36.5067]],[[138.4948,36.4943],[138.4985,36.4979],[138.4985,36.5034],[138.5042,36.5062]],[[138.4945,36.4942],[138.4948,36.4943]],[[138.4842,36.485],[138.4865,36.4867],[138.4879,36.4898],[138.4945,36.4942]],[[138.48,36.4852],[138.4842,36.485]],[[138.4667,36.4863],[138.4714,36.4838],[138.4777,36.4855],[138.48,36.4852]],[[138.4532,36.488],[138.4565,36.4879],[138.4579,36.4867],[138.4634,36.4858],[138.4667,36.4863]],[[138.4478,36.4875],[138.4532,36.488]],[[138.431,36.4852],[138.4342,36.4847],[138.4406,36.4872],[138.4478,36.4875]],[[138.4213,36.4863],[138.4275,36.4848],[138.431,36.4852]],[[138.4126,36.4881],[138.4193,36.4879],[138.4213,36.4863]],[[138.4066,36.489],[138.4126,36.4881]],[[138.4041,36.4891],[138.4066,36.489]],[[138.3983,36.4891],[138.4041,36.4891]]]}},{"type":"Feature","properties":{"t":"riviere","km":53,"nom":"烏川"},"geometry":{"type":"MultiLineString","coordinates":[[[139.1824,36.2655],[139.1915,36.2636]],[[139.1807,36.2661],[139.1824,36.2655]],[[139.1677,36.2739],[139.173,36.2735],[139.175,36.2696],[139.1807,36.2661]],[[139.154,36.2775],[139.1587,36.277],[139.1635,36.2737],[139.1677,36.2739]],[[139.1331,36.2805],[139.1446,36.2765],[139.154,36.2775]],[[139.1292,36.2794],[139.1331,36.2805]],[[139.1251,36.2798],[139.1292,36.2794]],[[139.0897,36.291],[139.0933,36.2899],[139.1044,36.2832],[139.1204,36.2819],[139.1251,36.2798]],[[139.066,36.2894],[139.0695,36.2907],[139.0787,36.2911],[139.0881,36.2901],[139.0897,36.291]],[[139.0457,36.2937],[139.0558,36.2926],[139.066,36.2894]],[[139.0413,36.288],[139.0457,36.2937]],[[139.0319,36.2896],[139.0354,36.2877],[139.0413,36.288]],[[139.0231,36.2936],[139.0254,36.2923],[139.0282,36.2925],[139.0319,36.2896]],[[139.0221,36.2951],[139.0231,36.2936]],[[139.0156,36.302],[139.0192,36.3002],[139.0221,36.2951]],[[139.0125,36.3067],[139.0156,36.302]],[[139.0057,36.3138],[139.0125,36.3067]],[[138.9987,36.3227],[139.0057,36.3138]],[[138.9979,36.3246],[138.9987,36.3227]],[[138.9891,36.3332],[138.9965,36.3271],[138.9979,36.3246]],[[138.9808,36.3404],[138.9876,36.3357],[138.9891,36.3332]],[[138.9596,36.3507],[138.9634,36.3489],[138.965,36.3467],[138.9693,36.3457],[138.9702,36.3444],[138.9746,36.3444],[138.9775,36.3426],[138.9789,36.3428],[138.9808,36.3404]],[[138.9578,36.3538],[138.9596,36.3507]],[[138.9524,36.3557],[138.9578,36.3538]],[[138.9467,36.3568],[138.9524,36.3557]],[[138.9408,36.3573],[138.9467,36.3568]],[[138.9228,36.3651],[138.9283,36.3623],[138.9326,36.3614],[138.9356,36.3574],[138.9408,36.3573]],[[138.9178,36.3691],[138.9228,36.3651]],[[138.9122,36.3737],[138.9142,36.3705],[138.9163,36.3703],[138.9178,36.3691]],[[138.8971,36.381],[138.9018,36.3783],[138.9063,36.3774],[138.9122,36.3737]],[[138.8901,36.3832],[138.8971,36.381]],[[138.8884,36.3825],[138.8901,36.3832]],[[138.8863,36.3815],[138.8884,36.3825]],[[138.8819,36.3802],[138.8863,36.3815]],[[138.8787,36.3806],[138.8819,36.3802]],[[138.8701,36.3822],[138.8721,36.3806],[138.8787,36.3806]],[[138.865,36.3827],[138.8674,36.3811],[138.8701,36.3822]],[[138.8632,36.3838],[138.865,36.3827]],[[138.8582,36.3847],[138.8592,36.3834],[138.8632,36.3838]],[[138.8529,36.3847],[138.8549,36.3854],[138.8582,36.3847]],[[138.8382,36.3855],[138.839,36.3839],[138.8436,36.3843],[138.8434,36.3868],[138.8444,36.3877],[138.8506,36.3847],[138.8529,36.3847]],[[138.8314,36.3887],[138.8378,36.387],[138.8382,36.3855]],[[138.8276,36.3893],[138.8314,36.3887]],[[138.8157,36.3966],[138.8169,36.3942],[138.823,36.3893],[138.8276,36.3893]],[[138.8151,36.3976],[138.8157,36.3966]],[[138.8111,36.4009],[138.8151,36.3976]],[[138.8047,36.4039],[138.8068,36.4022],[138.8111,36.4009]],[[138.7989,36.4117],[138.8042,36.4044],[138.8079,36.4019]],[[138.7987,36.4121],[138.7989,36.4117]],[[138.7943,36.42],[138.7976,36.4161],[138.7987,36.4121]],[[138.7907,36.4252],[138.7922,36.4241],[138.7943,36.42]],[[138.7889,36.4265],[138.7907,36.4252]],[[138.7848,36.4307],[138.7889,36.4265]],[[138.7802,36.4353],[138.7848,36.4307]],[[138.7788,36.4378],[138.7802,36.4353]],[[138.7698,36.4474],[138.7701,36.4456],[138.7746,36.4427],[138.7752,36.4411],[138.7788,36.4378]],[[138.7648,36.4509],[138.7661,36.4492],[138.7698,36.4474]],[[138.7553,36.4602],[138.76,36.4576],[138.7618,36.4543],[138.7651,36.4537],[138.7648,36.4509]],[[138.7431,36.4631],[138.747,36.4628],[138.7502,36.4607],[138.7553,36.4602]],[[138.7333,36.4635],[138.7376,36.4639],[138.7406,36.4629],[138.7431,36.4631]],[[138.7315,36.4633],[138.7333,36.4635]],[[138.7208,36.4596],[138.7232,36.4598],[138.7232,36.4609],[138.7243,36.4615],[138.7262,36.4606],[138.7315,36.4633]],[[138.7064,36.453],[138.7106,36.4534],[138.7139,36.4575],[138.7163,36.4578],[138.7192,36.4603],[138.7208,36.4596]],[[138.6962,36.4498],[138.6986,36.4502],[138.7021,36.453],[138.7064,36.453]],[[138.6953,36.4491],[138.6962,36.4498]],[[138.6945,36.447],[138.6953,36.4491]],[[138.6896,36.4403],[138.6916,36.4426],[138.6917,36.4448],[138.6932,36.4446],[138.6945,36.447]],[[138.6882,36.4385],[138.6896,36.4403]],[[138.6819,36.4339],[138.6882,36.4385]],[[138.6786,36.4333],[138.6797,36.4328],[138.6819,36.4339]],[[138.6755,36.4316],[138.6786,36.4333]],[[138.6741,36.4313],[138.6755,36.4316]],[[138.6688,36.4285],[138.6712,36.4298],[138.6716,36.4292],[138.6717,36.4305],[138.6741,36.4313]],[[138.6687,36.428],[138.6688,36.4285]],[[138.6678,36.4274],[138.6687,36.428]],[[138.6675,36.4244],[138.6678,36.4274]],[[138.667,36.424],[138.6675,36.4244]],[[138.6608,36.4215],[138.6644,36.4223],[138.667,36.424]],[[138.6579,36.4177],[138.6594,36.4186],[138.6608,36.4215]],[[138.6533,36.4163],[138.6579,36.4177]]]}},{"type":"Feature","properties":{"t":"riviere","km":57,"nom":"市川"},"geometry":{"type":"MultiLineString","coordinates":[[[134.782,35.1459],[134.7812,35.1443],[134.7786,35.1431],[134.7804,35.1412],[134.7798,35.1389],[134.7764,35.1374],[134.7752,35.1353],[134.7692,35.1331],[134.7664,35.1362],[134.7616,35.132],[134.7614,35.1304],[134.7644,35.127],[134.7611,35.1227],[134.7541,35.1197],[134.7454,35.1194],[134.7461,35.1156],[134.7404,35.1069],[134.7397,35.1032],[134.7371,35.1008],[134.7384,35.0895],[134.744,35.0883],[134.7473,35.0858],[134.7487,35.0835],[134.7486,35.0731],[134.7452,35.0685],[134.7445,35.0654],[134.7452,35.062],[134.7481,35.0586],[134.7551,35.0551],[134.7666,35.0358],[134.7655,35.0325],[134.7573,35.0251],[134.7561,35.0227],[134.7592,35.016],[134.7601,35.011],[134.7624,35.0068],[134.7671,35.0013],[134.7621,34.9883],[134.7632,34.9765],[134.7658,34.9722],[134.7658,34.9703],[134.7655,34.9685],[134.7603,34.962],[134.7547,34.9511],[134.7483,34.9465],[134.748,34.9419],[134.7466,34.9388],[134.7483,34.9346],[134.749,34.9285],[134.748,34.9199],[134.7459,34.913],[134.7481,34.9062],[134.746,34.9035],[134.741,34.9006],[134.7384,34.8964],[134.7308,34.8891],[134.7306,34.8856],[134.735,34.8775],[134.7356,34.8746],[134.7346,34.867],[134.7257,34.8624],[134.7247,34.8565],[134.7225,34.8538],[134.7133,34.8512],[134.7111,34.8492],[134.7108,34.8454],[134.7188,34.8398],[134.7168,34.8234],[134.7124,34.8177],[134.7074,34.8168],[134.7033,34.8171],[134.7001,34.8161],[134.6985,34.8141],[134.6985,34.8119],[134.6969,34.8091],[134.6925,34.8038],[134.6939,34.7984],[134.6918,34.7918],[134.6838,34.7852],[134.6752,34.7757]],[[134.7863,35.1499],[134.7844,35.1503],[134.7815,35.1472],[134.782,35.1459]],[[134.887,35.2558],[134.8835,35.2494],[134.8857,35.2443],[134.8859,35.2419],[134.8825,35.2395],[134.8796,35.2387],[134.88,35.2355],[134.8787,35.2335],[134.879,35.2312],[134.8819,35.2278],[134.8818,35.2254],[134.8813,35.2231],[134.8789,35.2228],[134.8803,35.2243],[134.8792,35.2245],[134.8773,35.2225],[134.8789,35.2214],[134.8771,35.221],[134.8792,35.2204],[134.879,35.2188],[134.8776,35.2195],[134.8777,35.2186],[134.8805,35.2174],[134.8765,35.217],[134.8768,35.2152],[134.8734,35.2142],[134.87,35.2087],[134.8669,35.2079],[134.8704,35.2049],[134.8661,35.2048],[134.8638,35.2031],[134.8579,35.2051],[134.855,35.2026],[134.8563,35.1993],[134.8539,35.1997],[134.8535,35.1978],[134.8502,35.1963],[134.8511,35.1947],[134.8496,35.1948],[134.8481,35.1974],[134.8465,35.1967],[134.8484,35.1941],[134.8468,35.1911],[134.8472,35.1885],[134.844,35.1879],[134.8458,35.1843],[134.8417,35.1854],[134.8402,35.1879],[134.8372,35.1893],[134.8334,35.1891],[134.83,35.1867],[134.823,35.1867],[134.8208,35.1843],[134.8198,35.1846],[134.8193,35.187],[134.8169,35.1871],[134.8161,35.1835],[134.8194,35.1758],[134.8155,35.1737],[134.8166,35.1708],[134.8162,35.1693],[134.8133,35.1674],[134.8081,35.1677],[134.8046,35.1651],[134.8007,35.1671],[134.7962,35.1655],[134.7934,35.1663],[134.7891,35.156],[134.7893,35.1502],[134.7878,35.1492],[134.7863,35.1499]]]}},{"type":"Feature","properties":{"t":"riviere","km":53,"nom":"千種川"},"geometry":{"type":"MultiLineString","coordinates":[[[134.4058,34.754],[134.3937,34.7442],[134.3924,34.7419],[134.3895,34.7301]],[[134.4259,34.7706],[134.4193,34.7631],[134.4114,34.7562],[134.4058,34.754]],[[134.4151,34.7873],[134.4162,34.7826],[134.4257,34.775],[134.4264,34.7728],[134.4259,34.7706]],[[134.4164,34.7997],[134.4166,34.7949],[134.4151,34.7873]],[[134.3793,34.8164],[134.3824,34.8143],[134.3864,34.8132],[134.3908,34.8073],[134.4038,34.7981],[134.4086,34.7976],[134.4121,34.7994],[134.4164,34.7997]],[[134.3748,34.8182],[134.3793,34.8164]],[[134.3836,34.8256],[134.3752,34.8219],[134.3744,34.8203],[134.3748,34.8182]],[[134.3813,34.8343],[134.3812,34.8321],[134.3836,34.8283],[134.3836,34.8256]],[[134.3831,34.8377],[134.3813,34.8343]],[[134.3831,34.8414],[134.3831,34.8377]],[[134.3751,34.854],[134.3777,34.8492],[134.3799,34.8487],[134.3831,34.8414]],[[134.3634,34.8656],[134.3654,34.862],[134.3691,34.8599],[134.3751,34.854]],[[134.3567,34.8773],[134.3587,34.8717],[134.3634,34.8656]],[[134.3569,34.879],[134.3567,34.8773]],[[134.3466,34.8868],[134.3478,34.884],[134.3531,34.8826],[134.3569,34.879]],[[134.3549,34.9048],[134.3567,34.896],[134.3545,34.8931],[134.3476,34.8907],[134.3464,34.8885],[134.3466,34.8868]],[[134.361,34.9066],[134.3561,34.9058],[134.3549,34.9048]],[[134.3529,34.9222],[134.3561,34.9187],[134.3543,34.914],[134.3542,34.9102],[134.3602,34.9095],[134.3611,34.9085],[134.361,34.9066]],[[134.3441,34.9466],[134.3366,34.9424],[134.3361,34.9394],[134.3435,34.9321],[134.3465,34.9274],[134.3529,34.9222]],[[134.3412,34.9533],[134.3454,34.9495],[134.3457,34.9477],[134.3441,34.9466]],[[134.345,34.9607],[134.3412,34.9533]],[[134.3619,34.9735],[134.3606,34.9725],[134.3553,34.973],[134.3512,34.9722],[134.345,34.9607]],[[134.3621,34.9742],[134.3619,34.9735]],[[134.3715,34.9836],[134.3686,34.9806],[134.362,34.9789],[134.3621,34.9742]],[[134.3974,34.9955],[134.3928,34.9913],[134.3842,34.9882],[134.3786,34.9886],[134.3755,34.9854],[134.3715,34.9836]],[[134.4183,35.0682],[134.4174,35.0637],[134.4227,35.0602],[134.4266,35.055],[134.4279,35.0514],[134.4341,35.0435],[134.4275,35.0421],[134.4249,35.0397],[134.427,35.0344],[134.4213,35.0329],[134.4227,35.0277],[134.4186,35.0181],[134.4173,35.0126],[134.4129,35.0112],[134.4056,35.001],[134.3974,34.9955]],[[134.4279,35.0953],[134.4244,35.0931],[134.4252,35.0897],[134.4321,35.0878],[134.4339,35.0863],[134.434,35.0849],[134.4301,35.0801],[134.4258,35.0782],[134.4254,35.0763],[134.4293,35.0742],[134.429,35.0729],[134.4277,35.0718],[134.4194,35.0702],[134.4183,35.0682]],[[134.4344,35.1005],[134.4317,35.0994],[134.4279,35.0953]],[[134.4384,35.1395],[134.4397,35.1372],[134.4363,35.1321],[134.4352,35.128],[134.4335,35.1266],[134.4347,35.1258],[134.4387,35.126],[134.4406,35.124],[134.4422,35.1204],[134.4426,35.1148],[134.4439,35.1119],[134.4422,35.1108],[134.4427,35.1083],[134.4416,35.1074],[134.436,35.1072],[134.4379,35.1026],[134.437,35.1012],[134.4344,35.1005]],[[134.4389,35.1445],[134.4374,35.1438],[134.4371,35.1425],[134.4384,35.1395]],[[134.4437,35.154],[134.4429,35.1471],[134.4413,35.1449],[134.4389,35.1445]],[[134.4481,35.1709],[134.4473,35.1687],[134.448,35.1637],[134.4463,35.1619],[134.4437,35.154]],[[134.4475,35.1778],[134.4495,35.1732],[134.4481,35.1709]],[[134.4551,35.1878],[134.4531,35.1853],[134.4511,35.185],[134.4507,35.1825],[134.4488,35.1821],[134.4491,35.1804],[134.4475,35.1778]],[[134.46,35.189],[134.4587,35.1882],[134.456,35.189],[134.4551,35.1878]],[[134.4573,35.1915],[134.4574,35.1902],[134.46,35.189]],[[134.4571,35.1921],[134.4573,35.1915]]]}},{"type":"Feature","properties":{"t":"riviere","km":61,"nom":"玉川"},"geometry":{"type":"MultiLineString","coordinates":[[[140.4569,39.4855],[140.4501,39.4828],[140.4463,39.4832],[140.4427,39.4849],[140.4388,39.4844]],[[140.4607,39.4901],[140.4569,39.4855]],[[140.463,39.4928],[140.4607,39.4901]],[[140.4637,39.4932],[140.463,39.4928]],[[140.4845,39.5069],[140.4743,39.5008],[140.4715,39.4947],[140.4637,39.4932]],[[140.5062,39.5182],[140.5047,39.5145],[140.4995,39.5116],[140.497,39.5117],[140.4893,39.5147],[140.4841,39.5135],[140.4826,39.5117],[140.4845,39.5069]],[[140.5064,39.5198],[140.5062,39.5182]],[[140.5097,39.5265],[140.5077,39.5258],[140.5065,39.5237],[140.5064,39.5198]],[[140.5191,39.5268],[140.5164,39.5261],[140.5097,39.5265]],[[140.5249,39.5343],[140.5191,39.5268]],[[140.5254,39.535],[140.5249,39.5343]],[[140.5299,39.5507],[140.5287,39.5443],[140.5252,39.5382],[140.5254,39.535]],[[140.552,39.5813],[140.552,39.5791],[140.5534,39.5764],[140.5488,39.569],[140.539,39.5636],[140.5365,39.5605],[140.5362,39.554],[140.5327,39.5513],[140.5299,39.5507]],[[140.5563,39.5835],[140.552,39.5813]],[[140.5672,39.5796],[140.5636,39.5823],[140.5563,39.5835]],[[140.5688,39.5785],[140.5672,39.5796]],[[140.5692,39.5784],[140.5688,39.5785]],[[140.5708,39.5777],[140.5692,39.5784]],[[140.5723,39.5773],[140.5708,39.5777]],[[140.576,39.5771],[140.5723,39.5773]],[[140.5769,39.5793],[140.576,39.5771]],[[140.5891,39.5911],[140.5843,39.5921],[140.5826,39.5875],[140.5781,39.5836],[140.5769,39.5793]],[[140.5936,39.5918],[140.5918,39.5906],[140.5891,39.5911]],[[140.6007,39.5943],[140.5957,39.5945],[140.5936,39.5918]],[[140.6106,39.5991],[140.6083,39.5972],[140.6007,39.5943]],[[140.6177,39.6032],[140.6131,39.6026],[140.6106,39.5991]],[[140.6195,39.6043],[140.6177,39.6032]],[[140.6224,39.6061],[140.6195,39.6043]],[[140.625,39.6085],[140.6224,39.6061]],[[140.625,39.6085],[140.6224,39.6061]],[[140.6272,39.6094],[140.6259,39.6093]],[[140.6454,39.6083],[140.6429,39.6087],[140.638,39.6076],[140.6364,39.609]],[[140.6488,39.6071],[140.6454,39.6083]],[[140.6488,39.6071],[140.6454,39.6083]],[[140.6454,39.6083],[140.6429,39.6087],[140.638,39.6076],[140.6364,39.609]],[[140.6364,39.609],[140.6281,39.6099]],[[140.6281,39.6099],[140.625,39.6085]],[[140.6281,39.6099],[140.625,39.6085]],[[140.6281,39.6099],[140.6251,39.6091]],[[140.6251,39.6091],[140.6242,39.6079]],[[140.6549,39.6091],[140.6488,39.6071]],[[140.657,39.6097],[140.6549,39.6091]],[[140.6706,39.6098],[140.667,39.6107],[140.657,39.6097]],[[140.6826,39.6238],[140.6778,39.6245],[140.675,39.6227],[140.6782,39.6188],[140.68,39.6145],[140.6762,39.6142],[140.6706,39.6098]],[[140.6857,39.6344],[140.6871,39.6262],[140.6826,39.6238]],[[140.6872,39.6349],[140.6857,39.6344]],[[140.6969,39.6316],[140.6926,39.6308],[140.6906,39.6339],[140.6872,39.6349]],[[140.7037,39.6308],[140.7023,39.6301],[140.7024,39.6279],[140.7009,39.6269],[140.6983,39.6285],[140.6969,39.6316]],[[140.7052,39.6311],[140.7037,39.6308]],[[140.708,39.6317],[140.7052,39.6311]],[[140.7107,39.6349],[140.708,39.6317]],[[140.7108,39.6353],[140.7107,39.6349]],[[140.7215,39.6403],[140.7137,39.6386],[140.7108,39.6353]],[[140.7221,39.6416],[140.7215,39.6403]],[[140.7155,39.6599],[140.7153,39.657],[140.7139,39.6539],[140.712,39.6537],[140.7104,39.6558],[140.7084,39.6564],[140.7062,39.6562],[140.7055,39.6546],[140.7073,39.6532],[140.7102,39.6535],[140.716,39.6492],[140.717,39.647],[140.7165,39.6452],[140.7143,39.6422],[140.7152,39.6416],[140.72,39.6429],[140.7221,39.6416]],[[140.7081,39.6674],[140.713,39.6674],[140.713,39.6633],[140.7155,39.6599]],[[140.709,39.6751],[140.7075,39.6721],[140.7081,39.6674]],[[140.7085,39.6809],[140.709,39.6751]],[[140.7089,39.6863],[140.7085,39.6809]],[[140.7133,39.7025],[140.7085,39.6946],[140.707,39.6881],[140.7089,39.6863]],[[140.7211,39.7096],[140.7133,39.7025]],[[140.7193,39.7158],[140.7211,39.7096]],[[140.7141,39.7254],[140.7148,39.7207],[140.7193,39.7158]],[[140.717,39.7372],[140.716,39.7337],[140.7164,39.7316],[140.7141,39.7254]],[[140.7156,39.7401],[140.717,39.7372]],[[140.7129,39.7487],[140.716,39.7457],[140.7156,39.7401]],[[140.7119,39.7502],[140.7129,39.7487]],[[140.7089,39.7547],[140.7087,39.7525],[140.7119,39.7502]],[[140.6919,39.7654],[140.6906,39.7585],[140.6939,39.759],[140.6989,39.7575],[140.708,39.7594],[140.7097,39.7573],[140.7089,39.7547]],[[140.6867,39.7669],[140.6913,39.7682],[140.6919,39.7654]],[[140.6737,39.7722],[140.6747,39.7708],[140.6749,39.7665],[140.6815,39.765],[140.6867,39.7669]],[[140.6714,39.7744],[140.6737,39.7722]],[[140.6531,39.7898],[140.6515,39.7881],[140.6514,39.7865],[140.6541,39.7859],[140.6578,39.7868],[140.659,39.7856],[140.6591,39.7836],[140.6575,39.7816],[140.6562,39.7759],[140.6635,39.7735],[140.6714,39.7744]],[[140.6534,39.79],[140.6531,39.7898]],[[140.6703,39.7993],[140.6701,39.7971],[140.6622,39.7916],[140.6589,39.7924],[140.6534,39.79]],[[140.6592,39.8121],[140.6597,39.8063],[140.663,39.8077],[140.6653,39.8066],[140.664,39.8026],[140.6646,39.8003],[140.6703,39.7993]],[[140.6516,39.8167],[140.6514,39.8154],[140.6524,39.8144],[140.6592,39.8121]],[[140.6407,39.8313],[140.6446,39.8277],[140.6442,39.8226],[140.6454,39.8204],[140.6531,39.8207],[140.6516,39.8167]],[[140.6408,39.8388],[140.6391,39.8329],[140.6407,39.8313]],[[140.6481,39.8504],[140.6478,39.8466],[140.6408,39.8388]],[[140.6622,39.8555],[140.6572,39.8536],[140.6518,39.8531],[140.6481,39.8504]],[[140.6687,39.8582],[140.6622,39.8555]],[[140.6729,39.8598],[140.6687,39.8582]],[[140.6742,39.8716],[140.6729,39.8598]],[[140.6877,39.8854],[140.6855,39.8827],[140.6753,39.8762],[140.6742,39.8716]],[[140.6878,39.8856],[140.6877,39.8854]],[[140.6888,39.8888],[140.6878,39.8856]],[[140.6942,39.903],[140.6952,39.9013],[140.6938,39.8994],[140.6954,39.8971],[140.6943,39.8951],[140.6926,39.8946],[140.6888,39.8888]],[[140.696,39.9083],[140.6938,39.9053],[140.6942,39.903]],[[140.7005,39.9118],[140.696,39.9083]],[[140.7084,39.9197],[140.7028,39.9156],[140.7005,39.9118]],[[140.7084,39.9197],[140.704,39.9175],[140.6979,39.9114]],[[140.6979,39.9114],[140.6961,39.9098],[140.696,39.9083]],[[140.7091,39.9202],[140.7084,39.9197]],[[140.7103,39.9272],[140.7095,39.9257],[140.7104,39.9236],[140.7091,39.9202]],[[140.7125,39.9289],[140.7103,39.9272]],[[140.7224,39.9296],[140.7178,39.9306],[140.7125,39.9289]],[[140.7234,39.9292],[140.7224,39.9296]],[[140.7245,39.9291],[140.7234,39.9292]],[[140.7277,39.9296],[140.7245,39.9291]],[[140.7287,39.9296],[140.7277,39.9296]],[[140.7344,39.9286],[140.7306,39.9285],[140.7287,39.9296]],[[140.7347,39.9286],[140.7344,39.9286]],[[140.7379,39.9293],[140.7347,39.9286]],[[140.7438,39.9294],[140.7379,39.9293]],[[140.7449,39.9288],[140.7441,39.9294]],[[140.7464,39.928],[140.7449,39.9288]],[[140.75,39.9282],[140.7464,39.928]],[[140.7613,39.9247],[140.7572,39.9276],[140.75,39.9282]],[[140.762,39.9248],[140.7613,39.9247]],[[140.7726,39.9243],[140.762,39.9248]],[[140.7785,39.9254],[140.7742,39.9238],[140.7726,39.9243]],[[140.7923,39.9305],[140.7905,39.9279],[140.7875,39.9283],[140.7863,39.927],[140.782,39.9271],[140.7785,39.9254]],[[140.7993,39.9284],[140.7943,39.9292],[140.7923,39.9305]],[[140.8043,39.9262],[140.7993,39.9284]],[[140.8044,39.9262],[140.8043,39.9262]],[[140.8107,39.9236],[140.8044,39.9262]],[[140.8169,39.9128],[140.8159,39.9135],[140.8159,39.9166],[140.8171,39.918],[140.8164,39.9212],[140.8107,39.9236]],[[140.8374,39.9062],[140.8353,39.9081],[140.8333,39.908],[140.8286,39.9103],[140.8233,39.9107],[140.8214,39.913],[140.8196,39.9122],[140.8187,39.9134],[140.8169,39.9128]],[[140.8395,39.901],[140.8371,39.9047],[140.8374,39.9062]],[[140.8477,39.8946],[140.8429,39.897],[140.8418,39.8996],[140.8395,39.901]]]}},{"type":"Feature","properties":{"t":"riviere","km":59,"nom":"迫川"},"geometry":{"type":"MultiLineString","coordinates":[[[141.2046,38.601],[141.2024,38.5915],[141.2051,38.5797],[141.216,38.5699],[141.2284,38.5613],[141.2325,38.5535]],[[141.2098,38.6439],[141.2053,38.6361],[141.2085,38.6232],[141.206,38.605],[141.2046,38.601]],[[141.2109,38.6465],[141.2098,38.6439]],[[141.211,38.6469],[141.2109,38.6465]],[[141.2118,38.6476],[141.211,38.6469]],[[141.2131,38.6494],[141.2118,38.6476]],[[141.2044,38.663],[141.2058,38.6606],[141.209,38.6586],[141.2096,38.6558],[141.2132,38.6534],[141.2131,38.6494]],[[141.2046,38.6686],[141.2044,38.663]],[[141.2045,38.6817],[141.2059,38.6797],[141.2044,38.675],[141.2046,38.6686]],[[141.198,38.6944],[141.1973,38.6898],[141.1995,38.6858],[141.2045,38.6817]],[[141.1975,38.6961],[141.198,38.6944]],[[141.196,38.7023],[141.1975,38.6961]],[[141.1527,38.7455],[141.1551,38.7415],[141.1528,38.7389],[141.1529,38.7378],[141.1541,38.735],[141.1569,38.7325],[141.1609,38.7312],[141.1726,38.7318],[141.1785,38.7311],[141.1952,38.7197],[141.1957,38.7154],[141.192,38.7057],[141.1931,38.704],[141.196,38.7023]],[[141.1487,38.7502],[141.152,38.7475],[141.1527,38.7455]],[[141.1405,38.7554],[141.1487,38.7502]],[[141.1027,38.7794],[141.1131,38.7788],[141.1166,38.7763],[141.1222,38.7755],[141.1279,38.7734],[141.1337,38.7675],[141.1355,38.7586],[141.1405,38.7554]],[[141.0885,38.786],[141.0907,38.7865],[141.0972,38.7845],[141.1027,38.7794]],[[141.0556,38.7739],[141.0665,38.7749],[141.0696,38.7769],[141.0785,38.7797],[141.0828,38.7821],[141.0845,38.7843],[141.0885,38.786]],[[141.0527,38.7741],[141.0556,38.7739]],[[141.0292,38.7564],[141.0315,38.7579],[141.0359,38.7582],[141.0368,38.7615],[141.0423,38.7639],[141.0461,38.7698],[141.0527,38.7741]],[[140.9893,38.735],[140.9941,38.7331],[141.0008,38.736],[141.0087,38.7358],[141.0092,38.7367],[141.0079,38.7388],[141.0088,38.7398],[141.0144,38.7381],[141.0175,38.7386],[141.0178,38.7408],[141.0237,38.7426],[141.0259,38.7453],[141.0259,38.7502],[141.0292,38.7564]],[[140.9646,38.7457],[140.9817,38.7421],[140.9838,38.7393],[140.9893,38.735]],[[140.9273,38.7592],[140.9299,38.7563],[140.9344,38.7538],[140.9522,38.7464],[140.9618,38.747],[140.9646,38.7457]],[[140.9034,38.7665],[140.9092,38.7662],[140.9194,38.7622],[140.9251,38.7617],[140.9273,38.7592]],[[140.8888,38.7674],[140.8949,38.7699],[140.8971,38.7688],[140.8985,38.7665],[140.9034,38.7665]],[[140.8688,38.7802],[140.8687,38.7766],[140.8753,38.7775],[140.8797,38.7763],[140.883,38.7741],[140.8888,38.7674]],[[140.8499,38.7881],[140.853,38.7847],[140.8547,38.7797],[140.857,38.7774],[140.8617,38.7808],[140.8676,38.7826],[140.8688,38.7823],[140.8688,38.7802]],[[140.8379,38.7954],[140.8406,38.7946],[140.8464,38.7893],[140.8499,38.7881]],[[140.8362,38.7934],[140.8365,38.795],[140.8379,38.7954]],[[140.8177,38.8043],[140.8188,38.8013],[140.8217,38.8007],[140.8241,38.7989],[140.8252,38.7997],[140.8282,38.7988],[140.8301,38.7945],[140.8362,38.7934]],[[140.8096,38.8134],[140.8137,38.8141],[140.8152,38.8133],[140.8143,38.8105],[140.8174,38.8086],[140.8157,38.8059],[140.8177,38.8043]],[[140.8045,38.8204],[140.807,38.8188],[140.8096,38.8134]],[[140.7987,38.8233],[140.8018,38.8228],[140.8021,38.8201],[140.8045,38.8204]],[[140.7768,38.8423],[140.7789,38.8411],[140.78,38.8385],[140.7839,38.8372],[140.7877,38.8332],[140.7931,38.8314],[140.7966,38.828],[140.7972,38.825],[140.7987,38.8233]],[[140.7762,38.8456],[140.7768,38.8423]],[[140.7825,38.8552],[140.7777,38.8509],[140.7762,38.8456]],[[140.7697,38.8696],[140.7708,38.8682],[140.7742,38.8672],[140.7777,38.8627],[140.7765,38.8623],[140.7773,38.8618],[140.7779,38.8572],[140.7818,38.8562],[140.7825,38.8552]],[[140.7703,38.8755],[140.7706,38.8727],[140.7697,38.8696]],[[140.7706,38.8761],[140.7703,38.8755]],[[140.7696,38.8889],[140.7676,38.8861],[140.7678,38.8836],[140.7668,38.8817],[140.7698,38.8788],[140.7706,38.8761]],[[140.7558,38.896],[140.7602,38.895],[140.7602,38.8935],[140.7642,38.8921],[140.7661,38.8899],[140.7696,38.8889]],[[140.7361,38.9121],[140.7365,38.9106],[140.741,38.9102],[140.74,38.9078],[140.7432,38.9064],[140.7441,38.9046],[140.7463,38.9041],[140.7457,38.9027],[140.7475,38.8985],[140.7494,38.8975],[140.7545,38.8971],[140.7558,38.896]],[[140.7324,38.9136],[140.7361,38.9121]],[[140.7322,38.9137],[140.7324,38.9136]]]}},{"type":"Feature","properties":{"t":"riviere","km":50,"nom":"伊南川"},"geometry":{"type":"MultiLineString","coordinates":[[[139.3232,37.3463],[139.3233,37.3488],[139.3249,37.3514]],[[139.3272,37.3333],[139.3219,37.3413],[139.3232,37.3463]],[[139.329,37.3313],[139.3272,37.3333]],[[139.3351,37.3284],[139.329,37.3313]],[[139.3361,37.3283],[139.3351,37.3284]],[[139.3392,37.3217],[139.3386,37.3259],[139.3361,37.3283]],[[139.3454,37.3159],[139.3413,37.3185],[139.3392,37.3217]],[[139.3526,37.3117],[139.3454,37.3159]],[[139.3607,37.3081],[139.3581,37.3084],[139.3526,37.3117]],[[139.3738,37.3087],[139.3607,37.3081]],[[139.3743,37.3086],[139.3738,37.3087]],[[139.3751,37.3084],[139.3743,37.3086]],[[139.3827,37.307],[139.3751,37.3084]],[[139.3857,37.3071],[139.3827,37.307]],[[139.3864,37.3072],[139.3857,37.3071]],[[139.3944,37.31],[139.3864,37.3072]],[[139.3944,37.31],[139.3896,37.3065]],[[139.3896,37.3065],[139.385,37.3064]],[[139.385,37.3064],[139.3827,37.307]],[[139.3967,37.3114],[139.3944,37.31]],[[139.4005,37.3121],[139.3967,37.3114]],[[139.4036,37.3121],[139.4005,37.3121]],[[139.4036,37.3121],[139.4023,37.3116]],[[139.4023,37.3116],[139.3967,37.3114]],[[139.3857,37.3071],[139.385,37.3064]],[[139.4143,37.3105],[139.4023,37.3116]],[[139.4161,37.3095],[139.4143,37.3105]],[[139.4177,37.31],[139.4161,37.3095]],[[139.4177,37.31],[139.4143,37.3105]],[[139.4119,37.3109],[139.4083,37.3121],[139.4036,37.3121]],[[139.4181,37.31],[139.4177,37.31]],[[139.4212,37.3101],[139.4181,37.31]],[[139.4257,37.3105],[139.4212,37.3101]],[[139.4385,37.3161],[139.4328,37.3148],[139.4257,37.3105]],[[139.4401,37.3158],[139.4385,37.3161]],[[139.4423,37.3158],[139.4401,37.3158]],[[139.4462,37.3119],[139.4423,37.3158]],[[139.4466,37.3117],[139.4462,37.3119]],[[139.45,37.3065],[139.4504,37.308],[139.4466,37.3117]],[[139.4521,37.3047],[139.4507,37.305],[139.45,37.3065]],[[139.4527,37.3046],[139.4521,37.3047]],[[139.4594,37.3028],[139.4572,37.304],[139.4527,37.3046]],[[139.4619,37.3008],[139.4594,37.3028]],[[139.4668,37.2956],[139.4619,37.3008]],[[139.4777,37.291],[139.4699,37.2928],[139.4668,37.2956]],[[139.4801,37.2892],[139.4777,37.291]],[[139.4803,37.2891],[139.4801,37.2892]],[[139.4901,37.2889],[139.4832,37.2881],[139.4803,37.2891]],[[139.4918,37.2894],[139.4901,37.2889]],[[139.4945,37.2882],[139.4918,37.2894]],[[139.4945,37.2882],[139.4901,37.2889]],[[139.4468,37.311],[139.4401,37.3158]],[[139.5053,37.285],[139.4945,37.2882]],[[139.5068,37.285],[139.5053,37.285]],[[139.5098,37.2842],[139.5068,37.285]],[[139.5098,37.2842],[139.5073,37.2841]],[[139.5073,37.2841],[139.5053,37.285]],[[139.5212,37.2759],[139.5098,37.2842]],[[139.5238,37.2745],[139.5212,37.2759]],[[139.5246,37.2739],[139.5238,37.2745]],[[139.5343,37.2684],[139.5246,37.2739]],[[139.5353,37.2666],[139.5343,37.2684]],[[139.5352,37.2659],[139.5353,37.2666]],[[139.5349,37.2654],[139.5352,37.2659]],[[139.5348,37.263],[139.5349,37.2654]],[[139.5347,37.2606],[139.5348,37.263]],[[139.5369,37.2577],[139.5347,37.2606]],[[139.5376,37.2571],[139.5369,37.2577]],[[139.5381,37.2553],[139.5376,37.2571]],[[139.5468,37.2393],[139.5463,37.2428],[139.5399,37.2502],[139.5381,37.2553]],[[139.5451,37.2343],[139.5468,37.2393]],[[139.5449,37.2332],[139.5451,37.2343]],[[139.5396,37.2275],[139.5436,37.2307],[139.5449,37.2332]],[[139.5331,37.2166],[139.5332,37.2232],[139.5396,37.2275]],[[139.5315,37.214],[139.5331,37.2166]],[[139.5299,37.2114],[139.5315,37.214]],[[139.5285,37.2083],[139.5299,37.2114]],[[139.5272,37.1999],[139.5269,37.2049],[139.5285,37.2083]],[[139.5298,37.1949],[139.5272,37.1999]],[[139.5287,37.1913],[139.5298,37.1949]],[[139.5227,37.1803],[139.5287,37.1913]],[[139.5234,37.1776],[139.5227,37.1803]],[[139.5241,37.1758],[139.5234,37.1776]],[[139.5217,37.1711],[139.5241,37.1758]],[[139.5207,37.1695],[139.5217,37.1711]],[[139.5145,37.1613],[139.5152,37.164],[139.5207,37.1695]],[[139.5143,37.1573],[139.5145,37.1613]],[[139.5141,37.1564],[139.5143,37.1573]],[[139.5112,37.1528],[139.5141,37.1564]],[[139.4919,37.1461],[139.4951,37.1488],[139.5,37.1471],[139.5016,37.1474],[139.5012,37.1516],[139.5027,37.1538],[139.5081,37.1515],[139.5112,37.1528]],[[139.4856,37.1402],[139.4919,37.1461]],[[139.4764,37.1353],[139.479,37.1352],[139.4808,37.1374],[139.4856,37.1402]],[[139.4733,37.1336],[139.4764,37.1353]],[[139.4694,37.129],[139.4727,37.1318],[139.4733,37.1336]],[[139.4591,37.1193],[139.4604,37.122],[139.4684,37.1235],[139.4694,37.1252],[139.4694,37.129]],[[139.4587,37.1189],[139.4591,37.1193]],[[139.4539,37.1146],[139.4564,37.1183],[139.4587,37.1189]],[[139.4523,37.1078],[139.4539,37.1146]],[[139.4511,37.1026],[139.4523,37.1078]],[[139.4489,37.1009],[139.4511,37.1026]],[[139.4414,37.0942],[139.4458,37.0955],[139.4454,37.0963],[139.4489,37.1009]],[[139.4368,37.0898],[139.4392,37.0936],[139.4414,37.0942]],[[139.427,37.0842],[139.4345,37.0892],[139.4368,37.0898]],[[139.4218,37.0803],[139.4248,37.0807],[139.427,37.0842]],[[139.4196,37.0774],[139.4198,37.0796],[139.4218,37.0803]],[[139.4158,37.0752],[139.4163,37.0768],[139.4187,37.0764],[139.4196,37.0774]],[[139.4126,37.0603],[139.4141,37.0618],[139.413,37.0645],[139.4133,37.0666],[139.4178,37.0691],[139.4183,37.0703],[139.4158,37.0752]],[[139.4013,37.0482],[139.4012,37.05],[139.4024,37.0517],[139.4088,37.0518],[139.4081,37.0534],[139.4105,37.0585],[139.4126,37.0603]],[[139.4011,37.0382],[139.4033,37.0448],[139.4013,37.0482]],[[139.392,37.0281],[139.395,37.0296],[139.3951,37.0344],[139.3992,37.0355],[139.4011,37.0382]],[[139.3832,37.0176],[139.3844,37.0203],[139.3875,37.0215],[139.392,37.0281]],[[139.3749,37.0084],[139.3832,37.0176]],[[139.369,37.0041],[139.3708,37.0038],[139.3749,37.0084]],[[139.3687,37.0041],[139.369,37.0041]],[[139.3616,37.0005],[139.3654,37.0017],[139.3687,37.0041]],[[139.3608,36.9998],[139.3616,37.0005]],[[139.3587,36.9977],[139.3608,36.9998]],[[139.3555,36.9931],[139.3587,36.9977]],[[139.3476,36.9852],[139.3529,36.9892],[139.3555,36.9931]],[[139.3463,36.9817],[139.3475,36.9826],[139.3476,36.9852]],[[139.3468,36.9748],[139.3463,36.9817]],[[139.3464,36.9734],[139.3468,36.9748]],[[139.3468,36.9731],[139.3464,36.9734]],[[139.3471,36.973],[139.3468,36.9731]],[[139.3533,36.9696],[139.3522,36.9709],[139.3471,36.973]],[[139.3552,36.9593],[139.3542,36.96],[139.3549,36.9618],[139.3533,36.9696]],[[139.3615,36.946],[139.3596,36.95],[139.3579,36.9513],[139.3582,36.9526],[139.3559,36.9552],[139.3552,36.9593]],[[139.3658,36.943],[139.3615,36.946]],[[139.3864,36.9341],[139.3827,36.9336],[139.3777,36.9378],[139.375,36.9382],[139.367,36.9432],[139.3658,36.943]]]}},{"type":"Feature","properties":{"t":"riviere","km":60,"nom":"千歳川"},"geometry":{"type":"MultiLineString","coordinates":[[[141.2203,42.7861],[141.2169,42.7852],[141.2107,42.7859],[141.2063,42.7834],[141.1986,42.7741],[141.1987,42.7723]],[[141.1987,42.7723],[141.1977,42.7716],[141.1983,42.77],[141.1977,42.7643],[141.1963,42.7618],[141.1944,42.7612],[141.1914,42.7584],[141.192,42.758],[141.1909,42.7531],[141.1888,42.7493],[141.1905,42.7483],[141.1905,42.7357],[141.1921,42.732],[141.1916,42.7286],[141.1954,42.7226]],[[141.1954,42.7226],[141.1969,42.7218],[141.2034,42.722],[141.2056,42.7206]],[[141.2056,42.7206],[141.2093,42.7192],[141.2149,42.7189]],[[141.2149,42.7189],[141.2186,42.7178],[141.2211,42.7184]],[[141.2211,42.7184],[141.2286,42.7163]],[[141.2286,42.7163],[141.2298,42.7152],[141.2339,42.7152],[141.2371,42.717],[141.2414,42.7157]],[[141.2414,42.7157],[141.2479,42.7177],[141.2522,42.7207],[141.2514,42.7235],[141.2481,42.7253],[141.248,42.7277],[141.257,42.7305],[141.2611,42.7288],[141.2624,42.7297],[141.265,42.7296]],[[141.265,42.7296],[141.2668,42.7286]],[[141.2668,42.7286],[141.2707,42.7316]],[[141.2707,42.7316],[141.2973,42.7525]],[[141.2973,42.7525],[141.3039,42.7549]],[[141.3039,42.7549],[141.3859,42.7693]],[[141.3859,42.7693],[141.4032,42.7711]],[[141.4032,42.7711],[141.4096,42.7709],[141.4164,42.7676],[141.4266,42.765],[141.4312,42.7653],[141.4321,42.7684],[141.4348,42.7723],[141.4317,42.7755],[141.4326,42.7784],[141.4305,42.7828],[141.431,42.7846],[141.4336,42.787],[141.4374,42.789]],[[141.4374,42.789],[141.4443,42.7933],[141.4476,42.7921],[141.4519,42.7925],[141.4573,42.7968],[141.4737,42.7939],[141.4787,42.7948],[141.4794,42.7976],[141.4819,42.7984],[141.4948,42.7953],[141.4989,42.7959],[141.5015,42.7949],[141.5038,42.7962],[141.5109,42.7971],[141.5216,42.7966]],[[141.5216,42.7966],[141.535,42.7972],[141.5363,42.7989],[141.539,42.799],[141.5404,42.801],[141.5503,42.8041]],[[141.5503,42.8041],[141.5576,42.8037],[141.565,42.8059]],[[141.565,42.8059],[141.5681,42.8059]],[[141.5681,42.8059],[141.5686,42.8062]],[[141.5686,42.8062],[141.5689,42.8067]],[[141.5689,42.8067],[141.5694,42.8073]],[[141.5694,42.8073],[141.5698,42.8082]],[[141.5698,42.8082],[141.57,42.8088]],[[141.57,42.8088],[141.5724,42.8104]],[[141.5724,42.8104],[141.5765,42.8088],[141.5819,42.8103],[141.5832,42.8091],[141.5857,42.8091],[141.5871,42.8106],[141.592,42.8088]],[[141.592,42.8088],[141.5942,42.8123]],[[141.5942,42.8123],[141.5943,42.8136],[141.597,42.8159]],[[141.597,42.8159],[141.6021,42.8136],[141.6095,42.8141],[141.6093,42.8157],[141.6081,42.8165],[141.6118,42.8171],[141.6198,42.8158],[141.6247,42.8163],[141.6289,42.8185],[141.6337,42.8183],[141.6361,42.8196],[141.6398,42.8197],[141.641,42.8185],[141.6452,42.8194]],[[141.6452,42.8194],[141.6463,42.8201]],[[141.6463,42.8201],[141.6512,42.8222],[141.6545,42.8256],[141.6579,42.8269]],[[141.6579,42.8269],[141.6606,42.8336],[141.6594,42.8355],[141.6596,42.8373],[141.6632,42.8401],[141.6648,42.84]],[[141.6648,42.84],[141.6663,42.8411],[141.6671,42.8439],[141.6701,42.8449],[141.6726,42.8503],[141.6702,42.8576]],[[141.6702,42.8576],[141.6686,42.8599]],[[141.6686,42.8599],[141.6559,42.8733],[141.6492,42.8833]],[[141.6492,42.8833],[141.6478,42.8878],[141.6489,42.8922]],[[141.6489,42.8922],[141.6545,42.9011],[141.6523,42.9059]],[[141.6523,42.9059],[141.6532,42.9087],[141.6588,42.9118],[141.6603,42.9139]],[[141.6603,42.9139],[141.6584,42.9182],[141.6501,42.9277],[141.6494,42.9325],[141.6525,42.9415]],[[141.6525,42.9415],[141.6515,42.9434],[141.647,42.947]],[[141.647,42.947],[141.6447,42.9488],[141.6374,42.9501]],[[141.6374,42.9501],[141.634,42.9572],[141.6343,42.9582]],[[141.6343,42.9582],[141.6355,42.961]],[[141.6355,42.961],[141.6333,42.968]],[[141.6333,42.968],[141.6325,42.9698]],[[141.6325,42.9698],[141.6292,42.9723],[141.6231,42.9727],[141.6212,42.9741],[141.621,42.9769],[141.6247,42.9806],[141.6222,42.9831]],[[141.6222,42.9831],[141.6123,42.9854],[141.6079,42.9877],[141.6002,42.9843],[141.5957,42.9848]],[[141.5957,42.9848],[141.5947,42.9863],[141.5945,42.9921],[141.5874,42.9959]],[[141.5874,42.9959],[141.587,42.9962]],[[141.587,42.9962],[141.5804,43.0051],[141.58,43.009]],[[141.58,43.009],[141.5815,43.0153],[141.5784,43.0186]],[[141.5784,43.0186],[141.5754,43.0204],[141.5684,43.0216],[141.5682,43.024]],[[141.5682,43.024],[141.5702,43.0268],[141.5655,43.0308],[141.5645,43.0357]],[[141.5645,43.0357],[141.5683,43.0374]],[[141.5683,43.0374],[141.5702,43.0381],[141.5737,43.0424]],[[141.5737,43.0424],[141.5733,43.0477],[141.5741,43.0494],[141.5793,43.0516],[141.5834,43.0521],[141.5898,43.0564],[141.588,43.0693],[141.5907,43.0756],[141.588,43.077],[141.5852,43.0764],[141.58,43.0788],[141.5804,43.0818],[141.5769,43.0853],[141.5776,43.0896],[141.5744,43.0931],[141.573,43.1003],[141.5674,43.1057],[141.5623,43.1091],[141.5623,43.1126],[141.5566,43.1168],[141.558,43.1195]]]}},{"type":"Feature","properties":{"t":"riviere","km":55,"nom":"札内川"},"geometry":{"type":"MultiLineString","coordinates":[[[143.2224,42.9061],[143.2291,42.9117],[143.2277,42.9164],[143.2278,42.9188],[143.229,42.9202],[143.2282,42.9229],[143.2315,42.9262],[143.2413,42.93],[143.254,42.9328],[143.2559,42.9341],[143.2555,42.9358],[143.2561,42.9363],[143.2622,42.9363],[143.2671,42.9341]],[[143.1906,42.8465],[143.1913,42.8485],[143.194,42.8502],[143.1966,42.8545],[143.197,42.8573],[143.1955,42.8602],[143.1978,42.8658],[143.2063,42.873],[143.2092,42.8767],[143.2089,42.8836],[143.2109,42.887],[143.2106,42.8913],[143.2141,42.8945],[143.2162,42.8996],[143.2205,42.9029],[143.2224,42.9061]],[[143.1519,42.7347],[143.1536,42.7389],[143.1508,42.7424],[143.1521,42.7456],[143.1506,42.7466],[143.1504,42.7486],[143.1486,42.7507],[143.1467,42.7506],[143.1452,42.7523],[143.1458,42.7548],[143.1449,42.7587],[143.1455,42.7621],[143.147,42.7637],[143.1452,42.7661],[143.142,42.7673],[143.1357,42.7716],[143.1371,42.7784],[143.139,42.7798],[143.139,42.7829],[143.1441,42.7886],[143.144,42.7906],[143.1516,42.793],[143.1548,42.7985],[143.1564,42.8039],[143.1562,42.812],[143.1699,42.825],[143.1708,42.8281],[143.1835,42.8358],[143.1856,42.8385],[143.1865,42.8439],[143.1906,42.8465]],[[143.1399,42.7215],[143.1468,42.7278],[143.1519,42.7347]],[[143.1245,42.7026],[143.1257,42.7045],[143.1286,42.7058],[143.1302,42.7121],[143.1351,42.7147],[143.1355,42.7193],[143.1399,42.7215]],[[143.1015,42.6818],[143.1039,42.6871],[143.1039,42.689],[143.1091,42.6913],[143.1121,42.6955],[143.1157,42.698],[143.1245,42.7026]],[[143.0957,42.6523],[143.1011,42.6557],[143.1031,42.6595],[143.1017,42.6665],[143.1052,42.6705],[143.1022,42.6757],[143.102,42.679],[143.101,42.6799],[143.1015,42.6818]],[[143.0856,42.6405],[143.093,42.6451],[143.095,42.6482],[143.0957,42.6523]],[[143.044,42.6132],[143.0466,42.6139],[143.0498,42.6123],[143.0533,42.6128],[143.0572,42.6119],[143.0614,42.6134],[143.0634,42.6172],[143.0669,42.6186],[143.0661,42.6202],[143.0684,42.6235],[143.0716,42.6248],[143.0749,42.6303],[143.0803,42.6345],[143.082,42.6378],[143.0856,42.6405]],[[143.0432,42.6115],[143.044,42.6132]],[[143.0402,42.6112],[143.0432,42.6115]],[[143.0196,42.6089],[143.025,42.6108],[143.0307,42.6112],[143.032,42.6103],[143.0349,42.6115],[143.0402,42.6112]],[[143.0092,42.6083],[143.0157,42.6077],[143.0196,42.6089]],[[143.0023,42.6055],[143.0092,42.6083]],[[142.9813,42.6042],[142.9853,42.6045],[142.9898,42.6061],[142.994,42.6051],[142.9992,42.6066],[143.0023,42.6055]],[[142.9798,42.6039],[142.9813,42.6042]],[[142.975,42.6018],[142.9798,42.6039]],[[142.9661,42.6017],[142.975,42.6018]],[[142.9549,42.5962],[142.9598,42.6003],[142.9661,42.6017]],[[142.9407,42.5869],[142.9424,42.5866],[142.9486,42.5899],[142.9549,42.5962]],[[142.9324,42.5833],[142.9407,42.5869]],[[142.9234,42.588],[142.9298,42.5839],[142.9324,42.5833]],[[142.9227,42.5884],[142.9234,42.588]],[[142.9016,42.5837],[142.9078,42.5849],[142.9109,42.5889],[142.9227,42.5884]],[[142.8988,42.5842],[142.9016,42.5837]],[[142.8782,42.5977],[142.8804,42.5969],[142.8814,42.5931],[142.8833,42.5907],[142.8873,42.5879],[142.8897,42.5851],[142.8988,42.5842]],[[142.88,42.6019],[142.8803,42.6012],[142.8779,42.599],[142.8782,42.5977]],[[142.8636,42.6225],[142.8648,42.6217],[142.8648,42.6184],[142.868,42.6174],[142.8686,42.6133],[142.871,42.6113],[142.8692,42.6092],[142.87,42.6063],[142.8716,42.6053],[142.8734,42.6055],[142.8749,42.6029],[142.8786,42.6028],[142.88,42.6019]],[[142.861,42.6239],[142.8636,42.6225]],[[142.8387,42.631],[142.8422,42.6295],[142.8473,42.6292],[142.8491,42.6312],[142.8511,42.6317],[142.8539,42.6282],[142.8567,42.6276],[142.861,42.6239]],[[142.8273,42.6306],[142.8337,42.6298],[142.8359,42.6311],[142.8387,42.631]],[[142.815,42.6383],[142.8179,42.6408],[142.8218,42.6401],[142.8241,42.6385],[142.824,42.6356],[142.8263,42.6341],[142.8255,42.6313],[142.8273,42.6306]],[[142.8044,42.6454],[142.808,42.646],[142.8099,42.6409],[142.8128,42.6403],[142.815,42.6383]],[[142.7984,42.6488],[142.7983,42.6463],[142.7995,42.645],[142.802,42.6445],[142.8044,42.6454]],[[142.8043,42.6688],[142.8027,42.6678],[142.8047,42.666],[142.8048,42.6638],[142.8061,42.6632],[142.8061,42.6617],[142.8051,42.6596],[142.8023,42.6573],[142.8006,42.6572],[142.8002,42.6557],[142.7988,42.6549],[142.7984,42.6488]],[[142.811,42.6722],[142.8073,42.6694],[142.8043,42.6688]],[[142.8059,42.6876],[142.8105,42.6833],[142.8136,42.6829],[142.8152,42.6812],[142.8138,42.6797],[142.811,42.6722]],[[143.2559,42.9341],[143.2595,42.936]],[[143.2563,42.9345],[143.2608,42.9331],[143.2668,42.9341]]]}},{"type":"Feature","properties":{"t":"riviere","km":87,"nom":"利別川"},"geometry":{"type":"MultiLineString","coordinates":[[[143.4515,42.8889],[143.4521,42.8801],[143.4587,42.8605]],[[143.4528,42.9099],[143.4538,42.906],[143.4515,42.8889]],[[143.4512,42.9136],[143.4528,42.9099]],[[143.4494,42.9158],[143.4512,42.9136]],[[143.4385,42.934],[143.4417,42.9292],[143.4424,42.9236],[143.4437,42.9212],[143.4494,42.9158]],[[143.4375,42.9359],[143.4385,42.934]],[[143.4449,42.9643],[143.4445,42.96],[143.4368,42.9545],[143.4388,42.9483],[143.4371,42.9449],[143.4381,42.9389],[143.4375,42.9359]],[[143.4458,42.9677],[143.4449,42.9643]],[[143.4496,42.9848],[143.4505,42.9841],[143.4504,42.9827],[143.4469,42.9794],[143.4455,42.9766],[143.4458,42.9677]],[[143.4501,42.989],[143.4484,42.9871],[143.4496,42.9848]],[[143.4449,43.0019],[143.4458,42.9993],[143.449,42.9955],[143.4488,42.9939],[143.4503,42.9913],[143.4501,42.989]],[[143.4497,43.0089],[143.4461,43.0048],[143.4449,43.0019]],[[143.4452,43.0181],[143.4486,43.0129],[143.4497,43.0089]],[[143.4446,43.0255],[143.4452,43.0181]],[[143.4537,43.0417],[143.4527,43.0372],[143.4507,43.0336],[143.446,43.0285],[143.4446,43.0255]],[[143.4674,43.0608],[143.4632,43.0593],[143.4619,43.0515],[143.4543,43.0461],[143.4537,43.0417]],[[143.4717,43.0633],[143.4674,43.0608]],[[143.4796,43.0733],[143.4762,43.0685],[143.4722,43.0653],[143.4717,43.0633]],[[143.4855,43.0766],[143.4796,43.0733]],[[143.4951,43.078],[143.49,43.0767],[143.4855,43.0766]],[[143.5003,43.0815],[143.4974,43.0803],[143.4951,43.078]],[[143.5101,43.0928],[143.5029,43.0883],[143.5019,43.0866],[143.5021,43.0834],[143.5003,43.0815]],[[143.513,43.0965],[143.5101,43.0928]],[[143.5149,43.0985],[143.513,43.0965]],[[143.5183,43.1029],[143.5149,43.0985]],[[143.5341,43.1092],[143.5233,43.1056],[143.5183,43.1029]],[[143.5353,43.1104],[143.5341,43.1092]],[[143.5386,43.1128],[143.5353,43.1104]],[[143.5418,43.117],[143.5401,43.1137],[143.5386,43.1128]],[[143.5855,43.1136],[143.5765,43.1139],[143.5646,43.111],[143.5508,43.1176],[143.5442,43.1178],[143.5418,43.117]],[[143.5888,43.1149],[143.5855,43.1136]],[[143.6033,43.1214],[143.5888,43.1149]],[[143.606,43.1274],[143.6061,43.1241],[143.6033,43.1214]],[[143.6131,43.1354],[143.6114,43.1336],[143.6067,43.1313],[143.606,43.1274]],[[143.6121,43.1398],[143.6137,43.1379],[143.6131,43.1354]],[[143.6065,43.1412],[143.6121,43.1398]],[[143.6011,43.1413],[143.6065,43.1412]],[[143.5945,43.1424],[143.5972,43.1414],[143.6011,43.1413]],[[143.5976,43.1499],[143.597,43.1474],[143.5943,43.1442],[143.5945,43.1424]],[[143.5955,43.1669],[143.5969,43.1645],[143.5959,43.1615],[143.5893,43.1565],[143.5976,43.1499]],[[143.5853,43.1692],[143.5955,43.1669]],[[143.5857,43.1791],[143.5887,43.1771],[143.5867,43.1714],[143.585,43.1705],[143.5853,43.1692]],[[143.576,43.1841],[143.5789,43.1834],[143.5857,43.1791]],[[143.5815,43.1944],[143.571,43.1906],[143.5693,43.1884],[143.5695,43.1863],[143.5708,43.1852],[143.576,43.1841]],[[143.5806,43.2028],[143.5806,43.1984],[143.5826,43.1957],[143.5815,43.1944]],[[143.5749,43.2113],[143.5806,43.2028]],[[143.5695,43.2153],[143.5749,43.2113]],[[143.5686,43.2171],[143.5695,43.2153]],[[143.5481,43.2306],[143.5482,43.2284],[143.5502,43.226],[143.5541,43.2238],[143.5659,43.22],[143.5686,43.2171]],[[143.557,43.2339],[143.5481,43.2306]],[[143.5626,43.2375],[143.557,43.2339]],[[143.5607,43.2389],[143.5626,43.2375]],[[143.5552,43.2469],[143.5566,43.2451],[143.5556,43.2426],[143.5561,43.2399],[143.5576,43.2388],[143.5607,43.2389]],[[143.5457,43.2548],[143.5498,43.2539],[143.5552,43.2469]],[[143.5383,43.2665],[143.5328,43.2656],[143.5325,43.264],[143.5397,43.2609],[143.5403,43.259],[143.5392,43.2568],[143.5457,43.2548]],[[143.5416,43.2703],[143.5383,43.2665]],[[143.5447,43.2777],[143.5422,43.2738],[143.5416,43.2703]],[[143.5531,43.2796],[143.5511,43.2788],[143.547,43.2792],[143.5447,43.2777]],[[143.5514,43.2821],[143.5531,43.2796]],[[143.561,43.2873],[143.5594,43.2856],[143.5555,43.2847],[143.5514,43.2821]],[[143.5558,43.2945],[143.5555,43.2926],[143.561,43.2873]],[[143.5594,43.2961],[143.5574,43.2959],[143.5558,43.2945]],[[143.5667,43.2973],[143.5594,43.2961]],[[143.5836,43.3133],[143.5869,43.311],[143.5842,43.3087],[143.5788,43.309],[143.5742,43.3049],[143.5666,43.3052],[143.5646,43.3045],[143.5646,43.3021],[143.5668,43.2995],[143.5667,43.2973]],[[143.5701,43.3128],[143.5761,43.3109],[143.5805,43.3138],[143.5836,43.3133]],[[143.5688,43.3147],[143.5701,43.3128]],[[143.6022,43.3365],[143.5997,43.3323],[143.6015,43.3279],[143.6009,43.3261],[143.5964,43.3264],[143.5939,43.33],[143.5927,43.3294],[143.5923,43.3253],[143.59,43.3237],[143.5853,43.325],[143.5776,43.3247],[143.5766,43.3239],[143.5765,43.3194],[143.5688,43.3147]],[[143.6015,43.3404],[143.6029,43.3401],[143.6022,43.3365]],[[143.6007,43.3533],[143.595,43.3427],[143.5974,43.3399],[143.6015,43.3404]],[[143.6007,43.3534],[143.6007,43.3533]],[[143.6069,43.359],[143.6047,43.3589],[143.601,43.3553],[143.6007,43.3534]],[[143.6303,43.3677],[143.6302,43.3667],[143.6349,43.3646],[143.6359,43.3628],[143.6299,43.3619],[143.628,43.3586],[143.6181,43.3609],[143.6134,43.3582],[143.6098,43.3578],[143.6069,43.359]],[[143.6376,43.3675],[143.6353,43.3694],[143.6303,43.3677]],[[143.6435,43.3653],[143.6376,43.3675]],[[143.6584,43.369],[143.6571,43.3683],[143.6533,43.3694],[143.6517,43.371],[143.6481,43.3715],[143.6466,43.3707],[143.6435,43.3653]],[[143.6608,43.3756],[143.6614,43.3713],[143.6584,43.369]],[[143.6663,43.3786],[143.6611,43.3765],[143.6608,43.3756]],[[143.6738,43.3851],[143.6699,43.3867],[143.6686,43.3823],[143.6663,43.3786]],[[143.6761,43.3848],[143.6738,43.3851]],[[143.6837,43.3912],[143.6793,43.3854],[143.6761,43.3848]],[[143.6841,43.3916],[143.6837,43.3912]],[[143.6889,43.3932],[143.6841,43.3916]],[[143.691,43.3939],[143.6889,43.3932]],[[143.7021,43.3935],[143.6951,43.3965],[143.691,43.3939]],[[143.7046,43.4004],[143.7038,43.3951],[143.7021,43.3935]],[[143.7057,43.4039],[143.7057,43.4016],[143.7046,43.4004]],[[143.7166,43.4169],[143.7124,43.4169],[143.7068,43.415],[143.706,43.4134],[143.7068,43.4108],[143.7091,43.409],[143.7057,43.4039]],[[143.7197,43.4185],[143.7166,43.4169]],[[143.7244,43.4242],[143.7197,43.4185]],[[143.724,43.4303],[143.7209,43.4268],[143.7244,43.4242]],[[143.7243,43.4305],[143.724,43.4303]],[[143.7249,43.4311],[143.7243,43.4305]],[[143.7367,43.4429],[143.7362,43.4398],[143.7336,43.4388],[143.7309,43.4354],[143.7249,43.4311]],[[143.7375,43.451],[143.7358,43.4488],[143.7383,43.4461],[143.7367,43.4429]],[[143.7385,43.4542],[143.7369,43.4531],[143.7375,43.451]],[[143.7438,43.4567],[143.7408,43.4539],[143.7385,43.4542]],[[143.7457,43.4638],[143.7438,43.4567]],[[143.731,43.4937],[143.7334,43.4888],[143.7316,43.4852],[143.7362,43.4805],[143.7368,43.4785],[143.7356,43.4747],[143.7394,43.4688],[143.7362,43.465],[143.742,43.4626],[143.7457,43.4638]],[[143.7296,43.4972],[143.731,43.4937]],[[143.7151,43.5162],[143.7143,43.5156],[143.7147,43.5149],[143.7182,43.513],[143.7186,43.5101],[143.7207,43.5078],[143.722,43.5076],[143.7236,43.5048],[143.7286,43.5022],[143.7296,43.4972]],[[143.7203,43.5461],[143.7254,43.5412],[143.7239,43.5378],[143.725,43.5348],[143.723,43.5334],[143.7251,43.5264],[143.7232,43.5259],[143.7192,43.5276],[143.7154,43.5254],[143.7178,43.5196],[143.7177,43.5183],[143.7158,43.518],[143.7151,43.5162]],[[143.7178,43.5556],[143.7168,43.5494],[143.7203,43.5461]],[[143.6866,43.5681],[143.6919,43.5638],[143.7044,43.563],[143.7097,43.5612],[143.7178,43.5556]],[[143.6734,43.5953],[143.6753,43.5922],[143.6751,43.5899],[143.6808,43.5849],[143.6805,43.5821],[143.6822,43.5776],[143.6868,43.5734],[143.686,43.5704],[143.6866,43.5681]],[[143.6433,43.6073],[143.6477,43.6056],[143.6521,43.602],[143.67,43.5974],[143.6734,43.5953]],[[143.6347,43.6081],[143.6433,43.6073]],[[143.6173,43.6024],[143.6286,43.6076],[143.6347,43.6081]],[[143.6099,43.5939],[143.6173,43.6024]]]}},{"type":"Feature","properties":{"t":"riviere","km":69,"nom":"音更川"},"geometry":{"type":"MultiLineString","coordinates":[[[143.2106,42.9455],[143.2094,42.9401],[143.2122,42.9367]],[[143.2117,42.9505],[143.2106,42.9455]],[[143.2202,42.9773],[143.2199,42.9699],[143.2129,42.9584],[143.2117,42.9505]],[[143.2074,42.998],[143.2131,42.9933],[143.2158,42.9884],[143.2173,42.9875],[143.2171,42.9851],[143.219,42.9835],[143.219,42.9813],[143.2203,42.9804],[143.2202,42.9773]],[[143.1929,43.0277],[143.1923,43.0257],[143.1931,43.0228],[143.1981,43.0203],[143.1975,43.015],[143.1992,43.014],[143.1985,43.0114],[143.1997,43.0089],[143.2044,43.0041],[143.2043,43.0018],[143.2074,42.998]],[[143.1949,43.0616],[143.196,43.0453],[143.1941,43.0434],[143.1938,43.0382],[143.1922,43.0362],[143.1941,43.0334],[143.1921,43.0319],[143.1929,43.0277]],[[143.1991,43.0721],[143.1975,43.0686],[143.1981,43.0673],[143.1949,43.0616]],[[143.203,43.0894],[143.1993,43.0803],[143.2004,43.0768],[143.1991,43.0721]],[[143.2189,43.1785],[143.2184,43.1752],[143.2172,43.1744],[143.2151,43.1691],[143.2162,43.1649],[143.2156,43.1595],[143.2163,43.1538],[143.2143,43.1485],[143.2154,43.1459],[143.215,43.1423],[143.2119,43.1378],[143.2137,43.1366],[143.2125,43.1349],[143.2139,43.1327],[143.2149,43.1234],[143.2086,43.1032],[143.2067,43.101],[143.2049,43.1006],[143.2042,43.0959],[143.2031,43.0944],[143.2052,43.0922],[143.203,43.0894]],[[143.2231,43.1883],[143.2189,43.1785]],[[143.2235,43.1898],[143.2231,43.1883]],[[143.2321,43.1969],[143.2276,43.1944],[143.2249,43.1904],[143.2235,43.1898]],[[143.2575,43.216],[143.2523,43.2069],[143.2488,43.2031],[143.2321,43.1969]],[[143.273,43.2397],[143.2678,43.2304],[143.2652,43.2283],[143.2637,43.2241],[143.2608,43.2218],[143.2575,43.216]],[[143.2802,43.2517],[143.273,43.2397]],[[143.294,43.2744],[143.2877,43.2662],[143.2823,43.2615],[143.2836,43.2575],[143.2802,43.2517]],[[143.2949,43.2926],[143.296,43.2901],[143.296,43.285],[143.294,43.2744]],[[143.2951,43.2956],[143.2949,43.2926]],[[143.2901,43.3249],[143.2944,43.324],[143.2941,43.3232],[143.2969,43.3211],[143.2967,43.3179],[143.2943,43.317],[143.2931,43.3145],[143.2975,43.3096],[143.296,43.3073],[143.2932,43.3058],[143.2964,43.2999],[143.2951,43.2956]],[[143.2882,43.3286],[143.2901,43.3249]],[[143.2792,43.3407],[143.287,43.3338],[143.2869,43.3298],[143.2882,43.3286]],[[143.2754,43.3425],[143.2792,43.3407]],[[143.2675,43.3456],[143.2754,43.3425]],[[143.2672,43.3457],[143.2675,43.3456]],[[143.2607,43.3496],[143.2617,43.3474],[143.2648,43.3472],[143.2672,43.3457]],[[143.2595,43.3541],[143.2605,43.353],[143.2607,43.3496]],[[143.2525,43.3609],[143.2568,43.3601],[143.2561,43.3572],[143.2587,43.3565],[143.2595,43.3541]],[[143.2346,43.364],[143.2365,43.3618],[143.2437,43.3632],[143.2474,43.3627],[143.2487,43.3611],[143.2514,43.3617],[143.2525,43.3609]],[[143.2294,43.3665],[143.2346,43.364]],[[143.2211,43.3726],[143.2243,43.3681],[143.2294,43.3665]],[[143.2208,43.3731],[143.2211,43.3726]],[[143.2192,43.375],[143.2208,43.3731]],[[143.2178,43.3764],[143.2192,43.375]],[[143.2114,43.3808],[143.2178,43.3764]],[[143.2062,43.3848],[143.2114,43.3808]],[[143.1989,43.3975],[143.2027,43.3896],[143.2062,43.3848]],[[143.1872,43.4123],[143.1901,43.4086],[143.1963,43.4042],[143.1989,43.3975]],[[143.1802,43.4191],[143.1806,43.4164],[143.1831,43.4153],[143.1845,43.4157],[143.1865,43.4142],[143.1872,43.4123]],[[143.1713,43.4237],[143.1726,43.4227],[143.1757,43.4228],[143.1777,43.4213],[143.1774,43.4195],[143.1802,43.4191]],[[143.1716,43.4247],[143.1713,43.4237]],[[143.1497,43.435],[143.1526,43.4366],[143.1555,43.4363],[143.1656,43.4327],[143.1685,43.4306],[143.171,43.4272],[143.1716,43.4247]],[[143.1452,43.4487],[143.1457,43.4471],[143.1446,43.4459],[143.1456,43.4455],[143.1476,43.4405],[143.1499,43.4395],[143.1492,43.4384],[143.1497,43.435]],[[143.145,43.4542],[143.1431,43.4528],[143.1452,43.4487]],[[143.1495,43.4592],[143.1478,43.4576],[143.1474,43.4536],[143.145,43.4542]],[[143.1419,43.4707],[143.1424,43.4685],[143.1451,43.4659],[143.148,43.4662],[143.1473,43.461],[143.1478,43.4594],[143.1495,43.4592]],[[143.146,43.4851],[143.1461,43.4795],[143.1444,43.4773],[143.144,43.475],[143.1416,43.4731],[143.1419,43.4707]],[[143.1473,43.4896],[143.1456,43.4885],[143.146,43.4851]],[[143.1451,43.4919],[143.147,43.4915],[143.1473,43.4896]],[[143.1486,43.5031],[143.1475,43.5015],[143.1485,43.4999],[143.1466,43.4956],[143.1485,43.4937],[143.1456,43.494],[143.1451,43.4919]],[[143.1475,43.5049],[143.1486,43.5031]],[[143.1395,43.5089],[143.1397,43.5067],[143.1439,43.5058],[143.1441,43.5043],[143.1475,43.5049]],[[143.1285,43.5162],[143.1343,43.512],[143.1376,43.5119],[143.1395,43.5089]],[[143.1197,43.5158],[143.1204,43.5169],[143.1233,43.5157],[143.1237,43.5173],[143.126,43.5155],[143.1266,43.5169],[143.1285,43.5162]],[[143.1087,43.5166],[143.1122,43.5176],[143.114,43.5173],[143.1143,43.5164],[143.1158,43.5171],[143.1197,43.5158]],[[143.1042,43.52],[143.1059,43.5179],[143.1079,43.5178],[143.1087,43.5166]],[[143.1026,43.5208],[143.1042,43.52]],[[143.0863,43.5282],[143.0916,43.5276],[143.0957,43.5253],[143.097,43.5257],[143.1026,43.5208]],[[143.0637,43.5285],[143.0724,43.5288],[143.0752,43.528],[143.0777,43.5288],[143.0844,43.5272],[143.0863,43.5282]],[[143.0604,43.5284],[143.0637,43.5285]],[[143.0539,43.5237],[143.0604,43.5284]],[[143.04,43.5135],[143.0414,43.5125],[143.0445,43.5127],[143.0473,43.5154],[143.0509,43.5168],[143.0534,43.5206],[143.0539,43.5237]],[[143.0375,43.5081],[143.038,43.5112],[143.04,43.5135]],[[143.038,43.4881],[143.0357,43.4892],[143.0351,43.4911],[143.0414,43.5017],[143.039,43.5072],[143.0375,43.5081]],[[143.0401,43.4851],[143.038,43.4881]]]}},{"type":"Feature","properties":{"t":"riviere","km":57,"nom":"筑後川(狭義)"},"geometry":{"type":"MultiLineString","coordinates":[[[130.9023,33.3216],[130.9014,33.3216]],[[130.9014,33.3216],[130.8972,33.3175],[130.8955,33.3135]],[[130.8955,33.3135],[130.895,33.3129]],[[130.895,33.3129],[130.8865,33.3123]],[[130.8865,33.3123],[130.8738,33.3111],[130.8695,33.3135],[130.8672,33.3164]],[[130.8672,33.3164],[130.8639,33.3217]],[[130.8639,33.3217],[130.8548,33.3291],[130.8523,33.3342],[130.8493,33.3377],[130.845,33.3388],[130.8434,33.3366],[130.8456,33.3341],[130.8442,33.3334],[130.8427,33.335]],[[130.8427,33.335],[130.8414,33.3371]],[[130.8414,33.3371],[130.8369,33.3404],[130.8363,33.3422]],[[130.8363,33.3422],[130.8353,33.3438]],[[130.8353,33.3438],[130.8283,33.351],[130.822,33.3542]],[[130.822,33.3542],[130.8189,33.3552]],[[130.8189,33.3552],[130.8165,33.3582]],[[130.8165,33.3582],[130.8153,33.3595]],[[130.8153,33.3595],[130.8105,33.3607],[130.807,33.3599]],[[130.807,33.3599],[130.7957,33.3549],[130.7884,33.3486]],[[130.7884,33.3486],[130.785,33.3485]],[[130.785,33.3485],[130.7786,33.3512],[130.7733,33.3606],[130.7664,33.3646]],[[130.7664,33.3646],[130.7621,33.3657],[130.7575,33.3642],[130.7523,33.3641],[130.7436,33.3663],[130.7421,33.3678]],[[130.7421,33.3678],[130.7357,33.3689]],[[130.7357,33.3689],[130.732,33.3701],[130.7233,33.3701],[130.7166,33.3667]],[[130.7166,33.3667],[130.7146,33.3651],[130.7109,33.3643],[130.7076,33.3618],[130.7022,33.3612]],[[130.7022,33.3612],[130.6925,33.3621]],[[130.6925,33.3621],[130.6662,33.3621]],[[130.6662,33.3621],[130.6599,33.3622]],[[130.6599,33.3622],[130.6527,33.363]],[[130.6527,33.363],[130.6485,33.3631]],[[130.6485,33.3631],[130.6476,33.3626]],[[130.6476,33.3626],[130.6387,33.3575]],[[130.6387,33.3575],[130.6247,33.3488]],[[130.6247,33.3488],[130.6206,33.3451]],[[130.6206,33.3451],[130.6159,33.3435],[130.6038,33.3443],[130.5999,33.3425],[130.5966,33.3395]],[[130.5966,33.3395],[130.5937,33.3375]],[[130.5937,33.3375],[130.5891,33.3346],[130.5861,33.3308]],[[130.5861,33.3308],[130.5822,33.3273]],[[130.5822,33.3273],[130.5715,33.3288],[130.5616,33.3272]],[[130.5616,33.3272],[130.5597,33.3277]],[[130.5597,33.3277],[130.5583,33.3282]],[[130.5583,33.3282],[130.5553,33.3293]],[[130.5553,33.3293],[130.5516,33.3292],[130.5431,33.3246]],[[130.5431,33.3246],[130.5409,33.3243]],[[130.5409,33.3243],[130.5305,33.3258]],[[130.5305,33.3258],[130.5266,33.3282]],[[130.5266,33.3282],[130.5156,33.332],[130.5109,33.3321],[130.5054,33.3303]],[[130.5054,33.3303],[130.5042,33.3293]],[[130.5042,33.3293],[130.4985,33.3258]],[[130.4985,33.3258],[130.4982,33.3257]],[[130.4982,33.3257],[130.4977,33.3254]],[[130.4977,33.3254],[130.4944,33.3204],[130.4903,33.317]],[[130.4903,33.317],[130.4896,33.3165]],[[130.4896,33.3165],[130.4873,33.3135],[130.4847,33.3066],[130.4822,33.3048]],[[130.4822,33.3048],[130.4747,33.3045]],[[130.4747,33.3045],[130.4728,33.3046]],[[130.4728,33.3046],[130.4704,33.3048]],[[130.4704,33.3048],[130.4603,33.3046],[130.4555,33.3018]],[[130.4555,33.3018],[130.4549,33.2997]],[[130.4549,33.2997],[130.4547,33.2972]],[[130.4547,33.2972],[130.4552,33.295]],[[130.4552,33.295],[130.456,33.2888],[130.4535,33.2836]],[[130.4535,33.2836],[130.4508,33.2805]],[[130.4508,33.2805],[130.4485,33.278]],[[130.4485,33.278],[130.448,33.2775]],[[130.448,33.2775],[130.4453,33.2747],[130.4359,33.2711]],[[130.4359,33.2711],[130.435,33.2709]],[[130.435,33.2709],[130.434,33.2709]],[[130.434,33.2709],[130.428,33.2703],[130.4226,33.2657]],[[130.4226,33.2657],[130.422,33.2649]],[[130.422,33.2649],[130.4206,33.263]],[[130.4206,33.263],[130.4186,33.2593]],[[130.4186,33.2593],[130.4181,33.2583]],[[130.4181,33.2583],[130.4158,33.2538]],[[130.4158,33.2538],[130.4151,33.2529]],[[130.4151,33.2529],[130.4144,33.2522]],[[130.4144,33.2522],[130.4133,33.2513]],[[130.4133,33.2513],[130.4089,33.2494],[130.4018,33.2486]],[[130.4018,33.2486],[130.3948,33.2471],[130.3902,33.2449]],[[130.3902,33.2449],[130.3892,33.2443]],[[130.3892,33.2443],[130.3848,33.2404]],[[130.3848,33.2404],[130.3785,33.2287],[130.3787,33.2225]],[[130.3787,33.2225],[130.3761,33.2196],[130.3668,33.2171],[130.3615,33.2144]],[[130.3615,33.2144],[130.3592,33.2112]],[[130.3592,33.2112],[130.3593,33.2104]],[[130.3593,33.2104],[130.3578,33.1958],[130.3525,33.1801]],[[130.3525,33.1801],[130.3514,33.17],[130.353,33.1655]],[[130.353,33.1655],[130.3542,33.1592]],[[130.3542,33.1592],[130.3558,33.1539],[130.3553,33.1406]]]}}]}