{"type":"FeatureCollection","features":[{"type":"Feature","properties":{"n":"p","a":2,"b":3},"geometry":{"type":"LineString","coordinates":[[140.9551,40.2476],[140.9549,40.245],[140.9584,40.2418],[140.9635,40.2406],[140.967,40.238],[140.9673,40.236],[140.9661,40.2351],[140.9686,40.2329],[140.9695,40.2288],[140.9686,40.2264],[140.9721,40.2268],[140.976,40.2258],[140.9759,40.2236],[140.9779,40.2227],[140.9795,40.2198],[140.991,40.2228],[140.9965,40.2192],[141.0018,40.2206],[141.0058,40.2179],[141.0099,40.219],[141.0121,40.2177],[141.0158,40.2181],[141.0163,40.2198],[141.0224,40.2203],[141.026,40.2217],[141.0258,40.2242],[141.0268,40.2266],[141.0415,40.2342],[141.0419,40.2369],[141.0501,40.2365],[141.0597,40.2382],[141.0692,40.2488],[141.072,40.2496],[141.0764,40.2526],[141.079,40.2523],[141.0835,40.2533],[141.0858,40.2518],[141.0883,40.2518],[141.0943,40.2549],[141.1042,40.2558],[141.1064,40.2592],[141.11,40.2611],[141.0998,40.281],[141.1032,40.2805],[141.1068,40.2816],[141.1132,40.2859],[141.1181,40.2878],[141.1197,40.2899],[141.1292,40.2937],[141.1344,40.2948],[141.1366,40.2992],[141.1384,40.3005],[141.1451,40.2996],[141.154,40.3013],[141.161,40.3058],[141.1687,40.3067],[141.1728,40.3101],[141.1785,40.3098],[141.1891,40.3071],[141.1974,40.3076],[141.2038,40.312],[141.2069,40.3124],[141.2092,40.314],[141.2185,40.3152],[141.2186,40.3181],[141.2234,40.3227],[141.2238,40.3248],[141.2254,40.3255],[141.2262,40.3278],[141.2324,40.3284],[141.2328,40.33],[141.2356,40.3311],[141.2381,40.3342],[141.2447,40.3371],[141.2484,40.341],[141.2542,40.3421],[141.2601,40.3419],[141.261,40.3434],[141.2599,40.3445],[141.26,40.3463],[141.2624,40.3495],[141.2668,40.3494],[141.2759,40.3443],[141.2795,40.3448],[141.2814,40.3465],[141.2888,40.3492],[141.2923,40.3517],[141.2929,40.3538],[141.2919,40.3579],[141.2959,40.3607],[141.2935,40.3632],[141.2984,40.3658],[141.3057,40.3656],[141.3104,40.3668],[141.3141,40.3695],[141.316,40.3726],[141.32,40.371],[141.3204,40.37],[141.3244,40.3699],[141.3251,40.3655],[141.3276,40.3652],[141.3283,40.3631],[141.3302,40.3618],[141.3339,40.3619],[141.3363,40.3602],[141.3373,40.3552],[141.3369,40.3517],[141.3345,40.3484],[141.334,40.3456],[141.3368,40.3445],[141.3382,40.3425],[141.3469,40.3402],[141.3484,40.3382],[141.3461,40.3357],[141.3475,40.3348],[141.3509,40.3347],[141.351,40.3311],[141.3531,40.331],[141.3571,40.3339],[141.3701,40.3385],[141.3733,40.3432],[141.3767,40.3411],[141.3766,40.3389],[141.3816,40.3421],[141.3816,40.3441],[141.3834,40.347],[141.3898,40.353],[141.3886,40.3575],[141.3891,40.3592],[141.393,40.3605],[141.3939,40.3639],[141.3972,40.3673],[141.4015,40.3664],[141.4042,40.3613],[141.4055,40.361],[141.4052,40.3596],[141.4071,40.3571],[141.4192,40.3635],[141.4228,40.3633],[141.4236,40.3609],[141.4273,40.3618],[141.4272,40.3647],[141.4294,40.3677],[141.4318,40.3681],[141.4341,40.3724],[141.4339,40.3737],[141.4377,40.3735],[141.4417,40.3761],[141.4461,40.374],[141.4543,40.373],[141.4564,40.3746],[141.463,40.3751],[141.4664,40.3775],[141.471,40.3764],[141.473,40.3771],[141.4771,40.3759],[141.48,40.3764],[141.4811,40.3749],[141.4833,40.3747],[141.4853,40.372],[141.488,40.3723],[141.4964,40.3674],[141.4968,40.3638],[141.4989,40.3621],[141.5038,40.3638],[141.5075,40.3629],[141.5092,40.3593],[141.5113,40.3582],[141.5151,40.3535],[141.5182,40.3518],[141.5237,40.3515],[141.5271,40.3499],[141.5317,40.3515],[141.536,40.3487],[141.5357,40.3474],[141.5372,40.3474],[141.5433,40.3503],[141.5433,40.3514],[141.5455,40.3512],[141.5477,40.3548],[141.5531,40.3578],[141.556,40.3612],[141.5606,40.3607],[141.5637,40.3615],[141.5697,40.3654],[141.5719,40.3659],[141.5724,40.3695],[141.5768,40.3707],[141.5814,40.3739],[141.5811,40.3764],[141.5856,40.3783],[141.5868,40.3807],[141.5838,40.3827],[141.5828,40.385],[141.5846,40.3896],[141.5811,40.3919],[141.5812,40.3984],[141.5851,40.4011],[141.5869,40.407],[141.5901,40.4071],[141.5918,40.409],[141.5934,40.4092],[141.5951,40.4121],[141.5979,40.4132],[141.6125,40.4154],[141.6146,40.4193],[141.6161,40.4202],[141.62,40.4209],[141.6313,40.4203],[141.6399,40.4231],[141.6469,40.4282],[141.6524,40.4277],[141.655,40.4286],[141.6555,40.4296],[141.66,40.4312],[141.6612,40.4339],[141.6699,40.4373],[141.6726,40.4422],[141.6748,40.4435],[141.674,40.4459],[141.676,40.4472],[141.676,40.4485],[141.6827,40.4503]]}},{"type":"Feature","properties":{"n":"p","a":2,"b":5},"geometry":{"type":"LineString","coordinates":[[139.9363,40.4282],[139.9421,40.43],[139.9454,40.4299],[139.948,40.4312],[139.9509,40.4309],[139.9595,40.4349],[139.9635,40.4328],[139.9641,40.4303],[139.9686,40.4289],[139.9698,40.4275],[139.9728,40.4266],[139.9786,40.4281],[139.9812,40.4274],[139.9852,40.4279],[139.9914,40.4321],[139.9937,40.4325],[139.995,40.4351],[139.9974,40.4328],[140.001,40.4329],[140.0033,40.4318],[140.0068,40.427],[140.0091,40.4255],[140.0117,40.4259],[140.0146,40.4221],[140.0194,40.4198],[140.0186,40.4219],[140.0193,40.4233],[140.0174,40.427],[140.0221,40.4298],[140.0226,40.4354],[140.0253,40.4366],[140.026,40.439],[140.0201,40.4468],[140.0206,40.449],[140.0227,40.4513],[140.0248,40.4531],[140.0279,40.4536],[140.0301,40.4552],[140.0314,40.4579],[140.0342,40.4579],[140.0358,40.4592],[140.0362,40.4616],[140.0487,40.4601],[140.0497,40.4618],[140.0541,40.4643],[140.0524,40.4665],[140.0536,40.4678],[140.0592,40.4672],[140.0681,40.4689],[140.0702,40.4684],[140.0714,40.466],[140.0741,40.4646],[140.0792,40.4668],[140.0824,40.4646],[140.0835,40.4624],[140.0871,40.4624],[140.0906,40.4596],[140.0936,40.4589],[140.0995,40.4531],[140.0974,40.4492],[140.0998,40.4456],[140.0992,40.444],[140.1049,40.4409],[140.1076,40.4359],[140.1116,40.4354],[140.1147,40.4362],[140.1179,40.435],[140.1209,40.4364],[140.1336,40.438],[140.1367,40.4396],[140.1398,40.4394],[140.1418,40.4378],[140.1472,40.4381],[140.1492,40.4359],[140.1519,40.435],[140.1624,40.4394],[140.1681,40.4398],[140.1709,40.4381],[140.1742,40.4403],[140.1784,40.4405],[140.1855,40.4433],[140.1875,40.4396],[140.194,40.4348],[140.2053,40.4365],[140.2092,40.4386],[140.2118,40.4357],[140.2202,40.4312],[140.232,40.4343],[140.2374,40.4371],[140.2454,40.4381],[140.25,40.443],[140.2534,40.4415],[140.2604,40.4419],[140.2623,40.4409],[140.2669,40.4407],[140.2745,40.4431],[140.2789,40.446],[140.2844,40.4453],[140.2868,40.4459],[140.2885,40.4449],[140.291,40.4466],[140.2989,40.4463],[140.302,40.4428],[140.3064,40.4425],[140.3079,40.4416],[140.3082,40.4377],[140.3107,40.4363],[140.3153,40.4375],[140.3176,40.4397],[140.321,40.4386],[140.3322,40.4401],[140.3352,40.4394],[140.3391,40.4411],[140.3407,40.4432],[140.3398,40.4443],[140.3418,40.4469],[140.3412,40.45],[140.3439,40.4524],[140.3427,40.4547],[140.3439,40.4565],[140.3431,40.461],[140.347,40.4616],[140.3479,40.4625],[140.3478,40.4676],[140.3525,40.4689],[140.3539,40.4723],[140.3599,40.4759],[140.3599,40.4772],[140.3613,40.4784],[140.3648,40.4785],[140.3672,40.477],[140.3726,40.4762],[140.3779,40.4765],[140.3786,40.4781],[140.3813,40.4793],[140.3837,40.4851],[140.3877,40.4871],[140.3919,40.4847],[140.3941,40.485],[140.3941,40.4828],[140.3957,40.482],[140.3969,40.4797],[140.3966,40.4784],[140.4015,40.4775],[140.4022,40.4749],[140.4087,40.4751],[140.4175,40.48],[140.4271,40.4826],[140.4357,40.48],[140.4373,40.4785],[140.4351,40.4736],[140.4332,40.4719],[140.4335,40.4677],[140.437,40.4655],[140.4374,40.4556],[140.4403,40.4525],[140.4401,40.45],[140.4433,40.4504],[140.4488,40.454],[140.4522,40.4534],[140.4594,40.4565],[140.4644,40.4565],[140.4659,40.454],[140.475,40.4535],[140.481,40.4516],[140.4814,40.4496],[140.4843,40.4462],[140.4835,40.4431],[140.4812,40.4418],[140.4981,40.4364],[140.5014,40.4342],[140.5024,40.4315],[140.5084,40.4286],[140.5123,40.4293],[140.5138,40.4286],[140.5188,40.4308],[140.5277,40.4313],[140.5296,40.4305],[140.5308,40.4267],[140.5293,40.4233],[140.5298,40.4203],[140.5243,40.4197],[140.524,40.4167],[140.5251,40.4133],[140.5236,40.4106],[140.5323,40.4112],[140.5359,40.4095],[140.5378,40.405],[140.5405,40.4027],[140.5447,40.4027],[140.5477,40.404],[140.5505,40.4009],[140.5563,40.3992],[140.5588,40.3971],[140.5671,40.3986],[140.5694,40.4007],[140.5657,40.4035],[140.566,40.4065],[140.5626,40.4099],[140.5594,40.4113],[140.5534,40.4206],[140.5576,40.4257],[140.5607,40.426],[140.5621,40.4271],[140.5643,40.4257],[140.5738,40.4261],[140.5754,40.4288],[140.5768,40.4293],[140.5872,40.4293],[140.5887,40.4302],[140.5897,40.4326],[140.5897,40.4361],[140.5992,40.433],[140.6035,40.4301],[140.604,40.4273],[140.6112,40.4239],[140.6181,40.4233],[140.624,40.4246],[140.6258,40.424],[140.6255,40.4215],[140.633,40.4176],[140.6339,40.411],[140.6363,40.4095],[140.6351,40.4064],[140.6325,40.404],[140.634,40.4023],[140.641,40.4052],[140.6448,40.4031],[140.6488,40.4041],[140.6526,40.4034],[140.6552,40.4048],[140.6598,40.4053],[140.6615,40.4045],[140.6663,40.4095],[140.666,40.4115],[140.6732,40.4115],[140.6754,40.4121],[140.676,40.4139],[140.6783,40.4154],[140.6847,40.4164],[140.6873,40.4184],[140.6884,40.4217],[140.6864,40.4224],[140.6875,40.427],[140.689,40.4277],[140.6917,40.4269],[140.6992,40.4294],[140.7003,40.4276],[140.7026,40.4271],[140.7089,40.4279],[140.7098,40.4297],[140.7155,40.4279],[140.7176,40.4258],[140.7175,40.4211],[140.7218,40.4194],[140.723,40.4166],[140.7259,40.4158],[140.7336,40.4158],[140.7356,40.4194],[140.7355,40.4217],[140.7342,40.4233],[140.7359,40.4253],[140.7359,40.4279],[140.7312,40.4311],[140.7331,40.4331],[140.7355,40.434],[140.7327,40.4359],[140.7339,40.4395],[140.7385,40.4395],[140.7415,40.4379],[140.7477,40.4393],[140.7521,40.4388],[140.7564,40.4434],[140.7568,40.4456],[140.7611,40.4478],[140.7624,40.451],[140.769,40.4538],[140.7724,40.4512],[140.7871,40.4572],[140.7892,40.4568],[140.7912,40.4543],[140.7911,40.4521],[140.7932,40.4494],[140.8036,40.4487],[140.8051,40.45],[140.8058,40.4547],[140.8077,40.4578],[140.8077,40.4614],[140.809,40.4647],[140.8086,40.4698],[140.8114,40.477],[140.8115,40.4786],[140.8096,40.4812],[140.8107,40.4831],[140.8106,40.4871],[140.8147,40.4884],[140.8168,40.4917],[140.8186,40.4925],[140.82,40.4953],[140.8244,40.4966],[140.8269,40.4961],[140.8314,40.5009],[140.8347,40.5016],[140.8355,40.5036],[140.842,40.5035],[140.8419,40.5053],[140.845,40.5074],[140.8487,40.5076],[140.8526,40.5052],[140.8581,40.5068],[140.8622,40.5065],[140.8783,40.511],[140.88,40.5102],[140.8781,40.4984],[140.8613,40.4406],[140.8925,40.4233],[140.8968,40.4252],[140.9067,40.4253],[140.9115,40.4233],[140.92,40.4273],[140.9262,40.4213],[140.933,40.4213],[140.9357,40.4231],[140.9373,40.4254],[140.9375,40.4276],[140.9419,40.4302],[140.9513,40.4263],[140.9535,40.4272],[140.9554,40.4265],[140.9631,40.427],[140.9648,40.4285],[140.9722,40.4309],[140.9799,40.4285],[140.9842,40.4282],[140.9851,40.4272],[140.9854,40.4215],[140.9797,40.4177],[140.9788,40.416],[140.9792,40.4152],[140.9815,40.4154],[140.9827,40.4135],[140.9814,40.4057],[140.9858,40.4032],[140.9853,40.401],[140.9866,40.4],[140.986,40.3992],[140.9877,40.3971],[140.9844,40.3884],[140.99,40.3788],[140.9941,40.3764],[140.9934,40.3755],[140.995,40.3729],[140.995,40.3702],[140.9934,40.3675],[140.991,40.367],[140.9924,40.3629],[140.9912,40.3611],[140.9931,40.3608],[140.993,40.3577],[140.9953,40.3556],[140.9944,40.3546],[140.9954,40.3534],[140.9928,40.3518],[140.9935,40.3505],[140.9881,40.349],[140.9817,40.3449],[140.9812,40.3443],[140.982,40.3438],[140.9809,40.3433],[140.9719,40.3437],[140.9722,40.3456],[140.97,40.3466],[140.9697,40.3493],[140.9678,40.3502],[140.9683,40.3509],[140.9654,40.3503],[140.9621,40.3471],[140.9682,40.3387],[140.9674,40.3337],[140.9625,40.3282],[140.9626,40.3232],[140.9611,40.3229],[140.9596,40.3255],[140.9586,40.3243],[140.9573,40.3245],[140.959,40.3195],[140.9571,40.314],[140.9576,40.3065],[140.9569,40.3047],[140.9539,40.3014],[140.9463,40.2991],[140.944,40.2963],[140.9452,40.2948],[140.9441,40.2921],[140.9446,40.2881],[140.949,40.2871],[140.9524,40.2874],[140.9543,40.2848],[140.9568,40.2847],[140.9575,40.2824],[140.9543,40.2797],[140.9527,40.2756],[140.9528,40.2713],[140.9498,40.2691],[140.9473,40.2645],[140.9473,40.2618],[140.9457,40.2581],[140.9489,40.255],[140.9493,40.253],[140.9542,40.2506],[140.9551,40.2476]]}},{"type":"Feature","properties":{"n":"p","a":3,"b":4},"geometry":{"type":"LineString","coordinates":[[140.7736,38.9581],[140.7766,38.9591],[140.7821,38.9582],[140.7939,38.964],[140.8005,38.9619],[140.805,38.9633],[140.8095,38.9633],[140.8111,38.9646],[140.8188,38.9637],[140.8244,38.9641],[140.8331,38.9587],[140.8377,38.9575],[140.8383,38.9548],[140.8411,38.9503],[140.8487,38.9474],[140.8552,38.9433],[140.8648,38.9413],[140.8729,38.935],[140.8744,38.932],[140.8783,38.93],[140.8814,38.9296],[140.8815,38.9279],[140.8854,38.927],[140.8871,38.929],[140.8943,38.9274],[140.9026,38.9293],[140.9065,38.9276],[140.9103,38.9275],[140.9128,38.925],[140.9123,38.924],[140.9135,38.9223],[140.9129,38.9206],[140.9151,38.9204],[140.9145,38.9168],[140.9204,38.9162],[140.9221,38.9144],[140.9223,38.9183],[140.9244,38.9207],[140.9265,38.9214],[140.9314,38.9204],[140.9306,38.918],[140.9319,38.9163],[140.9339,38.9165],[140.9343,38.9153],[140.9361,38.9149],[140.9398,38.9162],[140.9436,38.9148],[140.9449,38.9133],[140.9444,38.912],[140.9471,38.9101],[140.9494,38.9111],[140.951,38.9094],[140.9545,38.9098],[140.9578,38.9081],[140.9614,38.9059],[140.9619,38.9022],[140.9646,38.9021],[140.966,38.9012],[140.9665,38.898],[140.9708,38.8949],[140.9726,38.8907],[140.9707,38.8879],[140.9745,38.8872],[140.9755,38.8859],[140.9778,38.8853],[140.9777,38.8839],[140.9802,38.8836],[140.9808,38.8814],[140.9844,38.88],[140.9825,38.8789],[140.9844,38.876],[140.9898,38.8743],[140.9938,38.8768],[140.995,38.8801],[140.9961,38.8806],[141.001,38.8815],[141.0042,38.8788],[141.0059,38.8787],[141.0079,38.881],[141.0134,38.881],[141.0165,38.8846],[141.021,38.8864],[141.0209,38.8832],[141.0226,38.881],[141.0239,38.8809],[141.0251,38.883],[141.0296,38.8835],[141.0327,38.8804],[141.0325,38.8779],[141.037,38.8767],[141.0401,38.8774],[141.0435,38.8766],[141.0459,38.8789],[141.0458,38.88],[141.0519,38.8833],[141.0538,38.8817],[141.0577,38.8821],[141.0615,38.8839],[141.0689,38.8813],[141.0713,38.882],[141.0747,38.8795],[141.0811,38.8813],[141.0818,38.8827],[141.085,38.8838],[141.0887,38.8836],[141.0917,38.8874],[141.0933,38.8879],[141.0987,38.8848],[141.1026,38.8848],[141.1024,38.8807],[141.1074,38.8775],[141.11,38.8786],[141.114,38.878],[141.1147,38.8791],[141.1162,38.8791],[141.1168,38.8805],[141.1183,38.8807],[141.1296,38.8794],[141.1356,38.8768],[141.1398,38.8775],[141.1436,38.8705],[141.1461,38.8693],[141.1456,38.8646],[141.1471,38.8598],[141.1458,38.8582],[141.1467,38.8563],[141.1399,38.8507],[141.138,38.8475],[141.1326,38.8452],[141.1301,38.8421],[141.13,38.8399],[141.1231,38.8359],[141.1204,38.8351],[141.1165,38.836],[141.1131,38.8381],[141.1048,38.8374],[141.1027,38.8306],[141.1035,38.8284],[141.1051,38.8284],[141.104,38.8265],[141.1048,38.8229],[141.1087,38.8252],[141.1164,38.8225],[141.1179,38.8248],[141.1211,38.8262],[141.1238,38.8254],[141.126,38.8219],[141.1238,38.8194],[141.1236,38.8166],[141.1283,38.8159],[141.1301,38.8127],[141.1356,38.8127],[141.1399,38.8143],[141.1424,38.8121],[141.141,38.8084],[141.1405,38.7956],[141.1386,38.7906],[141.142,38.7874],[141.1464,38.7851],[141.1462,38.7844],[141.148,38.7843],[141.148,38.7859],[141.1509,38.7859],[141.1531,38.784],[141.159,38.7826],[141.1605,38.7814],[141.1632,38.7821],[141.1679,38.7772],[141.1708,38.779],[141.173,38.7783],[141.1736,38.7811],[141.179,38.7821],[141.1809,38.7845],[141.1863,38.7797],[141.1918,38.7772],[141.1956,38.7768],[141.2007,38.7715],[141.206,38.7695],[141.2073,38.767],[141.2071,38.7621],[141.2084,38.7611],[141.2072,38.7568],[141.2091,38.7541],[141.2112,38.7537],[141.2132,38.7519],[141.2158,38.7485],[141.2325,38.7477],[141.2371,38.7491],[141.2365,38.7553],[141.2416,38.7558],[141.2413,38.7578],[141.2479,38.7584],[141.2476,38.7605],[141.2528,38.7609],[141.2543,38.7596],[141.2575,38.7617],[141.2559,38.7667],[141.2559,38.7706],[141.2582,38.774],[141.258,38.7762],[141.2632,38.7803],[141.2629,38.7874],[141.2644,38.7882],[141.2671,38.7873],[141.2689,38.7882],[141.2688,38.7932],[141.2706,38.7941],[141.2724,38.797],[141.2751,38.796],[141.2747,38.7943],[141.2803,38.7925],[141.2823,38.7937],[141.2819,38.7951],[141.2849,38.7976],[141.2919,38.7964],[141.2975,38.7934],[141.3045,38.7935],[141.3041,38.7975],[141.3021,38.7988],[141.3036,38.8018],[141.3024,38.8035],[141.3072,38.8087],[141.3063,38.8105],[141.3075,38.8114],[141.3077,38.8163],[141.3065,38.819],[141.309,38.8207],[141.3093,38.8222],[141.3138,38.8221],[141.3171,38.8232],[141.3203,38.8186],[141.3236,38.8172],[141.3242,38.8155],[141.332,38.812],[141.3322,38.8096],[141.3343,38.807],[141.3411,38.8065],[141.3411,38.8087],[141.3445,38.8089],[141.3481,38.8102],[141.3498,38.8124],[141.3527,38.8125],[141.3555,38.8109],[141.3591,38.811],[141.3597,38.809],[141.3621,38.8082],[141.3659,38.8095],[141.3713,38.8075],[141.3724,38.8042],[141.3753,38.8025],[141.3791,38.7961],[141.3868,38.8],[141.3884,38.7999],[141.3898,38.7983],[141.3938,38.7999],[141.3973,38.7953],[141.398,38.7924],[141.3968,38.7901],[141.4048,38.7888],[141.4107,38.7856],[141.4148,38.7862],[141.4142,38.7846],[141.4156,38.7845],[141.4156,38.7795],[141.4126,38.7749],[141.41,38.7732],[141.4109,38.7707],[141.4098,38.7678],[141.414,38.7681],[141.4174,38.7709],[141.4228,38.7717],[141.4229,38.7746],[141.4211,38.7779],[141.4216,38.7798],[141.4253,38.7813],[141.4297,38.7811],[141.4297,38.7824],[141.4309,38.7833],[141.4349,38.7825],[141.4358,38.7832],[141.4379,38.7823],[141.4396,38.7861],[141.4385,38.787],[141.4359,38.7866],[141.4325,38.7916],[141.4332,38.7926],[141.4327,38.7946],[141.4341,38.7964],[141.4337,38.7979],[141.4367,38.8017],[141.4364,38.8054],[141.4334,38.8076],[141.4314,38.8066],[141.4293,38.8106],[141.4318,38.8122],[141.4343,38.8111],[141.4378,38.8129],[141.4409,38.8113],[141.4464,38.8105],[141.4513,38.8119],[141.4543,38.8109],[141.4586,38.814],[141.459,38.8153],[141.4545,38.8164],[141.453,38.8186],[141.4546,38.8222],[141.452,38.828],[141.4519,38.8312],[141.4501,38.8326],[141.4498,38.8374],[141.4546,38.8473],[141.4573,38.8501],[141.4638,38.853],[141.4661,38.8563],[141.4648,38.8581],[141.4557,38.8603],[141.4526,38.8626],[141.454,38.8656],[141.4511,38.8713],[141.4508,38.8758],[141.4536,38.879],[141.4584,38.8811],[141.4609,38.8836],[141.4657,38.8851],[141.4673,38.8882],[141.4654,38.8912],[141.4664,38.894],[141.4705,38.895],[141.4727,38.8975],[141.4782,38.8999],[141.4803,38.9019],[141.4831,38.9025],[141.489,38.9071],[141.4918,38.9128],[141.4921,38.9148],[141.4893,38.9175],[141.4914,38.9195],[141.4921,38.9216],[141.4864,38.9301],[141.4855,38.9357],[141.4904,38.9432],[141.4915,38.9487],[141.49,38.9502],[141.4939,38.9554],[141.4901,38.9573],[141.4893,38.9606],[141.4902,38.9628],[141.4888,38.9686],[141.4864,38.9712],[141.4852,38.976],[141.4835,38.9782],[141.4854,38.9822],[141.484,38.9853],[141.4863,38.9883],[141.4858,38.9901],[141.4869,38.9911],[141.4873,38.9938],[141.4889,38.9948],[141.4904,38.998],[141.4931,38.9991],[141.4983,38.9986],[141.5026,39.0002],[141.5068,38.9998],[141.5085,39.0027],[141.5178,39.0017],[141.5185,39.0009],[141.5166,38.9982],[141.5231,38.9914],[141.5369,38.9954],[141.5407,38.9948],[141.5479,38.9963],[141.5533,38.9948],[141.557,38.9958],[141.5602,38.9938],[141.5671,38.996],[141.5752,38.987],[141.5802,38.9868],[141.5834,38.9886],[141.5869,38.9887],[141.5922,38.9869],[141.6013,38.9863],[141.605,38.9852],[141.6215,38.9729],[141.628,38.9704],[141.6319,38.9707]]}},{"type":"Feature","properties":{"n":"p","a":3,"b":5},"geometry":{"type":"LineString","coordinates":[[140.9551,40.2476],[140.9445,40.2462],[140.9431,40.243],[140.9402,40.2405],[140.9414,40.2366],[140.9408,40.2323],[140.9423,40.2294],[140.941,40.2269],[140.9253,40.2261],[140.9188,40.2236],[140.9093,40.2235],[140.9052,40.2219],[140.904,40.2179],[140.8958,40.2137],[140.8991,40.2124],[140.8987,40.2081],[140.8966,40.2072],[140.8895,40.2005],[140.8927,40.1925],[140.8754,40.1796],[140.8671,40.1772],[140.8603,40.1733],[140.8592,40.1714],[140.8617,40.1657],[140.8669,40.1622],[140.8688,40.1595],[140.8755,40.1608],[140.881,40.16],[140.8836,40.1573],[140.8823,40.1559],[140.8831,40.1536],[140.8824,40.1509],[140.8795,40.149],[140.8745,40.1431],[140.8746,40.1395],[140.8712,40.1374],[140.867,40.1324],[140.8672,40.1306],[140.874,40.1224],[140.8708,40.1178],[140.8712,40.116],[140.8779,40.1152],[140.881,40.1137],[140.8792,40.1111],[140.8796,40.1063],[140.8775,40.1053],[140.8773,40.0981],[140.8756,40.0964],[140.8753,40.0946],[140.8737,40.0939],[140.8719,40.091],[140.8683,40.0898],[140.8628,40.0847],[140.8581,40.0862],[140.8549,40.0852],[140.8541,40.0844],[140.8541,40.0819],[140.8514,40.0811],[140.8513,40.0779],[140.8445,40.0746],[140.8472,40.0652],[140.8511,40.0613],[140.8502,40.0582],[140.8513,40.0565],[140.8511,40.0534],[140.8554,40.0464],[140.8556,40.0439],[140.8544,40.0423],[140.8552,40.0371],[140.8504,40.0314],[140.8518,40.0295],[140.8508,40.0287],[140.8523,40.0267],[140.8518,40.0256],[140.8546,40.0242],[140.8556,40.0222],[140.8531,40.0202],[140.8531,40.0187],[140.8559,40.0157],[140.8555,40.0139],[140.8517,40.0119],[140.849,40.0081],[140.8485,40.0035],[140.8509,39.9996],[140.8508,39.9938],[140.8495,39.9893],[140.8481,39.9878],[140.8469,39.9762],[140.8453,39.975],[140.8477,39.9697],[140.8471,39.9656],[140.8488,39.962],[140.8481,39.9584],[140.8539,39.957],[140.8548,39.9549],[140.8573,39.9529],[140.8558,39.9512],[140.8569,39.9442],[140.8532,39.9416],[140.8522,39.9361],[140.8576,39.9301],[140.8561,39.9244],[140.8547,39.9233],[140.8647,39.9168],[140.868,39.9117],[140.8681,39.9023],[140.867,39.9008],[140.8748,39.8942],[140.8787,39.8862],[140.8797,39.8813],[140.8781,39.8746],[140.8701,39.871],[140.8663,39.8716],[140.8585,39.8703],[140.8559,39.867],[140.8529,39.8658],[140.8475,39.868],[140.8432,39.8712],[140.8447,39.8728],[140.8442,39.8736],[140.838,39.8757],[140.8354,39.8748],[140.8325,39.8752],[140.835,39.879],[140.834,39.8812],[140.8325,39.8824],[140.8295,39.8822],[140.8284,39.885],[140.8258,39.8862],[140.8238,39.8857],[140.8234,39.8835],[140.8221,39.8827],[140.8168,39.8825],[140.8156,39.8794],[140.8077,39.8793],[140.7992,39.8816],[140.7976,39.8809],[140.7965,39.8778],[140.7924,39.8748],[140.7881,39.8742],[140.7864,39.873],[140.7862,39.8719],[140.7846,39.8714],[140.784,39.8692],[140.7822,39.8679],[140.7831,39.8607],[140.7876,39.859],[140.7839,39.8563],[140.7886,39.8523],[140.7891,39.8502],[140.7869,39.8442],[140.785,39.8423],[140.7863,39.8399],[140.786,39.8346],[140.783,39.8312],[140.7834,39.8284],[140.7883,39.8265],[140.7866,39.8234],[140.795,39.821],[140.7984,39.819],[140.7992,39.8169],[140.804,39.8151],[140.8113,39.8183],[140.8153,39.816],[140.8185,39.8166],[140.8213,39.8154],[140.823,39.8142],[140.825,39.8097],[140.8286,39.81],[140.8325,39.8069],[140.8382,39.805],[140.8416,39.8049],[140.8437,39.801],[140.8472,39.7983],[140.8473,39.7943],[140.8483,39.7933],[140.84,39.7885],[140.8346,39.7809],[140.8304,39.7788],[140.8256,39.7743],[140.8222,39.7746],[140.8195,39.7719],[140.8161,39.7655],[140.8167,39.7642],[140.8161,39.7629],[140.8112,39.7597],[140.8085,39.7594],[140.8053,39.7567],[140.807,39.7531],[140.806,39.7473],[140.8037,39.7448],[140.7975,39.7412],[140.7868,39.738],[140.7808,39.738],[140.78,39.7368],[140.7748,39.7346],[140.7751,39.7329],[140.7792,39.7325],[140.784,39.7291],[140.7833,39.7257],[140.7887,39.7229],[140.7878,39.7216],[140.7883,39.7197],[140.7893,39.7193],[140.7901,39.716],[140.7919,39.7155],[140.7933,39.7132],[140.7944,39.7096],[140.7991,39.7108],[140.8053,39.7108],[140.8099,39.708],[140.8103,39.7054],[140.8089,39.7019],[140.8099,39.7014],[140.8099,39.6985],[140.811,39.6976],[140.8113,39.6955],[140.8156,39.6924],[140.8157,39.691],[140.8211,39.6879],[140.8226,39.6882],[140.8218,39.6861],[140.8192,39.684],[140.8184,39.6801],[140.8203,39.6776],[140.8195,39.6751],[140.8219,39.6733],[140.8215,39.6706],[140.8226,39.6691],[140.823,39.6655],[140.8219,39.664],[140.8202,39.6531],[140.8223,39.65],[140.8184,39.647],[140.8153,39.6461],[140.8157,39.6442],[140.8137,39.6417],[140.8117,39.6367],[140.8071,39.6322],[140.8086,39.6272],[140.8084,39.6243],[140.8059,39.6232],[140.8026,39.6189],[140.8049,39.612],[140.7975,39.6041],[140.7942,39.6027],[140.7822,39.604],[140.7818,39.602],[140.7793,39.6],[140.7787,39.5984],[140.7786,39.5959],[140.7806,39.5903],[140.7742,39.5909],[140.7701,39.5885],[140.7638,39.5876],[140.7621,39.5847],[140.7622,39.5826],[140.7581,39.5768],[140.7565,39.5759],[140.7543,39.5707],[140.7471,39.569],[140.7402,39.5653],[140.7306,39.5659],[140.7296,39.5651],[140.7271,39.5587],[140.7275,39.556],[140.7294,39.5542],[140.7291,39.553],[140.7397,39.5466],[140.7403,39.545],[140.7393,39.5438],[140.7395,39.5405],[140.7413,39.5362],[140.7388,39.5329],[140.7378,39.5224],[140.7365,39.5215],[140.7317,39.5224],[140.7247,39.5186],[140.7232,39.5143],[140.7211,39.5141],[140.7243,39.5112],[140.7234,39.5088],[140.724,39.5044],[140.7198,39.5048],[140.7174,39.5016],[140.7136,39.4989],[140.7133,39.4941],[140.7153,39.4925],[140.7169,39.4889],[140.7183,39.4877],[140.7189,39.4848],[140.7227,39.483],[140.7244,39.4805],[140.7213,39.4786],[140.7163,39.4785],[140.7121,39.4758],[140.7086,39.4751],[140.7036,39.4706],[140.7021,39.4704],[140.697,39.4666],[140.6895,39.4648],[140.6873,39.4602],[140.6834,39.4571],[140.6819,39.4572],[140.681,39.4531],[140.679,39.4518],[140.6768,39.4478],[140.6777,39.4452],[140.6823,39.4419],[140.6856,39.4373],[140.6863,39.4328],[140.6839,39.4269],[140.685,39.4245],[140.6797,39.4171],[140.6769,39.4189],[140.6751,39.4169],[140.6697,39.4176],[140.6621,39.4147],[140.6601,39.4143],[140.6584,39.4151],[140.6575,39.4112],[140.6588,39.4093],[140.6628,39.4081],[140.6617,39.4054],[140.6637,39.4037],[140.658,39.3998],[140.6582,39.3983],[140.6559,39.3942],[140.6544,39.3939],[140.6531,39.391],[140.6606,39.3861],[140.6649,39.3854],[140.6656,39.3842],[140.669,39.384],[140.6707,39.3853],[140.6751,39.3859],[140.679,39.3832],[140.6799,39.3816],[140.6781,39.3755],[140.6788,39.3734],[140.6762,39.3713],[140.6756,39.3684],[140.6817,39.3643],[140.6826,39.3621],[140.6854,39.3616],[140.6884,39.3593],[140.6927,39.3586],[140.6894,39.352],[140.6878,39.351],[140.6884,39.3475],[140.6927,39.3445],[140.6957,39.3454],[140.7002,39.3435],[140.7032,39.3436],[140.7035,39.3404],[140.7052,39.3399],[140.7067,39.3348],[140.7082,39.3345],[140.7093,39.33],[140.6986,39.3284],[140.6975,39.3218],[140.694,39.3198],[140.6944,39.3183],[140.6927,39.3157],[140.6926,39.3136],[140.6952,39.3128],[140.6972,39.3103],[140.6932,39.3042],[140.6936,39.2996],[140.7019,39.2999],[140.704,39.3019],[140.7085,39.2969],[140.7108,39.2958],[140.712,39.2967],[140.7155,39.2958],[140.7173,39.2965],[140.7188,39.2942],[140.7184,39.2911],[140.7163,39.2897],[140.7178,39.2846],[140.7167,39.2778],[140.7181,39.2768],[140.7178,39.2726],[140.723,39.2722],[140.7242,39.2705],[140.7277,39.2703],[140.7279,39.2694],[140.733,39.2664],[140.7365,39.2667],[140.7391,39.2638],[140.7437,39.2618],[140.7513,39.2628],[140.7512,39.261],[140.7532,39.2581],[140.7559,39.2568],[140.7572,39.2548],[140.7614,39.2548],[140.7648,39.2531],[140.7662,39.2512],[140.7689,39.2525],[140.7704,39.249],[140.7761,39.2441],[140.7771,39.2416],[140.7886,39.2384],[140.786,39.2342],[140.7862,39.2306],[140.7876,39.2268],[140.7771,39.2234],[140.7702,39.2234],[140.7693,39.2195],[140.7663,39.2186],[140.7658,39.2159],[140.763,39.2132],[140.7666,39.2084],[140.7676,39.2048],[140.7664,39.203],[140.7664,39.2001],[140.7649,39.1989],[140.7648,39.1978],[140.771,39.1934],[140.7787,39.1948],[140.7808,39.192],[140.7848,39.1909],[140.7885,39.1886],[140.7974,39.19],[140.8059,39.1833],[140.8082,39.1804],[140.8077,39.1782],[140.8033,39.1763],[140.7995,39.1751],[140.7962,39.1766],[140.7885,39.1727],[140.7862,39.1668],[140.7837,39.1654],[140.7799,39.1669],[140.7786,39.1686],[140.7741,39.1679],[140.7715,39.163],[140.7707,39.1594],[140.7656,39.155],[140.7663,39.1543],[140.7655,39.1523],[140.7597,39.1464],[140.7592,39.1437],[140.7529,39.1426],[140.7497,39.1404],[140.7489,39.1381],[140.7512,39.1331],[140.7578,39.1329],[140.7581,39.1337],[140.7608,39.1297],[140.7675,39.1265],[140.77,39.1242],[140.7666,39.1202],[140.7603,39.1182],[140.7559,39.1183],[140.7559,39.1122],[140.7617,39.1109],[140.7617,39.1097],[140.7632,39.1089],[140.7622,39.1064],[140.7607,39.106],[140.7582,39.0998],[140.7561,39.0973],[140.7571,39.0939],[140.7558,39.092],[140.7532,39.0909],[140.7527,39.0862],[140.7585,39.0854],[140.759,39.0834],[140.7632,39.0806],[140.7665,39.0811],[140.7704,39.0789],[140.7741,39.0791],[140.7783,39.0821],[140.7821,39.0815],[140.7834,39.0791],[140.7941,39.077],[140.7977,39.0776],[140.8,39.0766],[140.8003,39.0777],[140.8024,39.0779],[140.8008,39.074],[140.8025,39.0737],[140.8041,39.0721],[140.8044,39.0706],[140.8034,39.0694],[140.8039,39.0672],[140.7999,39.0638],[140.7995,39.061],[140.802,39.0589],[140.8048,39.0579],[140.8085,39.0582],[140.8102,39.0574],[140.8046,39.053],[140.8052,39.052],[140.8037,39.0505],[140.8008,39.0495],[140.7994,39.0444],[140.7935,39.0419],[140.7961,39.0362],[140.7932,39.0328],[140.7953,39.0294],[140.7928,39.028],[140.7903,39.0236],[140.7857,39.0215],[140.7834,39.0164],[140.7801,39.0147],[140.7803,39.0126],[140.7787,39.0082],[140.7742,39.0052],[140.7687,39.0035],[140.7682,39.001],[140.764,39.0002],[140.7647,38.9965],[140.7679,38.9947],[140.7672,38.9919],[140.7639,38.9894],[140.7649,38.9873],[140.7645,38.9854],[140.7688,38.9822],[140.7701,38.9762],[140.7749,38.9704],[140.7747,38.969],[140.7722,38.9666],[140.772,38.964],[140.775,38.9604],[140.7736,38.9581]]}},{"type":"Feature","properties":{"n":"p","a":4,"b":5},"geometry":{"type":"LineString","coordinates":[[140.7736,38.9581],[140.7643,38.957],[140.7586,38.9585],[140.7452,38.9564],[140.7433,38.9537],[140.7321,38.9493],[140.7302,38.9477],[140.7295,38.9454],[140.7271,38.9443],[140.7265,38.9429],[140.7273,38.9403],[140.7232,38.9375],[140.7233,38.9344],[140.7224,38.933],[140.7186,38.9302],[140.7174,38.9278],[140.7118,38.9269],[140.7116,38.9232],[140.7089,38.9231],[140.707,38.9203],[140.7034,38.9206],[140.7031,38.9228],[140.7004,38.9238],[140.6947,38.9211],[140.6932,38.9191],[140.6856,38.9176],[140.6833,38.9148],[140.6801,38.9133],[140.6791,38.9082],[140.6772,38.9057],[140.673,38.9036],[140.6727,38.9023],[140.67,38.9005],[140.6689,38.8973],[140.663,38.8944],[140.6533,38.8916],[140.6546,38.8899],[140.6541,38.889],[140.645,38.8886],[140.6419,38.8867],[140.6391,38.8832],[140.6372,38.8833],[140.6355,38.8863],[140.6315,38.8875],[140.63,38.8893],[140.6277,38.889],[140.6248,38.8905],[140.6208,38.8902],[140.6156,38.8937],[140.6136,38.8939],[140.6095,38.8924],[140.6071,38.8866],[140.5978,38.8851],[140.5903,38.8892],[140.5895,38.8862],[140.5863,38.8841],[140.5856,38.8801],[140.5799,38.8814],[140.5726,38.8783],[140.5698,38.8748],[140.5641,38.8746],[140.562,38.873],[140.5576,38.8759],[140.5542,38.8762],[140.553,38.8828],[140.5471,38.8891]]}},{"type":"Feature","properties":{"n":"p","a":4,"b":6},"geometry":{"type":"LineString","coordinates":[[140.5471,38.8891],[140.5456,38.8853],[140.5476,38.881],[140.5429,38.8761],[140.5413,38.8763],[140.5402,38.8725],[140.5387,38.8711],[140.5386,38.8686],[140.5399,38.8671],[140.5392,38.8639],[140.54,38.8619],[140.5475,38.8612],[140.5535,38.8588],[140.5567,38.8554],[140.5572,38.8503],[140.5591,38.8473],[140.563,38.8486],[140.5663,38.8481],[140.5693,38.8468],[140.5735,38.8425],[140.5766,38.841],[140.58,38.8414],[140.5863,38.8363],[140.5907,38.8361],[140.5905,38.8341],[140.5925,38.8318],[140.5929,38.8278],[140.5989,38.8253],[140.5994,38.8174],[140.5966,38.8154],[140.5951,38.8112],[140.5977,38.8087],[140.5956,38.8023],[140.5989,38.7997],[140.5988,38.7968],[140.6,38.7946],[140.599,38.792],[140.6031,38.7889],[140.6035,38.7837],[140.6068,38.7824],[140.6091,38.783],[140.6124,38.7818],[140.6138,38.7798],[140.6136,38.7787],[140.6153,38.7774],[140.627,38.774],[140.6373,38.7774],[140.6421,38.7755],[140.6434,38.7719],[140.6464,38.7695],[140.6434,38.7649],[140.635,38.761],[140.6344,38.7574],[140.6313,38.7523],[140.6321,38.7495],[140.6313,38.7471],[140.6291,38.7465],[140.6287,38.7441],[140.6231,38.7418],[140.6203,38.7387],[140.622,38.7364],[140.6205,38.731],[140.607,38.7213],[140.6076,38.7126],[140.6091,38.7088],[140.6066,38.7037],[140.6169,38.7003],[140.6236,38.6998],[140.6207,38.6963],[140.6235,38.6929],[140.624,38.6908],[140.623,38.6898],[140.6244,38.6872],[140.6213,38.6849],[140.622,38.6812],[140.6202,38.6807],[140.6195,38.6777],[140.6206,38.6759],[140.6182,38.6722],[140.6144,38.6696],[140.6136,38.6653],[140.612,38.6641],[140.6123,38.6624],[140.6135,38.6618],[140.6094,38.6604],[140.606,38.6554],[140.6059,38.6533],[140.6044,38.6509],[140.6058,38.6488],[140.603,38.6449],[140.602,38.6406],[140.6007,38.6396],[140.5967,38.6391],[140.5953,38.6371],[140.5923,38.6361],[140.5899,38.6338],[140.5878,38.6339],[140.5795,38.6358],[140.5759,38.6392],[140.5731,38.6375],[140.5694,38.6382],[140.5658,38.6454],[140.5627,38.6481],[140.5545,38.6471],[140.5512,38.6475],[140.5466,38.6497],[140.5441,38.6481],[140.5403,38.6386],[140.5374,38.6354],[140.5376,38.6338],[140.5424,38.6295],[140.5418,38.6269],[140.5432,38.6241],[140.5468,38.622],[140.5478,38.6203],[140.5499,38.6199],[140.5488,38.6184],[140.5522,38.6134],[140.5581,38.6112],[140.5621,38.6073],[140.5622,38.6047],[140.5583,38.6026],[140.5592,38.6007],[140.5584,38.5976],[140.5697,38.5941],[140.5678,38.5904],[140.572,38.5866],[140.571,38.5803],[140.573,38.5789],[140.5736,38.5763],[140.5755,38.5746],[140.5751,38.5722],[140.5766,38.5705],[140.5784,38.5701],[140.5781,38.5676],[140.5746,38.5661],[140.5716,38.5634],[140.5688,38.5628],[140.5677,38.5606],[140.5664,38.5604],[140.5673,38.5588],[140.5689,38.5581],[140.5699,38.5556],[140.5664,38.5518],[140.5668,38.55],[140.5646,38.5457],[140.5626,38.5452],[140.5599,38.5422],[140.5561,38.5428],[140.5541,38.5408],[140.5545,38.5346],[140.5562,38.5336],[140.5551,38.5313],[140.5557,38.53],[140.5583,38.5298],[140.5625,38.5267],[140.5683,38.5278],[140.5719,38.5256],[140.5684,38.5225],[140.5678,38.5202],[140.5679,38.519],[140.5705,38.5176],[140.5703,38.5153],[140.5663,38.5138],[140.5634,38.5107],[140.5648,38.5088],[140.5691,38.506],[140.5693,38.5042],[140.5678,38.5032],[140.5674,38.5013],[140.5733,38.4972],[140.5741,38.4947],[140.5771,38.4937],[140.5786,38.4944],[140.5834,38.4911],[140.5945,38.4887],[140.5982,38.487],[140.5997,38.4841],[140.6042,38.4823],[140.6027,38.4789],[140.6036,38.4766],[140.6058,38.4748],[140.6079,38.4698],[140.6078,38.4664],[140.6063,38.4632],[140.6082,38.4584],[140.6172,38.4568],[140.6196,38.4558],[140.6199,38.4548],[140.6134,38.4536],[140.6082,38.4445],[140.6037,38.4435],[140.6021,38.4411],[140.5992,38.4393],[140.5977,38.4365],[140.5923,38.4417],[140.5897,38.4392],[140.5857,38.4406],[140.5804,38.4373],[140.5804,38.435],[140.5817,38.4335],[140.5794,38.4232],[140.5779,38.4221],[140.5783,38.4204],[140.5776,38.4195],[140.572,38.4152],[140.5713,38.4131],[140.5713,38.4106],[140.5737,38.4076],[140.5745,38.3967],[140.5769,38.3955],[140.5782,38.3928],[140.5675,38.3853],[140.5635,38.3773],[140.5563,38.3776],[140.5522,38.3762],[140.5495,38.3722],[140.5503,38.3709],[140.5476,38.3686],[140.5455,38.3641],[140.541,38.3621],[140.5337,38.3621],[140.5263,38.3575],[140.5226,38.353],[140.5216,38.3473],[140.5241,38.3414],[140.5251,38.3327],[140.5272,38.3304],[140.528,38.3273],[140.5307,38.3251],[140.5286,38.3226],[140.5297,38.3207],[140.5279,38.3202],[140.5279,38.3189],[140.5234,38.3163],[140.5203,38.3095],[140.5158,38.3111],[140.5117,38.3112],[140.5094,38.3132],[140.5043,38.3143],[140.5043,38.3081],[140.502,38.3048],[140.5001,38.3037],[140.4962,38.304],[140.4924,38.3022],[140.4931,38.3003],[140.4919,38.2969],[140.4928,38.2955],[140.4921,38.293],[140.4956,38.2861],[140.4952,38.2853],[140.4969,38.2831],[140.492,38.2801],[140.4906,38.2764],[140.488,38.2746],[140.473,38.2718],[140.4712,38.2694],[140.4712,38.2653],[140.4723,38.2642],[140.4728,38.2608],[140.4704,38.2595],[140.4695,38.2564],[140.4725,38.2522],[140.4696,38.2476],[140.4692,38.2424],[140.471,38.2348],[140.467,38.2328],[140.4688,38.231],[140.4693,38.2284],[140.4726,38.2267],[140.4743,38.2245],[140.4719,38.2199],[140.4709,38.2138],[140.4733,38.2099],[140.4727,38.2052],[140.4763,38.2022],[140.4783,38.1984],[140.4779,38.1958],[140.479,38.1944],[140.4776,38.1918],[140.48,38.1816],[140.4696,38.1706],[140.4691,38.163],[140.467,38.1608],[140.4676,38.157],[140.4621,38.1558],[140.452,38.1511],[140.4499,38.147],[140.4437,38.1409],[140.4426,38.1358],[140.4449,38.1311],[140.4432,38.1299],[140.431,38.1269],[140.4251,38.1219],[140.4238,38.1189],[140.4258,38.1166],[140.4256,38.1149],[140.4233,38.1112],[140.4197,38.108],[140.4199,38.1066],[140.4174,38.1035],[140.4189,38.1002],[140.4182,38.0966],[140.4196,38.0934],[140.4195,38.0904],[140.4213,38.0885],[140.4208,38.0856],[140.4195,38.0849],[140.4176,38.0803],[140.4129,38.0772],[140.4096,38.0767],[140.4043,38.0739],[140.4027,38.0703],[140.3965,38.0694],[140.3918,38.071],[140.383,38.0715],[140.3801,38.0695],[140.3817,38.0675],[140.382,38.0636],[140.3774,38.0608],[140.375,38.0574],[140.3736,38.057],[140.3645,38.0563],[140.3559,38.0585],[140.3515,38.057],[140.35,38.054],[140.3473,38.0543],[140.3444,38.0534],[140.3427,38.0546],[140.3365,38.0551],[140.3347,38.0562],[140.3286,38.0552],[140.3199,38.0554],[140.3176,38.0561],[140.3157,38.0584],[140.3118,38.057],[140.3084,38.0577],[140.3045,38.054],[140.3027,38.0536],[140.3,38.0542],[140.2966,38.0572],[140.2925,38.0556],[140.2891,38.0593],[140.2856,38.0585],[140.2819,38.0595],[140.2776,38.0567],[140.2771,38.0562],[140.2787,38.0553],[140.2804,38.0521],[140.2834,38.05],[140.282,38.0491],[140.2819,38.0441],[140.2791,38.0433],[140.2782,38.0406],[140.2787,38.04],[140.2759,38.036],[140.277,38.0331],[140.2757,38.0309],[140.276,38.0287],[140.2791,38.028],[140.28,38.026],[140.2814,38.0257],[140.2817,38.02],[140.2836,38.0173],[140.2832,38.0158],[140.2867,38.0109],[140.2869,38.0085],[140.2896,38.0072],[140.2827,38.0015],[140.2795,37.9959],[140.2762,37.993],[140.2766,37.9911],[140.2753,37.9889],[140.2749,37.982],[140.2797,37.9782],[140.28,37.9766]]}},{"type":"Feature","properties":{"n":"p","a":4,"b":7},"geometry":{"type":"LineString","coordinates":[[140.28,37.9766],[140.2841,37.9731],[140.29,37.9723],[140.2915,37.9715],[140.2916,37.9704],[140.3024,37.969],[140.3029,37.9678],[140.3079,37.9654],[140.3085,37.9636],[140.3142,37.9644],[140.3156,37.9624],[140.3152,37.9588],[140.3164,37.9581],[140.3276,37.9587],[140.329,37.958],[140.3333,37.9517],[140.3342,37.9514],[140.336,37.9551],[140.341,37.953],[140.342,37.9517],[140.3486,37.9502],[140.3557,37.9521],[140.3535,37.9548],[140.3551,37.9578],[140.3589,37.959],[140.3642,37.9587],[140.3664,37.957],[140.3707,37.957],[140.3727,37.9553],[140.3845,37.9522],[140.3856,37.9531],[140.3848,37.9549],[140.386,37.9556],[140.3856,37.9649],[140.3884,37.9691],[140.3921,37.9708],[140.3936,37.9728],[140.3983,37.9744],[140.4074,37.9737],[140.4079,37.9667],[140.4091,37.9638],[140.4141,37.9635],[140.4154,37.9622],[140.4199,37.9608],[140.4243,37.9568],[140.4291,37.9544],[140.4385,37.9541],[140.4446,37.957],[140.4482,37.951],[140.456,37.9504],[140.4616,37.9526],[140.4659,37.9492],[140.4749,37.9468],[140.4674,37.9382],[140.4687,37.9362],[140.4679,37.9317],[140.4695,37.9293],[140.4684,37.9273],[140.4692,37.9257],[140.4683,37.9237],[140.4697,37.921],[140.4695,37.9179],[140.4766,37.9069],[140.4829,37.9037],[140.4831,37.9017],[140.4888,37.8995],[140.4914,37.9005],[140.4944,37.8997],[140.4983,37.9004],[140.4997,37.9023],[140.502,37.9028],[140.5021,37.9046],[140.5034,37.9056],[140.5072,37.9045],[140.5093,37.9052],[140.5133,37.9031],[140.5158,37.9035],[140.5158,37.9058],[140.5168,37.9071],[140.5206,37.9075],[140.5219,37.9088],[140.5294,37.9068],[140.5316,37.9052],[140.5331,37.9066],[140.5472,37.9085],[140.5499,37.91],[140.5589,37.9099],[140.5637,37.9122],[140.5623,37.914],[140.5644,37.9154],[140.5626,37.9181],[140.5664,37.9228],[140.5696,37.921],[140.5698,37.9188],[140.574,37.9177],[140.5753,37.9145],[140.5806,37.9123],[140.5843,37.9089],[140.5867,37.9101],[140.5881,37.908],[140.5913,37.9062],[140.5948,37.9071],[140.5966,37.9063],[140.5989,37.9077],[140.6007,37.9105],[140.6018,37.9099],[140.6055,37.9117],[140.6069,37.9109],[140.6102,37.9111],[140.6101,37.9136],[140.6124,37.9153],[140.6157,37.9148],[140.6186,37.9126],[140.6234,37.901],[140.6273,37.8991],[140.6446,37.8955],[140.6473,37.8988],[140.66,37.9009],[140.6626,37.9002],[140.6653,37.8972],[140.6651,37.8962],[140.6664,37.8962],[140.6669,37.8951],[140.6901,37.8882],[140.6896,37.8858],[140.6909,37.8837],[140.6829,37.8795],[140.6818,37.8759],[140.6829,37.8738],[140.6866,37.8725],[140.6874,37.8714],[140.6858,37.8679],[140.6886,37.8631],[140.6914,37.8614],[140.6929,37.8573],[140.6908,37.8528],[140.692,37.8509],[140.6915,37.8495],[140.6856,37.8469],[140.6869,37.8421],[140.6848,37.8414],[140.6838,37.8388],[140.6792,37.8363],[140.6796,37.8351],[140.683,37.833],[140.6843,37.8305],[140.6835,37.8283],[140.685,37.8262],[140.6846,37.8239],[140.6862,37.8225],[140.6856,37.821],[140.6865,37.82],[140.6852,37.8177],[140.6854,37.8156],[140.6882,37.8132],[140.6897,37.8132],[140.6916,37.8104],[140.6919,37.8075],[140.6953,37.8047],[140.6943,37.8033],[140.7028,37.8032],[140.7122,37.8003],[140.7171,37.7949],[140.723,37.7925],[140.7269,37.7815],[140.7329,37.7835],[140.738,37.7872],[140.7451,37.7885],[140.749,37.7853],[140.7588,37.7854],[140.7752,37.7818],[140.787,37.775],[140.7921,37.7733],[140.7949,37.7734],[140.7979,37.7748],[140.7993,37.7761],[140.7996,37.778],[140.8032,37.7799],[140.7949,37.7809],[140.7871,37.789],[140.7835,37.7895],[140.7828,37.7916],[140.7794,37.791],[140.7789,37.7933],[140.7766,37.7943],[140.7742,37.7941],[140.7727,37.7973],[140.7682,37.7978],[140.7658,37.796],[140.7644,37.7969],[140.7655,37.7987],[140.773,37.8012],[140.775,37.8064],[140.7832,37.8045],[140.7878,37.8015],[140.7899,37.8019],[140.7922,37.8001],[140.7937,37.8006],[140.8007,37.7978],[140.806,37.798],[140.8104,37.7955],[140.8132,37.7961],[140.8164,37.7983],[140.8216,37.7989],[140.8238,37.7987],[140.8305,37.7948],[140.8413,37.7961],[140.8517,37.7953],[140.8547,37.7973],[140.8545,37.7987],[140.8579,37.8029],[140.8537,37.807],[140.8539,37.8117],[140.8582,37.8149],[140.8578,37.8169],[140.8536,37.821],[140.8543,37.8261],[140.8559,37.8288],[140.8523,37.8297],[140.8527,37.8319],[140.8551,37.8338],[140.8534,37.8353],[140.8542,37.8418],[140.8505,37.8492],[140.8509,37.851],[140.8535,37.8515],[140.8563,37.8552],[140.8587,37.8564],[140.8614,37.862],[140.8606,37.8673],[140.8578,37.8695],[140.8545,37.8745],[140.8611,37.8794],[140.8566,37.8825],[140.8567,37.8867],[140.8599,37.8887],[140.8562,37.8909],[140.8641,37.893],[140.8701,37.8964],[140.8799,37.8976],[140.8896,37.9012],[140.8907,37.9024],[140.8965,37.9025],[140.9002,37.9043],[140.9007,37.9031],[140.8996,37.9],[140.9011,37.8976],[140.9119,37.8966],[140.9148,37.898],[140.9195,37.8946],[140.9202,37.892],[140.9238,37.8922],[140.9242,37.8951],[140.931,37.8962]]}},{"type":"Feature","properties":{"n":"p","a":5,"b":6},"geometry":{"type":"LineString","coordinates":[[140.5471,38.8891],[140.5474,38.8911],[140.5423,38.8948],[140.5382,38.9002],[140.5355,38.9007],[140.526,38.8975],[140.5248,38.8996],[140.5158,38.9004],[140.5114,38.899],[140.5052,38.8949],[140.5001,38.8949],[140.4944,38.8988],[140.4939,38.9011],[140.4921,38.9027],[140.4922,38.9065],[140.4842,38.9122],[140.4824,38.9166],[140.4795,38.9146],[140.4741,38.916],[140.4716,38.9149],[140.4651,38.9171],[140.4621,38.9194],[140.4621,38.9249],[140.4593,38.928],[140.4582,38.9309],[140.4583,38.9339],[140.4515,38.9377],[140.4514,38.9441],[140.4496,38.9456],[140.4537,38.9525],[140.453,38.9565],[140.4537,38.9588],[140.4498,38.9633],[140.4509,38.9648],[140.4498,38.9679],[140.4511,38.9722],[140.4463,38.9732],[140.4463,38.9796],[140.4423,38.9814],[140.4378,38.982],[140.4364,38.9864],[140.4343,38.9888],[140.4324,38.9894],[140.4318,38.9919],[140.4206,38.9924],[140.4135,38.99],[140.4106,38.9941],[140.4058,38.9918],[140.4019,38.9924],[140.3947,38.9912],[140.3897,38.9922],[140.3869,38.9944],[140.3831,38.994],[140.3787,38.9954],[140.3762,38.9945],[140.3744,38.996],[140.3747,38.9982],[140.3707,39.0041],[140.367,39.0054],[140.364,39.0095],[140.364,39.0128],[140.3626,39.0136],[140.3626,39.0182],[140.3607,39.0199],[140.3622,39.026],[140.3547,39.0239],[140.3442,39.0258],[140.3375,39.0298],[140.3318,39.0307],[140.3291,39.0348],[140.3213,39.0322],[140.3204,39.0309],[140.3188,39.0313],[140.3173,39.0281],[140.3187,39.0251],[140.3107,39.0136],[140.3035,39.0152],[140.3003,39.018],[140.2939,39.0182],[140.292,39.0239],[140.2866,39.0281],[140.2744,39.0307],[140.2709,39.0325],[140.2662,39.0313],[140.2605,39.0352],[140.2546,39.031],[140.2529,39.0282],[140.2506,39.0276],[140.2454,39.0309],[140.24,39.0297],[140.2365,39.0275],[140.2267,39.0272],[140.2236,39.0285],[140.2218,39.0312],[140.2175,39.0331],[140.2132,39.0326],[140.2082,39.0345],[140.2006,39.0356],[140.2036,39.0394],[140.2024,39.042],[140.203,39.0455],[140.2017,39.0472],[140.2041,39.0501],[140.2047,39.0535],[140.2018,39.0562],[140.2013,39.0595],[140.1981,39.0613],[140.1938,39.0603],[140.1888,39.0615],[140.1879,39.0586],[140.1751,39.0574],[140.1711,39.051],[140.1622,39.0542],[140.1601,39.0531],[140.1575,39.0491],[140.1518,39.0484],[140.1477,39.0536],[140.148,39.0551],[140.146,39.0562],[140.1436,39.0596],[140.1439,39.0614],[140.1384,39.064],[140.1378,39.0656],[140.1332,39.0633],[140.1321,39.0639],[140.1276,39.0631],[140.1244,39.064],[140.1201,39.068],[140.1168,39.0682],[140.1165,39.073],[140.115,39.0749],[140.1145,39.0784],[140.0962,39.0849],[140.0758,39.0862],[140.0627,39.0926],[140.0669,39.0977],[140.0672,39.0993],[140.0629,39.1069],[140.0616,39.1111],[140.0624,39.1335],[140.0078,39.123],[139.9976,39.1158],[139.9944,39.1055],[139.948,39.1172],[139.9456,39.1128],[139.906,39.1188],[139.8696,39.1183]]}},{"type":"Feature","properties":{"n":"p","a":6,"b":7},"geometry":{"type":"LineString","coordinates":[[140.28,37.9766],[140.276,37.9744],[140.2759,37.9724],[140.2733,37.9708],[140.2713,37.9668],[140.2725,37.9634],[140.2725,37.9579],[140.2733,37.9568],[140.2762,37.9567],[140.2762,37.9541],[140.2781,37.9526],[140.2768,37.9488],[140.2753,37.9472],[140.2774,37.9453],[140.2786,37.9425],[140.281,37.9414],[140.2781,37.9393],[140.2793,37.9336],[140.2783,37.9301],[140.2759,37.9283],[140.2765,37.9264],[140.2721,37.9199],[140.2666,37.9171],[140.2664,37.9135],[140.2645,37.9119],[140.2646,37.9062],[140.2657,37.9045],[140.2661,37.8997],[140.2675,37.8989],[140.2671,37.8966],[140.2707,37.8907],[140.2663,37.8889],[140.2673,37.8865],[140.2647,37.886],[140.2658,37.8833],[140.2649,37.8795],[140.2699,37.8744],[140.2685,37.8711],[140.2699,37.8665],[140.2695,37.8652],[140.2679,37.865],[140.2654,37.8622],[140.2655,37.8591],[140.2674,37.8574],[140.2668,37.8555],[140.2653,37.8548],[140.2664,37.8531],[140.2659,37.8493],[140.2673,37.8476],[140.2662,37.8446],[140.2627,37.842],[140.2622,37.8404],[140.2652,37.8389],[140.2627,37.837],[140.2633,37.836],[140.2621,37.8344],[140.2674,37.8257],[140.269,37.8253],[140.269,37.8238],[140.2711,37.8235],[140.2754,37.8207],[140.2783,37.8211],[140.2845,37.8168],[140.285,37.8154],[140.2864,37.8154],[140.2874,37.8138],[140.2913,37.8149],[140.2935,37.8134],[140.2936,37.8111],[140.2958,37.811],[140.2962,37.8095],[140.2988,37.8078],[140.2945,37.8047],[140.2921,37.804],[140.2903,37.8013],[140.2864,37.8008],[140.2822,37.7982],[140.2824,37.7922],[140.2792,37.7887],[140.2768,37.7876],[140.2782,37.7848],[140.2763,37.7818],[140.268,37.7803],[140.266,37.7791],[140.2626,37.7752],[140.2635,37.774],[140.263,37.773],[140.2554,37.7682],[140.2549,37.7646],[140.2444,37.7584],[140.2404,37.7535],[140.2405,37.7509],[140.239,37.7482],[140.2355,37.7459],[140.2227,37.7466],[140.2196,37.7458],[140.2155,37.7482],[140.212,37.7479],[140.2074,37.749],[140.2048,37.7475],[140.2007,37.7504],[140.1996,37.7528],[140.1912,37.7532],[140.1792,37.7565],[140.1702,37.756],[140.1664,37.7573],[140.1615,37.7567],[140.154,37.7534],[140.146,37.7527],[140.144,37.7463],[140.1401,37.7402],[140.1407,37.7381],[140.1336,37.7385],[140.1276,37.7339],[140.1154,37.7344],[140.1071,37.7382],[140.1056,37.7384],[140.1035,37.7372],[140.1017,37.738],[140.1012,37.7395],[140.0991,37.7405],[140.0985,37.7424],[140.0965,37.7438],[140.0953,37.7483],[140.0911,37.7515],[140.0891,37.7552],[140.087,37.7562],[140.0867,37.758],[140.0834,37.7578],[140.0803,37.7561],[140.0768,37.7574],[140.0691,37.7578],[140.0674,37.7601],[140.0671,37.7645],[140.065,37.7676],[140.0589,37.7712],[140.0535,37.7708],[140.0545,37.775],[140.0514,37.7793],[140.0482,37.7789],[140.0446,37.7729],[140.0375,37.768],[140.0336,37.7673],[140.0314,37.7689],[140.0306,37.7676],[140.0218,37.7653],[140.0195,37.762],[140.0171,37.7629],[140.0129,37.7618],[140.0101,37.764],[140.009,37.7626],[140.002,37.7594],[139.9989,37.7613],[139.9926,37.7587],[139.9865,37.7604],[139.9843,37.7619],[139.9831,37.7644],[139.978,37.7662],[139.9778,37.7704],[139.9789,37.7736],[139.9758,37.7758],[139.9734,37.7758],[139.9719,37.7791],[139.9706,37.7795],[139.9673,37.7837],[139.9688,37.7885],[139.9667,37.7908],[139.9645,37.7912],[139.9601,37.7957],[139.9593,37.798],[139.9619,37.8026],[139.9621,37.8058],[139.96,37.8085],[139.96,37.8107],[139.9579,37.8149],[139.9499,37.8164],[139.9482,37.8182],[139.9409,37.8217],[139.937,37.8283],[139.9313,37.8293],[139.9279,37.8275],[139.9277,37.826],[139.9302,37.8254],[139.9295,37.8245],[139.9301,37.8225],[139.9274,37.8211],[139.928,37.8195],[139.9252,37.816],[139.9248,37.8135],[139.9179,37.8133],[139.9162,37.8144],[139.912,37.8138],[139.9074,37.8154],[139.9026,37.8138],[139.8988,37.8103],[139.889,37.8111],[139.8866,37.8092],[139.8823,37.8109],[139.8794,37.8103],[139.8788,37.8117],[139.8762,37.8132],[139.8764,37.8173],[139.8726,37.8168],[139.8705,37.819],[139.8687,37.8195],[139.8664,37.8231],[139.8577,37.8265],[139.8536,37.8235],[139.8518,37.8233],[139.8506,37.8213],[139.8441,37.8193],[139.8379,37.8145],[139.8324,37.8154],[139.83,37.8148],[139.8266,37.8119],[139.8249,37.8132],[139.8216,37.812],[139.8161,37.8076],[139.8133,37.804],[139.81,37.8032],[139.8042,37.8054],[139.8039,37.8108],[139.8026,37.8139],[139.8034,37.8152],[139.7949,37.8176],[139.7933,37.8208],[139.7889,37.8231],[139.7882,37.8267],[139.7829,37.832],[139.7764,37.8299],[139.7732,37.83],[139.7714,37.8284],[139.7692,37.8288],[139.763,37.8267],[139.7579,37.8246],[139.7554,37.8221],[139.7413,37.8203],[139.7384,37.8232],[139.7385,37.825],[139.7362,37.8281],[139.7326,37.8308],[139.7296,37.831],[139.7274,37.8353],[139.7208,37.8397],[139.7192,37.842],[139.7188,37.8451],[139.7159,37.8473],[139.7164,37.8526],[139.7156,37.8542],[139.7064,37.856],[139.6973,37.8487],[139.691,37.8487],[139.6878,37.8469],[139.6808,37.847]]}},{"type":"Feature","properties":{"n":"r","a":6,"b":15,"g":"tohoku","d":"chubu"},"geometry":{"type":"LineString","coordinates":[[139.548,38.5531],[139.5493,38.5536],[139.5513,38.552],[139.5516,38.5497],[139.5527,38.5492],[139.5523,38.5477],[139.5565,38.5483],[139.5566,38.5452],[139.5594,38.5451],[139.5594,38.5436],[139.5607,38.5429],[139.5644,38.5434],[139.571,38.5385],[139.5773,38.5396],[139.5789,38.537],[139.5809,38.536],[139.5817,38.533],[139.5867,38.5326],[139.588,38.5306],[139.5952,38.5271],[139.5957,38.5254],[139.5973,38.5249],[139.5998,38.5221],[139.6081,38.525],[139.6114,38.524],[139.6139,38.5263],[139.6212,38.5256],[139.6232,38.5233],[139.6313,38.522],[139.6324,38.5187],[139.6369,38.5157],[139.6359,38.5132],[139.6378,38.5114],[139.6473,38.5106],[139.6497,38.508],[139.653,38.507],[139.6559,38.5082],[139.6591,38.5073],[139.6636,38.5085],[139.6671,38.5065],[139.6746,38.5065],[139.6772,38.5053],[139.6829,38.505],[139.6931,38.5068],[139.6959,38.5039],[139.7003,38.5034],[139.7025,38.4992],[139.7102,38.4995],[139.7147,38.498],[139.7173,38.4982],[139.7217,38.4962],[139.7203,38.4934],[139.7208,38.4922],[139.7247,38.4902],[139.7258,38.4868],[139.7251,38.4852],[139.7211,38.4835],[139.716,38.479],[139.7125,38.4795],[139.7114,38.4768],[139.7122,38.4757],[139.712,38.4717],[139.7134,38.4696],[139.7157,38.4673],[139.7191,38.4662],[139.7152,38.4638],[139.7151,38.4594],[139.7171,38.4573],[139.7174,38.4542],[139.7201,38.4507],[139.7177,38.4472],[139.7184,38.4382],[139.7167,38.4353],[139.7165,38.4321],[139.7186,38.4289],[139.7178,38.4244],[139.7167,38.423],[139.7172,38.4213],[139.715,38.4199],[139.7154,38.4187],[139.7124,38.4151],[139.712,38.4125],[139.7056,38.4073],[139.7034,38.4002],[139.7049,38.3961],[139.7047,38.3937],[139.7098,38.3868],[139.7121,38.3868],[139.7212,38.394],[139.7226,38.3938],[139.7237,38.3923],[139.7258,38.3916],[139.7255,38.3887],[139.7311,38.3815],[139.7288,38.3772],[139.7324,38.3716],[139.7346,38.3713],[139.735,38.37],[139.7397,38.3669],[139.7405,38.3651],[139.7438,38.3646],[139.7501,38.3594],[139.7523,38.359],[139.7535,38.3599],[139.7616,38.3611],[139.7707,38.3529],[139.7747,38.354],[139.7853,38.3528],[139.7887,38.3511],[139.7896,38.3487],[139.7906,38.3488],[139.7988,38.3518],[139.8038,38.3551],[139.8054,38.3546],[139.8165,38.356],[139.82,38.3519],[139.826,38.3505],[139.8255,38.3492],[139.8277,38.3447],[139.8369,38.3439],[139.8387,38.3428],[139.8489,38.3429],[139.8472,38.3381],[139.8476,38.3367],[139.8525,38.3329],[139.856,38.3327],[139.8588,38.3301],[139.862,38.3286],[139.8627,38.3271],[139.8652,38.3259],[139.8669,38.3216],[139.875,38.3167],[139.8768,38.3131],[139.8768,38.3104],[139.8792,38.3063],[139.8792,38.3035],[139.8885,38.301],[139.8897,38.2992],[139.8989,38.293],[139.8998,38.2873],[139.898,38.278],[139.8999,38.2758],[139.8953,38.2723],[139.8885,38.2693],[139.8845,38.2652],[139.8764,38.2616],[139.8751,38.2546],[139.8757,38.2521],[139.8686,38.248],[139.8685,38.2466],[139.8643,38.2402],[139.8638,38.2349],[139.8579,38.2297],[139.847,38.2246],[139.8386,38.2236],[139.8366,38.2213],[139.8309,38.2199],[139.8202,38.2146],[139.8193,38.2128],[139.8109,38.2115],[139.8069,38.2071],[139.8022,38.2065],[139.8006,38.2026],[139.7962,38.2012],[139.7938,38.1986],[139.7905,38.198],[139.7865,38.1943],[139.7863,38.1922],[139.7814,38.1935],[139.776,38.1982],[139.774,38.1985],[139.7699,38.1972],[139.7639,38.199],[139.7623,38.1985],[139.7596,38.1939],[139.7582,38.193],[139.7549,38.1931],[139.7498,38.1961],[139.7469,38.1964],[139.7432,38.2001],[139.7413,38.1998],[139.7389,38.202],[139.7306,38.201],[139.7246,38.2029],[139.7235,38.2052],[139.7216,38.2059],[139.7205,38.2045],[139.7186,38.2045],[139.7132,38.2066],[139.7089,38.2043],[139.6992,38.2032],[139.6992,38.2019],[139.7026,38.1992],[139.6984,38.1951],[139.6985,38.1914],[139.6959,38.1889],[139.6962,38.1855],[139.6936,38.1847],[139.6923,38.1825],[139.6875,38.1821],[139.6875,38.1781],[139.6847,38.1736],[139.6823,38.1718],[139.6828,38.1688],[139.6855,38.1665],[139.6847,38.1593],[139.6906,38.1552],[139.6906,38.1501],[139.6922,38.1487],[139.6916,38.1452],[139.6898,38.1432],[139.6906,38.1408],[139.6899,38.1368],[139.6883,38.1346],[139.6906,38.1188],[139.6939,38.1158],[139.6919,38.1128],[139.6863,38.111],[139.6827,38.1081],[139.6783,38.1011],[139.6748,38.0913],[139.6725,38.0891],[139.6722,38.0878],[139.6733,38.0857],[139.6726,38.0823],[139.674,38.0807],[139.6717,38.0778],[139.6724,38.0773],[139.6713,38.0769],[139.6793,38.0767],[139.6815,38.0754],[139.6865,38.0769],[139.6878,38.0748],[139.6918,38.0751],[139.6909,38.0735],[139.6919,38.0707],[139.6898,38.0698],[139.6861,38.065],[139.6906,38.061],[139.6927,38.057],[139.691,38.056],[139.6904,38.0524],[139.682,38.0495],[139.6801,38.0432],[139.6748,38.0406],[139.6624,38.04],[139.6577,38.0375],[139.6568,38.0355],[139.6547,38.0352],[139.6563,38.0331],[139.6567,38.0285],[139.6534,38.0251],[139.6523,38.0212],[139.6544,38.0147],[139.6526,38.0033],[139.6553,38.0008],[139.6544,37.997],[139.6539,37.9961],[139.6503,37.9964],[139.6436,37.9953],[139.6449,37.9918],[139.6393,37.9855],[139.6394,37.9842],[139.6443,37.9796],[139.638,37.97],[139.6405,37.9674],[139.6432,37.9669],[139.6452,37.9626],[139.6423,37.9593],[139.642,37.9552],[139.6401,37.9524],[139.642,37.9506],[139.643,37.9467],[139.6408,37.9444],[139.6413,37.9429],[139.6394,37.9413],[139.6404,37.94],[139.6394,37.9347],[139.6362,37.932],[139.6318,37.9303],[139.6302,37.9259],[139.6272,37.9248],[139.6248,37.9181],[139.6271,37.9164],[139.6274,37.9133],[139.6286,37.9124],[139.6264,37.9088],[139.6296,37.903],[139.6318,37.9009],[139.632,37.8991],[139.63,37.897],[139.6293,37.8937],[139.632,37.8891],[139.6378,37.8842],[139.6384,37.88],[139.6431,37.8778],[139.6485,37.8771],[139.6503,37.8761],[139.6522,37.8732],[139.6567,37.8717],[139.6576,37.8692],[139.6563,37.8667],[139.6571,37.8635],[139.6788,37.8517],[139.6783,37.8499],[139.6808,37.847]]}},{"type":"Feature","properties":{"n":"r","a":7,"b":8,"g":"tohoku","d":"kanto"},"geometry":{"type":"LineString","coordinates":[[140.2642,36.9333],[140.273,36.9302],[140.2775,36.9312],[140.2803,36.9342],[140.2851,36.9355],[140.2887,36.9332],[140.2927,36.9332],[140.297,36.9289],[140.2986,36.9295],[140.303,36.9269],[140.3029,36.9255],[140.3059,36.9237],[140.3073,36.9216],[140.3076,36.9193],[140.31,36.9181],[140.3114,36.9159],[140.3174,36.9132],[140.3182,36.9106],[140.3217,36.908],[140.3233,36.9022],[140.3239,36.8935],[140.3265,36.8913],[140.3299,36.891],[140.3333,36.8889],[140.3366,36.8886],[140.3408,36.8863],[140.3464,36.885],[140.3512,36.8865],[140.3553,36.8844],[140.3606,36.8857],[140.3652,36.8843],[140.3678,36.8805],[140.3692,36.8749],[140.3724,36.8713],[140.3686,36.8671],[140.3683,36.8656],[140.3696,36.8633],[140.3684,36.8612],[140.3706,36.8551],[140.3717,36.8554],[140.3752,36.8502],[140.3752,36.8486],[140.3769,36.8471],[140.3763,36.8449],[140.3777,36.8431],[140.3758,36.8414],[140.377,36.8381],[140.3803,36.8366],[140.3855,36.8361],[140.3871,36.8342],[140.3929,36.8324],[140.397,36.8332],[140.3999,36.832],[140.4014,36.8326],[140.403,36.8314],[140.4074,36.8324],[140.4103,36.8303],[140.4133,36.8321],[140.4151,36.832],[140.4147,36.8307],[140.4158,36.8286],[140.4198,36.8265],[140.4221,36.8241],[140.4215,36.8225],[140.4231,36.8205],[140.4277,36.8206],[140.431,36.817],[140.4362,36.8214],[140.4385,36.8215],[140.4401,36.8181],[140.4433,36.8158],[140.4446,36.8138],[140.4441,36.8127],[140.4473,36.8091],[140.4502,36.8088],[140.4512,36.8063],[140.4529,36.8051],[140.4533,36.803],[140.4567,36.802],[140.4577,36.7995],[140.4571,36.7985],[140.4619,36.7971],[140.462,36.7936],[140.4642,36.7914],[140.4676,36.7923],[140.473,36.7958],[140.4786,36.7969],[140.4779,36.7982],[140.48,36.7995],[140.4806,36.8037],[140.4835,36.8053],[140.4855,36.8082],[140.4893,36.8096],[140.4896,36.8135],[140.4878,36.8149],[140.4884,36.8168],[140.4873,36.8175],[140.488,36.8184],[140.4928,36.8195],[140.4936,36.8182],[140.4979,36.8193],[140.5015,36.8182],[140.5034,36.8195],[140.503,36.8214],[140.5044,36.8232],[140.5106,36.8219],[140.5122,36.8234],[140.5139,36.8234],[140.5168,36.8269],[140.5175,36.8326],[140.5195,36.8337],[140.5191,36.8362],[140.5285,36.84],[140.5291,36.8422],[140.5282,36.8438],[140.5289,36.8446],[140.5279,36.8484],[140.5327,36.8501],[140.5351,36.8521],[140.5376,36.8554],[140.538,36.8589],[140.5409,36.8596],[140.5468,36.8583],[140.5543,36.8615],[140.5569,36.8601],[140.5592,36.8613],[140.5605,36.8635],[140.565,36.8622],[140.5655,36.864],[140.5675,36.8632],[140.5686,36.8642],[140.5723,36.8641],[140.5723,36.866],[140.5753,36.8691],[140.5778,36.8688],[140.5805,36.8669],[140.5829,36.8681],[140.586,36.8732],[140.5887,36.8749],[140.5894,36.8738],[140.592,36.873],[140.5933,36.88],[140.5899,36.8846],[140.5858,36.8864],[140.5863,36.8876],[140.5837,36.8901],[140.5825,36.8931],[140.5798,36.8936],[140.5794,36.8961],[140.5808,36.9044],[140.5763,36.9066],[140.576,36.9078],[140.5739,36.9089],[140.5738,36.911],[140.5718,36.9125],[140.5701,36.9117],[140.5683,36.914],[140.5649,36.9129],[140.5653,36.9157],[140.5677,36.9189],[140.5679,36.9251],[140.5706,36.9313],[140.5682,36.9333],[140.5674,36.9367],[140.5711,36.9393],[140.5731,36.9398],[140.5749,36.939],[140.5745,36.9413],[140.5754,36.9425],[140.5822,36.9427],[140.5861,36.9453],[140.5876,36.944],[140.5893,36.9395],[140.5916,36.9381],[140.5929,36.9393],[140.5944,36.9381],[140.5925,36.936],[140.5945,36.9323],[140.594,36.9284],[140.5928,36.9266],[140.598,36.925],[140.5992,36.9234],[140.6012,36.9228],[140.6007,36.9209],[140.6029,36.92],[140.6072,36.9128],[140.6107,36.9105],[140.6128,36.9106],[140.6143,36.9086],[140.6156,36.9067],[140.6146,36.9042],[140.6155,36.9033],[140.621,36.9025],[140.6224,36.9033],[140.6258,36.9019],[140.628,36.9029],[140.6284,36.9015],[140.6307,36.9],[140.6351,36.899],[140.6362,36.8976],[140.6464,36.8994],[140.6469,36.901],[140.6509,36.8997],[140.6549,36.901],[140.6561,36.8972],[140.6643,36.8966],[140.6665,36.8951],[140.6734,36.8932],[140.6801,36.8934],[140.6835,36.8907],[140.6883,36.8895],[140.688,36.8885],[140.689,36.8882],[140.6909,36.8885],[140.6924,36.8876],[140.6951,36.8888],[140.6969,36.8874],[140.6964,36.886],[140.6988,36.8837],[140.7023,36.8835],[140.7039,36.8819],[140.7061,36.8815],[140.705,36.8803],[140.7055,36.8784],[140.7098,36.8771],[140.7143,36.8728],[140.7195,36.8726],[140.7206,36.8711],[140.7232,36.871],[140.7241,36.874],[140.7293,36.8744],[140.7309,36.8738],[140.7312,36.8725],[140.7342,36.8716],[140.7408,36.8756],[140.7456,36.8713],[140.7547,36.8699],[140.7584,36.8673],[140.7598,36.869],[140.76,36.871],[140.7579,36.8724],[140.7601,36.8724],[140.762,36.8704],[140.7604,36.8702],[140.7597,36.867],[140.7614,36.8664],[140.7629,36.8644],[140.764,36.8669],[140.7646,36.8667],[140.7634,36.864],[140.7641,36.8631],[140.7658,36.8642],[140.7655,36.8674],[140.7673,36.8651],[140.7662,36.8633],[140.7672,36.8623],[140.7649,36.8625],[140.7662,36.8618],[140.7715,36.8631],[140.7717,36.8645],[140.7689,36.8654],[140.7671,36.8677],[140.7686,36.8661],[140.772,36.8651],[140.772,36.8686],[140.7735,36.8663],[140.7778,36.8673],[140.7788,36.8643],[140.7864,36.8621],[140.7852,36.8579],[140.7861,36.8562],[140.7897,36.8565],[140.7911,36.8574],[140.791,36.8586],[140.7934,36.8592]]}},{"type":"Feature","properties":{"n":"r","a":7,"b":9,"g":"tohoku","d":"kanto"},"geometry":{"type":"LineString","coordinates":[[139.3933,36.9108],[139.3967,36.9143],[139.3994,36.9204],[139.408,36.9266],[139.412,36.9277],[139.4137,36.9262],[139.4179,36.9257],[139.4202,36.9241],[139.4272,36.9242],[139.4303,36.9259],[139.4312,36.9268],[139.4299,36.9276],[139.4299,36.9293],[139.435,36.9361],[139.4353,36.9404],[139.4344,36.9419],[139.4409,36.9448],[139.4418,36.9476],[139.4461,36.9477],[139.4481,36.9494],[139.4527,36.9506],[139.4546,36.9531],[139.4571,36.9542],[139.4572,36.9564],[139.459,36.9591],[139.4579,36.9616],[139.4584,36.9658],[139.4612,36.9707],[139.4727,36.9714],[139.4842,36.9755],[139.4942,36.9679],[139.504,36.9696],[139.5149,36.9777],[139.5212,36.9793],[139.5236,36.9815],[139.5269,36.9802],[139.5328,36.9818],[139.5353,36.9806],[139.5406,36.9871],[139.5435,36.9879],[139.5448,36.9911],[139.5479,36.9936],[139.5495,36.9926],[139.5544,36.9925],[139.5568,36.9968],[139.5646,36.9969],[139.572,37.0016],[139.5764,37.0021],[139.5796,37.005],[139.5794,37.0073],[139.5818,37.012],[139.582,37.0151],[139.5878,37.0155],[139.5958,37.0117],[139.5987,37.012],[139.5999,37.0144],[139.6027,37.016],[139.605,37.0147],[139.6112,37.0137],[139.6167,37.0152],[139.6193,37.0166],[139.6186,37.0196],[139.6255,37.026],[139.623,37.029],[139.6255,37.0332],[139.631,37.0338],[139.6326,37.0323],[139.6387,37.0321],[139.6436,37.036],[139.6519,37.0375],[139.6558,37.042],[139.6646,37.0398],[139.666,37.0417],[139.6678,37.0421],[139.669,37.0442],[139.6685,37.0463],[139.6712,37.0482],[139.6715,37.0544],[139.6733,37.0577],[139.6767,37.0567],[139.6801,37.0586],[139.6843,37.0591],[139.6846,37.0603],[139.6866,37.0612],[139.6885,37.0609],[139.6921,37.0625],[139.6983,37.061],[139.7004,37.0593],[139.7055,37.0639],[139.708,37.0642],[139.711,37.0684],[139.7179,37.0683],[139.7192,37.071],[139.7229,37.0694],[139.7241,37.0699],[139.7267,37.0688],[139.7289,37.07],[139.7328,37.0687],[139.7363,37.0705],[139.7374,37.0726],[139.7397,37.0726],[139.7412,37.0718],[139.7439,37.0721],[139.7461,37.0707],[139.7518,37.0702],[139.753,37.071],[139.7529,37.0731],[139.7549,37.0743],[139.7631,37.0758],[139.7633,37.078],[139.7652,37.0801],[139.7708,37.0836],[139.7709,37.0853],[139.7724,37.0864],[139.7749,37.0919],[139.778,37.0888],[139.7799,37.09],[139.783,37.0894],[139.7879,37.0907],[139.8094,37.0849],[139.8111,37.086],[139.8221,37.0851],[139.8199,37.0873],[139.82,37.0929],[139.8182,37.0969],[139.8213,37.1083],[139.8162,37.1111],[139.8164,37.1143],[139.815,37.1166],[139.8187,37.1189],[139.819,37.1218],[139.8283,37.1267],[139.8281,37.129],[139.8299,37.1301],[139.8318,37.1336],[139.839,37.1332],[139.8399,37.1356],[139.8476,37.1395],[139.8517,37.1372],[139.8574,37.1382],[139.8613,37.1411],[139.8663,37.1472],[139.8693,37.1476],[139.8773,37.1461],[139.8945,37.1532],[139.9024,37.1543],[139.9062,37.1497],[139.9111,37.1479],[139.9163,37.1476],[139.9205,37.1505],[139.9246,37.1519],[139.9275,37.151],[139.9299,37.1513],[139.9338,37.1537],[139.9438,37.1526],[139.9458,37.1541],[139.9539,37.1551],[139.9612,37.1533],[139.9618,37.1498],[139.963,37.1485],[139.9673,37.1478],[139.9697,37.1488],[139.9729,37.1471],[139.979,37.1469],[139.9905,37.1427],[139.9955,37.1439],[140.0043,37.1417],[140.0106,37.1418],[140.0171,37.1396],[140.0187,37.14],[140.0192,37.1416],[140.0232,37.1433],[140.0285,37.1396],[140.0311,37.1392],[140.033,37.1402],[140.0385,37.1395],[140.0411,37.1375],[140.0456,37.1368],[140.0492,37.1314],[140.0549,37.1288],[140.0574,37.1261],[140.0597,37.1255],[140.062,37.1272],[140.0655,37.1275],[140.067,37.1264],[140.0767,37.1256],[140.0891,37.1215],[140.0935,37.1242],[140.0945,37.1236],[140.0975,37.1243],[140.1004,37.1234],[140.1027,37.121],[140.1054,37.1206],[140.1076,37.119],[140.1089,37.1166],[140.1147,37.1127],[140.1183,37.1117],[140.1191,37.11],[140.1211,37.1098],[140.1224,37.1083],[140.1259,37.1078],[140.1282,37.1041],[140.1347,37.1036],[140.1374,37.1064],[140.1471,37.0987],[140.1508,37.0943],[140.1493,37.0935],[140.1494,37.0926],[140.1562,37.0914],[140.1574,37.0891],[140.1529,37.0862],[140.1547,37.0853],[140.1572,37.0814],[140.1656,37.0787],[140.1728,37.0703],[140.1745,37.0717],[140.1777,37.069],[140.1845,37.0693],[140.1859,37.0677],[140.1934,37.0651],[140.1946,37.0634],[140.1946,37.0602],[140.1934,37.0583],[140.1916,37.0579],[140.1906,37.0567],[140.1931,37.0556],[140.1948,37.0517],[140.1979,37.0506],[140.1998,37.0477],[140.1992,37.0437],[140.1998,37.0428],[140.1985,37.0382],[140.1956,37.0365],[140.1995,37.0325],[140.1988,37.0313],[140.1993,37.0284],[140.2015,37.0269],[140.2031,37.024],[140.209,37.0229],[140.2119,37.0199],[140.2145,37.0196],[140.2176,37.0208],[140.2181,37.019],[140.22,37.0185],[140.2246,37.0238],[140.2304,37.0241],[140.2331,37.0231],[140.2375,37.0241],[140.2419,37.0238],[140.244,37.0253],[140.2494,37.0256],[140.2492,37.0237],[140.2503,37.0221],[140.2489,37.0185],[140.2511,37.0136],[140.2511,37.0108],[140.252,37.0102],[140.2511,37.0091],[140.2449,37.0102],[140.246,37.0052],[140.2437,37.0015],[140.2402,37.0003],[140.2408,36.9965],[140.2433,36.9959],[140.2444,36.9942],[140.2435,36.9924],[140.2439,36.9914],[140.2459,36.9898],[140.2502,36.9887],[140.2501,36.9848],[140.251,36.9834],[140.2442,36.979],[140.2437,36.974],[140.2488,36.9684],[140.2523,36.9667],[140.2531,36.963],[140.2482,36.9588],[140.2445,36.9571],[140.2412,36.9521],[140.2406,36.9462],[140.2428,36.9448],[140.243,36.9435],[140.2471,36.9418],[140.2513,36.9421],[140.2535,36.9412],[140.2553,36.9384],[140.2617,36.9375],[140.2617,36.9362],[140.2635,36.9355],[140.2642,36.9333]]}},{"type":"Feature","properties":{"n":"r","a":7,"b":10,"g":"tohoku","d":"kanto"},"geometry":{"type":"LineString","coordinates":[[139.2319,36.9405],[139.2299,36.94],[139.2306,36.9369],[139.2318,36.9368],[139.2314,36.9378],[139.2321,36.937],[139.235,36.9374],[139.2347,36.9344],[139.2369,36.9349],[139.2389,36.9342],[139.2408,36.9293],[139.2549,36.9324],[139.2614,36.9379],[139.264,36.9385],[139.2648,36.9409],[139.2661,36.9412],[139.2722,36.9355],[139.2751,36.9336],[139.2785,36.9334],[139.2817,36.9311],[139.2841,36.9317],[139.2845,36.9335],[139.2862,36.9342],[139.2944,36.9347],[139.3044,36.9258],[139.3122,36.9269],[139.3183,36.9255],[139.3235,36.9261],[139.3277,36.9245],[139.3332,36.9246],[139.3385,36.9276],[139.3424,36.9275],[139.3452,36.9256],[139.3447,36.9235],[139.35,36.9184],[139.3494,36.913],[139.3514,36.9151],[139.3568,36.9168],[139.3606,36.9162],[139.3645,36.9183],[139.3698,36.9173],[139.373,36.9184],[139.3814,36.914],[139.3814,36.9123],[139.3833,36.9114],[139.3933,36.9108]]}},{"type":"Feature","properties":{"n":"r","a":7,"b":15,"g":"tohoku","d":"chubu"},"geometry":{"type":"LineString","coordinates":[[139.6808,37.847],[139.6891,37.8467],[139.6911,37.8483],[139.6977,37.8477],[139.6992,37.8494],[139.7022,37.8499],[139.7088,37.8539],[139.7107,37.8544],[139.7146,37.8529],[139.7156,37.847],[139.7185,37.8449],[139.7189,37.8419],[139.7205,37.8396],[139.727,37.835],[139.7294,37.8308],[139.7325,37.8305],[139.736,37.8279],[139.7381,37.825],[139.738,37.8232],[139.7408,37.8203],[139.7415,37.8177],[139.7386,37.8156],[139.7292,37.8136],[139.728,37.812],[139.7216,37.8094],[139.7135,37.799],[139.7053,37.7962],[139.7034,37.7923],[139.6993,37.7892],[139.6965,37.7851],[139.6803,37.7754],[139.6805,37.7737],[139.6782,37.772],[139.6776,37.77],[139.6735,37.7679],[139.6732,37.7665],[139.6687,37.7633],[139.6667,37.757],[139.6579,37.755],[139.6578,37.7522],[139.6591,37.7503],[139.6589,37.745],[139.6574,37.741],[139.6522,37.7378],[139.6522,37.7357],[139.6501,37.7331],[139.6506,37.732],[139.6496,37.7291],[139.6429,37.7276],[139.6422,37.7255],[139.6407,37.725],[139.6404,37.7231],[139.6383,37.7212],[139.6337,37.7195],[139.6318,37.7199],[139.6327,37.7164],[139.6241,37.7102],[139.6235,37.7025],[139.6217,37.7015],[139.6215,37.7001],[139.6234,37.6985],[139.6257,37.6932],[139.6282,37.6924],[139.6272,37.6883],[139.6238,37.6893],[139.6176,37.6888],[139.6149,37.6877],[139.6151,37.6868],[139.6135,37.6857],[139.6094,37.6843],[139.6045,37.6793],[139.606,37.6776],[139.605,37.6741],[139.601,37.6713],[139.6009,37.6688],[139.5964,37.6659],[139.5938,37.6651],[139.5918,37.6658],[139.5913,37.6676],[139.5886,37.6673],[139.5848,37.6623],[139.5798,37.6608],[139.5741,37.6564],[139.5712,37.6558],[139.5685,37.6531],[139.563,37.6538],[139.5593,37.6516],[139.5493,37.649],[139.5518,37.6435],[139.5553,37.6411],[139.5517,37.6368],[139.5476,37.6339],[139.546,37.6289],[139.5479,37.6218],[139.5522,37.6186],[139.5514,37.6159],[139.5488,37.615],[139.5481,37.6136],[139.549,37.6116],[139.5485,37.6096],[139.5541,37.6026],[139.5596,37.6018],[139.565,37.5974],[139.564,37.5962],[139.5652,37.5948],[139.5658,37.5904],[139.5642,37.5884],[139.5675,37.5847],[139.5661,37.5831],[139.5682,37.5799],[139.5704,37.5794],[139.5717,37.5744],[139.5704,37.5729],[139.5724,37.5703],[139.5718,37.5682],[139.5676,37.5629],[139.5688,37.5581],[139.5686,37.5538],[139.5703,37.5506],[139.5657,37.5461],[139.5709,37.5438],[139.5715,37.5421],[139.5702,37.5391],[139.5764,37.5347],[139.5787,37.53],[139.5823,37.5293],[139.5842,37.5278],[139.5881,37.5286],[139.5905,37.528],[139.5911,37.5253],[139.5881,37.5233],[139.588,37.5209],[139.5867,37.5199],[139.5867,37.5171],[139.5843,37.5148],[139.5851,37.5129],[139.5647,37.5017],[139.5617,37.5039],[139.5561,37.5041],[139.5552,37.5061],[139.5489,37.509],[139.545,37.5094],[139.5431,37.5121],[139.5391,37.5112],[139.5316,37.5129],[139.5282,37.5124],[139.5234,37.5145],[139.5196,37.5136],[139.5166,37.5099],[139.5137,37.5086],[139.5084,37.5107],[139.5057,37.5096],[139.5037,37.5102],[139.5023,37.5118],[139.4967,37.5126],[139.491,37.5115],[139.4882,37.51],[139.4858,37.5103],[139.4829,37.5062],[139.4761,37.5026],[139.4718,37.5064],[139.469,37.5067],[139.4661,37.5083],[139.4636,37.5129],[139.4579,37.5158],[139.4572,37.5179],[139.4506,37.5174],[139.4391,37.5132],[139.4292,37.5147],[139.4279,37.5113],[139.4142,37.5102],[139.4142,37.5083],[139.4112,37.5052],[139.4107,37.5019],[139.414,37.4968],[139.4099,37.4947],[139.4079,37.4925],[139.4086,37.4891],[139.4069,37.4865],[139.4099,37.4836],[139.408,37.4792],[139.4058,37.4776],[139.4046,37.4751],[139.4055,37.4706],[139.4046,37.4682],[139.4063,37.466],[139.3975,37.4598],[139.392,37.4606],[139.385,37.4637],[139.379,37.4631],[139.3738,37.4639],[139.3707,37.4656],[139.3685,37.4654],[139.3664,37.4684],[139.3625,37.47],[139.3559,37.4672],[139.3516,37.4681],[139.3512,37.4656],[139.3457,37.4602],[139.3414,37.4599],[139.3351,37.4578],[139.3306,37.4584],[139.3275,37.46],[139.3265,37.4624],[139.3154,37.4594],[139.3141,37.4573],[139.3107,37.4556],[139.3071,37.4586],[139.3048,37.4588],[139.2926,37.4535],[139.2867,37.4524],[139.284,37.4499],[139.2814,37.4501],[139.2788,37.4532],[139.2732,37.4503],[139.2699,37.4502],[139.2585,37.447],[139.2563,37.4509],[139.2514,37.4525],[139.2465,37.4489],[139.2355,37.4448],[139.2319,37.4456],[139.2308,37.4471],[139.2248,37.4481],[139.2236,37.4492],[139.2223,37.4461],[139.2187,37.4453],[139.2151,37.442],[139.2151,37.44],[139.2131,37.4389],[139.2136,37.4365],[139.2075,37.4289],[139.2067,37.4239],[139.2084,37.4168],[139.1993,37.4133],[139.1974,37.4111],[139.2046,37.4062],[139.2057,37.4024],[139.2076,37.4006],[139.2077,37.3962],[139.2121,37.3921],[139.2153,37.3913],[139.2226,37.3933],[139.2281,37.3909],[139.2271,37.3887],[139.2315,37.3879],[139.2307,37.385],[139.2315,37.3837],[139.2305,37.3828],[139.2318,37.382],[139.2315,37.3802],[139.2349,37.3789],[139.238,37.3726],[139.2368,37.3695],[139.2377,37.3683],[139.2365,37.3672],[139.2336,37.3583],[139.2348,37.3508],[139.2336,37.3436],[139.2311,37.3428],[139.2281,37.3433],[139.2265,37.341],[139.225,37.3405],[139.2235,37.3378],[139.2216,37.3369],[139.2218,37.3357],[139.2179,37.3342],[139.2203,37.3316],[139.2196,37.3298],[139.2211,37.3237],[139.2242,37.3214],[139.2243,37.32],[139.2219,37.3147],[139.2157,37.3091],[139.2177,37.3052],[139.2149,37.2992],[139.2147,37.292],[139.2123,37.2862],[139.2057,37.2839],[139.1976,37.2754],[139.193,37.2734],[139.1919,37.2694],[139.1893,37.2687],[139.1878,37.2666],[139.1836,37.2638],[139.1825,37.2617],[139.1791,37.2598],[139.1778,37.2567],[139.1747,37.2564],[139.1732,37.2526],[139.1703,37.2503],[139.1699,37.2477],[139.1649,37.2398],[139.1647,37.2374],[139.1659,37.2322],[139.1675,37.2319],[139.1709,37.2285],[139.1738,37.2236],[139.1846,37.216],[139.1871,37.2097],[139.1896,37.2088],[139.1944,37.2047],[139.1947,37.2022],[139.1967,37.1995],[139.1966,37.194],[139.2053,37.1942],[139.2084,37.1958],[139.2095,37.1976],[139.2134,37.2],[139.2143,37.2034],[139.2176,37.2094],[139.2207,37.2092],[139.2213,37.2048],[139.2265,37.2032],[139.2251,37.2001],[139.2256,37.1983],[139.2292,37.1966],[139.2356,37.1885],[139.2412,37.1869],[139.2409,37.1842],[139.2444,37.1816],[139.2435,37.1773],[139.2453,37.1772],[139.2453,37.1754],[139.2429,37.1732],[139.2432,37.1704],[139.2473,37.1697],[139.2464,37.1663],[139.2538,37.165],[139.2503,37.1637],[139.2529,37.1614],[139.253,37.1584],[139.25,37.1567],[139.2498,37.1516],[139.2461,37.1464],[139.2438,37.1342],[139.2439,37.1283],[139.2375,37.1195],[139.2354,37.1139],[139.2351,37.1105],[139.2359,37.1015],[139.2409,37.0936],[139.2388,37.0899],[139.2428,37.0847],[139.2489,37.0811],[139.2491,37.0796],[139.2465,37.0736],[139.247,37.0708],[139.2498,37.0662],[139.2545,37.0623],[139.255,37.0576],[139.2573,37.0564],[139.2566,37.053],[139.2573,37.0498],[139.2579,37.0485],[139.2603,37.0477],[139.2595,37.0433],[139.2528,37.0398],[139.2543,37.0372],[139.2532,37.0343],[139.2508,37.0318],[139.2485,37.0309],[139.2494,37.0277],[139.2478,37.027],[139.2485,37.0239],[139.2434,37.0151],[139.2466,37.0093],[139.251,37.0046],[139.252,36.9979],[139.2533,36.9958],[139.2526,36.9943],[139.2538,36.9901],[139.2557,36.9887],[139.2531,36.9836],[139.2484,36.9824],[139.2472,36.9805],[139.2496,36.9777],[139.2521,36.9766],[139.2527,36.9735],[139.2477,36.971],[139.2493,36.9676],[139.248,36.9659],[139.2506,36.9653],[139.2514,36.9638],[139.2512,36.962],[139.2485,36.9613],[139.25,36.9597],[139.2499,36.9558],[139.2465,36.9559],[139.245,36.9523],[139.2418,36.9499],[139.2418,36.9491],[139.2441,36.9479],[139.2433,36.9444],[139.2407,36.9435],[139.2416,36.9415],[139.2354,36.9423],[139.2319,36.9405]]}},{"type":"Feature","properties":{"n":"p","a":8,"b":9},"geometry":{"type":"LineString","coordinates":[[140.2642,36.9333],[140.2578,36.9327],[140.2535,36.9297],[140.2508,36.9242],[140.2489,36.9232],[140.2484,36.9213],[140.2501,36.9172],[140.2487,36.9089],[140.2505,36.9061],[140.2504,36.9017],[140.2519,36.8979],[140.2513,36.897],[140.2531,36.8961],[140.2542,36.8916],[140.2528,36.8858],[140.2551,36.8837],[140.2537,36.8817],[140.2545,36.8803],[140.2539,36.8776],[140.2553,36.8765],[140.2567,36.8733],[140.2542,36.8695],[140.2547,36.8673],[140.2537,36.8633],[140.2543,36.8604],[140.2516,36.8522],[140.2527,36.8494],[140.2567,36.8481],[140.257,36.8468],[140.255,36.8423],[140.2553,36.8407],[140.2572,36.8383],[140.2612,36.838],[140.2627,36.8365],[140.2623,36.8328],[140.2657,36.829],[140.2649,36.828],[140.2671,36.8237],[140.2662,36.8224],[140.2674,36.8178],[140.2667,36.8132],[140.2647,36.8125],[140.2633,36.8103],[140.2648,36.8086],[140.2646,36.8041],[140.2659,36.8035],[140.2671,36.7993],[140.2664,36.7959],[140.2645,36.7946],[140.2658,36.7941],[140.2664,36.7906],[140.2635,36.7859],[140.2616,36.7866],[140.2593,36.7859],[140.2536,36.783],[140.2556,36.7804],[140.2552,36.7788],[140.2574,36.7772],[140.2561,36.7754],[140.2537,36.7745],[140.256,36.7721],[140.2586,36.771],[140.2611,36.7675],[140.2592,36.7661],[140.2566,36.766],[140.2552,36.7642],[140.2559,36.7632],[140.2549,36.76],[140.2566,36.7571],[140.2595,36.755],[140.2591,36.7531],[140.2605,36.7521],[140.2622,36.7483],[140.2646,36.7478],[140.2691,36.7421],[140.2706,36.7426],[140.2734,36.7397],[140.2775,36.7388],[140.2797,36.7359],[140.2833,36.7341],[140.2877,36.7254],[140.2866,36.7236],[140.2877,36.7228],[140.2871,36.7182],[140.2892,36.717],[140.2905,36.7139],[140.2922,36.7126],[140.2856,36.7124],[140.2834,36.7112],[140.2823,36.7081],[140.2807,36.7075],[140.2766,36.707],[140.275,36.7082],[140.2712,36.7068],[140.271,36.7049],[140.2682,36.7022],[140.2623,36.7023],[140.2598,36.7012],[140.2563,36.703],[140.2538,36.702],[140.2467,36.7023],[140.2439,36.6976],[140.2342,36.7005],[140.2314,36.6997],[140.2282,36.6965],[140.2268,36.6924],[140.2237,36.6889],[140.2204,36.6871],[140.2201,36.6845],[140.2234,36.6836],[140.2251,36.6775],[140.2238,36.6768],[140.2215,36.6774],[140.2222,36.6757],[140.2216,36.6743],[140.2224,36.673],[140.2274,36.6722],[140.2317,36.6698],[140.2315,36.6677],[140.2327,36.6655],[140.2319,36.6634],[140.2293,36.6623],[140.2309,36.6613],[140.2313,36.6599],[140.2356,36.6574],[140.2371,36.6539],[140.2383,36.654],[140.2409,36.6509],[140.241,36.6492],[140.2391,36.6456],[140.2415,36.6429],[140.2419,36.6378],[140.2428,36.6367],[140.2365,36.6344],[140.2338,36.6344],[140.2355,36.6278],[140.2347,36.6238],[140.2363,36.623],[140.2397,36.625],[140.2448,36.6184],[140.2458,36.614],[140.2485,36.6107],[140.2481,36.6056],[140.2492,36.6036],[140.2492,36.5995],[140.247,36.5969],[140.2456,36.5911],[140.2438,36.5884],[140.2444,36.5865],[140.2433,36.5847],[140.2443,36.584],[140.2438,36.583],[140.2456,36.5821],[140.2446,36.5758],[140.2426,36.5743],[140.2453,36.5721],[140.2456,36.5688],[140.247,36.5675],[140.2456,36.5658],[140.247,36.5646],[140.2451,36.5646],[140.2438,36.5628],[140.2515,36.5546],[140.2514,36.5522],[140.247,36.5483],[140.2481,36.5448],[140.2481,36.5385],[140.2471,36.5377],[140.2477,36.5345],[140.2496,36.5309],[140.2534,36.5272],[140.2526,36.5247],[140.255,36.522],[140.2592,36.5197],[140.2602,36.5175],[140.2538,36.5163],[140.2513,36.5148],[140.2474,36.515],[140.2492,36.5079],[140.2446,36.507],[140.2425,36.5076],[140.2426,36.5063],[140.2411,36.505],[140.2411,36.5027],[140.2358,36.5047],[140.2354,36.503],[140.2306,36.503],[140.2294,36.5021],[140.2312,36.4974],[140.2301,36.4952],[140.2298,36.4911],[140.2266,36.4889],[140.2275,36.4874],[140.2272,36.4859],[140.2242,36.4841],[140.2234,36.4817],[140.2216,36.4805],[140.2193,36.4805],[140.2166,36.479],[140.2121,36.471],[140.213,36.4673],[140.2083,36.4644],[140.2074,36.4624],[140.2073,36.4569],[140.2026,36.4541],[140.2029,36.4504],[140.2062,36.4465],[140.2013,36.4381],[140.202,36.4328],[140.2012,36.4315],[140.2017,36.4296],[140.2034,36.4287],[140.2024,36.4239],[140.2033,36.4207],[140.1984,36.4158],[140.1975,36.4119],[140.1927,36.4067],[140.1926,36.4047],[140.1889,36.4038],[140.1891,36.4022],[140.1863,36.4014],[140.1851,36.3983],[140.1807,36.3974],[140.1656,36.4001],[140.1596,36.398],[140.1565,36.398],[140.1486,36.4067],[140.1484,36.4082],[140.1452,36.4115],[140.1443,36.414],[140.141,36.412],[140.1358,36.4129],[140.1318,36.4149],[140.1234,36.4138],[140.1179,36.4112],[140.1141,36.4108],[140.1092,36.4065],[140.1104,36.4041],[140.1099,36.402],[140.1112,36.398],[140.1091,36.398],[140.1048,36.3951],[140.101,36.3941],[140.0998,36.3949],[140.1014,36.3971],[140.0993,36.3984],[140.0956,36.3987],[140.0923,36.4016],[140.0903,36.4006],[140.0893,36.3985],[140.0879,36.3983],[140.0851,36.3998],[140.0833,36.4028],[140.0811,36.4037],[140.0664,36.4038],[140.065,36.4007],[140.0652,36.3969],[140.0659,36.3947],[140.0685,36.3918],[140.0691,36.3889],[140.0669,36.3875],[140.0665,36.3856],[140.0627,36.3814],[140.0565,36.3797],[140.0482,36.3756],[140.0398,36.375],[140.0351,36.3782],[140.0308,36.3779],[140.03,36.3767],[140.0271,36.3768],[140.0265,36.3754],[140.0222,36.3756],[140.0213,36.3765],[140.0156,36.3758],[140.0154,36.3747],[140.0144,36.3749],[140.0148,36.3762],[140.0165,36.3764],[140.0151,36.3774],[140.0128,36.3764],[140.0111,36.3729],[140.0099,36.3745],[140.0089,36.3743],[140.009,36.3751],[140.0004,36.3766],[140.0009,36.3736],[140.0039,36.3705],[140.0022,36.368],[139.9966,36.3696],[139.9918,36.3696],[139.9893,36.3671],[139.9854,36.3681],[139.9824,36.3704],[139.9792,36.3698],[139.9783,36.3724],[139.9746,36.3745],[139.9735,36.3785],[139.9722,36.3776],[139.9721,36.375],[139.9692,36.3705],[139.9653,36.3675],[139.9658,36.3629],[139.9648,36.3611],[139.9657,36.3602],[139.964,36.3562],[139.9648,36.356],[139.9645,36.3509],[139.9462,36.3492],[139.9449,36.3487],[139.9449,36.3477],[139.9433,36.3478],[139.9433,36.3468],[139.9352,36.3454],[139.9351,36.3435],[139.9294,36.3433],[139.9226,36.3416],[139.9173,36.3376],[139.9143,36.3367],[139.9117,36.3326],[139.9127,36.3262],[139.9103,36.3101],[139.9147,36.3099],[139.9151,36.309],[139.9103,36.3009],[139.9043,36.2979],[139.9005,36.2991],[139.8999,36.3015],[139.8974,36.3001],[139.8943,36.3019],[139.8943,36.3043],[139.8962,36.3044],[139.899,36.3063],[139.8966,36.3098],[139.8917,36.3091],[139.89,36.3105],[139.8851,36.3119],[139.8812,36.3096],[139.8788,36.3107],[139.8785,36.314],[139.8826,36.3206],[139.8807,36.323],[139.8747,36.3232],[139.8752,36.3206],[139.8745,36.3209],[139.8721,36.3182],[139.8725,36.3151],[139.8709,36.3151],[139.8701,36.3138],[139.8674,36.3139],[139.8647,36.3156],[139.8626,36.3131],[139.858,36.3107],[139.8499,36.3118],[139.848,36.3107],[139.8456,36.3081],[139.8453,36.3064],[139.8429,36.3044],[139.8416,36.3013],[139.8395,36.3002],[139.8353,36.2935],[139.8366,36.2873],[139.8414,36.2783],[139.8417,36.2759],[139.835,36.2704],[139.8316,36.2646],[139.8274,36.2489],[139.8223,36.2418],[139.8218,36.2398],[139.7857,36.2278],[139.785,36.2267],[139.7809,36.2265],[139.7748,36.2237],[139.76,36.2192],[139.7483,36.2111],[139.7275,36.2016],[139.7268,36.2041],[139.7275,36.2058],[139.72,36.2078],[139.7202,36.2113],[139.7176,36.2115],[139.7159,36.2097],[139.7069,36.2106],[139.7065,36.209],[139.7081,36.2087],[139.7084,36.2071],[139.7065,36.2019],[139.7025,36.204],[139.7014,36.2033],[139.6987,36.2039],[139.6986,36.2065],[139.6962,36.2059],[139.6925,36.2065],[139.6906,36.2054],[139.6879,36.1997]]}},{"type":"Feature","properties":{"n":"p","a":8,"b":11},"geometry":{"type":"LineString","coordinates":[[139.7762,36.0908],[139.7724,36.088],[139.7719,36.0822],[139.7676,36.0805],[139.7578,36.0821],[139.7468,36.0871],[139.7337,36.0863],[139.7298,36.0878],[139.7283,36.0901],[139.7264,36.1125],[139.722,36.1182],[139.7136,36.1262],[139.7101,36.1359],[139.7014,36.1471],[139.6954,36.158],[139.6942,36.1658],[139.6918,36.1702],[139.6909,36.1753],[139.6925,36.1861],[139.6943,36.1905],[139.6884,36.1954],[139.6879,36.1997]]}},{"type":"Feature","properties":{"n":"p","a":8,"b":12},"geometry":{"type":"LineString","coordinates":[[139.7762,36.0908],[139.7768,36.0971],[139.7868,36.1041],[139.7984,36.0955],[139.8034,36.0877],[139.8083,36.0704],[139.813,36.0631],[139.8409,36.0381],[139.8474,36.0339],[139.8576,36.029],[139.876,36.011],[139.8784,36.0073],[139.8818,35.993],[139.8842,35.9888],[139.8975,35.9785],[139.9129,35.9714],[139.9163,35.9704],[139.9253,35.9706],[139.9326,35.9695],[139.9367,35.9664],[139.9382,35.962],[139.9339,35.9559],[139.9316,35.9508],[139.9336,35.9464],[139.938,35.941],[139.9509,35.9365],[139.9648,35.927],[139.9763,35.9234],[139.9858,35.9148],[139.9943,35.9098],[139.9987,35.9091],[140.0132,35.9111],[140.0209,35.9092],[140.0284,35.9022],[140.0437,35.8934],[140.0556,35.8907],[140.0611,35.8881],[140.0666,35.8809],[140.0737,35.8767],[140.0783,35.8778],[140.0817,35.8808],[140.0875,35.8839],[140.0928,35.8839],[140.1009,35.8815],[140.1117,35.876],[140.1246,35.8725],[140.1276,35.8704],[140.1342,35.8589],[140.1465,35.8457],[140.1507,35.8434],[140.1567,35.8427],[140.1678,35.8455],[140.1875,35.8521],[140.1991,35.8591],[140.2054,35.8613],[140.2144,35.8619],[140.2304,35.8545],[140.2415,35.8546],[140.2669,35.87],[140.2783,35.874],[140.2861,35.8729],[140.3041,35.8653],[140.3083,35.8645],[140.3194,35.8646],[140.335,35.8724],[140.3484,35.8832],[140.3531,35.8919],[140.3616,35.8986],[140.3983,35.9093],[140.4076,35.9092],[140.4179,35.9064],[140.4248,35.9072],[140.4359,35.9121],[140.4485,35.915],[140.4584,35.9265],[140.4709,35.9199],[140.4742,35.9161],[140.4838,35.91],[140.5028,35.9055],[140.4948,35.9127],[140.4908,35.915],[140.4871,35.9253],[140.4872,35.9286],[140.4898,35.932],[140.4938,35.9303],[140.4955,35.9312],[140.4975,35.9344],[140.4997,35.9444],[140.5047,35.9521],[140.5112,35.9587],[140.5244,35.9499],[140.5349,35.94],[140.5476,35.934],[140.5591,35.9301],[140.5706,35.9241],[140.5737,35.9219],[140.5726,35.9212],[140.5804,35.9173],[140.5852,35.9092],[140.5879,35.9105],[140.5895,35.9082],[140.5875,35.9073],[140.5882,35.9062],[140.5985,35.9034],[140.6027,35.8992],[140.608,35.8958],[140.6123,35.8907],[140.6194,35.8764],[140.6283,35.8656],[140.6307,35.8591],[140.6411,35.8564],[140.6709,35.8524],[140.6835,35.8491],[140.6972,35.8424],[140.7066,35.8363],[140.713,35.8294],[140.7172,35.8228],[140.7268,35.7995],[140.7345,35.7912],[140.7444,35.7832],[140.7882,35.7584],[140.8056,35.7468],[140.818,35.7404],[140.822,35.7394],[140.8447,35.7397],[140.8499,35.7414],[140.852,35.7447]]}},{"type":"Feature","properties":{"n":"p","a":9,"b":10},"geometry":{"type":"LineString","coordinates":[[139.664,36.2075],[139.665,36.2102],[139.6694,36.2126],[139.6699,36.2137],[139.6696,36.2151],[139.6671,36.2167],[139.6653,36.2234],[139.659,36.2212],[139.6613,36.2247],[139.6596,36.2285],[139.6631,36.2306],[139.658,36.23],[139.6592,36.2314],[139.6541,36.2316],[139.6554,36.2339],[139.6535,36.237],[139.6506,36.2391],[139.6485,36.2379],[139.6455,36.2405],[139.6439,36.2369],[139.6415,36.2355],[139.6421,36.242],[139.6379,36.2461],[139.6342,36.2528],[139.6316,36.2535],[139.6307,36.2548],[139.6315,36.257],[139.6365,36.2619],[139.6422,36.2641],[139.643,36.2661],[139.6417,36.267],[139.6369,36.264],[139.634,36.27],[139.6325,36.2712],[139.6251,36.2715],[139.6215,36.2739],[139.619,36.2744],[139.6159,36.2737],[139.612,36.2695],[139.6086,36.2681],[139.5846,36.2692],[139.5768,36.2668],[139.5724,36.267],[139.5703,36.268],[139.5623,36.2669],[139.5599,36.2679],[139.5536,36.2738],[139.5559,36.2766],[139.5533,36.2795],[139.5501,36.2783],[139.5486,36.2808],[139.544,36.2758],[139.5398,36.2771],[139.5403,36.28],[139.5392,36.2808],[139.5365,36.2818],[139.5346,36.279],[139.526,36.2847],[139.5227,36.2835],[139.5205,36.2809],[139.5151,36.2811],[139.5128,36.2783],[139.5097,36.2785],[139.5032,36.2811],[139.5006,36.2763],[139.4924,36.2738],[139.4904,36.2758],[139.4877,36.2759],[139.4852,36.275],[139.481,36.2713],[139.4756,36.2733],[139.4756,36.2756],[139.4739,36.2764],[139.4715,36.2757],[139.4726,36.2723],[139.4719,36.2707],[139.4627,36.2721],[139.4626,36.2732],[139.46,36.2745],[139.4585,36.2768],[139.463,36.2794],[139.4685,36.2792],[139.4608,36.2851],[139.4609,36.2872],[139.4571,36.2892],[139.4436,36.2884],[139.4435,36.2937],[139.4382,36.2969],[139.4365,36.2962],[139.4359,36.2922],[139.4352,36.2921],[139.4304,36.2957],[139.4314,36.3012],[139.4268,36.3036],[139.4272,36.3051],[139.4292,36.3062],[139.4261,36.3079],[139.4232,36.3079],[139.419,36.3135],[139.417,36.3133],[139.4157,36.3159],[139.4175,36.3169],[139.4154,36.318],[139.4155,36.3191],[139.4182,36.3214],[139.4158,36.3225],[139.4148,36.3252],[139.4157,36.3259],[139.417,36.3254],[139.419,36.3271],[139.4205,36.3231],[139.4217,36.3225],[139.4228,36.3233],[139.4232,36.3253],[139.4241,36.3237],[139.4267,36.3247],[139.4267,36.3269],[139.4233,36.3301],[139.4228,36.3323],[139.4179,36.3366],[139.4148,36.3381],[139.4124,36.3381],[139.3935,36.3478],[139.388,36.355],[139.3781,36.36],[139.3686,36.3673],[139.3664,36.3705],[139.3682,36.3725],[139.3664,36.3792],[139.361,36.3838],[139.3649,36.3884],[139.3652,36.39],[139.368,36.3925],[139.3698,36.3976],[139.3755,36.4003],[139.3763,36.4045],[139.3754,36.4058],[139.3785,36.4144],[139.38,36.415],[139.3822,36.4184],[139.385,36.4193],[139.3863,36.4221],[139.3887,36.4222],[139.3918,36.4244],[139.3923,36.4283],[139.3941,36.4289],[139.395,36.4309],[139.3945,36.4344],[139.4025,36.4368],[139.4046,36.4406],[139.405,36.445],[139.4076,36.4461],[139.412,36.45],[139.412,36.4547],[139.4082,36.458],[139.4111,36.4584],[139.4147,36.4619],[139.418,36.4606],[139.4181,36.4588],[139.4206,36.457],[139.4259,36.4593],[139.4312,36.4576],[139.4312,36.4604],[139.4296,36.4615],[139.4327,36.4637],[139.4354,36.4642],[139.4365,36.466],[139.438,36.4749],[139.4354,36.4744],[139.4324,36.4715],[139.431,36.4715],[139.4316,36.4737],[139.4305,36.478],[139.4294,36.4784],[139.4297,36.4819],[139.4259,36.4846],[139.4281,36.4904],[139.4217,36.4904],[139.4211,36.4913],[139.4226,36.4937],[139.4179,36.4947],[139.4182,36.4978],[139.4197,36.5002],[139.419,36.5023],[139.4228,36.5043],[139.424,36.5063],[139.4217,36.509],[139.4277,36.5106],[139.4285,36.5125],[139.4303,36.5132],[139.4315,36.5147],[139.4315,36.5171],[139.4327,36.5173],[139.4328,36.519],[139.4347,36.5196],[139.4347,36.5222],[139.4378,36.525],[139.4399,36.5254],[139.4418,36.5289],[139.4414,36.5304],[139.4428,36.5316],[139.4387,36.5317],[139.4348,36.5327],[139.4345,36.5336],[139.4364,36.5338],[139.4378,36.536],[139.4362,36.539],[139.4379,36.5405],[139.4369,36.5422],[139.4382,36.5449],[139.4381,36.5484],[139.439,36.5507],[139.4435,36.5526],[139.4522,36.5496],[139.4571,36.5532],[139.4608,36.5532],[139.4623,36.5563],[139.4619,36.5578],[139.4652,36.5611],[139.4654,36.5634],[139.4699,36.5657],[139.4725,36.5652],[139.4741,36.5669],[139.4739,36.5731],[139.4825,36.578],[139.4826,36.5809],[139.4835,36.5819],[139.4803,36.5858],[139.4764,36.5874],[139.4738,36.5905],[139.4747,36.5946],[139.471,36.6011],[139.4714,36.6029],[139.4652,36.6066],[139.4625,36.6055],[139.4577,36.6063],[139.4528,36.6036],[139.451,36.6065],[139.4454,36.6075],[139.4439,36.606],[139.4383,36.6043],[139.4361,36.6017],[139.4278,36.601],[139.4247,36.6035],[139.4174,36.6046],[139.4125,36.6081],[139.4037,36.6088],[139.4058,36.6072],[139.4065,36.6048],[139.3982,36.602],[139.3918,36.6062],[139.3867,36.612],[139.3793,36.6131],[139.3714,36.612],[139.3633,36.6143],[139.3592,36.6136],[139.3523,36.6151],[139.3471,36.6196],[139.3457,36.6259],[139.34,36.6262],[139.3382,36.6274],[139.3314,36.6269],[139.3296,36.6277],[139.3281,36.6337],[139.3305,36.6425],[139.3287,36.6456],[139.3287,36.648],[139.3266,36.6507],[139.3286,36.6526],[139.3267,36.6571],[139.3295,36.6604],[139.3306,36.6638],[139.3345,36.6657],[139.3338,36.6671],[139.3357,36.6705],[139.3349,36.6745],[139.3361,36.6769],[139.3393,36.6784],[139.3367,36.6822],[139.3393,36.6853],[139.3369,36.6924],[139.341,36.6941],[139.3437,36.6974],[139.3487,36.6998],[139.3524,36.7043],[139.3563,36.7071],[139.3554,36.7099],[139.356,36.7105],[139.3579,36.7115],[139.3586,36.7132],[139.3611,36.7135],[139.3597,36.7167],[139.3648,36.7196],[139.3649,36.7231],[139.3669,36.7246],[139.3648,36.7305],[139.3655,36.733],[139.3675,36.7345],[139.367,36.7367],[139.3683,36.738],[139.3681,36.7418],[139.3703,36.745],[139.3725,36.7463],[139.3622,36.7479],[139.3559,36.7506],[139.3545,36.7533],[139.3553,36.7602],[139.3508,36.7635],[139.3527,36.7651],[139.3545,36.7693],[139.353,36.7736],[139.3599,36.7752],[139.3623,36.7788],[139.3624,36.7808],[139.3675,36.7838],[139.3699,36.7829],[139.375,36.7848],[139.3768,36.7879],[139.3756,36.7909],[139.378,36.7921],[139.3777,36.7965],[139.3759,36.7974],[139.3756,36.8003],[139.3783,36.8031],[139.3776,36.8043],[139.384,36.8058],[139.3886,36.8053],[139.3893,36.8069],[139.3937,36.8097],[139.3917,36.8117],[139.391,36.8142],[139.3938,36.8179],[139.3977,36.8207],[139.4016,36.8217],[139.4067,36.8269],[139.4053,36.8283],[139.4063,36.8295],[139.4053,36.8308],[139.3985,36.8343],[139.3927,36.8344],[139.392,36.8327],[139.3909,36.8327],[139.3876,36.8339],[139.3865,36.8357],[139.3808,36.8366],[139.3767,36.8388],[139.3744,36.838],[139.3718,36.8401],[139.3663,36.8412],[139.3638,36.8473],[139.3528,36.849],[139.3485,36.8527],[139.3557,36.8585],[139.3551,36.8617],[139.3577,36.8655],[139.357,36.8674],[139.3582,36.8722],[139.3575,36.876],[139.3561,36.8778],[139.3581,36.8778],[139.3609,36.8742],[139.3624,36.8775],[139.3672,36.877],[139.3702,36.8782],[139.3686,36.8798],[139.372,36.8831],[139.3702,36.8881],[139.3706,36.8896],[139.373,36.8914],[139.3739,36.894],[139.3794,36.898],[139.3819,36.8982],[139.3836,36.8997],[139.3868,36.9001],[139.3941,36.9034],[139.3956,36.9069],[139.3936,36.9091],[139.3933,36.9108]]}},{"type":"Feature","properties":{"n":"p","a":9,"b":11},"geometry":{"type":"LineString","coordinates":[[139.6879,36.1997],[139.6866,36.2033],[139.6855,36.2038],[139.682,36.2008],[139.6773,36.2015],[139.6755,36.2042],[139.6742,36.2091],[139.6722,36.2092],[139.6677,36.2067],[139.664,36.2075]]}},{"type":"Feature","properties":{"n":"p","a":10,"b":11},"geometry":{"type":"LineString","coordinates":[[138.7125,35.9853],[138.7145,35.9867],[138.7145,35.9891],[138.7168,35.9929],[138.7266,35.9948],[138.7277,35.9965],[138.7299,35.9981],[138.7322,35.9983],[138.7357,36.0016],[138.7359,36.0032],[138.7374,36.0043],[138.7367,36.0065],[138.7438,36.0101],[138.7448,36.0137],[138.7492,36.0167],[138.7485,36.0186],[138.7496,36.0203],[138.7494,36.0221],[138.7507,36.0251],[138.7529,36.0266],[138.7536,36.0284],[138.7529,36.0305],[138.7544,36.0345],[138.7598,36.0349],[138.7691,36.0388],[138.7735,36.0388],[138.7764,36.0371],[138.7806,36.0369],[138.7821,36.0341],[138.7867,36.0331],[138.7879,36.0305],[138.791,36.0294],[138.8009,36.0322],[138.8026,36.0335],[138.8136,36.0335],[138.8158,36.0354],[138.8284,36.0373],[138.8291,36.0416],[138.8318,36.0448],[138.8321,36.0476],[138.8338,36.0484],[138.8346,36.0502],[138.8376,36.05],[138.8429,36.056],[138.8439,36.0595],[138.8453,36.0611],[138.846,36.0666],[138.8489,36.0674],[138.8508,36.0693],[138.8547,36.0685],[138.8592,36.0699],[138.8617,36.0717],[138.8648,36.0773],[138.8718,36.0794],[138.8778,36.0826],[138.8867,36.0842],[138.8915,36.0876],[138.8948,36.0875],[138.8979,36.0907],[138.9078,36.0921],[138.9107,36.0908],[138.9163,36.0938],[138.9209,36.0914],[138.9248,36.0908],[138.9258,36.0893],[138.9315,36.0881],[138.9381,36.0929],[138.9451,36.0946],[138.9503,36.0994],[138.9511,36.1027],[138.955,36.1056],[138.9565,36.1057],[138.9579,36.1076],[138.958,36.1099],[138.9561,36.1123],[138.9572,36.1184],[138.9588,36.1205],[138.9585,36.1244],[138.9598,36.1241],[138.9647,36.126],[138.9672,36.1243],[138.9699,36.1246],[138.9738,36.1214],[138.9742,36.1196],[138.9772,36.1167],[138.9792,36.116],[138.9823,36.1168],[138.9853,36.1155],[138.9872,36.1175],[138.9893,36.1179],[138.9934,36.1249],[139.0019,36.1255],[139.0063,36.1291],[139.0065,36.1303],[139.0039,36.132],[139.0042,36.1337],[139.0108,36.1321],[139.0148,36.1337],[139.0199,36.131],[139.0246,36.134],[139.0265,36.1329],[139.0257,36.1301],[139.0287,36.1298],[139.0319,36.1272],[139.0364,36.1262],[139.0418,36.1279],[139.0432,36.1312],[139.0411,36.1346],[139.0417,36.1387],[139.0409,36.1396],[139.0429,36.1484],[139.0463,36.1487],[139.0473,36.15],[139.0466,36.1515],[139.0481,36.1527],[139.0623,36.1528],[139.0613,36.1556],[139.0638,36.1592],[139.0618,36.1629],[139.0581,36.1649],[139.0595,36.1662],[139.0576,36.1699],[139.0564,36.1828],[139.0585,36.1847],[139.0628,36.1857],[139.0645,36.187],[139.0634,36.1963],[139.0736,36.2053],[139.0807,36.2136],[139.0908,36.2311],[139.1075,36.2526],[139.1112,36.2585],[139.1083,36.2603],[139.1078,36.2617],[139.1133,36.2668],[139.1183,36.2692],[139.1269,36.2784],[139.1297,36.2834],[139.1314,36.2812],[139.1357,36.2784],[139.1585,36.2778],[139.1639,36.2789],[139.1719,36.2734],[139.1954,36.2632],[139.198,36.2622],[139.2052,36.2631],[139.2108,36.2615],[139.212,36.2602],[139.2116,36.2562],[139.224,36.2583],[139.2312,36.2525],[139.2353,36.2476],[139.2441,36.2444],[139.2544,36.246],[139.2591,36.2448],[139.2618,36.2429],[139.267,36.2427],[139.267,36.2506],[139.2868,36.245],[139.2985,36.2431],[139.2976,36.2415],[139.3068,36.2375],[139.3162,36.2358],[139.3209,36.2358],[139.328,36.2368],[139.3279,36.2405],[139.3331,36.2428],[139.3402,36.2438],[139.3398,36.246],[139.3452,36.2479],[139.3475,36.2536],[139.3514,36.2539],[139.3538,36.2513],[139.3557,36.2526],[139.3598,36.2533],[139.3656,36.2499],[139.3695,36.2461],[139.3791,36.2432],[139.3792,36.2408],[139.3815,36.2376],[139.3904,36.2318],[139.3934,36.2276],[139.408,36.2215],[139.4084,36.2224],[139.411,36.2202],[139.4181,36.2171],[139.4198,36.2147],[139.4203,36.2104],[139.4249,36.2103],[139.4288,36.2086],[139.4426,36.1978],[139.4543,36.1914],[139.4643,36.1892],[139.4742,36.1894],[139.4861,36.1912],[139.4941,36.1909],[139.5028,36.1936],[139.5201,36.1913],[139.5296,36.1917],[139.536,36.1932],[139.5542,36.2007],[139.5719,36.2037],[139.583,36.2092],[139.5874,36.2104],[139.5944,36.2089],[139.6011,36.2055],[139.6151,36.192],[139.6249,36.1866],[139.6263,36.1932],[139.629,36.1954],[139.6371,36.1974],[139.6482,36.1962],[139.651,36.1975],[139.6516,36.1992],[139.6498,36.2029],[139.6499,36.2077],[139.649,36.2101],[139.6522,36.2128],[139.658,36.2145],[139.6621,36.2145],[139.6644,36.2115],[139.6609,36.2081],[139.6624,36.2071],[139.664,36.2075]]}},{"type":"Feature","properties":{"n":"p","a":10,"b":11},"geometry":{"type":"LineString","coordinates":[[139.2622,36.2455],[139.264,36.2448],[139.2637,36.2437],[139.2616,36.2442],[139.2622,36.2455]]}},{"type":"Feature","properties":{"n":"r","a":10,"b":15,"g":"kanto","d":"chubu"},"geometry":{"type":"LineString","coordinates":[[139.2319,36.9405],[139.2379,36.9466],[139.2362,36.9482],[139.2354,36.9515],[139.2314,36.9554],[139.2308,36.9581],[139.2287,36.9612],[139.2251,36.962],[139.2189,36.9608],[139.2142,36.957],[139.206,36.9559],[139.2019,36.9584],[139.1981,36.9578],[139.1952,36.959],[139.1935,36.961],[139.1867,36.9599],[139.1827,36.9617],[139.1802,36.9647],[139.1801,36.966],[139.1765,36.9696],[139.1752,36.9733],[139.1765,36.9765],[139.1763,36.9804],[139.1779,36.9837],[139.1772,36.9854],[139.1796,36.9904],[139.1773,36.9937],[139.174,36.9959],[139.171,37.002],[139.1621,37.0041],[139.1585,37.0065],[139.1507,37.0093],[139.1432,37.0213],[139.1319,37.0257],[139.1321,37.0277],[139.1297,37.0307],[139.1277,37.0359],[139.1278,37.0385],[139.126,37.039],[139.1245,37.0409],[139.125,37.0448],[139.1229,37.0471],[139.1154,37.0475],[139.1133,37.0498],[139.1113,37.0552],[139.1056,37.056],[139.097,37.0586],[139.0946,37.0562],[139.0948,37.0546],[139.0904,37.0449],[139.0915,37.0395],[139.0887,37.0309],[139.0894,37.0307],[139.0888,37.0283],[139.0897,37.0273],[139.0911,37.0197],[139.089,37.0183],[139.0866,37.0147],[139.0814,37.0115],[139.0807,37.0087],[139.0735,37.0085],[139.072,37.0065],[139.0656,37.0049],[139.0608,37.0006],[139.0542,36.9983],[139.053,36.9961],[139.0501,36.9949],[139.0502,36.9923],[139.0474,36.9873],[139.0385,36.9859],[139.0345,36.9837],[139.0306,36.9836],[139.0219,36.9871],[139.0155,36.9883],[139.0136,36.9874],[139.0116,36.9849],[139.007,36.9835],[139.0003,36.9791],[138.9708,36.9814],[138.9665,36.9791],[138.9678,36.9737],[138.9654,36.9674],[138.9661,36.9573],[138.9644,36.9549],[138.9638,36.9514],[138.9665,36.9389],[138.9666,36.9312],[138.9767,36.9208],[138.9772,36.9179],[138.975,36.9164],[138.9744,36.913],[138.9796,36.9051],[138.9795,36.8918],[138.9754,36.8902],[138.9715,36.8872],[138.967,36.891],[138.9603,36.8926],[138.9547,36.8953],[138.9495,36.893],[138.9472,36.8944],[138.9406,36.8952],[138.9362,36.8935],[138.9336,36.8941],[138.9323,36.8935],[138.9305,36.887],[138.9231,36.8836],[138.9217,36.8804],[138.922,36.8785],[138.9195,36.8764],[138.9171,36.871],[138.9187,36.8678],[138.9216,36.8654],[138.9221,36.861],[138.9179,36.8568],[138.916,36.8508],[138.917,36.8489],[138.925,36.8465],[138.9276,36.8396],[138.9299,36.8373],[138.9301,36.8341],[138.9291,36.8326],[138.9073,36.8277],[138.8898,36.8265],[138.8867,36.8254],[138.8849,36.8262],[138.8819,36.8258],[138.8795,36.825],[138.8756,36.8186],[138.8646,36.8163],[138.8564,36.8116],[138.8509,36.812],[138.8396,36.8172],[138.836,36.8153],[138.8302,36.8177],[138.8217,36.8176],[138.822,36.8114],[138.8263,36.8051],[138.8272,36.802],[138.8267,36.7999],[138.8291,36.7954],[138.8318,36.7939],[138.829,36.7916],[138.8297,36.7862],[138.829,36.782],[138.825,36.7758],[138.8269,36.7723],[138.8213,36.7641],[138.8178,36.7616],[138.8147,36.7622],[138.8111,36.7649],[138.8074,36.7649],[138.7953,36.7581],[138.7926,36.7524],[138.7927,36.7479],[138.7894,36.7449],[138.785,36.7449],[138.7824,36.7473],[138.778,36.7477],[138.772,36.7463],[138.7673,36.7465],[138.7649,36.7491],[138.7616,36.7489],[138.758,36.7508],[138.7533,36.755],[138.7482,36.7578],[138.7406,36.7593],[138.7387,36.7614],[138.7354,36.7628],[138.7295,36.7624],[138.727,36.7642],[138.7214,36.7592],[138.7208,36.7546],[138.7221,36.7538],[138.7219,36.7497],[138.7185,36.7462],[138.7158,36.7458],[138.7131,36.7392],[138.705,36.7366],[138.6959,36.7385]]}},{"type":"Feature","properties":{"n":"r","a":10,"b":20,"g":"kanto","d":"chubu"},"geometry":{"type":"LineString","coordinates":[[138.6959,36.7385],[138.6847,36.7364],[138.6762,36.7306],[138.6685,36.7309],[138.6657,36.7287],[138.663,36.7296],[138.6564,36.7285],[138.6555,36.7271],[138.6489,36.7271],[138.645,36.7244],[138.6389,36.7232],[138.6358,36.7209],[138.6303,36.7195],[138.6275,36.721],[138.6222,36.7204],[138.6199,36.7165],[138.6173,36.7144],[138.6171,36.7113],[138.6133,36.7093],[138.6109,36.7064],[138.6059,36.7076],[138.6024,36.7126],[138.5999,36.7141],[138.5957,36.7145],[138.5943,36.7138],[138.5926,36.7089],[138.5898,36.7078],[138.5841,36.7012],[138.5805,36.7028],[138.5748,36.7072],[138.5713,36.7055],[138.5681,36.7064],[138.5624,36.7057],[138.5598,36.707],[138.553,36.7046],[138.5436,36.7038],[138.5388,36.7005],[138.5371,36.6971],[138.5308,36.6977],[138.521,36.694],[138.52,36.6923],[138.5143,36.6908],[138.5144,36.6901],[138.5199,36.6892],[138.5202,36.6864],[138.5185,36.6839],[138.5199,36.6819],[138.5198,36.6804],[138.518,36.6774],[138.5183,36.6762],[138.5261,36.6687],[138.5335,36.6668],[138.5346,36.6656],[138.5316,36.6601],[138.5292,36.658],[138.5294,36.6553],[138.5267,36.6538],[138.5241,36.6504],[138.5223,36.6507],[138.5151,36.6491],[138.5117,36.6467],[138.508,36.6483],[138.5065,36.6468],[138.5041,36.6468],[138.502,36.6446],[138.4901,36.6412],[138.4863,36.6423],[138.4851,36.6442],[138.4812,36.6452],[138.4786,36.6442],[138.4731,36.644],[138.4723,36.642],[138.4688,36.6398],[138.4671,36.6372],[138.4633,36.637],[138.4582,36.6337],[138.4581,36.6295],[138.4606,36.6265],[138.4562,36.619],[138.455,36.6139],[138.4503,36.6107],[138.4446,36.6101],[138.4416,36.6107],[138.4389,36.6056],[138.4413,36.5997],[138.4356,36.6003],[138.4287,36.5977],[138.4263,36.5935],[138.4268,36.5871],[138.4244,36.5818],[138.4208,36.5785],[138.4203,36.5745],[138.4204,36.5735],[138.4231,36.5729],[138.4284,36.5687],[138.4287,36.5636],[138.4262,36.5604],[138.4285,36.558],[138.4289,36.5565],[138.4261,36.5515],[138.419,36.5452],[138.4181,36.5433],[138.4147,36.5428],[138.4119,36.5407],[138.4115,36.5389],[138.4139,36.5321],[138.4117,36.5273],[138.4057,36.5237],[138.4041,36.5217],[138.4028,36.5161],[138.406,36.5074],[138.4017,36.5014],[138.397,36.4895],[138.3982,36.4869],[138.3973,36.4841],[138.4008,36.4812],[138.4002,36.4795],[138.401,36.4771],[138.3996,36.4732],[138.4012,36.4711],[138.4011,36.4688],[138.4033,36.4669],[138.4028,36.4648],[138.4005,36.4634],[138.401,36.4564],[138.3987,36.4532],[138.3994,36.4522],[138.4035,36.452],[138.4009,36.4459],[138.4012,36.4342],[138.4153,36.4316],[138.4206,36.4286],[138.4418,36.4226],[138.447,36.4193],[138.4516,36.4212],[138.457,36.4202],[138.4581,36.4171],[138.457,36.4125],[138.4612,36.4077],[138.4598,36.4068],[138.4596,36.4048],[138.4779,36.4044],[138.489,36.4009],[138.4899,36.4018],[138.4886,36.4037],[138.4888,36.4087],[138.4918,36.4131],[138.4964,36.4142],[138.5027,36.4139],[138.5047,36.4149],[138.5173,36.4075],[138.5293,36.403],[138.5389,36.4025],[138.5438,36.4053],[138.5496,36.4133],[138.555,36.4178],[138.5645,36.4202],[138.5731,36.4192],[138.5838,36.4225],[138.5869,36.4204],[138.5892,36.4211],[138.5902,36.4239],[138.5924,36.4244],[138.5997,36.4241],[138.6003,36.4226],[138.6038,36.422],[138.6075,36.4232],[138.613,36.4226],[138.6187,36.4205],[138.6212,36.4165],[138.6251,36.4157],[138.6269,36.4155],[138.6328,36.418],[138.6371,36.4172],[138.6418,36.4142],[138.6436,36.4116],[138.6466,36.4108],[138.6478,36.4093],[138.6485,36.3998],[138.6522,36.3954],[138.6522,36.3854],[138.6496,36.3792],[138.6515,36.373],[138.6537,36.3722],[138.6572,36.3689],[138.6522,36.3624],[138.6522,36.3592],[138.654,36.3581],[138.654,36.3571],[138.6512,36.355],[138.6501,36.3525],[138.6513,36.3496],[138.6502,36.3468],[138.651,36.3437],[138.6497,36.3416],[138.6496,36.3384],[138.6512,36.3353],[138.6505,36.3323],[138.6532,36.33],[138.6515,36.3272],[138.653,36.3262],[138.6533,36.3243],[138.6478,36.3156],[138.6503,36.3119],[138.6512,36.308],[138.6537,36.3072],[138.653,36.306],[138.6535,36.3031],[138.6501,36.3015],[138.6511,36.299],[138.6463,36.2975],[138.6445,36.2933],[138.6427,36.2936],[138.6412,36.2927],[138.64,36.2936],[138.6375,36.2935],[138.6329,36.2908],[138.6309,36.2885],[138.627,36.2888],[138.6209,36.2866],[138.6125,36.2857],[138.6112,36.2821],[138.6072,36.2796],[138.6003,36.2784],[138.6036,36.2749],[138.6031,36.2733],[138.6045,36.2718],[138.6038,36.2696],[138.6059,36.2668],[138.6037,36.2628],[138.605,36.2591],[138.6048,36.2541],[138.6021,36.2491],[138.603,36.2478],[138.6073,36.2463],[138.6077,36.2448],[138.6102,36.244],[138.6125,36.2409],[138.6118,36.2295],[138.6146,36.228],[138.6147,36.2242],[138.6175,36.2218],[138.6179,36.2194],[138.6222,36.2146],[138.6288,36.2158],[138.6314,36.2173],[138.6347,36.2137],[138.6344,36.2087],[138.6367,36.2043],[138.6348,36.2056],[138.6304,36.2035],[138.6228,36.1969],[138.6242,36.1942],[138.6272,36.1916],[138.6298,36.1854],[138.6295,36.1833],[138.6311,36.1827],[138.6359,36.1773],[138.6371,36.1749],[138.6363,36.1721],[138.6359,36.1709],[138.6309,36.1728],[138.6278,36.1712],[138.6229,36.1703],[138.6214,36.1712],[138.6132,36.1687],[138.6084,36.1654],[138.6095,36.1614],[138.6028,36.1648],[138.5945,36.1656],[138.5898,36.1695],[138.5883,36.1726],[138.5906,36.1779],[138.5883,36.179],[138.5873,36.1769],[138.5842,36.1772],[138.5834,36.1788],[138.5813,36.1774],[138.5816,36.1761],[138.5806,36.1757],[138.5793,36.1703],[138.5773,36.1681],[138.5802,36.1666],[138.5807,36.1619],[138.5839,36.1603],[138.5876,36.1608],[138.5876,36.1593],[138.5898,36.1576],[138.5906,36.1548],[138.5932,36.1532],[138.5932,36.1503],[138.5955,36.1465],[138.5954,36.1451],[138.5943,36.1442],[138.5959,36.1409],[138.6008,36.1355],[138.6072,36.1361],[138.6123,36.1334],[138.6141,36.1343],[138.6166,36.1331],[138.6206,36.134],[138.6225,36.1319],[138.6296,36.1334],[138.6311,36.1326],[138.6343,36.1339],[138.6376,36.1279],[138.6376,36.1238],[138.6396,36.1238],[138.6409,36.1215],[138.6445,36.1214],[138.6454,36.1202],[138.6402,36.1172],[138.6426,36.114],[138.6423,36.112],[138.6462,36.1099],[138.6464,36.1074],[138.6476,36.1066],[138.645,36.1034],[138.6452,36.0988],[138.6387,36.0962],[138.6373,36.0971],[138.6349,36.0943],[138.6351,36.0926],[138.6305,36.0912],[138.6303,36.0864],[138.6325,36.0843],[138.6329,36.08],[138.6349,36.0796],[138.6403,36.0749],[138.6406,36.0708],[138.6428,36.0687],[138.6428,36.061],[138.6418,36.0595],[138.643,36.0569],[138.6424,36.0535],[138.6442,36.0497],[138.6422,36.0475],[138.6415,36.0448],[138.6387,36.0426],[138.637,36.0373],[138.6357,36.037],[138.6315,36.0283],[138.632,36.0271],[138.6361,36.0277],[138.6419,36.0258],[138.6436,36.0242],[138.6451,36.024],[138.646,36.0199],[138.6502,36.0185],[138.6537,36.0188],[138.6568,36.0167],[138.6613,36.0164],[138.662,36.0115],[138.6705,36.0122],[138.6796,36.0117],[138.6809,36.0107],[138.6799,36.0091],[138.6812,36.0061],[138.6811,36.0043],[138.6872,35.9998],[138.6864,35.9949],[138.6887,35.9918],[138.6908,35.9908],[138.697,35.9912],[138.7012,35.988],[138.7125,35.9853]]}},{"type":"Feature","properties":{"n":"p","a":11,"b":12},"geometry":{"type":"LineString","coordinates":[[139.8938,35.7827],[139.8883,35.7946],[139.8908,35.7998],[139.8888,35.8071],[139.8917,35.8183],[139.888,35.8232],[139.8889,35.8274],[139.8885,35.8322],[139.8898,35.8364],[139.89,35.844],[139.8926,35.849],[139.8958,35.8528],[139.9001,35.8642],[139.8945,35.8775],[139.893,35.8854],[139.887,35.897],[139.8712,35.9167],[139.866,35.9276],[139.8609,35.9325],[139.8477,35.9396],[139.8378,35.9539],[139.835,35.9602],[139.8352,35.9649],[139.8339,35.9683],[139.8257,35.9728],[139.8251,35.9749],[139.8266,35.9834],[139.8142,35.9973],[139.817,36.0032],[139.8134,36.0234],[139.8174,36.0301],[139.8173,36.0325],[139.8147,36.0377],[139.8046,36.0446],[139.8014,36.0494],[139.7914,36.0581],[139.7876,36.0649],[139.7828,36.0702],[139.7799,36.0828],[139.7762,36.0908]]}},{"type":"Feature","properties":{"n":"p","a":11,"b":13},"geometry":{"type":"LineString","coordinates":[[139.8938,35.7827],[139.8876,35.784],[139.8811,35.782],[139.8805,35.7826],[139.877,35.7817],[139.8727,35.7822],[139.8712,35.7847],[139.8713,35.7884],[139.8766,35.7926],[139.8776,35.7949],[139.873,35.7974],[139.8688,35.797],[139.8637,35.7948],[139.8596,35.7953],[139.8561,35.7908],[139.8472,35.7957],[139.8439,35.7995],[139.8394,35.8008],[139.8371,35.8005],[139.8308,35.7945],[139.8274,35.7938],[139.8228,35.7955],[139.8196,35.7995],[139.8208,35.8057],[139.8228,35.8094],[139.8251,35.8109],[139.825,35.8121],[139.8232,35.8144],[139.8213,35.815],[139.8199,35.8126],[139.8208,35.8113],[139.8195,35.8117],[139.8149,35.8087],[139.8036,35.8088],[139.7999,35.8065],[139.7946,35.8052],[139.7811,35.8071],[139.7723,35.8162],[139.7675,35.8175],[139.766,35.8172],[139.7653,35.8165],[139.7659,35.8159],[139.7609,35.8125],[139.7571,35.8119],[139.7555,35.8127],[139.7549,35.8104],[139.7521,35.8112],[139.7507,35.8102],[139.7507,35.8062],[139.7606,35.7975],[139.76,35.7948],[139.7552,35.79],[139.7561,35.7886],[139.7555,35.7873],[139.7496,35.7859],[139.7467,35.7867],[139.7465,35.7843],[139.7453,35.7831],[139.738,35.7802],[139.7391,35.7869],[139.736,35.7891],[139.7326,35.7898],[139.7247,35.7871],[139.723,35.7881],[139.7225,35.7906],[139.7211,35.7914],[139.7063,35.7931],[139.6973,35.7986],[139.697,35.7962],[139.6946,35.7956],[139.6951,35.7998],[139.6924,35.8006],[139.6881,35.8008],[139.6772,35.7989],[139.6688,35.8004],[139.6534,35.8002],[139.648,35.7972],[139.6444,35.7989],[139.6425,35.7973],[139.6403,35.798],[139.6407,35.7956],[139.6396,35.7955],[139.6398,35.7938],[139.6375,35.7908],[139.6328,35.7895],[139.6316,35.786],[139.6302,35.785],[139.6289,35.7853],[139.6275,35.7827],[139.6249,35.781],[139.624,35.774],[139.6254,35.7728],[139.6242,35.7718],[139.6232,35.7667],[139.6177,35.7666],[139.6172,35.7703],[139.6129,35.7708],[139.6114,35.7695],[139.6119,35.7706],[139.611,35.7712],[139.6087,35.7691],[139.607,35.7693],[139.6064,35.7713],[139.6041,35.7702],[139.6032,35.7711],[139.5987,35.769],[139.5979,35.7699],[139.5989,35.7703],[139.5973,35.7713],[139.6028,35.7756],[139.5968,35.7767],[139.5971,35.7781],[139.5943,35.7785],[139.5939,35.7773],[139.5888,35.7788],[139.587,35.7752],[139.5844,35.7751],[139.5844,35.7732],[139.5819,35.7725],[139.5824,35.7711],[139.5811,35.7721],[139.5808,35.7713],[139.5781,35.7712],[139.577,35.7679],[139.5741,35.7682],[139.5745,35.7662],[139.5704,35.7655],[139.5715,35.7634],[139.5685,35.7633],[139.5659,35.7618],[139.565,35.7629],[139.5636,35.7628],[139.5616,35.7612],[139.5621,35.7599],[139.559,35.7593],[139.5579,35.7599],[139.5564,35.7591],[139.5551,35.7559],[139.5521,35.7559],[139.5499,35.7552],[139.5497,35.754],[139.5471,35.7535],[139.547,35.7553],[139.5446,35.755],[139.5473,35.7633],[139.5476,35.7743],[139.53,35.7683],[139.5218,35.7679],[139.5162,35.7658],[139.5225,35.772],[139.5265,35.7721],[139.5278,35.7735],[139.5322,35.7735],[139.5432,35.7798],[139.5438,35.7884],[139.5371,35.7916],[139.5447,35.797],[139.5476,35.8021],[139.5442,35.8063],[139.5417,35.8073],[139.5377,35.8044],[139.5283,35.7934],[139.5254,35.7916],[139.5228,35.7916],[139.5236,35.7906],[139.5226,35.7893],[139.5193,35.788],[139.5137,35.7883],[139.5129,35.7856],[139.509,35.7847],[139.5068,35.783],[139.4991,35.7822],[139.4969,35.7784],[139.4956,35.7813],[139.4936,35.7814],[139.4937,35.7794],[139.4902,35.7808],[139.4903,35.7793],[139.489,35.779],[139.4891,35.7798],[139.4828,35.7811],[139.4794,35.78],[139.4784,35.7785],[139.4766,35.7779],[139.4755,35.7766],[139.4765,35.7754],[139.4737,35.776],[139.4738,35.7748],[139.4706,35.7732],[139.4698,35.7742],[139.4637,35.7728],[139.4614,35.7734],[139.4592,35.7722],[139.458,35.7697],[139.4551,35.7699],[139.4532,35.7685],[139.4479,35.769],[139.4448,35.7667],[139.4408,35.767],[139.4386,35.7692],[139.4376,35.768],[139.4332,35.7676],[139.4318,35.7667],[139.4221,35.7681],[139.4199,35.7663],[139.4162,35.7663],[139.4131,35.7683],[139.4045,35.7694],[139.4004,35.7684],[139.3981,35.7646],[139.392,35.7632],[139.3905,35.764],[139.3917,35.7674],[139.385,35.7654],[139.3804,35.7664],[139.3791,35.7707],[139.3815,35.7744],[139.3815,35.777],[139.3799,35.777],[139.3799,35.7789],[139.3755,35.7805],[139.371,35.7782],[139.3688,35.7783],[139.373,35.7797],[139.3677,35.7842],[139.368,35.7869],[139.3699,35.7874],[139.3687,35.7897],[139.3703,35.7907],[139.37,35.7919],[139.3596,35.7914],[139.3573,35.7933],[139.3576,35.794],[139.3532,35.7926],[139.3531,35.7937],[139.3502,35.7934],[139.3498,35.7949],[139.3476,35.7952],[139.3466,35.7965],[139.3436,35.7943],[139.3382,35.7947],[139.3326,35.7917],[139.3304,35.7943],[139.3252,35.7956],[139.3223,35.7995],[139.3226,35.8003],[139.3183,35.8098],[139.315,35.8143],[139.3151,35.8169],[139.3165,35.8194],[139.3162,35.8237],[139.3149,35.8252],[139.3121,35.8255],[139.3048,35.8224],[139.3049,35.8239],[139.3025,35.8242],[139.3027,35.826],[139.3012,35.8297],[139.3014,35.8339],[139.3021,35.8341],[139.3009,35.835],[139.2969,35.8353],[139.2957,35.8335],[139.2906,35.8379],[139.2849,35.8359],[139.283,35.8368],[139.2799,35.8412],[139.2798,35.8393],[139.2715,35.8397],[139.2604,35.836],[139.2589,35.8364],[139.2588,35.8373],[139.2523,35.8382],[139.2428,35.8366],[139.2412,35.84],[139.239,35.8405],[139.2313,35.8366],[139.2245,35.8405],[139.2202,35.8413],[139.2149,35.8458],[139.2137,35.8455],[139.2126,35.8466],[139.2063,35.8459],[139.2031,35.8412],[139.1924,35.8403],[139.1868,35.8429],[139.1818,35.8438],[139.1744,35.8483],[139.1632,35.851],[139.1594,35.8571],[139.1475,35.8627],[139.1418,35.8633],[139.1354,35.8654],[139.1319,35.8644],[139.1274,35.8656],[139.1193,35.8643],[139.1144,35.8654],[139.1117,35.8647],[139.1027,35.8666],[139.1014,35.8657],[139.0991,35.8687],[139.0914,35.869],[139.0825,35.8749],[139.08,35.8753],[139.0761,35.8748],[139.0722,35.8716],[139.0616,35.8736],[139.0593,35.8749],[139.058,35.8774],[139.0498,35.8788],[139.0483,35.8812],[139.0429,35.8856],[139.0293,35.8929],[139.024,35.8973],[139.0209,35.8972],[139.0188,35.8984],[139.0134,35.8983],[139.0103,35.8972],[139.0068,35.8936],[139.0067,35.8896],[139.0057,35.8882],[139.0009,35.884],[138.9959,35.8844],[138.9887,35.8811],[138.9856,35.8812],[138.9789,35.885],[138.973,35.8821],[138.9678,35.8822],[138.9652,35.8778],[138.9545,35.8749],[138.9497,35.8692],[138.9451,35.8679],[138.9466,35.8645],[138.9429,35.8602],[138.9439,35.8548]]}},{"type":"Feature","properties":{"n":"p","a":11,"b":13},"geometry":{"type":"LineString","coordinates":[[139.5666,35.7634],[139.5673,35.7634],[139.5666,35.7634]]}},{"type":"Feature","properties":{"n":"r","a":11,"b":19,"g":"kanto","d":"chubu"},"geometry":{"type":"LineString","coordinates":[[138.729,35.9092],[138.7344,35.904],[138.7389,35.9059],[138.7491,35.9016],[138.7536,35.9029],[138.7577,35.9026],[138.7657,35.8991],[138.7711,35.9006],[138.7793,35.8999],[138.7813,35.8989],[138.782,35.8971],[138.7906,35.8919],[138.7916,35.884],[138.7928,35.8819],[138.7918,35.8798],[138.792,35.8755],[138.797,35.8721],[138.8019,35.8704],[138.8084,35.8699],[138.81,35.866],[138.8136,35.8624],[138.8195,35.8654],[138.8222,35.8647],[138.8278,35.8658],[138.8305,35.8647],[138.8307,35.863],[138.8341,35.8623],[138.8429,35.8656],[138.8452,35.8674],[138.8559,35.8651],[138.8571,35.8626],[138.8569,35.8601],[138.8589,35.8575],[138.8651,35.8592],[138.8694,35.8572],[138.8724,35.8548],[138.8777,35.8479],[138.88,35.8469],[138.8856,35.8471],[138.8922,35.8398],[138.8944,35.8408],[138.8983,35.8462],[138.909,35.8507],[138.9109,35.8527],[138.9226,35.8507],[138.9266,35.8489],[138.931,35.8499],[138.9322,35.8513],[138.9351,35.851],[138.9439,35.8548]]}},{"type":"Feature","properties":{"n":"r","a":11,"b":20,"g":"kanto","d":"chubu"},"geometry":{"type":"LineString","coordinates":[[138.7125,35.9853],[138.7132,35.984],[138.7119,35.9792],[138.7124,35.9749],[138.7114,35.9719],[138.7142,35.9655],[138.7195,35.9629],[138.721,35.9591],[138.7268,35.9567],[138.7291,35.9513],[138.7305,35.9503],[138.7311,35.9451],[138.7393,35.9391],[138.7374,35.9363],[138.7392,35.9333],[138.7376,35.9273],[138.7352,35.9238],[138.7338,35.9232],[138.7323,35.9195],[138.7281,35.9178],[138.7307,35.9149],[138.7293,35.9127],[138.729,35.9092]]}},{"type":"Feature","properties":{"n":"p","a":12,"b":13},"geometry":{"type":"LineString","coordinates":[[139.8724,35.6373],[139.8738,35.6398],[139.8835,35.6451],[139.8869,35.6537],[139.8874,35.6679],[139.8855,35.6728],[139.8869,35.6793],[139.892,35.6816],[139.9038,35.6831],[139.9072,35.6844],[139.9138,35.6909],[139.9189,35.6986],[139.9162,35.708],[139.9081,35.7139],[139.9048,35.7189],[139.8976,35.725],[139.8976,35.7306],[139.901,35.7385],[139.8994,35.7444],[139.8914,35.7493],[139.884,35.7574],[139.8825,35.7626],[139.8795,35.7675],[139.8817,35.7729],[139.8938,35.7787],[139.8946,35.7806],[139.8938,35.7827]]}},{"type":"Feature","properties":{"n":"p","a":13,"b":14},"geometry":{"type":"LineString","coordinates":[[139.1313,35.672],[139.1335,35.6729],[139.1367,35.6724],[139.1389,35.6705],[139.1428,35.67],[139.1472,35.6668],[139.1536,35.666],[139.1616,35.6679],[139.165,35.6653],[139.1651,35.6633],[139.1672,35.6618],[139.167,35.6593],[139.1684,35.6586],[139.167,35.6511],[139.1696,35.6515],[139.1749,35.6499],[139.1791,35.6456],[139.1842,35.6451],[139.1898,35.6465],[139.1918,35.6476],[139.1925,35.6503],[139.194,35.6518],[139.1957,35.6513],[139.1983,35.653],[139.2021,35.653],[139.2073,35.6497],[139.2115,35.6491],[139.2155,35.6461],[139.2144,35.6416],[139.2154,35.6371],[139.2214,35.6295],[139.2196,35.6259],[139.2259,35.6235],[139.2297,35.619],[139.2305,35.6169],[139.2299,35.6146],[139.2365,35.6098],[139.2378,35.6098],[139.2386,35.607],[139.2472,35.6051],[139.2519,35.6019],[139.2577,35.6042],[139.2648,35.6025],[139.2661,35.6056],[139.266,35.6079],[139.2683,35.6092],[139.2854,35.6133],[139.286,35.6125],[139.2897,35.6119],[139.2901,35.6126],[139.2926,35.6118],[139.2933,35.6107],[139.2961,35.6102],[139.2969,35.6081],[139.2992,35.6063],[139.3012,35.6064],[139.3039,35.6046],[139.3072,35.6054],[139.309,35.6042],[139.313,35.6049],[139.3143,35.6043],[139.3147,35.6055],[139.3201,35.6057],[139.3208,35.6065],[139.3303,35.6031],[139.331,35.6042],[139.3334,35.6037],[139.34,35.6054],[139.3442,35.6026],[139.3531,35.6008],[139.3533,35.6],[139.3548,35.6006],[139.3579,35.5987],[139.3627,35.5992],[139.3702,35.5945],[139.3735,35.5949],[139.3791,35.5908],[139.379,35.59],[139.383,35.59],[139.3844,35.5876],[139.3886,35.5884],[139.3903,35.5852],[139.3918,35.5849],[139.3942,35.5859],[139.3948,35.5841],[139.3961,35.5839],[139.3994,35.5847],[139.4016,35.577],[139.4035,35.5756],[139.4092,35.5753],[139.4121,35.5692],[139.4125,35.5664],[139.4164,35.5637],[139.4163,35.5617],[139.4183,35.5621],[139.4228,35.5594],[139.4239,35.5564],[139.4279,35.5525],[139.4274,35.551],[139.4318,35.5488],[139.4334,35.5463],[139.4359,35.5469],[139.4404,35.5431],[139.4453,35.5419],[139.4451,35.5412],[139.4481,35.5378],[139.4485,35.5352],[139.4584,35.5281],[139.4585,35.5267],[139.4576,35.5271],[139.4547,35.5216],[139.4558,35.5205],[139.4611,35.5193],[139.4633,35.5178],[139.4648,35.5109],[139.4683,35.5062],[139.4677,35.5024],[139.4694,35.5019],[139.4764,35.5013],[139.482,35.5035],[139.486,35.5038],[139.4811,35.5061],[139.4771,35.5112],[139.4807,35.5147],[139.4831,35.519],[139.4849,35.5195],[139.4855,35.5223],[139.4876,35.5248],[139.4863,35.5266],[139.4878,35.5279],[139.4855,35.5315],[139.4871,35.5357],[139.4839,35.5361],[139.485,35.5368],[139.4848,35.538],[139.4816,35.5399],[139.4802,35.5431],[139.4826,35.5484],[139.4819,35.5558],[139.4766,35.5628],[139.4751,35.5614],[139.475,35.5598],[139.4701,35.5605],[139.4693,35.5625],[139.4681,35.563],[139.4696,35.5654],[139.4695,35.5696],[139.4733,35.5738],[139.4732,35.5765],[139.4763,35.582],[139.478,35.582],[139.4773,35.5816],[139.4779,35.5809],[139.481,35.5821],[139.4826,35.5817],[139.4854,35.5848],[139.4882,35.5838],[139.4903,35.5848],[139.4902,35.5841],[139.4886,35.5812],[139.4883,35.5784],[139.4856,35.5781],[139.4828,35.5714],[139.4861,35.569],[139.4858,35.5676],[139.4874,35.5671],[139.4895,35.5617],[139.4911,35.5614],[139.4947,35.5648],[139.4963,35.5646],[139.4979,35.5678],[139.5008,35.5685],[139.5006,35.5704],[139.5066,35.5717],[139.5074,35.5756],[139.5053,35.5746],[139.5036,35.5766],[139.5022,35.5768],[139.5022,35.5784],[139.5009,35.5788],[139.5,35.5805],[139.4977,35.5819],[139.4968,35.5814],[139.4938,35.5826],[139.4929,35.5841],[139.4941,35.5868],[139.4936,35.5891],[139.4921,35.5886],[139.4913,35.5894],[139.4909,35.5887],[139.4891,35.5904],[139.4884,35.5897],[139.488,35.591],[139.4868,35.5904],[139.4868,35.5918],[139.4837,35.5929],[139.4849,35.5942],[139.483,35.5933],[139.4836,35.595],[139.4804,35.5946],[139.4807,35.5957],[139.4795,35.596],[139.4795,35.595],[139.4779,35.5989],[139.4729,35.6002],[139.4679,35.6052],[139.4662,35.6097],[139.4649,35.6088],[139.4635,35.6092],[139.4629,35.6081],[139.4608,35.6087],[139.4584,35.6078],[139.4535,35.6042],[139.4531,35.6075],[139.4489,35.6117],[139.4522,35.6157],[139.4529,35.6182],[139.4547,35.6178],[139.457,35.619],[139.463,35.6248],[139.4656,35.6237],[139.4664,35.6211],[139.4684,35.6202],[139.4754,35.6199],[139.4768,35.6157],[139.4763,35.613],[139.4796,35.6132],[139.481,35.6103],[139.4833,35.6085],[139.488,35.6077],[139.4895,35.6045],[139.4933,35.6057],[139.4999,35.6053],[139.4998,35.6074],[139.4952,35.6127],[139.4948,35.6166],[139.5032,35.6229],[139.506,35.6226],[139.5094,35.6241],[139.5106,35.6234],[139.5161,35.6259],[139.5177,35.6305],[139.5236,35.6324],[139.521,35.6374],[139.5225,35.6375],[139.5234,35.6387],[139.5253,35.6428],[139.531,35.6419],[139.5358,35.6395],[139.5461,35.6373],[139.5496,35.6342],[139.5575,35.6342],[139.5626,35.6324],[139.5627,35.6315],[139.5664,35.6297],[139.5654,35.6277],[139.5765,35.6218],[139.5836,35.6214],[139.5919,35.6176],[139.599,35.6185],[139.6057,35.6156],[139.6089,35.6165],[139.6121,35.6159],[139.6156,35.6133],[139.6183,35.6137],[139.6241,35.611],[139.6254,35.6094],[139.6311,35.6073],[139.6328,35.605],[139.6488,35.595],[139.651,35.5922],[139.6563,35.5897],[139.6645,35.5895],[139.6693,35.5847],[139.676,35.5669],[139.6788,35.563],[139.69,35.5571],[139.6993,35.5557],[139.7037,35.5526],[139.7035,35.5494],[139.6984,35.5454],[139.698,35.544],[139.6986,35.5401],[139.7022,35.537],[139.709,35.5364],[139.7173,35.538],[139.7266,35.5436],[139.7304,35.5429],[139.7337,35.5409],[139.7394,35.5451],[139.7468,35.5438],[139.75,35.5447],[139.7568,35.5446],[139.768,35.5394],[139.7958,35.5234]]}},{"type":"Feature","properties":{"n":"p","a":13,"b":14},"geometry":{"type":"LineString","coordinates":[[139.3636,35.5984],[139.3636,35.5984]]}},{"type":"Feature","properties":{"n":"p","a":13,"b":14},"geometry":{"type":"LineString","coordinates":[[139.3564,35.599],[139.3564,35.599]]}},{"type":"Feature","properties":{"n":"p","a":13,"b":14},"geometry":{"type":"LineString","coordinates":[[139.5183,35.6297],[139.5171,35.6296],[139.5183,35.6297]]}},{"type":"Feature","properties":{"n":"r","a":13,"b":19,"g":"kanto","d":"chubu"},"geometry":{"type":"LineString","coordinates":[[138.9439,35.8548],[138.9461,35.8537],[138.9485,35.8495],[138.9475,35.8427],[138.9533,35.8365],[138.9627,35.8294],[138.9698,35.8312],[138.9705,35.8274],[138.9696,35.8162],[138.9718,35.8144],[138.9722,35.8115],[138.9709,35.8095],[138.9702,35.8049],[138.9712,35.8037],[138.9718,35.799],[138.9771,35.7928],[138.9761,35.7919],[138.9767,35.7892],[138.9795,35.7871],[138.9817,35.7871],[138.9849,35.7856],[138.9847,35.7838],[138.9864,35.7823],[138.9853,35.7744],[138.9837,35.7722],[138.9844,35.7678],[138.9894,35.7635],[138.9927,35.7576],[138.9926,35.7554],[139.0004,35.7505],[139.0052,35.7505],[139.0052,35.749],[139.0104,35.7423],[139.0138,35.735],[139.0209,35.7273],[139.0221,35.7227],[139.0248,35.7197],[139.029,35.7168],[139.0348,35.715],[139.0389,35.7112],[139.0474,35.7092],[139.0507,35.7074],[139.0521,35.7048],[139.0627,35.7007],[139.0653,35.6978],[139.0667,35.6984],[139.0707,35.6976],[139.0722,35.6954],[139.082,35.6956],[139.0844,35.6931],[139.0921,35.6906],[139.0931,35.6915],[139.0957,35.6911],[139.0974,35.6923],[139.1059,35.691],[139.1083,35.6897],[139.1126,35.685],[139.1165,35.6838],[139.1233,35.6775],[139.1274,35.6765],[139.1313,35.672]]}},{"type":"Feature","properties":{"n":"r","a":14,"b":19,"g":"kanto","d":"chubu"},"geometry":{"type":"LineString","coordinates":[[139.1313,35.672],[139.13,35.6676],[139.127,35.667],[139.1239,35.6629],[139.1199,35.6605],[139.1197,35.6566],[139.1172,35.6545],[139.1217,35.6489],[139.1217,35.6476],[139.1245,35.646],[139.1262,35.6436],[139.1258,35.6419],[139.1276,35.6411],[139.1257,35.639],[139.1233,35.6328],[139.1244,35.6322],[139.1235,35.624],[139.1262,35.6233],[139.1255,35.622],[139.1303,35.6191],[139.13,35.6176],[139.1325,35.6182],[139.1344,35.6165],[139.1278,35.6129],[139.1325,35.6088],[139.1331,35.6067],[139.1317,35.6047],[139.1317,35.6019],[139.1293,35.5946],[139.1271,35.593],[139.1246,35.5926],[139.1214,35.587],[139.1224,35.5859],[139.1222,35.5841],[139.1241,35.5845],[139.1257,35.5835],[139.1241,35.582],[139.1277,35.5811],[139.1271,35.5779],[139.1281,35.5752],[139.127,35.5717],[139.1288,35.5703],[139.1286,35.5685],[139.1299,35.5664],[139.1284,35.5626],[139.1247,35.5601],[139.1225,35.5569],[139.1155,35.5539],[139.112,35.5498],[139.1134,35.5478],[139.1117,35.5449],[139.1125,35.541],[139.1119,35.5401],[139.114,35.5387],[139.112,35.5365],[139.1122,35.5352],[139.1102,35.5346],[139.1101,35.5323],[139.1069,35.5325],[139.1041,35.5269],[139.0943,35.5219],[139.091,35.5192],[139.0858,35.5121],[139.0803,35.5127],[139.0747,35.51],[139.0687,35.511],[139.0668,35.5094],[139.0601,35.5075],[139.0532,35.5089],[139.0514,35.5106],[139.0461,35.5097],[139.0437,35.4989],[139.0395,35.4952],[139.0373,35.4911],[139.0306,35.4887],[139.0279,35.4845],[139.0275,35.481],[139.0237,35.481],[139.0209,35.4788],[139.0146,35.4798],[139.0079,35.4745],[138.9986,35.4751],[138.9957,35.4737],[138.9926,35.4744],[138.9888,35.4736],[138.9866,35.4718],[138.985,35.4685],[138.9822,35.4673],[138.9788,35.4637],[138.9765,35.4662],[138.9735,35.4665],[138.9692,35.4635],[138.9663,35.4638],[138.9644,35.4626],[138.9587,35.4621],[138.9406,35.4496],[138.9374,35.4489],[138.9374,35.447],[138.9336,35.4443],[138.9309,35.4401],[138.9274,35.4376],[138.9279,35.4352],[138.9262,35.4324],[138.9266,35.4307],[138.9295,35.4285],[138.9306,35.4263],[138.9302,35.4209],[138.9284,35.4211],[138.9267,35.42],[138.9251,35.4147],[138.9181,35.4113],[138.9158,35.4055],[138.9164,35.4006]]}},{"type":"Feature","properties":{"n":"r","a":14,"b":22,"g":"kanto","d":"chubu"},"geometry":{"type":"LineString","coordinates":[[138.9164,35.4006],[138.923,35.4013],[138.9258,35.4003],[138.9312,35.4011],[138.9377,35.3991],[138.9433,35.3992],[138.9515,35.4017],[138.9666,35.4019],[138.9691,35.4048],[138.9718,35.4052],[138.9813,35.4043],[138.9841,35.4018],[138.9899,35.4032],[138.9953,35.4033],[138.9991,35.4021],[139.0014,35.3997],[139.001,35.3919],[138.9986,35.384],[138.9993,35.3821],[139.0007,35.3818],[139.0014,35.3799],[139.0059,35.3754],[139.0045,35.3737],[139.0075,35.3644],[139.0068,35.3614],[139.0088,35.359],[139.0105,35.3599],[139.0134,35.3587],[139.0084,35.3514],[139.0081,35.3503],[139.0095,35.3484],[139.0084,35.3469],[139.011,35.3436],[139.01,35.3417],[139.0111,35.3407],[139.0106,35.3384],[139.019,35.3293],[139.0165,35.3224],[139.0151,35.3207],[139.0127,35.3197],[139.0129,35.3175],[139.0096,35.3136],[139.0107,35.3106],[139.0061,35.2985],[139.0068,35.2959],[139.0045,35.2929],[139.0046,35.2899],[138.9996,35.2896],[138.9962,35.2878],[138.989,35.2812],[138.9876,35.2788],[138.9853,35.2778],[138.9822,35.2733],[138.9819,35.2701],[138.9783,35.2675],[138.9755,35.2638],[138.9757,35.2604],[138.9743,35.2565],[138.9756,35.2517],[138.9744,35.2481],[138.9764,35.2443],[138.9761,35.2417],[138.9787,35.2394],[138.9761,35.2356],[138.9795,35.2332],[138.9791,35.229],[138.9806,35.2282],[138.9808,35.2266],[138.9835,35.2229],[138.9836,35.2217],[138.9821,35.2196],[138.9823,35.2176],[138.9884,35.2113],[138.9864,35.2054],[138.9881,35.2028],[138.9876,35.201],[138.9931,35.1988],[139.0011,35.1907],[139.0029,35.1879],[139.0093,35.1832],[139.0115,35.1824],[139.0216,35.182],[139.0217,35.1795],[139.0264,35.1756],[139.0266,35.1722],[139.0291,35.1703],[139.0276,35.1672],[139.0291,35.1665],[139.0294,35.1648],[139.0263,35.1603],[139.0305,35.1587],[139.0312,35.157],[139.0284,35.1549],[139.0284,35.1507],[139.0291,35.1501],[139.0403,35.1507],[139.0482,35.1497],[139.0516,35.1471],[139.0593,35.1472],[139.0658,35.1441],[139.0758,35.145],[139.0831,35.1413],[139.0898,35.1402],[139.101,35.1403],[139.1081,35.1419],[139.1119,35.1413]]}},{"type":"Feature","properties":{"n":"p","a":15,"b":16},"geometry":{"type":"LineString","coordinates":[[137.635,36.9798],[137.6377,36.9766],[137.6515,36.969],[137.6578,36.9596],[137.6662,36.9537],[137.6665,36.9502],[137.6735,36.9507],[137.6798,36.9484],[137.6877,36.9431],[137.6986,36.9423],[137.707,36.9444],[137.7113,36.9441],[137.7114,36.9407],[137.7138,36.9379],[137.7137,36.9338],[137.7162,36.9327],[137.7172,36.93],[137.7205,36.9267],[137.7163,36.9214],[137.7175,36.9197],[137.7178,36.9077],[137.7149,36.9067],[137.7126,36.9041],[137.7144,36.8991],[137.713,36.894],[137.7135,36.8914],[137.716,36.8878],[137.7188,36.8862],[137.7245,36.8782],[137.7284,36.8764],[137.7305,36.8739],[137.7322,36.8735],[137.7341,36.8688],[137.7328,36.8671],[137.7341,36.8611],[137.7324,36.8579],[137.7347,36.8565],[137.7352,36.8552],[137.7349,36.85],[137.7329,36.8447],[137.7342,36.8424],[137.7326,36.8361],[137.7344,36.8314],[137.7301,36.8264],[137.7322,36.8235],[137.744,36.816],[137.7456,36.8122],[137.7493,36.8096],[137.7495,36.8042],[137.751,36.8029],[137.7511,36.8002],[137.7543,36.7966],[137.754,36.7945],[137.7508,36.7916],[137.7516,36.7893],[137.7501,36.786],[137.7509,36.7835],[137.7495,36.7802],[137.7525,36.7768],[137.7575,36.7748],[137.7621,36.7704],[137.7634,36.7682],[137.7624,36.7662]]}},{"type":"Feature","properties":{"n":"p","a":15,"b":20},"geometry":{"type":"LineString","coordinates":[[137.7624,36.7662],[137.7691,36.7714],[137.7725,36.7719],[137.7758,36.7737],[137.7819,36.773],[137.7848,36.7743],[137.7912,36.7786],[137.7933,36.7867],[137.7994,36.7884],[137.82,36.7982],[137.8214,36.8017],[137.8229,36.8024],[137.8228,36.806],[137.8304,36.8076],[137.8323,36.8101],[137.831,36.818],[137.8316,36.8195],[137.8336,36.8203],[137.8402,36.8277],[137.8439,36.8298],[137.8451,36.8345],[137.8514,36.8378],[137.857,36.8439],[137.8558,36.8492],[137.8579,36.8528],[137.861,36.8548],[137.8657,36.8608],[137.8677,36.8611],[137.8683,36.8628],[137.8734,36.8636],[137.8765,36.8662],[137.8753,36.8691],[137.8778,36.8733],[137.8687,36.8773],[137.8679,36.8808],[137.8661,36.8836],[137.8667,36.8866],[137.8615,36.8911],[137.8651,36.8964],[137.8686,36.8974],[137.8716,36.9011],[137.8712,36.9029],[137.8621,36.9077],[137.8639,36.9098],[137.8636,36.9131],[137.8677,36.9157],[137.873,36.9151],[137.8746,36.9159],[137.8786,36.9127],[137.8933,36.91],[137.9004,36.9114],[137.9028,36.9143],[137.911,36.9179],[137.9163,36.9181],[137.9206,36.92],[137.9259,36.9183],[137.9321,36.9143],[137.9485,36.9128],[137.9513,36.9095],[137.953,36.9052],[137.9579,36.9028],[137.9626,36.9022],[137.9639,36.9041],[137.967,36.9057],[137.9685,36.9085],[137.9685,36.9105],[137.9696,36.9108],[137.9764,36.9083],[137.9778,36.9094],[137.9818,36.9085],[137.9914,36.9108],[137.9946,36.9081],[137.9993,36.9071],[138.0028,36.905],[138.0137,36.904],[138.0157,36.9017],[138.016,36.8975],[138.0147,36.8952],[138.0157,36.8931],[138.0218,36.8905],[138.0266,36.8925],[138.0312,36.8913],[138.0328,36.8862],[138.0325,36.881],[138.0318,36.8784],[138.0264,36.8735],[138.0252,36.87],[138.0221,36.8675],[138.0209,36.8634],[138.0169,36.8604],[138.0137,36.8604],[138.0155,36.8574],[138.0157,36.8526],[138.0189,36.8504],[138.0201,36.8465],[138.0189,36.845],[138.0202,36.8424],[138.0162,36.8392],[138.0143,36.8389],[138.0098,36.8326],[138.0044,36.8284],[138.0035,36.8264],[138.0072,36.825],[138.0086,36.8227],[138.0116,36.8231],[138.017,36.8188],[138.0213,36.8196],[138.0243,36.8168],[138.0289,36.8171],[138.0312,36.8152],[138.0303,36.8135],[138.0337,36.8107],[138.0338,36.8088],[138.0413,36.8077],[138.0454,36.8098],[138.0515,36.8076],[138.0523,36.8065],[138.0516,36.8036],[138.0522,36.8],[138.0541,36.8001],[138.0618,36.8037],[138.0648,36.8044],[138.0676,36.8036],[138.0707,36.8053],[138.0718,36.808],[138.0753,36.8107],[138.0734,36.8138],[138.073,36.8168],[138.0736,36.8179],[138.0747,36.8178],[138.075,36.8197],[138.0775,36.8222],[138.0816,36.8301],[138.0849,36.8323],[138.086,36.8343],[138.0923,36.8364],[138.0921,36.8381],[138.0933,36.8402],[138.0959,36.8406],[138.0993,36.8436],[138.1063,36.8438],[138.1106,36.847],[138.1124,36.8495],[138.115,36.8504],[138.1184,36.8486],[138.1222,36.849],[138.1247,36.848],[138.129,36.8489],[138.1318,36.8507],[138.1405,36.8472],[138.1474,36.8494],[138.1505,36.8463],[138.156,36.8451],[138.1628,36.8443],[138.1689,36.845],[138.1724,36.8475],[138.1761,36.8477],[138.1775,36.8518],[138.182,36.8514],[138.1843,36.8528],[138.1891,36.8525],[138.1908,36.8538],[138.1956,36.8537],[138.2034,36.8571],[138.2061,36.8597],[138.2064,36.863],[138.2138,36.8712],[138.213,36.8683],[138.2172,36.8664],[138.235,36.8637],[138.2493,36.8653],[138.2547,36.87],[138.2574,36.8683],[138.2582,36.8635],[138.2683,36.8605],[138.2686,36.8585],[138.2716,36.8555],[138.2704,36.8471],[138.2706,36.8441],[138.2718,36.8426],[138.2749,36.8409],[138.2766,36.8423],[138.2876,36.8457],[138.2895,36.8487],[138.2887,36.8507],[138.29,36.8529],[138.2916,36.8516],[138.2919,36.8541],[138.2961,36.8558],[138.2962,36.8583],[138.295,36.8608],[138.2924,36.862],[138.2924,36.8645],[138.2911,36.865],[138.2885,36.869],[138.2894,36.8715],[138.2931,36.873],[138.293,36.8781],[138.2981,36.8839],[138.2994,36.8867],[138.2953,36.8885],[138.2944,36.89],[138.2945,36.8934],[138.2903,36.8968],[138.2913,36.8989],[138.2944,36.9013],[138.2948,36.9076],[138.2963,36.9108],[138.3074,36.9194],[138.3148,36.9219],[138.3176,36.9252],[138.3196,36.9247],[138.3228,36.926],[138.3264,36.9258],[138.3299,36.9268],[138.3373,36.9251],[138.3392,36.9225],[138.3432,36.9208],[138.3492,36.9292],[138.3523,36.9294],[138.3553,36.9329],[138.3576,36.9336],[138.3597,36.94],[138.3647,36.9446],[138.3635,36.9464],[138.3648,36.9505],[138.3637,36.9531],[138.3682,36.9571],[138.3672,36.9594],[138.3694,36.9639],[138.3744,36.9684],[138.3759,36.9722],[138.3793,36.9734],[138.3823,36.9764],[138.3787,36.9805],[138.389,36.9864],[138.3909,36.9888],[138.3903,36.9913],[138.3945,36.9942],[138.3938,36.9952],[138.3947,36.9972],[138.3964,36.9963],[138.4004,36.9979],[138.4105,36.9984],[138.4122,37.0024],[138.42,37.0034],[138.4226,37.0053],[138.4273,37.0063],[138.4314,37.0061],[138.4358,37.0079],[138.4428,37.0131],[138.4508,37.0149],[138.4544,37.0173],[138.4551,37.0196],[138.468,37.0178],[138.4733,37.0185],[138.4814,37.0216],[138.4826,37.0198],[138.4862,37.0205],[138.4907,37.0199],[138.4974,37.0264],[138.5024,37.0252],[138.5079,37.0264],[138.5093,37.0276],[138.5128,37.0278],[138.5141,37.0297],[138.5199,37.0278],[138.5209,37.0295],[138.5239,37.0304],[138.5259,37.0298],[138.5265,37.0271],[138.5285,37.0249],[138.5365,37.0209],[138.5392,37.0206],[138.541,37.0219],[138.5488,37.0212],[138.5526,37.0236],[138.5552,37.0227],[138.5598,37.023],[138.5638,37.0207],[138.5659,37.0213],[138.5697,37.0158],[138.5693,37.0135],[138.571,37.0091],[138.5708,37.0057],[138.5732,37.0045],[138.5759,36.9963],[138.5867,36.9882],[138.5863,36.9851],[138.5874,36.9816],[138.5868,36.9789],[138.5883,36.9771],[138.5869,36.9762],[138.5873,36.9748],[138.5858,36.9726],[138.587,36.9705],[138.5865,36.9676],[138.5874,36.9659],[138.5859,36.965],[138.5866,36.9618],[138.5851,36.9603],[138.5861,36.9596],[138.5855,36.9574],[138.587,36.9547],[138.5846,36.9325],[138.5829,36.9287],[138.5862,36.9284],[138.5873,36.926],[138.5921,36.9253],[138.5888,36.914],[138.5909,36.9142],[138.5964,36.907],[138.6003,36.9067],[138.6129,36.9085],[138.621,36.9041],[138.6182,36.8994],[138.6178,36.892],[138.6213,36.8893],[138.6226,36.886],[138.6254,36.8824],[138.6355,36.8834],[138.635,36.8799],[138.6378,36.8803],[138.6405,36.879],[138.6418,36.8756],[138.651,36.8744],[138.6525,36.8713],[138.657,36.8696],[138.6574,36.868],[138.6606,36.8683],[138.6657,36.8666],[138.672,36.8663],[138.6764,36.8673],[138.6815,36.8654],[138.6838,36.8633],[138.687,36.8628],[138.6888,36.8581],[138.6932,36.8548],[138.6936,36.8526],[138.6927,36.8498],[138.6901,36.8461],[138.6916,36.8412],[138.6904,36.8374],[138.6902,36.8327],[138.6807,36.8242],[138.6796,36.8211],[138.687,36.8182],[138.6877,36.8157],[138.69,36.8129],[138.6945,36.8106],[138.6958,36.8079],[138.689,36.7981],[138.6884,36.7956],[138.6894,36.7935],[138.6867,36.7903],[138.6842,36.7879],[138.6717,36.7836],[138.669,36.7788],[138.6695,36.7737],[138.6727,36.7704],[138.68,36.7664],[138.6852,36.7666],[138.6881,36.7657],[138.6915,36.7586],[138.6911,36.7538],[138.6923,36.7515],[138.6919,36.7461],[138.6947,36.7442],[138.6959,36.7385]]}},{"type":"Feature","properties":{"n":"p","a":16,"b":17},"geometry":{"type":"LineString","coordinates":[[137.0517,36.9592],[137.0464,36.9621],[137.0451,36.9639],[137.0377,36.9671],[137.0272,36.9624],[137.0215,36.9639],[137.0182,36.9628],[137.0111,36.9629],[137.0091,36.9614],[137.0051,36.9611],[137.0035,36.9627],[136.9996,36.9635],[136.9963,36.967],[136.9869,36.9673],[136.9857,36.9645],[136.9841,36.9635],[136.9842,36.9576],[136.9824,36.9527],[136.9737,36.9443],[136.9707,36.9476],[136.9663,36.9491],[136.9633,36.9487],[136.9609,36.9513],[136.9551,36.9542],[136.9538,36.9561],[136.948,36.9554],[136.9376,36.9514],[136.9359,36.9499],[136.9309,36.9506],[136.9309,36.9488],[136.9273,36.9474],[136.9273,36.944],[136.9233,36.9409],[136.9231,36.9379],[136.9194,36.9375],[136.9189,36.935],[136.918,36.9335],[136.9164,36.9334],[136.9156,36.9308],[136.9086,36.9293],[136.9058,36.9265],[136.9012,36.9262],[136.8981,36.9244],[136.8956,36.9247],[136.8926,36.9187],[136.8876,36.9169],[136.8877,36.9149],[136.8857,36.9138],[136.8827,36.9089],[136.879,36.9063],[136.8779,36.8995],[136.879,36.8927],[136.8814,36.8883],[136.8856,36.8852],[136.8821,36.8821],[136.883,36.8768],[136.8773,36.8686],[136.8726,36.8668],[136.8712,36.8627],[136.8624,36.8603],[136.8636,36.8572],[136.8611,36.8546],[136.8672,36.8509],[136.8619,36.8477],[136.862,36.8441],[136.8633,36.8428],[136.8618,36.8411],[136.8601,36.8416],[136.8564,36.8398],[136.857,36.8386],[136.8564,36.8368],[136.8584,36.8344],[136.86,36.8291],[136.8575,36.8263],[136.8565,36.8232],[136.8542,36.8212],[136.8549,36.8182],[136.8521,36.8172],[136.8488,36.8132],[136.848,36.8097],[136.8501,36.8079],[136.8505,36.8016],[136.8529,36.7985],[136.8528,36.7964],[136.854,36.7947],[136.852,36.7914],[136.8508,36.7869],[136.8431,36.7823],[136.8453,36.7785],[136.8487,36.7763],[136.849,36.7734],[136.8527,36.7703],[136.8508,36.7679],[136.8492,36.7592],[136.8452,36.7558],[136.8447,36.7529],[136.8408,36.749],[136.8408,36.7473],[136.8393,36.7452],[136.8358,36.7444],[136.832,36.7418],[136.8276,36.7411],[136.8252,36.7421],[136.822,36.7403],[136.8199,36.7307],[136.8159,36.7295],[136.8142,36.7304],[136.8085,36.7302],[136.8068,36.7282],[136.7995,36.73],[136.7961,36.7296],[136.7938,36.727],[136.7939,36.7222],[136.7931,36.7206],[136.7892,36.719],[136.7896,36.7177],[136.7935,36.7156],[136.7939,36.7138],[136.7967,36.7126],[136.7987,36.7099],[136.8039,36.7085],[136.8068,36.7051],[136.8128,36.7033],[136.8156,36.7005],[136.8115,36.6942],[136.8123,36.6918],[136.81,36.6866],[136.8116,36.6848],[136.8145,36.6845],[136.817,36.6855],[136.8206,36.6839],[136.8226,36.681],[136.8206,36.675],[136.8229,36.6737],[136.8238,36.6702],[136.8218,36.668],[136.8186,36.6676],[136.8159,36.6637],[136.8165,36.6619],[136.8143,36.6594],[136.8103,36.658],[136.8073,36.6534],[136.808,36.6517],[136.8095,36.6515],[136.8073,36.6477],[136.8031,36.6478],[136.8006,36.6466],[136.7997,36.6442],[136.7999,36.6364],[136.7974,36.6355],[136.7973,36.6338],[136.7949,36.6325],[136.7947,36.6314],[136.792,36.6314],[136.7848,36.6285],[136.7842,36.6273],[136.785,36.6256],[136.7841,36.6245],[136.7847,36.6192],[136.7831,36.6168],[136.7835,36.6151],[136.7858,36.6135],[136.7861,36.6088],[136.7909,36.6039],[136.7908,36.603],[136.7885,36.6021],[136.7894,36.5975],[136.7883,36.593],[136.7899,36.5923],[136.7901,36.5911],[136.7942,36.5899],[136.7953,36.5848],[136.795,36.5828],[136.7931,36.5802],[136.7939,36.5756],[136.791,36.5696],[136.7927,36.5683],[136.799,36.5699],[136.8024,36.5688],[136.8076,36.5623],[136.8118,36.5606],[136.8172,36.5524],[136.8167,36.5482],[136.8127,36.5409],[136.8129,36.5381],[136.8076,36.5305],[136.8075,36.5285],[136.8043,36.5246],[136.804,36.5225],[136.8012,36.5206],[136.7998,36.521],[136.7995,36.5157],[136.7951,36.5108],[136.795,36.508],[136.7962,36.5069],[136.7957,36.5053],[136.7971,36.502],[136.796,36.4977],[136.7939,36.497],[136.7956,36.4936],[136.7989,36.4903],[136.8025,36.4903],[136.8019,36.4863],[136.8028,36.485],[136.7999,36.483],[136.7955,36.4749],[136.7958,36.4712],[136.7983,36.4686],[136.7964,36.465],[136.7949,36.4639],[136.7984,36.4616],[136.7894,36.4548],[136.7882,36.4527],[136.7901,36.4474],[136.7967,36.4447],[136.789,36.4398],[136.787,36.4395],[136.7782,36.4309],[136.7741,36.4328],[136.7696,36.4309],[136.7686,36.4288],[136.7691,36.4261],[136.7684,36.4234],[136.7713,36.4227],[136.7716,36.4204],[136.7698,36.415],[136.7714,36.414],[136.7789,36.4144],[136.7836,36.4094],[136.7858,36.4094],[136.793,36.4022],[136.7951,36.4013],[136.7952,36.3945],[136.7972,36.3929],[136.7979,36.3862],[136.7965,36.3844],[136.7986,36.3839],[136.8005,36.3806],[136.8001,36.3703],[136.8035,36.3669],[136.8037,36.3652],[136.8067,36.3633],[136.8064,36.3619],[136.8082,36.3587],[136.8059,36.3553],[136.8022,36.3543],[136.8013,36.3529],[136.7967,36.352],[136.7953,36.3495],[136.7933,36.3485],[136.7904,36.3479],[136.7875,36.3485],[136.7847,36.3438],[136.7845,36.3423],[136.786,36.341],[136.7856,36.3373],[136.7869,36.3334],[136.7836,36.3296],[136.7891,36.3249],[136.7904,36.3221],[136.7892,36.32],[136.7906,36.3159],[136.7884,36.3123],[136.7911,36.3036],[136.7906,36.3019],[136.7923,36.2992]]}},{"type":"Feature","properties":{"n":"p","a":16,"b":20},"geometry":{"type":"LineString","coordinates":[[137.7624,36.7662],[137.76,36.7643],[137.7569,36.7556],[137.7523,36.753],[137.7518,36.7511],[137.7556,36.7458],[137.7552,36.743],[137.7593,36.7407],[137.758,36.7373],[137.7559,36.7361],[137.7558,36.7345],[137.7541,36.7333],[137.7541,36.7317],[137.7554,36.731],[137.7549,36.7293],[137.7507,36.7266],[137.7506,36.7228],[137.7526,36.7196],[137.7526,36.7168],[137.7512,36.7139],[137.7518,36.7119],[137.75,36.7047],[137.7507,36.7011],[137.7553,36.6985],[137.7567,36.6956],[137.7565,36.6937],[137.7536,36.6915],[137.7542,36.6875],[137.7597,36.6859],[137.7591,36.6829],[137.7599,36.6805],[137.7585,36.676],[137.7609,36.6706],[137.76,36.6683],[137.7619,36.666],[137.7583,36.6601],[137.7567,36.6586],[137.7534,36.6578],[137.7565,36.6521],[137.7557,36.651],[137.7562,36.6469],[137.7539,36.6413],[137.7546,36.6391],[137.7526,36.635],[137.7534,36.6337],[137.7515,36.6291],[137.7518,36.6271],[137.7467,36.6245],[137.7442,36.6175],[137.7439,36.6127],[137.745,36.6099],[137.7478,36.6037],[137.7512,36.5999],[137.7529,36.5948],[137.753,36.5933],[137.7507,36.5907],[137.751,36.5885],[137.7476,36.5868],[137.7339,36.5881],[137.7243,36.5865],[137.722,36.5834],[137.7178,36.5821],[137.7132,36.5771],[137.7018,36.571],[137.6939,36.5691],[137.6877,36.5621],[137.6895,36.5538],[137.6868,36.5461],[137.685,36.5444],[137.6859,36.5428],[137.6846,36.5378],[137.6873,36.5362],[137.6969,36.5377],[137.7017,36.5364],[137.7105,36.5357],[137.7027,36.5247],[137.7054,36.5178],[137.697,36.5146],[137.6943,36.5107],[137.6901,36.5137],[137.6856,36.5138],[137.6832,36.5127],[137.6773,36.5144],[137.6755,36.5114],[137.6687,36.5095],[137.6669,36.5062],[137.6668,36.5001],[137.6677,36.496],[137.6668,36.4938],[137.6576,36.4931],[137.652,36.4882],[137.6508,36.4798],[137.6531,36.4778],[137.6534,36.475],[137.6567,36.4702],[137.6547,36.4644],[137.6554,36.4592],[137.6518,36.4583],[137.6495,36.4548],[137.6453,36.4545],[137.6432,36.4487],[137.6399,36.4458],[137.6385,36.4368],[137.6376,36.437],[137.6373,36.4355],[137.638,36.4319],[137.6365,36.4284],[137.6329,36.4249],[137.6288,36.4238],[137.623,36.4238],[137.6174,36.4186],[137.6081,36.4194],[137.6092,36.4179],[137.6074,36.413],[137.6045,36.4122],[137.6038,36.4107],[137.6054,36.4025],[137.6003,36.3991],[137.5967,36.3944],[137.5938,36.3935],[137.5924,36.3897],[137.5873,36.3898]]}},{"type":"Feature","properties":{"n":"p","a":16,"b":21},"geometry":{"type":"LineString","coordinates":[[137.5873,36.3898],[137.5767,36.393],[137.5733,36.3924],[137.5712,36.389],[137.5683,36.3894],[137.5595,36.3875],[137.5409,36.3914],[137.5394,36.3943],[137.536,36.3975],[137.5328,36.3989],[137.5312,36.4024],[137.5295,36.4034],[137.5253,36.4036],[137.5241,36.4053],[137.5203,36.4061],[137.515,36.4113],[137.5151,36.4139],[137.5127,36.4164],[137.5115,36.4237],[137.5062,36.4244],[137.5042,36.4257],[137.497,36.4261],[137.4911,36.4235],[137.483,36.4237],[137.4741,36.4254],[137.4731,36.4224],[137.4687,36.4172],[137.4607,36.4122],[137.4494,36.4168],[137.4453,36.413],[137.4399,36.4159],[137.4396,36.4177],[137.4381,36.4177],[137.436,36.4204],[137.4322,36.4214],[137.4272,36.4202],[137.426,36.4224],[137.4207,36.4228],[137.4172,36.4256],[137.4097,36.4247],[137.4039,36.4271],[137.4034,36.4291],[137.3952,36.4364],[137.3947,36.4482],[137.3962,36.4505],[137.3948,36.4559],[137.3899,36.4599],[137.3889,36.4571],[137.386,36.4557],[137.3844,36.4565],[137.3828,36.4551],[137.3798,36.455],[137.378,36.4527],[137.3703,36.4536],[137.3665,36.4509],[137.3615,36.4501],[137.3607,36.447],[137.3577,36.4432],[137.3594,36.4398],[137.3586,36.4368],[137.3545,36.435],[137.3513,36.4347],[137.3512,36.4329],[137.3465,36.4345],[137.3445,36.433],[137.3384,36.4339],[137.3347,36.4299],[137.3309,36.4308],[137.3277,36.4287],[137.3246,36.4284],[137.3186,36.4244],[137.3129,36.4253],[137.3097,36.4282],[137.3087,36.4297],[137.3088,36.4318],[137.3067,36.4322],[137.3066,36.4345],[137.305,36.4358],[137.3082,36.4379],[137.3088,36.44],[137.3138,36.4416],[137.312,36.4449],[137.3136,36.4463],[137.3133,36.4489],[137.3178,36.4512],[137.3164,36.4577],[137.317,36.4608],[137.3134,36.4612],[137.3085,36.4638],[137.3066,36.4639],[137.3036,36.4618],[137.301,36.4615],[137.2985,36.4582],[137.293,36.4601],[137.2894,36.4602],[137.2876,36.4616],[137.2858,36.4613],[137.2822,36.4645],[137.2785,36.465],[137.2639,36.4584],[137.2628,36.4554],[137.2564,36.4511],[137.2549,36.4542],[137.2522,36.4561],[137.2519,36.4585],[137.2476,36.462],[137.2424,36.4577],[137.2398,36.4523],[137.2321,36.4445],[137.2225,36.4437],[137.219,36.439],[137.2139,36.4388],[137.2131,36.4358],[137.214,36.4308],[137.2126,36.4302],[137.2089,36.4317],[137.2072,36.4282],[137.2056,36.4276],[137.2049,36.4368],[137.1998,36.4415],[137.1984,36.4459],[137.1949,36.4466],[137.1931,36.448],[137.1943,36.4531],[137.1917,36.4552],[137.1823,36.4525],[137.1797,36.4524],[137.178,36.4542],[137.1749,36.4501],[137.1712,36.4547],[137.1677,36.4555],[137.1644,36.4543],[137.1607,36.4566],[137.1596,36.4564],[137.1584,36.4535],[137.1565,36.4524],[137.155,36.4493],[137.1528,36.4477],[137.1442,36.4455],[137.1422,36.443],[137.1434,36.4385],[137.137,36.4378],[137.1344,36.435],[137.1323,36.4346],[137.132,36.432],[137.1298,36.4295],[137.13,36.428],[137.1278,36.426],[137.1276,36.4239],[137.1242,36.4221],[137.122,36.4172],[137.1205,36.4166],[137.1193,36.4182],[137.1173,36.4186],[137.1161,36.4161],[137.1115,36.4154],[137.1081,36.41],[137.1093,36.4074],[137.1045,36.4046],[137.1037,36.4016],[137.1018,36.4005],[137.1019,36.3992],[137.0959,36.3994],[137.0919,36.3965],[137.0924,36.3949],[137.0948,36.3928],[137.0948,36.3899],[137.0956,36.389],[137.0949,36.384],[137.0893,36.3827],[137.0787,36.3843],[137.0737,36.3819],[137.0702,36.3777],[137.0664,36.3755],[137.0594,36.3734],[137.0581,36.3712],[137.059,36.3699],[137.0584,36.3682],[137.0618,36.367],[137.0622,36.3661],[137.0571,36.358],[137.0565,36.355],[137.0549,36.354],[137.0547,36.3524],[137.0502,36.3495],[137.0507,36.3482],[137.0489,36.3455],[137.0495,36.3446],[137.0587,36.3425],[137.0556,36.3398],[137.0525,36.3385],[137.0514,36.3312],[137.0524,36.3298],[137.0515,36.3281],[137.0453,36.3246],[137.0439,36.3219],[137.0424,36.3218],[137.0376,36.3174],[137.0303,36.3171],[137.0295,36.3179],[137.0245,36.3167],[137.0222,36.3184],[137.0197,36.3183],[137.0197,36.3162],[137.0184,36.3159],[137.0179,36.3143],[137.0182,36.3115],[137.0204,36.3107],[137.0212,36.3092],[137.0203,36.3077],[137.0145,36.3042],[137.0142,36.301],[137.0108,36.298],[137.0108,36.295],[137.0126,36.2931],[137.0078,36.2921],[137.0077,36.2895],[137.0027,36.2869],[136.9973,36.286],[136.9963,36.2877],[136.9945,36.2877],[136.9903,36.2872],[136.9882,36.2859],[136.9862,36.2863],[136.9856,36.2843],[136.9868,36.2835],[136.9865,36.2825],[136.9802,36.2793],[136.9799,36.2776],[136.9762,36.2759],[136.9753,36.2744],[136.9728,36.2752],[136.9707,36.2777],[136.9679,36.2752],[136.9665,36.2777],[136.9633,36.2769],[136.9577,36.2779],[136.9574,36.28],[136.9586,36.2823],[136.9616,36.2846],[136.9602,36.2865],[136.9605,36.2878],[136.9655,36.2922],[136.9655,36.2953],[136.9678,36.2962],[136.9673,36.2992],[136.9689,36.3052],[136.9733,36.3099],[136.9722,36.3107],[136.9711,36.3155],[136.9643,36.3187],[136.9614,36.3229],[136.9603,36.3255],[136.9614,36.3276],[136.9581,36.3316],[136.9577,36.3341],[136.9549,36.3394],[136.9511,36.3392],[136.947,36.3457],[136.9396,36.3492],[136.9328,36.3483],[136.9254,36.3539],[136.9131,36.3576],[136.9075,36.3608],[136.9047,36.3586],[136.9031,36.3557],[136.8971,36.3533],[136.8969,36.3513],[136.8908,36.347],[136.8901,36.3456],[136.887,36.3454],[136.8823,36.3419],[136.8788,36.3449],[136.8748,36.3428],[136.8745,36.3448],[136.8765,36.3469],[136.8757,36.3501],[136.8704,36.3489],[136.8696,36.3507],[136.8706,36.3533],[136.8733,36.3532],[136.8759,36.3555],[136.8763,36.3579],[136.876,36.3607],[136.8728,36.3616],[136.8738,36.3644],[136.8734,36.3663],[136.8712,36.3676],[136.8681,36.3656],[136.8688,36.3639],[136.868,36.3607],[136.8641,36.3552],[136.8661,36.3514],[136.8651,36.3497],[136.8629,36.349],[136.8556,36.3498],[136.8549,36.3475],[136.8521,36.3474],[136.8516,36.3484],[136.8484,36.349],[136.8471,36.3507],[136.8441,36.3511],[136.8371,36.3472],[136.8373,36.3453],[136.8382,36.3447],[136.8373,36.3433],[136.8425,36.3327],[136.8398,36.3281],[136.8383,36.3232],[136.8325,36.3154],[136.8304,36.3077],[136.8324,36.3068],[136.8275,36.3048],[136.8262,36.3025],[136.817,36.3034],[136.8094,36.3025],[136.8088,36.304],[136.8042,36.3062],[136.7954,36.3027],[136.7923,36.2992]]}},{"type":"Feature","properties":{"n":"p","a":17,"b":18},"geometry":{"type":"LineString","coordinates":[[136.244,36.2954],[136.2492,36.2918],[136.2586,36.2893],[136.2568,36.2867],[136.2574,36.2824],[136.2563,36.2797],[136.2598,36.2779],[136.2624,36.2796],[136.2642,36.2783],[136.2619,36.2762],[136.2643,36.2757],[136.2641,36.2749],[136.2615,36.2729],[136.264,36.2714],[136.2631,36.269],[136.2684,36.2699],[136.2659,36.266],[136.2668,36.2651],[136.2684,36.2648],[136.2692,36.2664],[136.2729,36.2653],[136.2756,36.2662],[136.2769,36.2648],[136.2804,36.2644],[136.2828,36.2659],[136.2834,36.264],[136.2853,36.2638],[136.2855,36.2617],[136.2891,36.2604],[136.2939,36.261],[136.2988,36.2579],[136.3012,36.2582],[136.3032,36.2559],[136.3032,36.2529],[136.3084,36.2468],[136.3153,36.2459],[136.3176,36.2408],[136.3154,36.238],[136.317,36.2348],[136.3226,36.2318],[136.3268,36.2323],[136.3285,36.2304],[136.3323,36.2298],[136.329,36.2244],[136.329,36.2213],[136.3314,36.2174],[136.3299,36.2154],[136.3301,36.2133],[136.3279,36.2088],[136.3293,36.202],[136.3317,36.2003],[136.3328,36.1957],[136.3361,36.1943],[136.337,36.1908],[136.3357,36.1849],[136.3376,36.1837],[136.3421,36.1749],[136.3441,36.173],[136.3514,36.1694],[136.3549,36.169],[136.358,36.1651],[136.3657,36.1661],[136.3689,36.1698],[136.374,36.17],[136.3794,36.1682],[136.3808,36.1688],[136.3867,36.1672],[136.3901,36.1674],[136.3968,36.1704],[136.4048,36.1703],[136.4093,36.1722],[136.4133,36.167],[136.4114,36.1606],[136.413,36.1595],[136.4143,36.1566],[136.4243,36.1545],[136.4268,36.1511],[136.4278,36.1473],[136.4318,36.1435],[136.4383,36.1421],[136.4394,36.1382],[136.4406,36.1373],[136.4486,36.1407],[136.4519,36.1381],[136.4566,36.1363],[136.4642,36.1376],[136.4653,36.1406],[136.4702,36.1456],[136.4741,36.1466],[136.4772,36.1516],[136.4833,36.1569],[136.4864,36.1575],[136.488,36.1591],[136.4918,36.1582],[136.4969,36.1497],[136.5032,36.1496],[136.5057,36.1466],[136.5107,36.1461],[136.5215,36.1514],[136.5251,36.15],[136.5267,36.1481],[136.5299,36.1489],[136.5312,36.1473],[136.5328,36.1475],[136.5342,36.1496],[136.5377,36.1504],[136.5385,36.1526],[136.5412,36.1536],[136.5462,36.1528],[136.5519,36.1549],[136.555,36.153],[136.5598,36.1532],[136.5632,36.1446],[136.5685,36.1445],[136.5764,36.1422],[136.5805,36.1368],[136.5849,36.1359],[136.5874,36.1326],[136.5906,36.1312],[136.5957,36.132],[136.5968,36.1308],[136.6017,36.1295],[136.6035,36.1279],[136.603,36.1267],[136.6047,36.1246],[136.6043,36.1224],[136.6058,36.1205],[136.6123,36.1168],[136.6128,36.1146],[136.6114,36.1128],[136.6119,36.1117],[136.6134,36.1116],[136.6149,36.1082],[136.6175,36.1068],[136.6223,36.1064],[136.625,36.1042],[136.6295,36.1026],[136.6323,36.0994],[136.6363,36.0984],[136.64,36.099],[136.6436,36.0971],[136.6455,36.0948],[136.6513,36.0922],[136.6534,36.0864],[136.6572,36.0835],[136.6565,36.0796],[136.655,36.0778],[136.6552,36.0764],[136.6576,36.0746],[136.659,36.069],[136.6623,36.0676],[136.6686,36.0678],[136.6707,36.0694],[136.6742,36.0672],[136.6808,36.0713],[136.6849,36.0713],[136.6896,36.0733],[136.6923,36.0717],[136.6954,36.0744],[136.6994,36.074],[136.7067,36.0794],[136.7091,36.0794],[136.7111,36.0811],[136.7136,36.0809],[136.7151,36.082],[136.7248,36.0823],[136.727,36.0812],[136.7291,36.0817],[136.7325,36.0804],[136.7375,36.0802],[136.743,36.0827],[136.7453,36.0851],[136.7511,36.0861],[136.7531,36.0855],[136.7543,36.0863]]}},{"type":"Feature","properties":{"n":"p","a":17,"b":21},"geometry":{"type":"LineString","coordinates":[[136.7923,36.2992],[136.7955,36.2925],[136.8009,36.2903],[136.8027,36.2868],[136.8059,36.2844],[136.806,36.2758],[136.811,36.2733],[136.8144,36.2703],[136.8146,36.2664],[136.8179,36.2657],[136.8227,36.2663],[136.8276,36.2654],[136.8337,36.2658],[136.8335,36.2649],[136.8361,36.2618],[136.8443,36.2592],[136.8447,36.2542],[136.8457,36.2532],[136.8508,36.2517],[136.8518,36.2471],[136.8473,36.2456],[136.8468,36.2425],[136.8438,36.2368],[136.8397,36.2326],[136.8404,36.2314],[136.8323,36.2236],[136.8316,36.2176],[136.821,36.2107],[136.8196,36.2062],[136.8226,36.2029],[136.8226,36.2015],[136.8212,36.2002],[136.8179,36.2009],[136.8112,36.1966],[136.8055,36.189],[136.8021,36.1871],[136.7994,36.1813],[136.8003,36.1778],[136.7984,36.1726],[136.7911,36.1699],[136.7864,36.1662],[136.7773,36.1664],[136.7743,36.1644],[136.7704,36.1636],[136.7684,36.1642],[136.7664,36.1626],[136.7662,36.1603],[136.7735,36.1572],[136.7718,36.155],[136.7736,36.1526],[136.7736,36.1509],[136.7764,36.1491],[136.7755,36.1477],[136.7758,36.1439],[136.7808,36.1417],[136.7798,36.1396],[136.78,36.1342],[136.7774,36.1316],[136.7786,36.1294],[136.7758,36.1283],[136.7742,36.1264],[136.7723,36.1261],[136.7707,36.1232],[136.7696,36.1178],[136.7705,36.1157],[136.7688,36.1119],[136.767,36.1104],[136.7654,36.106],[136.7562,36.0991],[136.7564,36.0947],[136.754,36.0902],[136.7548,36.0878],[136.7543,36.0863]]}},{"type":"Feature","properties":{"n":"p","a":18,"b":21},"geometry":{"type":"LineString","coordinates":[[136.2807,35.6586],[136.2848,35.6637],[136.2905,35.6659],[136.2888,35.6714],[136.2945,35.675],[136.2971,35.6755],[136.2989,35.6777],[136.2989,35.6789],[136.2947,35.6807],[136.292,35.6839],[136.2908,35.6878],[136.2918,35.6905],[136.2978,35.6918],[136.3045,35.7013],[136.3066,35.7011],[136.3095,35.7035],[136.3108,35.7057],[136.3104,35.7105],[136.3118,35.712],[136.324,35.7167],[136.3214,35.7198],[136.3204,35.7225],[136.3253,35.7264],[136.3247,35.7276],[136.327,35.7314],[136.3257,35.7333],[136.324,35.7406],[136.3252,35.7436],[136.325,35.7447],[136.3198,35.7475],[136.3184,35.7511],[136.3198,35.7531],[136.3202,35.7585],[136.3221,35.7612],[136.3216,35.7651],[136.3247,35.7671],[136.324,35.7694],[136.3279,35.7751],[136.3334,35.7765],[136.3358,35.7763],[136.3366,35.7747],[136.3393,35.7759],[136.3465,35.776],[136.3484,35.78],[136.356,35.7844],[136.3571,35.7868],[136.3643,35.7882],[136.3767,35.7952],[136.3888,35.7919],[136.3895,35.788],[136.3961,35.788],[136.4003,35.7893],[136.4017,35.7861],[136.4035,35.7854],[136.4037,35.7839],[136.408,35.7821],[136.4092,35.7799],[136.4147,35.7826],[136.4185,35.7824],[136.4307,35.775],[136.4385,35.7744],[136.4412,35.7752],[136.4458,35.7729],[136.4509,35.7764],[136.4536,35.7766],[136.4589,35.7791],[136.4618,35.7786],[136.4676,35.7732],[136.4726,35.7727],[136.4779,35.7742],[136.4812,35.7739],[136.4857,35.7765],[136.4848,35.7748],[136.4853,35.7737],[136.4965,35.7655],[136.4974,35.7629],[136.497,35.761],[136.4994,35.7558],[136.5034,35.7509],[136.5059,35.7503],[136.508,35.7532],[136.5074,35.7552],[136.5082,35.757],[136.5119,35.7586],[136.5137,35.7622],[136.5131,35.7642],[136.5139,35.7669],[136.512,35.7717],[136.5133,35.7753],[136.5183,35.7791],[136.5224,35.7858],[136.5228,35.7882],[136.5252,35.788],[136.5294,35.7858],[136.5309,35.7839],[136.5329,35.7836],[136.5364,35.781],[136.5449,35.7788],[136.5507,35.7811],[136.5558,35.781],[136.5618,35.7787],[136.5658,35.7797],[136.569,35.7774],[136.5707,35.7774],[136.5771,35.7815],[136.5801,35.7816],[136.586,35.7843],[136.5848,35.7874],[136.5852,35.7896],[136.5897,35.7955],[136.5952,35.7953],[136.5991,35.7985],[136.6032,35.7963],[136.6034,35.7944],[136.6068,35.7922],[136.6095,35.7923],[136.6099,35.7899],[136.6114,35.7888],[136.6153,35.7893],[136.6217,35.7879],[136.6221,35.7868],[136.6276,35.7908],[136.6261,35.7954],[136.6266,35.7968],[136.6305,35.7956],[136.6379,35.7973],[136.6408,35.8035],[136.6452,35.8068],[136.6525,35.7987],[136.6527,35.7908],[136.6541,35.7885],[136.6538,35.7873],[136.6543,35.7859],[136.6577,35.7835],[136.6661,35.7851],[136.6685,35.7886],[136.672,35.7913],[136.6748,35.7911],[136.6751,35.7923],[136.677,35.7933],[136.6814,35.7898],[136.6898,35.7893],[136.6945,35.7912],[136.6971,35.7941],[136.7004,35.7941],[136.7054,35.7913],[136.71,35.792],[136.712,35.7947],[136.7167,35.7965],[136.7206,35.8002],[136.723,35.8047],[136.7223,35.8067],[136.7234,35.8082],[136.7324,35.8066],[136.7411,35.8011],[136.7452,35.8043],[136.7524,35.8074],[136.755,35.8095],[136.7639,35.8106],[136.7716,35.8068],[136.7744,35.8067],[136.774,35.8002],[136.776,35.7988],[136.7821,35.7994],[136.7834,35.7981],[136.7893,35.7994],[136.7927,35.8069],[136.7958,35.8088],[136.7954,35.8111],[136.7971,35.8161],[136.7985,35.8177],[136.7978,35.8186],[136.7986,35.8251],[136.7971,35.8281],[136.7994,35.8313],[136.7999,35.8372],[136.802,35.8437],[136.8154,35.8425],[136.8179,35.8441],[136.8209,35.8439],[136.8251,35.8454],[136.8311,35.8518],[136.8323,35.8593],[136.8304,35.863],[136.8301,35.8658],[136.8258,35.8701],[136.8261,35.8745],[136.8244,35.875],[136.823,35.8779],[136.8202,35.8794],[136.819,35.8817],[136.8222,35.8847],[136.8226,35.8904],[136.8238,35.8928],[136.8209,35.8989],[136.8188,35.9013],[136.8158,35.9027],[136.8165,35.9054],[136.8145,35.9072],[136.8137,35.9109],[136.8115,35.9126],[136.806,35.9128],[136.8011,35.9177],[136.7991,35.9184],[136.7993,35.9205],[136.7939,35.9217],[136.7925,35.9208],[136.7887,35.9213],[136.7857,35.9229],[136.7839,35.9257],[136.7839,35.9278],[136.7869,35.9336],[136.7934,35.9409],[136.7932,35.946],[136.7888,35.9488],[136.7846,35.9487],[136.777,35.9512],[136.7704,35.9504],[136.7666,35.9528],[136.7529,35.9565],[136.7499,35.9594],[136.7488,35.9636],[136.7505,35.967],[136.7536,35.9684],[136.7524,35.9728],[136.7533,35.9782],[136.7515,35.9873],[136.7522,35.9886],[136.7497,35.9909],[136.7345,35.9934],[136.7267,35.9959],[136.7284,35.9976],[136.7294,36.0015],[136.7283,36.0074],[136.7289,36.0094],[136.7324,36.013],[136.7309,36.0177],[136.7344,36.021],[136.733,36.0264],[136.7357,36.0323],[136.7349,36.0348],[136.7358,36.0403],[136.7347,36.0423],[136.7359,36.0438],[136.7355,36.0478],[136.7328,36.0489],[136.7399,36.0536],[136.7406,36.0549],[136.7401,36.0569],[136.742,36.0571],[136.7446,36.0601],[136.7486,36.0617],[136.7517,36.0617],[136.7547,36.0648],[136.7574,36.0654],[136.759,36.0671],[136.7643,36.0677],[136.765,36.0694],[136.764,36.0744],[136.7615,36.0764],[136.7609,36.0792],[136.7574,36.0814],[136.7543,36.0863]]}},{"type":"Feature","properties":{"n":"r","a":18,"b":25,"g":"chubu","d":"kansai"},"geometry":{"type":"LineString","coordinates":[[135.7688,35.356],[135.7699,35.3598],[135.7737,35.3634],[135.7743,35.365],[135.7777,35.3659],[135.7798,35.3717],[135.779,35.3734],[135.7829,35.3753],[135.7844,35.3774],[135.7909,35.379],[135.792,35.3813],[135.7906,35.3842],[135.7909,35.3866],[135.7952,35.3874],[135.7992,35.3849],[135.8049,35.3844],[135.8075,35.3854],[135.8101,35.3917],[135.808,35.3944],[135.8101,35.4004],[135.8107,35.4092],[135.8137,35.4133],[135.819,35.4125],[135.8245,35.4147],[135.8267,35.4147],[135.8319,35.4123],[135.8363,35.412],[135.8391,35.4144],[135.8497,35.4106],[135.8524,35.4106],[135.8532,35.4115],[135.8556,35.409],[135.8545,35.4061],[135.8552,35.403],[135.8543,35.4008],[135.8604,35.3953],[135.8647,35.3944],[135.8752,35.3973],[135.8803,35.4006],[135.8906,35.4032],[135.8935,35.4107],[135.893,35.4198],[135.8985,35.4247],[135.901,35.4258],[135.9027,35.4294],[135.911,35.4303],[135.9144,35.4326],[135.9146,35.438],[135.9123,35.441],[135.9132,35.4451],[135.9106,35.4456],[135.9098,35.447],[135.9125,35.4487],[135.9146,35.4519],[135.9156,35.4557],[135.9149,35.4591],[135.9174,35.4671],[135.9159,35.4709],[135.9176,35.4717],[135.9179,35.4736],[135.9198,35.4753],[135.9217,35.476],[135.9216,35.4781],[135.9237,35.4815],[135.9223,35.4859],[135.9236,35.4867],[135.9244,35.4896],[135.93,35.4923],[135.9332,35.5023],[135.9353,35.5039],[135.9372,35.511],[135.938,35.5112],[135.9376,35.514],[135.9396,35.5205],[135.9445,35.5214],[135.947,35.5205],[135.9517,35.5116],[135.9524,35.5062],[135.9576,35.506],[135.9627,35.5013],[135.9672,35.503],[135.9726,35.5002],[135.9812,35.4866],[135.9895,35.4927],[135.9938,35.4915],[135.9967,35.4926],[135.9978,35.4914],[136.0021,35.492],[136.0043,35.491],[136.0067,35.4918],[136.0071,35.4933],[136.0089,35.4939],[136.0114,35.4971],[136.0107,35.4997],[136.0124,35.5035],[136.0117,35.5048],[136.0151,35.5087],[136.0158,35.5105],[136.0151,35.5116],[136.0203,35.512],[136.0234,35.5199],[136.0288,35.5234],[136.0273,35.5249],[136.0276,35.5262],[136.0261,35.527],[136.0265,35.5295],[136.0283,35.5291],[136.0409,35.5322],[136.042,35.5308],[136.0464,35.5302],[136.0486,35.5345],[136.0607,35.5319],[136.0624,35.5281],[136.0653,35.5283],[136.0668,35.5269],[136.0694,35.5263],[136.074,35.5296],[136.077,35.5305],[136.0768,35.5346],[136.0794,35.5357],[136.0805,35.5389],[136.0829,35.5406],[136.0909,35.5374],[136.0932,35.5375],[136.0974,35.5339],[136.0999,35.5337],[136.1003,35.5322],[136.1053,35.5287],[136.1065,35.529],[136.1072,35.5307],[136.1061,35.5326],[136.1068,35.535],[136.1059,35.5383],[136.108,35.5401],[136.1094,35.545],[136.1079,35.5472],[136.1091,35.5497],[136.1054,35.5555],[136.1104,35.5597],[136.1107,35.5633],[136.1079,35.5683],[136.1101,35.5692],[136.1113,35.573],[136.1129,35.574],[136.1122,35.58],[136.1138,35.5829],[136.1169,35.5817],[136.1168,35.5788],[136.118,35.5775],[136.1212,35.5762],[136.1281,35.5758],[136.1327,35.5745],[136.1359,35.5758],[136.1389,35.5757],[136.1449,35.5706],[136.1464,35.5708],[136.1475,35.5721],[136.1496,35.5714],[136.1505,35.5729],[136.1552,35.5715],[136.1623,35.5715],[136.1669,35.5654],[136.1698,35.5659],[136.1692,35.568],[136.1704,35.5712],[136.1695,35.5739],[136.1707,35.5756],[136.1684,35.5776],[136.1664,35.5825],[136.1724,35.5883],[136.1727,35.5901],[136.1774,35.5949],[136.1768,35.5984],[136.1708,35.6087],[136.1704,35.6124],[136.1685,35.6145],[136.1669,35.6186],[136.1651,35.619],[136.1626,35.6239],[136.1599,35.6252],[136.1602,35.6273],[136.1586,35.6298],[136.1595,35.6309],[136.1599,35.6348],[136.1583,35.6357],[136.1586,35.638],[136.1573,35.6413],[136.1549,35.6424],[136.1543,35.6462],[136.1529,35.6463],[136.1512,35.649],[136.1525,35.6507],[136.151,35.6514],[136.1512,35.6532],[136.1501,35.6545],[136.1513,35.6556],[136.1502,35.6594],[136.1481,35.6624],[136.1406,35.6638],[136.1364,35.6657],[136.1345,35.6694],[136.1362,35.6724],[136.1378,35.6731],[136.1396,35.678],[136.1425,35.6792],[136.1435,35.6832],[136.1462,35.6868],[136.1489,35.6884],[136.1504,35.6913],[136.1497,35.6949],[136.1509,35.6982],[136.1569,35.7003],[136.1612,35.6979],[136.1617,35.6965],[136.1648,35.6963],[136.166,35.6973],[136.1668,35.7022],[136.1679,35.7034],[136.1704,35.7014],[136.1746,35.7037],[136.1808,35.7015],[136.1834,35.7036],[136.1911,35.7025],[136.1919,35.7007],[136.1937,35.7002],[136.1983,35.6897],[136.201,35.6899],[136.2022,35.6876],[136.2042,35.6868],[136.2083,35.6876],[136.2102,35.6863],[136.2105,35.6845],[136.2126,35.6817],[136.2139,35.6835],[136.2172,35.6846],[136.2218,35.6834],[136.2259,35.6805],[136.2277,35.6805],[136.2311,35.6827],[136.2344,35.6825],[136.2446,35.6738],[136.2469,35.6754],[136.2507,35.6762],[136.2576,35.6712],[136.2623,35.6716],[136.2694,35.6687],[136.2716,35.6656],[136.2743,35.6653],[136.2805,35.6613],[136.28,35.6595],[136.2807,35.6586]]}},{"type":"Feature","properties":{"n":"r","a":18,"b":26,"g":"chubu","d":"kansai"},"geometry":{"type":"LineString","coordinates":[[135.4866,35.5579],[135.4668,35.5519],[135.4605,35.5485],[135.4603,35.5439],[135.4542,35.5376],[135.4545,35.534],[135.4519,35.531],[135.4514,35.5279],[135.4494,35.526],[135.4499,35.5208],[135.4522,35.5209],[135.4541,35.5181],[135.4598,35.5144],[135.4641,35.513],[135.4668,35.5093],[135.4728,35.5083],[135.4762,35.5055],[135.4726,35.5012],[135.4762,35.4894],[135.4748,35.488],[135.4727,35.49],[135.4704,35.4891],[135.4692,35.4866],[135.4696,35.4847],[135.4669,35.484],[135.4664,35.482],[135.4625,35.4788],[135.459,35.4732],[135.4597,35.4707],[135.4583,35.4683],[135.4598,35.4673],[135.4629,35.4622],[135.4651,35.4618],[135.4695,35.4581],[135.4709,35.454],[135.4736,35.4534],[135.4806,35.4482],[135.4861,35.4486],[135.4894,35.441],[135.4882,35.4391],[135.4955,35.4389],[135.4979,35.4374],[135.499,35.4346],[135.5008,35.433],[135.4968,35.4311],[135.4955,35.4294],[135.4966,35.4279],[135.4953,35.4261],[135.496,35.4251],[135.4997,35.4241],[135.502,35.42],[135.5057,35.4209],[135.5108,35.4246],[135.5157,35.4219],[135.5208,35.4229],[135.5258,35.4204],[135.527,35.4187],[135.5265,35.4167],[135.5277,35.415],[135.5275,35.4124],[135.5299,35.4102],[135.53,35.4086],[135.5264,35.405],[135.5251,35.4025],[135.5277,35.3978],[135.5302,35.3974],[135.5317,35.393],[135.5286,35.3905],[135.5283,35.3873],[135.5262,35.3862],[135.5271,35.3847],[135.5276,35.3801],[135.537,35.3767],[135.548,35.3767],[135.5528,35.3779],[135.5548,35.3771],[135.5577,35.3775],[135.5594,35.3764],[135.5644,35.3777],[135.5661,35.3772],[135.5682,35.3748],[135.5717,35.3743],[135.579,35.3751],[135.5839,35.3702],[135.5881,35.3683],[135.5939,35.3705],[135.5957,35.3729],[135.5999,35.3712],[135.603,35.3721],[135.6069,35.3717],[135.6111,35.3668],[135.6117,35.3693],[135.615,35.3711],[135.6176,35.3699],[135.6187,35.3705],[135.6235,35.3699],[135.6284,35.3669],[135.6336,35.3656],[135.6364,35.3637],[135.639,35.3644],[135.6406,35.3656],[135.6407,35.3668],[135.6421,35.3669],[135.6495,35.3612],[135.6584,35.3591],[135.6609,35.3564],[135.6682,35.3571],[135.6696,35.3542],[135.6722,35.3541],[135.6741,35.3529],[135.6752,35.3503],[135.6809,35.3499],[135.6849,35.3474],[135.69,35.3479],[135.6924,35.3459],[135.6995,35.3449],[135.7009,35.3437],[135.7041,35.3448],[135.7049,35.3466],[135.7064,35.346],[135.7107,35.348],[135.7131,35.3534],[135.7151,35.3541],[135.7167,35.3535],[135.7184,35.3554],[135.724,35.3518],[135.7278,35.3526],[135.7315,35.3506],[135.7364,35.3511],[135.7408,35.354],[135.7402,35.3584],[135.7451,35.3589],[135.7596,35.3531],[135.76,35.3544],[135.7631,35.3563],[135.7648,35.3564],[135.7658,35.3552],[135.7688,35.356]]}},{"type":"Feature","properties":{"n":"r","a":18,"b":26,"g":"chubu","d":"kansai"},"geometry":{"type":"LineString","coordinates":[[135.4869,35.558],[135.4867,35.558]]}},{"type":"Feature","properties":{"n":"p","a":19,"b":20},"geometry":{"type":"LineString","coordinates":[[138.729,35.9092],[138.7217,35.9079],[138.7169,35.9094],[138.7133,35.9087],[138.7081,35.9098],[138.7057,35.906],[138.7002,35.9032],[138.6995,35.9013],[138.6971,35.8992],[138.6935,35.8993],[138.6919,35.8959],[138.6858,35.8939],[138.6857,35.89],[138.6836,35.8884],[138.6839,35.8859],[138.6827,35.8815],[138.6762,35.8698],[138.6691,35.8714],[138.6657,35.8739],[138.6635,35.8731],[138.6603,35.8738],[138.6575,35.8759],[138.6497,35.8735],[138.6425,35.8748],[138.6401,35.8729],[138.6356,35.8715],[138.6342,35.87],[138.6282,35.8734],[138.6219,35.8704],[138.6109,35.8736],[138.6067,35.8785],[138.606,35.8919],[138.605,35.8938],[138.6076,35.8959],[138.6071,35.8995],[138.6092,35.9036],[138.6106,35.9043],[138.6123,35.9092],[138.6076,35.9082],[138.6027,35.9098],[138.6012,35.9113],[138.601,35.9134],[138.5976,35.9149],[138.5968,35.9169],[138.5938,35.9175],[138.591,35.9198],[138.5893,35.9179],[138.5852,35.9184],[138.581,35.9171],[138.5792,35.913],[138.5765,35.9114],[138.5721,35.9122],[138.5644,35.9173],[138.5562,35.9163],[138.557,35.9179],[138.5554,35.9191],[138.5539,35.919],[138.5503,35.9165],[138.5468,35.9163],[138.5453,35.9147],[138.542,35.9147],[138.5402,35.9137],[138.531,35.9157],[138.5291,35.9145],[138.5217,35.9187],[138.5128,35.9201],[138.5106,35.9223],[138.5055,35.9187],[138.5028,35.9122],[138.4947,35.9113],[138.496,35.9081],[138.4955,35.9036],[138.4901,35.8964],[138.4877,35.8962],[138.4826,35.8988],[138.4716,35.8962],[138.4602,35.9036],[138.4568,35.9032],[138.4562,35.9007],[138.4546,35.8999],[138.4542,35.9033],[138.4517,35.9064],[138.4489,35.913],[138.4463,35.9147],[138.4444,35.9178],[138.4455,35.9198],[138.4446,35.9225],[138.4473,35.9236],[138.4471,35.9249],[138.4484,35.9251],[138.4485,35.928],[138.4475,35.9292],[138.4518,35.9333],[138.4544,35.9385],[138.4539,35.94],[138.4519,35.9416],[138.4506,35.9454],[138.4463,35.9476],[138.4447,35.9502],[138.4242,35.959],[138.4197,35.9599],[138.4175,35.959],[138.414,35.9594],[138.4083,35.9625],[138.3913,35.9661],[138.3839,35.9692],[138.3814,35.9714],[138.3705,35.9714],[138.3694,35.9672],[138.3618,35.9623],[138.361,35.9598],[138.3616,35.9585],[138.3597,35.9557],[138.3599,35.9507],[138.3559,35.9504],[138.345,35.9413],[138.3457,35.9344],[138.3422,35.926],[138.339,35.9243],[138.3375,35.921],[138.3353,35.9202],[138.3331,35.9172],[138.3309,35.9109],[138.3265,35.9033],[138.3235,35.9018],[138.3136,35.8915],[138.3073,35.8871],[138.3066,35.8842],[138.2961,35.8701],[138.2836,35.8593],[138.2789,35.8604],[138.2728,35.8649],[138.268,35.8701],[138.2658,35.8747],[138.2536,35.8824],[138.2515,35.885],[138.2486,35.8859],[138.2419,35.8845],[138.2387,35.8829],[138.2324,35.8757],[138.2268,35.8575],[138.2234,35.8553],[138.2191,35.8471],[138.2156,35.8449],[138.2127,35.837],[138.2068,35.8315],[138.2047,35.8281],[138.2038,35.8255],[138.2052,35.8242],[138.2034,35.8231],[138.2058,35.8196],[138.2051,35.8189],[138.206,35.8182],[138.2057,35.8157],[138.2017,35.8121],[138.199,35.8121],[138.1957,35.8057],[138.1934,35.8058],[138.1935,35.8039],[138.1904,35.8031],[138.1856,35.7955],[138.1861,35.7935],[138.1852,35.7911],[138.1891,35.788],[138.1912,35.7845],[138.2,35.781],[138.2024,35.781],[138.2059,35.7827],[138.2087,35.7806],[138.2118,35.7758],[138.215,35.7747],[138.217,35.7715],[138.2212,35.7707],[138.2247,35.7657],[138.2324,35.7634],[138.2369,35.758],[138.2311,35.7549],[138.2296,35.753],[138.2277,35.7537],[138.222,35.7504],[138.2206,35.7491],[138.2209,35.7478],[138.2197,35.7458],[138.213,35.7416],[138.2124,35.7402],[138.2069,35.7354],[138.2031,35.7347],[138.2005,35.7331],[138.1975,35.727],[138.188,35.7232],[138.1865,35.722],[138.186,35.7201],[138.1835,35.7199],[138.1818,35.7183],[138.1801,35.7144],[138.182,35.7097],[138.1867,35.7044],[138.1912,35.7018],[138.1936,35.6969],[138.1937,35.689],[138.1913,35.6854],[138.1932,35.6808],[138.1927,35.6771],[138.1942,35.6749],[138.1933,35.6722],[138.1992,35.6693],[138.2033,35.665],[138.2056,35.6642],[138.2079,35.6598],[138.2081,35.6557],[138.211,35.6518],[138.2171,35.6477],[138.2187,35.6445]]}},{"type":"Feature","properties":{"n":"p","a":19,"b":22},"geometry":{"type":"LineString","coordinates":[[138.9164,35.4006],[138.9139,35.4001],[138.9109,35.3977],[138.9029,35.3963],[138.8986,35.392],[138.8926,35.3904],[138.8879,35.3864],[138.8789,35.3858],[138.8732,35.3814],[138.8739,35.3797],[138.8627,35.3903],[138.8563,35.388],[138.8536,35.3887],[138.8512,35.3905],[138.8437,35.3866],[138.8327,35.3832],[138.8292,35.3781],[138.8217,35.3741],[138.8175,35.3764],[138.8103,35.3756],[138.7991,35.3766],[138.727,35.3639],[138.7248,35.3652],[138.7209,35.3657],[138.713,35.3636],[138.7007,35.3627],[138.6987,35.3597],[138.6805,35.3577],[138.6712,35.3928],[138.6636,35.3982],[138.639,35.3983],[138.6234,35.3956],[138.618,35.3954],[138.6139,35.3937],[138.6091,35.3932],[138.5973,35.4327],[138.5924,35.4361],[138.5875,35.4376],[138.5819,35.4457],[138.5781,35.4429],[138.5774,35.4409],[138.5705,35.4395],[138.5633,35.4346],[138.5589,35.4342],[138.5563,35.4289],[138.5568,35.428],[138.553,35.4231],[138.5493,35.4212],[138.5454,35.4165],[138.5383,35.4142],[138.5364,35.4119],[138.5318,35.4093],[138.5312,35.4021],[138.5333,35.3995],[138.5324,35.3968],[138.5358,35.3899],[138.5346,35.3862],[138.5317,35.3843],[138.5282,35.379],[138.5307,35.376],[138.5299,35.3646],[138.5307,35.3607],[138.5298,35.3593],[138.531,35.3535],[138.5294,35.3497],[138.5306,35.3456],[138.5349,35.3409],[138.5351,35.3306],[138.5333,35.3303],[138.5315,35.3283],[138.5269,35.3262],[138.5255,35.3221],[138.5243,35.321],[138.5167,35.3172],[138.5121,35.3137],[138.5136,35.305],[138.5128,35.3033],[138.5166,35.2989],[138.5165,35.2943],[138.5202,35.2882],[138.5217,35.2838],[138.5206,35.2814],[138.5214,35.2785],[138.5199,35.2748],[138.5203,35.2709],[138.5181,35.2685],[138.5154,35.2673],[138.5142,35.2622],[138.516,35.2613],[138.5167,35.2587],[138.5207,35.2554],[138.5215,35.2536],[138.5206,35.2507],[138.5231,35.2486],[138.524,35.242],[138.5269,35.2326],[138.5299,35.2307],[138.5323,35.2234],[138.5274,35.2168],[138.5329,35.2074],[138.5319,35.2054],[138.5331,35.2007],[138.5285,35.1975],[138.5221,35.1992],[138.5207,35.1987],[138.5212,35.1972],[138.5178,35.1972],[138.5173,35.1986],[138.5154,35.1982],[138.5145,35.1966],[138.5168,35.1963],[138.5152,35.1954],[138.5158,35.1942],[138.5139,35.1938],[138.5137,35.1906],[138.5111,35.1882],[138.5062,35.1861],[138.5011,35.1765],[138.4964,35.1745],[138.4957,35.1716],[138.4915,35.1684],[138.4876,35.1697],[138.4872,35.1716],[138.4844,35.1742],[138.4821,35.1739],[138.4789,35.1754],[138.4779,35.1781],[138.4722,35.1761],[138.4611,35.1795],[138.4568,35.1782],[138.4414,35.1794],[138.4404,35.178],[138.4388,35.178],[138.4311,35.1803],[138.4275,35.1827],[138.4246,35.1903],[138.4184,35.1993],[138.4156,35.1995],[138.4137,35.2011],[138.4076,35.2029],[138.4027,35.2008],[138.3987,35.2003],[138.3966,35.2058],[138.3945,35.207],[138.3934,35.2152],[138.3907,35.2194],[138.3918,35.2248],[138.3882,35.2373],[138.3866,35.2398],[138.3856,35.2446],[138.3862,35.2462],[138.3825,35.2496],[138.3812,35.2527],[138.3782,35.2539],[138.3762,35.259],[138.3743,35.2603],[138.3736,35.2633],[138.367,35.2702],[138.3693,35.2769],[138.3667,35.2805],[138.3677,35.2865],[138.3668,35.2903],[138.369,35.2952],[138.3711,35.2964],[138.3725,35.2994],[138.3706,35.3048],[138.3682,35.3064],[138.3675,35.3097],[138.3647,35.312],[138.3591,35.3135],[138.3586,35.3175],[138.3577,35.3179],[138.3562,35.3165],[138.3528,35.3167],[138.3526,35.3157],[138.3507,35.3153],[138.3484,35.3157],[138.3434,35.318],[138.3356,35.3265],[138.3258,35.3276],[138.319,35.3241],[138.3136,35.3227],[138.3113,35.3196],[138.309,35.3185],[138.3051,35.318],[138.3027,35.3166],[138.2959,35.3163],[138.2937,35.3116],[138.2899,35.3095],[138.2854,35.3044],[138.2842,35.3043],[138.2764,35.3074],[138.2753,35.3104],[138.2702,35.3143],[138.2616,35.3151],[138.2577,35.3166],[138.2545,35.3204],[138.2549,35.3244],[138.2516,35.3256],[138.2515,35.3302],[138.2487,35.3316],[138.2501,35.3337],[138.2545,35.3358],[138.2571,35.339],[138.2539,35.3454],[138.2558,35.3488],[138.251,35.3582],[138.2513,35.3635],[138.2469,35.3671],[138.2446,35.3658],[138.2427,35.3659],[138.2376,35.3699],[138.232,35.3712],[138.2338,35.3792],[138.2361,35.3814],[138.237,35.3845],[138.2403,35.3883],[138.246,35.3912],[138.2476,35.3952],[138.2465,35.3973],[138.2465,35.3999],[138.253,35.405],[138.2581,35.4074],[138.2576,35.4146],[138.2595,35.4239],[138.2593,35.4321],[138.2573,35.4378],[138.2554,35.4403],[138.2555,35.4444],[138.2483,35.4472],[138.2442,35.4544],[138.244,35.4586],[138.2458,35.4632],[138.2526,35.4654],[138.2552,35.4689],[138.2555,35.4728],[138.2579,35.476],[138.2586,35.4797],[138.2585,35.4849],[138.2599,35.4894],[138.2589,35.494],[138.2602,35.5057],[138.269,35.5142],[138.2632,35.523],[138.2638,35.5267],[138.2611,35.5294],[138.2586,35.5297],[138.2573,35.5308],[138.2582,35.5325],[138.2579,35.5365],[138.2601,35.5429],[138.2596,35.5529],[138.2567,35.5546],[138.2522,35.5555],[138.2503,35.5585],[138.2457,35.5615],[138.2444,35.5641],[138.2457,35.57],[138.242,35.5727],[138.2405,35.5762],[138.2411,35.5804],[138.2406,35.5826],[138.2387,35.5838],[138.2395,35.5867],[138.2436,35.5915],[138.2428,35.5938],[138.2435,35.5947],[138.2424,35.5963],[138.2433,35.5975],[138.2417,35.599],[138.2408,35.605],[138.2357,35.6061],[138.2351,35.6074],[138.2363,35.6127],[138.2357,35.6144],[138.2341,35.6149],[138.2364,35.6186],[138.2369,35.6211],[138.2313,35.6247],[138.2289,35.6251],[138.2283,35.627],[138.2293,35.6278],[138.2297,35.6324],[138.232,35.6371],[138.2323,35.6401],[138.2288,35.6459],[138.2187,35.6445]]}},{"type":"Feature","properties":{"n":"p","a":20,"b":21},"geometry":{"type":"LineString","coordinates":[[137.5873,36.3898],[137.5866,36.3837],[137.5875,36.3813],[137.5861,36.3767],[137.5875,36.3731],[137.5871,36.372],[137.5941,36.3687],[137.5969,36.3704],[137.5999,36.3702],[137.6077,36.3668],[137.613,36.3668],[137.618,36.3651],[137.6226,36.3595],[137.6244,36.3548],[137.6278,36.352],[137.6283,36.3498],[137.6316,36.3466],[137.6345,36.345],[137.6355,36.3426],[137.6454,36.3417],[137.6464,36.3302],[137.6485,36.3297],[137.6507,36.3274],[137.6512,36.3237],[137.6524,36.322],[137.6506,36.3208],[137.6514,36.3171],[137.6497,36.3155],[137.6488,36.3091],[137.6531,36.3047],[137.6518,36.3021],[137.6487,36.3001],[137.6469,36.2965],[137.6479,36.2945],[137.6478,36.2891],[137.6387,36.285],[137.629,36.2786],[137.627,36.2756],[137.6263,36.272],[137.623,36.2698],[137.6209,36.2667],[137.6171,36.2648],[137.6147,36.2648],[137.6126,36.2574],[137.607,36.2531],[137.6073,36.2515],[137.6059,36.2488],[137.6016,36.2472],[137.5963,36.243],[137.5955,36.2371],[137.5913,36.2344],[137.5898,36.2314],[137.5897,36.2286],[137.5875,36.2269],[137.5832,36.2269],[137.5845,36.2229],[137.583,36.2204],[137.5779,36.2191],[137.5747,36.2202],[137.5731,36.2187],[137.5761,36.2143],[137.5734,36.2107],[137.5751,36.2061],[137.5748,36.2047],[137.5778,36.2018],[137.5786,36.1975],[137.5862,36.1928],[137.5909,36.191],[137.5944,36.192],[137.5951,36.1907],[137.594,36.1884],[137.5909,36.1859],[137.5913,36.1837],[137.5924,36.1828],[137.5912,36.1781],[137.5935,36.1763],[137.5951,36.172],[137.5919,36.1693],[137.592,36.1659],[137.5908,36.1638],[137.5831,36.1602],[137.5777,36.1595],[137.5705,36.1556],[137.5679,36.1536],[137.568,36.1477],[137.5655,36.1459],[137.5596,36.1444],[137.5582,36.1416],[137.5547,36.1402],[137.5544,36.137],[137.5577,36.1322],[137.5605,36.1302],[137.5569,36.1216],[137.5571,36.1181],[137.552,36.1167],[137.5502,36.1129],[137.5509,36.1099],[137.5549,36.1055],[137.5578,36.1034],[137.5617,36.1021],[137.5618,36.0998],[137.563,36.0984],[137.5678,36.0969],[137.5682,36.0947],[137.5715,36.0912],[137.5725,36.0884],[137.5762,36.087],[137.578,36.0851],[137.5826,36.0854],[137.5904,36.0812],[137.5928,36.0809],[137.5968,36.0758],[137.6046,36.0765],[137.6096,36.0781],[137.612,36.0779],[137.6139,36.0764],[137.6115,36.0732],[137.6109,36.0676],[137.6146,36.0631],[137.6137,36.0596],[137.607,36.0558],[137.6069,36.0535],[137.6053,36.0521],[137.6054,36.0487],[137.6013,36.0468],[137.5979,36.0424],[137.6002,36.0286],[137.5983,36.0222],[137.5958,36.0192],[137.596,36.017],[137.594,36.0145],[137.5948,36.0129],[137.5913,36.009],[137.5904,36.0067],[137.5808,36.0014],[137.5759,35.9972],[137.5757,35.9955],[137.5691,35.9957],[137.5687,35.9946],[137.5622,35.9901],[137.5505,35.9871],[137.549,35.9853],[137.5474,35.9854],[137.5435,35.9829],[137.5429,35.9804],[137.545,35.9771],[137.5443,35.9724],[137.5414,35.9693],[137.542,35.9666],[137.5359,35.9643],[137.5326,35.9616],[137.531,35.9571],[137.5274,35.9519],[137.5243,35.945],[137.5245,35.9425],[137.5187,35.9397],[137.5107,35.9411],[137.5036,35.9399],[137.4977,35.9288],[137.4924,35.9253],[137.4893,35.9198],[137.4842,35.9161],[137.4833,35.9133],[137.4845,35.9086],[137.4811,35.9058],[137.4819,35.9005],[137.4793,35.8964],[137.4768,35.8959],[137.4765,35.8942],[137.4702,35.8927],[137.4651,35.8926],[137.462,35.8895],[137.4583,35.8894],[137.4477,35.8934],[137.4434,35.8981],[137.4388,35.9001],[137.4376,35.9051],[137.4349,35.9055],[137.4244,35.9032],[137.4194,35.9045],[137.4144,35.9014],[137.3978,35.8957],[137.3808,35.8924],[137.3781,35.8887],[137.3741,35.8867],[137.3735,35.8841],[137.3705,35.8832],[137.3694,35.8812],[137.3644,35.8789],[137.3672,35.8768],[137.3682,35.8742],[137.3669,35.8719],[137.3681,35.87],[137.3663,35.8653],[137.3676,35.8607],[137.3654,35.856],[137.3655,35.8536],[137.3637,35.852],[137.3637,35.8502],[137.3611,35.8462],[137.3558,35.8424],[137.3431,35.8429],[137.3413,35.844],[137.336,35.8442],[137.3333,35.842],[137.3318,35.8397],[137.3303,35.8292],[137.3272,35.8257],[137.3283,35.8249],[137.3288,35.8219],[137.327,35.8211],[137.327,35.8192],[137.325,35.8167],[137.3263,35.8143],[137.3246,35.812],[137.3267,35.8119],[137.3324,35.8093],[137.3318,35.8073],[137.3326,35.8049],[137.3348,35.8034],[137.3342,35.8023],[137.3357,35.7994],[137.3383,35.798],[137.344,35.7986],[137.3512,35.8015],[137.3539,35.8012],[137.3603,35.796],[137.3641,35.7984],[137.3669,35.7991],[137.3692,35.7985],[137.3733,35.8004],[137.381,35.8013],[137.3861,35.7987],[137.3918,35.7986],[137.3941,35.7974],[137.3938,35.7953],[137.3964,35.7908],[137.3953,35.7898],[137.397,35.7854],[137.3939,35.7819],[137.3911,35.7807],[137.3933,35.7777],[137.3999,35.7754],[137.4111,35.7773],[137.4166,35.7762],[137.419,35.7735],[137.4235,35.7752],[137.4278,35.7712],[137.4343,35.7712],[137.434,35.767],[137.437,35.764],[137.4379,35.7606],[137.4402,35.7586],[137.4462,35.7584],[137.4499,35.7593],[137.4501,35.7613],[137.4525,35.7634],[137.4534,35.7622],[137.4571,35.7611],[137.4597,35.7614],[137.4619,35.7583],[137.4648,35.7564],[137.4655,35.7495],[137.4681,35.747],[137.4656,35.7439],[137.4666,35.741],[137.4698,35.7389],[137.4708,35.7358],[137.4781,35.7305],[137.479,35.7266],[137.4852,35.7247],[137.4876,35.7165],[137.4871,35.7123],[137.4859,35.7103],[137.4857,35.706],[137.4908,35.7042],[137.4918,35.7004],[137.4931,35.6995],[137.4976,35.6981],[137.4987,35.6962],[137.4976,35.694],[137.4972,35.6885],[137.5055,35.683],[137.5094,35.6824],[137.5123,35.6787],[137.5147,35.6773],[137.5199,35.6772],[137.5245,35.6715],[137.5278,35.6707],[137.5354,35.6658],[137.5349,35.6641],[137.536,35.6612],[137.5454,35.6511],[137.545,35.6492],[137.5397,35.6468],[137.5393,35.644],[137.541,35.6421],[137.5384,35.6386],[137.5323,35.6378],[137.5302,35.6359],[137.5281,35.636],[137.5266,35.6343],[137.5262,35.6321],[137.5279,35.6303],[137.5277,35.6287],[137.5249,35.6276],[137.5238,35.626],[137.5227,35.6194],[137.5197,35.6197],[137.5168,35.6183],[137.5138,35.608],[137.5181,35.6046],[137.5182,35.6029],[137.5199,35.6029],[137.5201,35.6001],[137.532,35.5932],[137.5326,35.5913],[137.5307,35.5899],[137.531,35.589],[137.5318,35.588],[137.5365,35.5869],[137.5376,35.5845],[137.5462,35.5872],[137.5505,35.5877],[137.554,35.5863],[137.5642,35.5848],[137.5681,35.5859],[137.5691,35.5843],[137.5713,35.5842],[137.5703,35.5822],[137.5704,35.5799],[137.5682,35.5773],[137.5693,35.5749],[137.5687,35.5735],[137.5641,35.5686],[137.5648,35.566],[137.5664,35.5661],[137.5669,35.5648],[137.5696,35.5637],[137.5721,35.5612],[137.5726,35.558],[137.5715,35.5571],[137.5706,35.5538],[137.5723,35.5531],[137.5717,35.5515],[137.5748,35.5494],[137.5739,35.5447],[137.5769,35.5449],[137.5811,35.5388],[137.5874,35.5383],[137.5903,35.5353],[137.5951,35.5339],[137.5986,35.5341],[137.6024,35.5307],[137.6051,35.5327],[137.6078,35.5333],[137.6104,35.5303],[137.6161,35.5264],[137.6184,35.526],[137.6194,35.5214],[137.6232,35.52],[137.6223,35.5186],[137.6256,35.515],[137.6262,35.5122],[137.6316,35.5099],[137.6316,35.5089],[137.6289,35.507],[137.6295,35.5058],[137.6275,35.5032],[137.6283,35.5015],[137.6245,35.5006],[137.6244,35.4938],[137.6259,35.4926],[137.6255,35.4886],[137.6273,35.4858],[137.627,35.4846],[137.6298,35.4836],[137.6293,35.4812],[137.6307,35.4798],[137.6296,35.4771],[137.6324,35.4743],[137.6316,35.4729],[137.6317,35.47],[137.6285,35.4673],[137.6265,35.4679],[137.6229,35.4669],[137.6213,35.4687],[137.6182,35.4678],[137.6169,35.4647],[137.6132,35.4629],[137.6104,35.4589],[137.6073,35.458],[137.6063,35.4561],[137.5976,35.4512],[137.593,35.447],[137.5984,35.4429],[137.6014,35.4393],[137.6083,35.4379],[137.6155,35.4306],[137.6178,35.4267],[137.6157,35.4233],[137.6205,35.4173],[137.6199,35.4152],[137.6215,35.4124],[137.6252,35.4109],[137.632,35.4107],[137.6322,35.4085],[137.631,35.4069],[137.6342,35.404],[137.6349,35.4012],[137.6339,35.3992],[137.6314,35.3977],[137.6195,35.3933],[137.6181,35.3917],[137.6147,35.3924],[137.6129,35.3917],[137.6118,35.3928],[137.6052,35.394],[137.5966,35.394],[137.595,35.3954],[137.5929,35.3936],[137.5907,35.3936],[137.5797,35.3993],[137.5766,35.4005],[137.5752,35.4],[137.5774,35.3904],[137.5816,35.3908],[137.5864,35.3896],[137.5885,35.3857],[137.5931,35.3835],[137.5956,35.3803],[137.5985,35.379],[137.5978,35.3663],[137.6019,35.3607],[137.6026,35.3583],[137.601,35.3568],[137.6026,35.354],[137.5998,35.3523],[137.6006,35.3497],[137.6001,35.3466],[137.6016,35.3463],[137.6019,35.3452],[137.6004,35.3423],[137.6039,35.3372],[137.6027,35.3357],[137.6039,35.3332],[137.6011,35.3308],[137.5974,35.3316],[137.5962,35.3304],[137.5951,35.3314],[137.593,35.3301],[137.5906,35.3306],[137.5912,35.3281],[137.588,35.3258],[137.5876,35.3237],[137.5834,35.3217],[137.5834,35.319],[137.5779,35.3188],[137.5742,35.3167],[137.5715,35.3183],[137.5671,35.3149],[137.5687,35.3133],[137.5644,35.3134],[137.5651,35.3108],[137.5627,35.3114],[137.5607,35.3097],[137.5586,35.3104],[137.557,35.3099],[137.5565,35.3092],[137.5587,35.3058],[137.5593,35.3021],[137.5581,35.2971],[137.5564,35.2955],[137.562,35.2893]]}},{"type":"Feature","properties":{"n":"p","a":20,"b":22},"geometry":{"type":"LineString","coordinates":[[137.8381,35.2125],[137.8373,35.2162],[137.8413,35.2163],[137.8434,35.2175],[137.8437,35.2189],[137.845,35.219],[137.8448,35.221],[137.8473,35.2219],[137.8498,35.2211],[137.8563,35.223],[137.8582,35.2224],[137.8592,35.2233],[137.8649,35.2227],[137.8654,35.2213],[137.8717,35.2188],[137.8735,35.2195],[137.8803,35.2262],[137.8807,35.2296],[137.8849,35.2362],[137.8819,35.2416],[137.8823,35.243],[137.8841,35.244],[137.8825,35.2481],[137.884,35.2499],[137.8878,35.2512],[137.8911,35.2542],[137.8935,35.2542],[137.8955,35.258],[137.8984,35.2565],[137.9124,35.2533],[137.9184,35.2543],[137.9224,35.2591],[137.9249,35.2605],[137.9262,35.2689],[137.9283,35.2703],[137.9293,35.2755],[137.944,35.2762],[137.947,35.2779],[137.9473,35.2796],[137.9519,35.2831],[137.9591,35.2827],[137.9639,35.2846],[137.967,35.2828],[137.9705,35.2888],[137.9726,35.2903],[137.9737,35.2932],[137.9824,35.2924],[137.9845,35.2958],[137.9921,35.3017],[137.9965,35.3021],[137.9984,35.3033],[138.0015,35.3029],[138.0057,35.3044],[138.0156,35.303],[138.0186,35.3011],[138.0197,35.3015],[138.0239,35.3054],[138.024,35.3071],[138.0277,35.3116],[138.026,35.3158],[138.0262,35.3204],[138.0392,35.3261],[138.0376,35.3329],[138.0433,35.3352],[138.051,35.3356],[138.0552,35.3398],[138.0556,35.344],[138.0571,35.344],[138.0612,35.3471],[138.0706,35.3473],[138.0754,35.3442],[138.079,35.3435],[138.0813,35.3398],[138.0844,35.3379],[138.096,35.3396],[138.0968,35.3472],[138.0938,35.35],[138.0969,35.3542],[138.101,35.3544],[138.1054,35.3574],[138.1072,35.3604],[138.1095,35.3608],[138.1181,35.3662],[138.124,35.368],[138.1295,35.3653],[138.1413,35.3696],[138.1416,35.3734],[138.1439,35.376],[138.1457,35.3836],[138.1479,35.3877],[138.1513,35.3901],[138.1531,35.3972],[138.149,35.4],[138.1445,35.406],[138.1402,35.4056],[138.1348,35.4078],[138.1346,35.4132],[138.1387,35.4158],[138.1393,35.419],[138.1386,35.4203],[138.1398,35.4227],[138.1291,35.4272],[138.1215,35.4286],[138.1204,35.4301],[138.1204,35.4319],[138.124,35.4357],[138.1224,35.4416],[138.1193,35.446],[138.1205,35.4515],[138.1198,35.4534],[138.1226,35.4566],[138.1316,35.4533],[138.1353,35.4544],[138.141,35.459],[138.1483,35.4602],[138.1514,35.4587],[138.1569,35.46],[138.1603,35.469],[138.1601,35.4715],[138.1568,35.4728],[138.1561,35.4743],[138.1588,35.4829],[138.1584,35.4868],[138.1647,35.4937],[138.155,35.4953],[138.1475,35.5004],[138.1403,35.4997],[138.1395,35.5012],[138.1408,35.5042],[138.1434,35.5064],[138.1439,35.5106],[138.1459,35.5125],[138.1463,35.5185],[138.1413,35.5207],[138.1391,35.5205],[138.1383,35.5222],[138.143,35.5274],[138.147,35.5297],[138.1479,35.5348],[138.1516,35.5363],[138.1594,35.545],[138.1589,35.5466],[138.1562,35.5484],[138.156,35.5518],[138.1542,35.5535],[138.1515,35.5527],[138.1475,35.5545],[138.1414,35.5551],[138.1462,35.5571],[138.1509,35.5662],[138.1518,35.571],[138.1571,35.573],[138.1602,35.5762],[138.1609,35.5801],[138.162,35.5813],[138.1673,35.5829],[138.1709,35.5824],[138.1729,35.5815],[138.1782,35.575],[138.1824,35.5746],[138.1843,35.5731],[138.1895,35.5768],[138.19,35.5788],[138.189,35.5814],[138.1946,35.5884],[138.1954,35.5947],[138.2004,35.5995],[138.2019,35.6038],[138.2061,35.6082],[138.2051,35.6133],[138.2024,35.6183],[138.2034,35.6321],[138.2105,35.6346],[138.2187,35.6445]]}},{"type":"Feature","properties":{"n":"p","a":20,"b":23},"geometry":{"type":"LineString","coordinates":[[137.562,35.2893],[137.5623,35.29],[137.567,35.2899],[137.5672,35.2874],[137.5688,35.2866],[137.5708,35.2827],[137.5665,35.2812],[137.5642,35.2777],[137.5615,35.2775],[137.5558,35.2745],[137.5559,35.2724],[137.5572,35.2711],[137.5565,35.2694],[137.5579,35.2652],[137.5521,35.2599],[137.5476,35.259],[137.548,35.2569],[137.5462,35.2544],[137.546,35.2517],[137.5479,35.2509],[137.5499,35.244],[137.5526,35.2403],[137.5573,35.2372],[137.5626,35.2354],[137.5684,35.2279],[137.5723,35.2267],[137.5726,35.2239],[137.5746,35.2234],[137.5754,35.2205],[137.5787,35.2194],[137.5779,35.2168],[137.5784,35.2155],[137.5769,35.2127],[137.5782,35.2093],[137.5766,35.2067],[137.5767,35.2027],[137.5779,35.2018],[137.5776,35.1998],[137.5787,35.1984],[137.5835,35.1997],[137.5915,35.1993],[137.6022,35.2044],[137.6036,35.2055],[137.6031,35.2061],[137.6076,35.2069],[137.6149,35.2105],[137.6171,35.2095],[137.6199,35.21],[137.6201,35.211],[137.6332,35.2122],[137.6366,35.2103],[137.6446,35.209],[137.6448,35.2138],[137.6486,35.2144],[137.6537,35.2177],[137.6524,35.2231],[137.6537,35.2242],[137.654,35.2268],[137.657,35.2283],[137.6613,35.2272],[137.6637,35.2278],[137.6681,35.2273],[137.6717,35.229],[137.6736,35.2312],[137.6788,35.231],[137.6815,35.2352],[137.6853,35.2313],[137.6872,35.2307],[137.6941,35.2337],[137.6993,35.2315],[137.7044,35.2339],[137.7058,35.2338],[137.7119,35.2288],[137.7156,35.2299],[137.7184,35.2292],[137.7216,35.2309],[137.7226,35.2281],[137.7208,35.2248],[137.7232,35.2216],[137.7254,35.2222],[137.7293,35.221],[137.73,35.222],[137.7355,35.2227],[137.7406,35.2212],[137.7411,35.2199],[137.7437,35.2188],[137.747,35.2205],[137.7494,35.2195],[137.7506,35.2208],[137.7562,35.2206],[137.7596,35.2221],[137.7606,35.2206],[137.7636,35.2201],[137.7651,35.2184],[137.7681,35.2184],[137.7692,35.2142],[137.7661,35.21],[137.7684,35.2064],[137.7735,35.2054],[137.7739,35.2033],[137.7782,35.2037],[137.7793,35.2027],[137.7836,35.206],[137.7885,35.2044],[137.7905,35.2052],[137.7941,35.205],[137.7953,35.2041],[137.8007,35.2058],[137.8045,35.2087],[137.8095,35.2101],[137.816,35.2139],[137.823,35.2159],[137.8267,35.2159],[137.8381,35.2125]]}},{"type":"Feature","properties":{"n":"p","a":21,"b":23},"geometry":{"type":"LineString","coordinates":[[136.6728,35.1348],[136.6711,35.1421],[136.6746,35.1546],[136.6711,35.1737],[136.6723,35.1888],[136.6823,35.1984],[136.6834,35.2023],[136.6821,35.2055],[136.6816,35.2194],[136.6787,35.2323],[136.6781,35.2422],[136.6806,35.246],[136.6906,35.2532],[136.696,35.2586],[136.7041,35.2747],[136.7079,35.2801],[136.7208,35.2899],[136.7257,35.2956],[136.7365,35.316],[136.7501,35.3365],[136.7591,35.3572],[136.7619,35.3611],[136.7681,35.3669],[136.7729,35.3693],[136.7945,35.3683],[136.7929,35.3635],[136.8008,35.3609],[136.8171,35.3593],[136.834,35.3559],[136.8604,35.3679],[136.8649,35.3726],[136.874,35.3734],[136.8885,35.3779],[136.9123,35.3777],[136.9221,35.3792],[136.9274,35.3819],[136.936,35.3888],[136.9494,35.3946],[136.9567,35.3965],[136.961,35.3991],[136.9626,35.4019],[136.9631,35.4066],[136.9611,35.4143],[136.9618,35.4176],[136.9644,35.4209],[136.9687,35.4221],[136.9744,35.4216],[136.9864,35.4246],[136.9932,35.4242],[136.9905,35.4231],[136.9885,35.4205],[136.9864,35.4199],[136.9853,35.4175],[136.9871,35.4154],[136.9847,35.414],[136.9846,35.4119],[136.9786,35.4064],[136.9783,35.4032],[136.9803,35.4029],[136.9816,35.4016],[136.987,35.4021],[136.989,35.4012],[136.9901,35.3947],[136.9924,35.3928],[136.994,35.3936],[136.997,35.391],[136.9984,35.3913],[136.9996,35.3872],[136.999,35.3862],[137.0022,35.3834],[137.0022,35.3814],[137.0149,35.3816],[137.0162,35.3775],[137.02,35.3757],[137.0264,35.3751],[137.0283,35.3761],[137.0298,35.3739],[137.0297,35.371],[137.034,35.369],[137.034,35.368],[137.0405,35.3669],[137.0448,35.3675],[137.047,35.3661],[137.0498,35.3596],[137.0479,35.3524],[137.0452,35.3506],[137.0466,35.3485],[137.0461,35.3407],[137.0472,35.3368],[137.0499,35.3344],[137.0525,35.3366],[137.0544,35.3361],[137.0556,35.3379],[137.0614,35.3391],[137.0634,35.3382],[137.0638,35.3362],[137.0682,35.3357],[137.0701,35.331],[137.0716,35.3306],[137.073,35.3265],[137.0641,35.3207],[137.0635,35.3182],[137.0671,35.3117],[137.0668,35.309],[137.0711,35.308],[137.0722,35.3067],[137.0798,35.3068],[137.0818,35.3051],[137.0802,35.3032],[137.0815,35.2998],[137.0798,35.2962],[137.0811,35.295],[137.0813,35.2922],[137.0921,35.2928],[137.096,35.2906],[137.0989,35.2925],[137.0978,35.2972],[137.101,35.2994],[137.101,35.3016],[137.1023,35.3016],[137.1123,35.2988],[137.1151,35.2988],[137.1166,35.2973],[137.1189,35.2979],[137.1225,35.2958],[137.1261,35.2954],[137.1278,35.2942],[137.1288,35.2947],[137.1304,35.2927],[137.1317,35.2936],[137.1421,35.2839],[137.1435,35.2808],[137.1456,35.2798],[137.1494,35.2816],[137.1523,35.2794],[137.1541,35.2794],[137.1584,35.282],[137.1618,35.282],[137.1626,35.2832],[137.1652,35.2834],[137.1667,35.2801],[137.1696,35.2781],[137.1696,35.276],[137.173,35.2751],[137.1739,35.2717],[137.1771,35.2692],[137.1756,35.2664],[137.1729,35.2649],[137.1755,35.2645],[137.1765,35.2603],[137.1821,35.2572],[137.1839,35.2545],[137.1865,35.2531],[137.1894,35.2526],[137.191,35.2541],[137.1968,35.2534],[137.2001,35.2515],[137.2015,35.2529],[137.2025,35.2524],[137.2038,35.2551],[137.2055,35.2549],[137.207,35.2531],[137.2084,35.2545],[137.2088,35.2576],[137.2123,35.2599],[137.2187,35.2589],[137.221,35.2604],[137.2216,35.2559],[137.224,35.2562],[137.2299,35.2609],[137.2335,35.2611],[137.2354,35.2647],[137.2377,35.2652],[137.2394,35.2645],[137.2403,35.2652],[137.2422,35.2645],[137.2443,35.2669],[137.2437,35.2687],[137.2497,35.2684],[137.2534,35.2726],[137.2572,35.2724],[137.2576,35.275],[137.2595,35.2744],[137.2608,35.2752],[137.2595,35.2787],[137.2609,35.2805],[137.26,35.2818],[137.2627,35.2852],[137.268,35.2868],[137.2714,35.286],[137.274,35.2879],[137.2751,35.2905],[137.2765,35.2903],[137.2766,35.289],[137.2779,35.2881],[137.2827,35.2877],[137.2838,35.2887],[137.2912,35.2882],[137.2963,35.2901],[137.2984,35.2887],[137.3021,35.2906],[137.305,35.29],[137.3081,35.2912],[137.3081,35.2897],[137.31,35.2882],[137.3213,35.2843],[137.3257,35.2805],[137.3279,35.2806],[137.3321,35.2782],[137.3312,35.2768],[137.3339,35.2773],[137.3366,35.2747],[137.338,35.2746],[137.3378,35.2759],[137.3446,35.2737],[137.3463,35.2707],[137.3399,35.2645],[137.3416,35.2635],[137.3427,35.2612],[137.3451,35.2618],[137.3453,35.2602],[137.3436,35.259],[137.3441,35.2579],[137.3484,35.258],[137.35,35.2571],[137.3623,35.261],[137.3688,35.2604],[137.371,35.2631],[137.3726,35.2634],[137.3758,35.2597],[137.3777,35.2588],[137.3832,35.2602],[137.3851,35.2587],[137.3868,35.252],[137.3853,35.2488],[137.3828,35.2473],[137.3854,35.2453],[137.3851,35.2441],[137.387,35.2409],[137.3887,35.24],[137.3949,35.2398],[137.4007,35.2418],[137.4034,35.2385],[137.4071,35.2377],[137.4084,35.2348],[137.4171,35.2403],[137.4191,35.2379],[137.4206,35.2339],[137.4232,35.2318],[137.4249,35.2269],[137.4275,35.2253],[137.4281,35.2233],[137.4298,35.2229],[137.4355,35.2246],[137.4381,35.2297],[137.4411,35.23],[137.4419,35.2336],[137.4504,35.2351],[137.4534,35.2405],[137.4572,35.2396],[137.4607,35.2402],[137.4661,35.2466],[137.4687,35.2454],[137.4706,35.2463],[137.4765,35.2534],[137.4827,35.2549],[137.4843,35.2574],[137.4921,35.2595],[137.497,35.2591],[137.4981,35.2602],[137.4966,35.2625],[137.497,35.2642],[137.5048,35.2629],[137.506,35.2664],[137.5088,35.2662],[137.5105,35.268],[137.5139,35.2693],[137.513,35.2719],[137.5161,35.275],[137.5207,35.2735],[137.5189,35.2833],[137.5217,35.2844],[137.529,35.2842],[137.5339,35.2813],[137.536,35.2823],[137.5438,35.2806],[137.548,35.2816],[137.5514,35.2842],[137.5618,35.2832],[137.5607,35.2854],[137.562,35.2871],[137.562,35.2893]]}},{"type":"Feature","properties":{"n":"r","a":21,"b":24,"g":"chubu","d":"kansai"},"geometry":{"type":"LineString","coordinates":[[136.4151,35.2177],[136.416,35.2203],[136.4247,35.2243],[136.4271,35.2271],[136.431,35.2293],[136.4334,35.2282],[136.4328,35.2241],[136.4345,35.2204],[136.4407,35.2167],[136.4422,35.2171],[136.4439,35.2193],[136.4466,35.2201],[136.45,35.2233],[136.4539,35.2299],[136.4552,35.2293],[136.4571,35.232],[136.4604,35.2338],[136.4617,35.2362],[136.4634,35.2358],[136.4663,35.2381],[136.4676,35.2346],[136.4703,35.2327],[136.4703,35.2339],[136.473,35.2374],[136.4779,35.236],[136.4796,35.2343],[136.4811,35.235],[136.4832,35.2374],[136.4824,35.2398],[136.4866,35.2383],[136.4894,35.2355],[136.4914,35.2373],[136.4971,35.2379],[136.5007,35.2351],[136.506,35.2351],[136.5108,35.2386],[136.5117,35.2455],[136.5133,35.2465],[136.514,35.2483],[136.5132,35.249],[136.5135,35.2502],[136.5148,35.2509],[136.516,35.2539],[136.5174,35.2546],[136.5204,35.254],[136.528,35.2576],[136.5342,35.2571],[136.5336,35.2552],[136.5366,35.2509],[136.5365,35.2476],[136.5414,35.2457],[136.5416,35.2439],[136.5397,35.2409],[136.5409,35.2374],[136.543,35.2356],[136.5472,35.2353],[136.5504,35.2331],[136.5486,35.2306],[136.5492,35.2294],[136.5472,35.2278],[136.5482,35.2258],[136.547,35.2233],[136.5474,35.2203],[136.5497,35.2192],[136.557,35.2206],[136.5576,35.2168],[136.56,35.2155],[136.5595,35.213],[136.5614,35.2089],[136.5598,35.2066],[136.5616,35.2055],[136.5658,35.2055],[136.5702,35.2027],[136.5745,35.2017],[136.5761,35.2023],[136.5757,35.2001],[136.5774,35.1967],[136.5822,35.1971],[136.5852,35.1945],[136.5838,35.1907],[136.5846,35.1887],[136.5868,35.1886],[136.5883,35.1871],[136.5877,35.1845],[136.5927,35.1866],[136.5917,35.1856],[136.592,35.1838],[136.5947,35.1806],[136.5971,35.1793],[136.5972,35.1771],[136.5991,35.177],[136.6011,35.1785],[136.6023,35.178],[136.6035,35.1758],[136.6049,35.1752],[136.6061,35.1721],[136.6048,35.1687],[136.6051,35.1673],[136.6124,35.1596],[136.612,35.1577],[136.6135,35.1549],[136.6133,35.1532],[136.6156,35.1499],[136.6214,35.1484],[136.6238,35.1458],[136.63,35.1501],[136.6341,35.1498],[136.6353,35.1479],[136.6397,35.1477],[136.6452,35.1446],[136.6462,35.1566],[136.6446,35.1622],[136.6464,35.1658],[136.6555,35.1613],[136.6615,35.1492],[136.6677,35.1412],[136.6696,35.1337],[136.6728,35.1348]]}},{"type":"Feature","properties":{"n":"r","a":21,"b":25,"g":"chubu","d":"kansai"},"geometry":{"type":"LineString","coordinates":[[136.2807,35.6586],[136.2771,35.6556],[136.2762,35.6531],[136.2768,35.6512],[136.2816,35.6476],[136.2831,35.6437],[136.2826,35.6414],[136.2797,35.6397],[136.2792,35.6367],[136.2828,35.6342],[136.2837,35.6314],[136.2873,35.6281],[136.2872,35.6243],[136.2886,35.6206],[136.2905,35.6205],[136.2942,35.618],[136.2984,35.6175],[136.3034,35.6194],[136.3038,35.6204],[136.3053,35.62],[136.3052,35.6213],[136.3069,35.6224],[136.3158,35.6234],[136.3164,35.6216],[136.3189,35.6212],[136.3237,35.6164],[136.3205,35.6106],[136.315,35.6059],[136.3182,35.6045],[136.3203,35.6016],[136.3217,35.5983],[136.3215,35.5938],[136.3228,35.593],[136.3222,35.5879],[136.3244,35.5842],[136.3228,35.5831],[136.3221,35.5812],[136.3232,35.579],[136.3232,35.5746],[136.3218,35.5718],[136.3227,35.5695],[136.3188,35.5653],[136.3162,35.5569],[136.3174,35.5525],[136.3166,35.5493],[136.3175,35.5474],[136.3225,35.5442],[136.3256,35.546],[136.3257,35.549],[136.3269,35.55],[136.3298,35.5508],[136.3373,35.5503],[136.3388,35.5486],[136.3399,35.5441],[136.3414,35.5427],[136.3396,35.5408],[136.3409,35.5373],[136.3432,35.5376],[136.346,35.5361],[136.3468,35.5377],[136.3482,35.5382],[136.3497,35.5374],[136.3518,35.5386],[136.3551,35.5387],[136.3567,35.5399],[136.3567,35.5427],[136.3586,35.5443],[136.3591,35.5488],[136.361,35.5506],[136.3622,35.5537],[136.3626,35.5587],[136.3656,35.5599],[136.3701,35.5588],[136.3736,35.5594],[136.3758,35.5512],[136.3803,35.5461],[136.3801,35.541],[136.381,35.5377],[136.3826,35.5371],[136.3825,35.5352],[136.3846,35.5329],[136.3994,35.5313],[136.4004,35.5301],[136.3998,35.5273],[136.4018,35.5258],[136.3991,35.5213],[136.4025,35.519],[136.4057,35.5135],[136.4046,35.5134],[136.4037,35.5114],[136.4023,35.5133],[136.4001,35.5136],[136.4005,35.5116],[136.3972,35.5096],[136.3968,35.5073],[136.3941,35.5063],[136.3894,35.498],[136.3878,35.4968],[136.3884,35.4946],[136.3869,35.4926],[136.3869,35.4884],[136.3908,35.4855],[136.3928,35.4855],[136.3941,35.4833],[136.398,35.4809],[136.4,35.4757],[136.402,35.4735],[136.4016,35.47],[136.4111,35.4683],[136.4143,35.4665],[136.4189,35.4675],[136.4204,35.4662],[136.4215,35.4556],[136.4246,35.4533],[136.4262,35.4489],[136.4222,35.4426],[136.4231,35.4397],[136.4195,35.4354],[136.4157,35.4334],[136.4162,35.4304],[136.4189,35.4278],[136.4118,35.4224],[136.4118,35.4186],[136.4203,35.4129],[136.4226,35.4085],[136.4246,35.4072],[136.4247,35.4041],[136.428,35.4008],[136.4313,35.3997],[136.4335,35.3978],[136.4366,35.3972],[136.437,35.3951],[136.4409,35.3939],[136.4414,35.3909],[136.4444,35.3892],[136.4416,35.3844],[136.4365,35.3788],[136.4263,35.3734],[136.4209,35.3726],[136.4156,35.3736],[136.412,35.3701],[136.413,35.3676],[136.4122,35.3654],[136.4133,35.3647],[136.4135,35.36],[136.4097,35.357],[136.4106,35.3525],[136.4133,35.3523],[136.4138,35.3536],[136.4162,35.3548],[136.4177,35.3538],[136.4214,35.3539],[136.4209,35.3517],[136.4223,35.3484],[136.4192,35.3448],[136.419,35.3412],[136.4156,35.337],[136.4154,35.334],[136.4144,35.3325],[136.4126,35.3318],[136.4114,35.329],[136.4113,35.3276],[136.4136,35.3243],[136.4121,35.3222],[136.4123,35.3156],[136.4066,35.3097],[136.4068,35.3053],[136.4032,35.3034],[136.4031,35.3006],[136.3994,35.2994],[136.3961,35.2943],[136.3949,35.2941],[136.3943,35.2923],[136.391,35.29],[136.3909,35.2879],[136.3933,35.286],[136.396,35.2802],[136.3959,35.2748],[136.3945,35.271],[136.3946,35.2643],[136.3935,35.2619],[136.3945,35.259],[136.397,35.2577],[136.3939,35.2534],[136.3892,35.2498],[136.3851,35.2483],[136.381,35.2486],[136.3792,35.2475],[136.379,35.2446],[136.3773,35.2433],[136.3797,35.2409],[136.3836,35.2397],[136.3857,35.2351],[136.392,35.2342],[136.3938,35.2308],[136.3925,35.2298],[136.3986,35.228],[136.3993,35.2259],[136.4084,35.2236],[136.4107,35.2215],[136.412,35.2184],[136.4151,35.2177]]}},{"type":"Feature","properties":{"n":"p","a":22,"b":23},"geometry":{"type":"LineString","coordinates":[[137.8381,35.2125],[137.8355,35.2112],[137.8278,35.2113],[137.8278,35.2085],[137.8305,35.2069],[137.8311,35.2053],[137.8289,35.2043],[137.824,35.2048],[137.822,35.2037],[137.8203,35.1973],[137.817,35.193],[137.8164,35.188],[137.8135,35.1863],[137.8074,35.1878],[137.8032,35.1835],[137.8046,35.1796],[137.8104,35.1748],[137.8134,35.174],[137.8175,35.175],[137.8255,35.1682],[137.8258,35.1661],[137.8218,35.1612],[137.8213,35.1584],[137.8228,35.1568],[137.8277,35.1552],[137.8291,35.1523],[137.8219,35.148],[137.8186,35.1493],[137.8161,35.1527],[137.8147,35.1524],[137.8128,35.1492],[137.8122,35.1446],[137.8149,35.1406],[137.8102,35.1374],[137.8059,35.1311],[137.801,35.1309],[137.7988,35.1353],[137.7973,35.1364],[137.7928,35.1348],[137.7922,35.1286],[137.7977,35.127],[137.799,35.1255],[137.7982,35.1188],[137.8012,35.106],[137.795,35.1029],[137.7926,35.0954],[137.7818,35.0966],[137.7783,35.0996],[137.776,35.0939],[137.7745,35.0927],[137.7745,35.091],[137.7734,35.0905],[137.7748,35.0873],[137.7739,35.0866],[137.7741,35.0841],[137.7755,35.0776],[137.7735,35.0771],[137.7719,35.0741],[137.7696,35.0727],[137.7639,35.0723],[137.7636,35.0705],[137.7625,35.0703],[137.7616,35.0686],[137.7568,35.0676],[137.7564,35.065],[137.7549,35.0654],[137.7514,35.0641],[137.7505,35.0626],[137.7411,35.0571],[137.7364,35.0524],[137.7353,35.0481],[137.7316,35.0454],[137.7288,35.0403],[137.7233,35.0391],[137.7222,35.0363],[137.7184,35.0363],[137.7186,35.0348],[137.7171,35.035],[137.7176,35.0322],[137.7165,35.0275],[137.7148,35.0256],[137.7128,35.0253],[137.7108,35.0225],[137.7109,35.0208],[137.7069,35.0177],[137.7049,35.0148],[137.7042,35.0107],[137.7026,35.0094],[137.7024,35.0053],[137.701,35.0035],[137.7019,34.9986],[137.7046,34.9961],[137.7076,34.9963],[137.7081,34.9945],[137.6998,34.9844],[137.7042,34.9767],[137.7066,34.9742],[137.7071,34.9719],[137.7044,34.9699],[137.6972,34.972],[137.6944,34.9702],[137.6931,34.9663],[137.6899,34.9636],[137.6907,34.9624],[137.6903,34.9598],[137.6893,34.9591],[137.6895,34.9566],[137.6859,34.9546],[137.6828,34.9551],[137.6806,34.952],[137.6802,34.9493],[137.6779,34.9483],[137.6761,34.9454],[137.6693,34.9485],[137.6635,34.9471],[137.6595,34.9446],[137.6569,34.9408],[137.6562,34.9379],[137.6507,34.9329],[137.6525,34.9304],[137.6528,34.9255],[137.6497,34.9203],[137.6467,34.9187],[137.6475,34.9178],[137.6465,34.9164],[137.6478,34.9121],[137.6464,34.9084],[137.6429,34.9082],[137.6405,34.905],[137.6409,34.8999],[137.6399,34.8984],[137.6421,34.8967],[137.6413,34.893],[137.6389,34.8911],[137.6373,34.891],[137.6336,34.8855],[137.6314,34.8852],[137.6285,34.8823],[137.6168,34.8782],[137.6159,34.8753],[137.6036,34.8745],[137.5969,34.8722],[137.5956,34.8704],[137.5965,34.869],[137.5952,34.8593],[137.5867,34.8503],[137.5767,34.8517],[137.5741,34.8506],[137.5651,34.8523],[137.5572,34.8511],[137.5549,34.8525],[137.5528,34.8524],[137.5504,34.8512],[137.5504,34.8489],[137.5444,34.8455],[137.5423,34.8422],[137.5371,34.8422],[137.5364,34.8436],[137.5344,34.8444],[137.5295,34.8437],[137.5282,34.8417],[137.5238,34.8413],[137.5208,34.8387],[137.5207,34.8374],[137.518,34.836],[137.5127,34.8348],[137.5081,34.8352],[137.5027,34.8336],[137.502,34.8322],[137.5,34.8313],[137.4985,34.8265],[137.5013,34.8228],[137.4949,34.8196],[137.4934,34.815],[137.4871,34.8116],[137.4874,34.809],[137.4942,34.8019],[137.493,34.7974],[137.4913,34.7959],[137.4932,34.7906],[137.493,34.7868],[137.4891,34.7842],[137.482,34.7822],[137.4789,34.779],[137.4767,34.7748],[137.4791,34.7714],[137.4768,34.7678],[137.4774,34.7567],[137.4749,34.7551],[137.4753,34.7512],[137.4741,34.7499],[137.4761,34.7463],[137.4781,34.7454],[137.4806,34.7407],[137.4793,34.7399],[137.4795,34.7364],[137.4782,34.7355],[137.4789,34.7337],[137.4813,34.7319],[137.4803,34.7294],[137.4807,34.7265],[137.4823,34.726],[137.4819,34.7213],[137.4826,34.7198],[137.4878,34.7166],[137.4896,34.7115],[137.4899,34.7056],[137.4918,34.7025],[137.4893,34.6888],[137.4847,34.684],[137.4859,34.6796],[137.4845,34.6767],[137.485,34.6741]]}},{"type":"Feature","properties":{"n":"r","a":23,"b":24,"g":"chubu","d":"kansai"},"geometry":{"type":"LineString","coordinates":[[136.6728,35.1348],[136.6764,35.1289],[136.6811,35.1284],[136.6951,35.1247],[136.7141,35.1052],[136.7183,35.1028],[136.7201,35.1034],[136.7313,35.0973],[136.7412,35.0866],[136.7501,35.0802],[136.7519,35.0734],[136.7517,35.0618],[136.7534,35.053],[136.7609,35.0377],[136.7727,35.0244],[136.7697,35.0226],[136.7706,35.0214]]}},{"type":"Feature","properties":{"n":"p","a":24,"b":25},"geometry":{"type":"LineString","coordinates":[[136.0223,34.7916],[136.0243,34.792],[136.0281,34.7906],[136.0329,34.7941],[136.0388,34.794],[136.0396,34.7948],[136.039,34.7958],[136.0406,34.7964],[136.0412,34.7985],[136.0449,34.7992],[136.0467,34.8014],[136.0482,34.8011],[136.0487,34.7995],[136.0516,34.7991],[136.0548,34.8004],[136.0551,34.8021],[136.0573,34.8037],[136.0602,34.8005],[136.0625,34.7998],[136.0637,34.8017],[136.0684,34.804],[136.0699,34.8033],[136.073,34.8042],[136.0727,34.8053],[136.0755,34.8079],[136.0813,34.8075],[136.0857,34.8109],[136.0906,34.8122],[136.0908,34.8158],[136.0952,34.8191],[136.0936,34.8206],[136.0926,34.8205],[136.0933,34.8219],[136.0909,34.8244],[136.0909,34.8262],[136.0879,34.8293],[136.0876,34.8305],[136.0896,34.8311],[136.0901,34.8333],[136.0861,34.8376],[136.0874,34.838],[136.0907,34.8364],[136.0927,34.8372],[136.0949,34.8402],[136.1001,34.8391],[136.1013,34.8404],[136.1045,34.8406],[136.1075,34.8454],[136.1084,34.8503],[136.1071,34.8526],[136.1109,34.8554],[136.1154,34.8563],[136.1171,34.8556],[136.121,34.8598],[136.1264,34.8619],[136.1227,34.8665],[136.1259,34.87],[136.1255,34.8715],[136.124,34.8725],[136.1211,34.8724],[136.1189,34.8706],[136.1155,34.8719],[136.1133,34.8693],[136.1091,34.8695],[136.108,34.8705],[136.1071,34.8697],[136.1032,34.8697],[136.0991,34.8704],[136.0983,34.8722],[136.0959,34.8736],[136.093,34.8735],[136.09,34.8759],[136.0863,34.8763],[136.0856,34.8772],[136.0852,34.879],[136.0871,34.8807],[136.0889,34.8807],[136.0896,34.8825],[136.0853,34.8869],[136.0875,34.8906],[136.0931,34.8877],[136.098,34.8893],[136.1017,34.8961],[136.1055,34.8983],[136.1061,34.9],[136.1103,34.901],[136.1108,34.9019],[136.1135,34.901],[136.1134,34.8998],[136.1153,34.8986],[136.1146,34.8978],[136.1155,34.8964],[136.1145,34.8947],[136.115,34.8931],[136.1204,34.8914],[136.1217,34.8879],[136.1236,34.8888],[136.1254,34.8883],[136.1278,34.8852],[136.1312,34.8831],[136.135,34.8849],[136.1368,34.8884],[136.1441,34.8854],[136.1447,34.8838],[136.1479,34.8819],[136.1536,34.8846],[136.1594,34.8848],[136.16,34.8867],[136.1648,34.887],[136.1658,34.8879],[136.1699,34.8867],[136.1785,34.8871],[136.1808,34.8859],[136.1783,34.8826],[136.1792,34.8809],[136.1787,34.8798],[136.1819,34.8782],[136.1851,34.8787],[136.1885,34.8778],[136.1889,34.876],[136.1905,34.8756],[136.1901,34.8733],[136.1946,34.8728],[136.1981,34.8699],[136.2018,34.8695],[136.203,34.8684],[136.2075,34.8686],[136.2136,34.8656],[136.2186,34.8656],[136.2201,34.8634],[136.2236,34.8632],[136.2275,34.861],[136.2356,34.8615],[136.2377,34.8595],[136.2425,34.8597],[136.244,34.8586],[136.2458,34.8592],[136.2507,34.8577],[136.2541,34.8583],[136.2581,34.8609],[136.268,34.8645],[136.2692,34.8683],[136.2737,34.8698],[136.2771,34.8742],[136.2805,34.8731],[136.2816,34.8711],[136.2837,34.8703],[136.2893,34.8695],[136.2929,34.8703],[136.2976,34.8731],[136.2989,34.8755],[136.3019,34.8764],[136.3034,34.8749],[136.3047,34.8751],[136.3101,34.879],[136.3102,34.88],[136.3129,34.8806],[136.3138,34.8833],[136.3132,34.887],[136.3201,34.8898],[136.3244,34.8899],[136.3265,34.8887],[136.3305,34.8923],[136.3354,34.8933],[136.3394,34.8955],[136.3425,34.8959],[136.3462,34.8947],[136.3487,34.8962],[136.3506,34.8991],[136.3574,34.9005],[136.3602,34.9041],[136.366,34.9049],[136.3661,34.9081],[136.3647,34.9115],[136.3653,34.9129],[136.3685,34.9149],[136.3672,34.9168],[136.3681,34.9189],[136.3672,34.9203],[136.3678,34.9219],[136.3752,34.9245],[136.3717,34.9276],[136.373,34.9285],[136.3715,34.9309],[136.3718,34.9344],[136.3754,34.939],[136.3727,34.9423],[136.3788,34.946],[136.3857,34.9526],[136.3877,34.9531],[136.3923,34.9511],[136.3951,34.9516],[136.3965,34.9574],[136.3996,34.9611],[136.3992,34.9632],[136.4034,34.9664],[136.4031,34.9692],[136.4071,34.9717],[136.4089,34.9751],[136.4135,34.9779],[136.4158,34.9805],[136.4146,34.9818],[136.4164,34.9923],[136.4135,34.9954],[136.4214,35.0001],[136.4199,35.0031],[136.4202,35.0051],[136.417,35.0112],[136.4168,35.0148],[136.4188,35.0169],[136.4171,35.0195],[136.4214,35.0214],[136.4214,35.0239],[136.423,35.0259],[136.4221,35.0269],[136.4245,35.0294],[136.4179,35.0307],[136.4184,35.0319],[136.417,35.0339],[136.4165,35.0373],[136.4172,35.0399],[136.4159,35.0414],[136.4178,35.0425],[136.4184,35.0483],[136.4178,35.0495],[136.4222,35.0514],[136.4227,35.0543],[136.4246,35.0569],[136.4288,35.0564],[136.431,35.0592],[136.4335,35.0596],[136.4336,35.0617],[136.4356,35.0623],[136.4386,35.0655],[136.4409,35.0645],[136.4416,35.0663],[136.441,35.0701],[136.4396,35.0726],[136.4403,35.0746],[136.4375,35.077],[136.4353,35.0825],[136.4383,35.0833],[136.4421,35.086],[136.4398,35.0904],[136.4381,35.0917],[136.4396,35.0933],[136.4387,35.0964],[136.4392,35.0981],[136.4419,35.1014],[136.4408,35.1077],[136.4426,35.1107],[136.44,35.1148],[136.44,35.1166],[136.4445,35.119],[136.446,35.1224],[136.4481,35.1237],[136.4444,35.1268],[136.4389,35.1286],[136.4356,35.1308],[136.4371,35.1328],[136.438,35.1366],[136.4429,35.1391],[136.444,35.1422],[136.4431,35.1449],[136.4445,35.1477],[136.4443,35.1492],[136.4513,35.1497],[136.452,35.1509],[136.455,35.1524],[136.4541,35.1576],[136.4529,35.1589],[136.4546,35.1621],[136.4519,35.1662],[136.4485,35.1668],[136.4453,35.1662],[136.4448,35.168],[136.4462,35.1692],[136.4446,35.1711],[136.4401,35.1714],[136.4373,35.173],[136.4357,35.1765],[136.4247,35.1844],[136.4196,35.1826],[136.4163,35.1851],[136.4087,35.1872],[136.4127,35.1921],[136.4126,35.1959],[136.4145,35.2007],[136.418,35.2038],[136.4159,35.2064],[136.4168,35.2144],[136.4151,35.2177]]}},{"type":"Feature","properties":{"n":"p","a":24,"b":26},"geometry":{"type":"LineString","coordinates":[[136.0555,34.7386],[136.0537,34.7389],[136.0527,34.7402],[136.0497,34.7406],[136.0474,34.7444],[136.0391,34.7495],[136.0389,34.7525],[136.0374,34.7543],[136.0381,34.7565],[136.0344,34.7569],[136.0305,34.7558],[136.0286,34.7575],[136.029,34.7601],[136.031,34.7619],[136.0293,34.7651],[136.0341,34.7741],[136.0338,34.7786],[136.0334,34.7797],[136.0319,34.7802],[136.0309,34.7794],[136.0296,34.781],[136.028,34.7806],[136.0226,34.7823],[136.0199,34.7865],[136.0208,34.789],[136.0201,34.7902],[136.0219,34.7906],[136.0223,34.7916]]}},{"type":"Feature","properties":{"n":"p","a":24,"b":29},"geometry":{"type":"LineString","coordinates":[[136.0555,34.7386],[136.0627,34.7306],[136.063,34.7265],[136.0661,34.7256],[136.0681,34.7238],[136.0688,34.7198],[136.0673,34.7176],[136.0693,34.7172],[136.0711,34.7148],[136.0701,34.7125],[136.0678,34.712],[136.0643,34.7082],[136.0631,34.7086],[136.0599,34.707],[136.0541,34.7062],[136.0537,34.7045],[136.0549,34.7029],[136.0572,34.7031],[136.0597,34.6998],[136.0682,34.6978],[136.0749,34.6979],[136.0774,34.691],[136.0791,34.6894],[136.0797,34.684],[136.0826,34.6818],[136.082,34.6791],[136.0847,34.6782],[136.0865,34.6753],[136.0843,34.6737],[136.0846,34.6724],[136.0831,34.6718],[136.0822,34.6699],[136.0834,34.6676],[136.082,34.6652],[136.0782,34.6632],[136.0778,34.6588],[136.0761,34.6592],[136.0704,34.6577],[136.0644,34.6519],[136.0441,34.6601],[136.0409,34.6638],[136.0396,34.6614],[136.0411,34.659],[136.0505,34.6523],[136.0582,34.6528],[136.061,34.6508],[136.063,34.6506],[136.0648,34.6516],[136.0655,34.6488],[136.0678,34.6463],[136.0679,34.644],[136.0712,34.6405],[136.0714,34.6371],[136.0733,34.6363],[136.0736,34.6348],[136.072,34.6327],[136.0728,34.6314],[136.0723,34.6302],[136.0694,34.6286],[136.0688,34.6265],[136.07,34.6248],[136.0689,34.6223],[136.0625,34.62],[136.0623,34.6169],[136.0588,34.6144],[136.056,34.6102],[136.051,34.6071],[136.0503,34.6041],[136.0466,34.6006],[136.0483,34.596],[136.0521,34.5931],[136.0512,34.5905],[136.0521,34.5891],[136.0507,34.5869],[136.0484,34.5874],[136.0465,34.5854],[136.0498,34.5802],[136.0516,34.5809],[136.0522,34.5786],[136.0587,34.5777],[136.0582,34.5767],[136.0611,34.5743],[136.0605,34.5693],[136.0654,34.567],[136.068,34.5678],[136.0695,34.5669],[136.0714,34.5677],[136.0737,34.5667],[136.0756,34.5646],[136.0821,34.5624],[136.0836,34.5591],[136.0849,34.5594],[136.0863,34.5583],[136.09,34.5589],[136.0918,34.5568],[136.0963,34.5579],[136.0992,34.5558],[136.1015,34.5566],[136.1021,34.5556],[136.1025,34.5565],[136.1044,34.5562],[136.1058,34.5574],[136.1076,34.5559],[136.1101,34.5567],[136.1121,34.552],[136.1113,34.5513],[136.1143,34.5459],[136.1162,34.5469],[136.1185,34.5464],[136.1195,34.5479],[136.1217,34.5487],[136.1237,34.5481],[136.1239,34.5494],[136.1339,34.5552],[136.1381,34.561],[136.1396,34.5593],[136.1416,34.5594],[136.1429,34.5577],[136.1466,34.5558],[136.1504,34.5552],[136.1514,34.5557],[136.151,34.5591],[136.1555,34.5597],[136.1558,34.5557],[136.1582,34.5552],[136.1575,34.5528],[136.1618,34.5485],[136.1598,34.5467],[136.1645,34.5416],[136.171,34.5374],[136.1718,34.5344],[136.17,34.5275],[136.1672,34.5247],[136.1675,34.52],[136.1718,34.5182],[136.1821,34.5168],[136.1833,34.519],[136.1898,34.524],[136.1964,34.5239],[136.2099,34.529],[136.2152,34.529],[136.2166,34.528],[136.216,34.5233],[136.2184,34.5202],[136.2198,34.5159],[136.2195,34.5105],[136.2158,34.5078],[136.2147,34.5013],[136.2183,34.497],[136.2289,34.4948],[136.2299,34.4929],[136.2285,34.4891],[136.2192,34.4852],[136.2156,34.4812],[136.2148,34.4797],[136.2154,34.4778],[136.2142,34.475],[136.2148,34.4729],[136.2102,34.4687],[136.2089,34.4624],[136.2075,34.4605],[136.2086,34.4551],[136.2062,34.4487],[136.1975,34.45],[136.1918,34.4495],[136.1885,34.4506],[136.1818,34.4464],[136.1775,34.4454],[136.171,34.4462],[136.1658,34.4484],[136.1584,34.4491],[136.1561,34.4464],[136.1534,34.4456],[136.1514,34.4419],[136.1439,34.4411],[136.1393,34.4421],[136.1386,34.4431],[136.1361,34.4428],[136.1335,34.4447],[136.132,34.4442],[136.1297,34.4455],[136.1284,34.4453],[136.127,34.4435],[136.1183,34.4429],[136.1148,34.4392],[136.1138,34.4369],[136.1113,34.4357],[136.0959,34.4352],[136.0915,34.4301],[136.0887,34.4286],[136.0912,34.4226],[136.0902,34.4202],[136.0903,34.416],[136.0844,34.4098],[136.0807,34.4096],[136.078,34.4079],[136.0743,34.3998],[136.075,34.3984],[136.0691,34.3943],[136.0696,34.3889],[136.0721,34.387],[136.078,34.3865],[136.082,34.3836],[136.0863,34.3794],[136.0866,34.3758],[136.0894,34.3743],[136.092,34.3687],[136.0904,34.3668],[136.0905,34.3628],[136.0954,34.3602],[136.0986,34.3521],[136.0968,34.349],[136.0984,34.3452],[136.1021,34.3422],[136.1012,34.3384],[136.1021,34.3364],[136.1086,34.3309],[136.1092,34.3291],[136.1135,34.3281],[136.1158,34.3262],[136.1204,34.3268],[136.1216,34.3262],[136.1241,34.3216],[136.1295,34.3162],[136.1223,34.3104],[136.1187,34.3103],[136.1149,34.3088],[136.1116,34.305],[136.1082,34.3046],[136.1004,34.3055],[136.0958,34.3029],[136.0949,34.3015],[136.0961,34.2973],[136.0959,34.2938],[136.0979,34.291],[136.0978,34.2888],[136.1005,34.2879],[136.1014,34.2861],[136.1038,34.2851],[136.1055,34.283],[136.112,34.2807],[136.1148,34.2748],[136.1167,34.274],[136.1172,34.2711],[136.1205,34.2702],[136.1219,34.267],[136.1188,34.2649],[136.119,34.2623],[136.1181,34.2606],[136.1255,34.2581],[136.1278,34.2567],[136.1284,34.254],[136.1318,34.2519],[136.1294,34.2491],[136.1306,34.2466],[136.1303,34.2429],[136.1247,34.2413],[136.1226,34.2398],[136.1211,34.2369],[136.1174,34.2339],[136.1158,34.2296],[136.1136,34.2289],[136.1107,34.2294],[136.1097,34.2281],[136.1106,34.2272],[136.1096,34.2242],[136.1123,34.2245],[136.1173,34.2231],[136.1169,34.2184],[136.1187,34.2155],[136.1182,34.2143],[136.1154,34.2104],[136.1087,34.2109],[136.1072,34.2093],[136.1068,34.2067],[136.102,34.2048],[136.1014,34.2035],[136.0976,34.2025],[136.0965,34.1983],[136.0934,34.1956],[136.0942,34.1934],[136.0927,34.1902],[136.0988,34.1867],[136.109,34.185],[136.1089,34.181],[136.1078,34.1797],[136.1071,34.1751],[136.1053,34.1753],[136.1045,34.1734],[136.1062,34.1712],[136.112,34.1676],[136.111,34.1647],[136.1135,34.1637],[136.1147,34.16],[136.1119,34.1574],[136.1108,34.1547],[136.1074,34.1539],[136.1056,34.1524],[136.1065,34.1446],[136.102,34.1411],[136.1035,34.1389],[136.1029,34.1372],[136.1045,34.1369],[136.1051,34.1342],[136.1082,34.1296],[136.1084,34.1269],[136.1051,34.1231],[136.1007,34.1216],[136.0994,34.1189],[136.1003,34.1167],[136.1041,34.1151],[136.1057,34.1096],[136.104,34.1087],[136.104,34.1066],[136.1079,34.1032],[136.1039,34.0997],[136.1038,34.0975],[136.1023,34.0961],[136.1036,34.0954],[136.1033,34.0944],[136.1057,34.0934],[136.1071,34.0912],[136.117,34.0845],[136.1187,34.0824],[136.116,34.0818],[136.1083,34.0837],[136.1034,34.0839],[136.0977,34.0867],[136.0961,34.0863],[136.0933,34.0829],[136.0968,34.0786],[136.0969,34.0763],[136.0948,34.0749],[136.0947,34.0697],[136.0934,34.066],[136.0951,34.0636],[136.0948,34.0624],[136.0971,34.0577],[136.092,34.0483],[136.0979,34.0447],[136.0995,34.0406],[136.1014,34.0392],[136.101,34.0372],[136.1027,34.0348],[136.1027,34.0315],[136.1044,34.0278],[136.1041,34.0258],[136.1012,34.0258],[136.1,34.0239],[136.0973,34.0239],[136.0965,34.0224],[136.0936,34.0235],[136.0859,34.0288],[136.0824,34.0275],[136.0807,34.0286],[136.0815,34.0295],[136.0785,34.0285],[136.0784,34.0307],[136.0733,34.0325],[136.0728,34.0338],[136.0683,34.0333],[136.0666,34.034],[136.0627,34.0322],[136.0548,34.0356],[136.0532,34.0347],[136.0535,34.0333],[136.0525,34.0321],[136.0441,34.0358],[136.0435,34.0407],[136.0411,34.0394],[136.0409,34.0368],[136.039,34.0365],[136.0377,34.0379],[136.0375,34.0409],[136.0317,34.0319],[136.0275,34.0329],[136.023,34.0365],[136.0196,34.0368],[136.0184,34.0358],[136.017,34.0335],[136.0166,34.0284],[136.0156,34.0276],[136.015,34.0246],[136.0107,34.0211],[136.0073,34.0197],[136.0063,34.015],[136.0036,34.0134],[136.0036,34.0099]]}},{"type":"Feature","properties":{"n":"p","a":24,"b":29},"geometry":{"type":"LineString","coordinates":[[135.8748,33.8616],[135.8732,33.8613],[135.8731,33.859],[135.8722,33.859],[135.8668,33.86],[135.8622,33.8627],[135.8608,33.866],[135.8619,33.8678],[135.8621,33.8765],[135.8593,33.8756],[135.8579,33.8732]]}},{"type":"Feature","properties":{"n":"p","a":24,"b":29},"geometry":{"type":"LineString","coordinates":[[135.9091,33.9185],[135.9023,33.9211],[135.8981,33.9216],[135.8939,33.9203],[135.8979,33.9126],[135.8971,33.9089],[135.895,33.9063],[135.8851,33.9069],[135.8822,33.9078],[135.8808,33.9094]]}},{"type":"Feature","properties":{"n":"p","a":24,"b":30},"geometry":{"type":"LineString","coordinates":[[135.8579,33.8732],[135.8588,33.8679],[135.8569,33.865],[135.8533,33.8623],[135.8532,33.8588],[135.8547,33.8555],[135.8587,33.8526],[135.8606,33.849],[135.857,33.8426],[135.8557,33.8367],[135.8562,33.834],[135.8589,33.8302],[135.856,33.8193],[135.8635,33.8109],[135.8722,33.809],[135.8831,33.8013],[135.8885,33.8026],[135.8924,33.8003],[135.8952,33.7969],[135.898,33.791],[135.8968,33.7869],[135.9022,33.7794],[135.9065,33.7674],[135.9086,33.7666],[135.9138,33.7673],[135.9169,33.7666],[135.9193,33.7641],[135.9208,33.7584],[135.9284,33.754],[135.9311,33.7542],[135.9355,33.7575],[135.9384,33.7571],[135.9399,33.7386],[135.9418,33.735],[135.9459,33.732],[135.9627,33.7246],[135.9764,33.7233],[135.9771,33.7248],[135.9763,33.7275],[135.9721,33.7312],[135.9719,33.733],[135.973,33.7354],[135.9795,33.7369],[135.9833,33.7364],[135.9972,33.7305],[136.0077,33.7273],[136.0127,33.7232]]}},{"type":"Feature","properties":{"n":"p","a":24,"b":30},"geometry":{"type":"LineString","coordinates":[[135.8808,33.9094],[135.8789,33.9088],[135.8809,33.9023],[135.8883,33.8953],[135.888,33.8938],[135.8852,33.8908],[135.8842,33.8865],[135.8853,33.8839],[135.8905,33.881],[135.8929,33.882],[135.8922,33.8843],[135.8931,33.8891],[135.8902,33.8903],[135.8923,33.8939],[135.9013,33.8854],[135.9016,33.882],[135.8983,33.8767],[135.8976,33.8697],[135.8915,33.8683],[135.8861,33.8722],[135.8786,33.8719],[135.8776,33.8695],[135.8781,33.8643],[135.8748,33.8616]]}},{"type":"Feature","properties":{"n":"p","a":24,"b":30},"geometry":{"type":"LineString","coordinates":[[136.0036,34.0099],[136.0059,34.0091],[136.0069,34.0078],[136.0046,34.0023],[136.0019,34.0014],[135.9968,34.0024],[135.9953,34.0007],[135.9968,33.9982],[136.0043,33.9914],[136.0048,33.9841],[136.0082,33.9791],[136.0132,33.9749],[136.0135,33.9697],[136.0119,33.9668],[136.0034,33.9625],[136.0014,33.9572],[135.9995,33.9557],[135.9951,33.9588],[135.9918,33.9646],[135.9872,33.9682],[135.9814,33.9682],[135.9772,33.9666],[135.9749,33.9616],[135.9773,33.9578],[135.9775,33.9474],[135.9724,33.9346],[135.9679,33.9283],[135.9651,33.928],[135.9576,33.9345],[135.9473,33.9377],[135.9442,33.9396],[135.9357,33.9393],[135.9291,33.9414],[135.9279,33.9398],[135.9314,33.9334],[135.9277,33.9348],[135.9216,33.9342],[135.9189,33.9315],[135.9174,33.9235],[135.9196,33.9209],[135.9237,33.9198],[135.929,33.923],[135.9321,33.9229],[135.9346,33.92],[135.9336,33.9175],[135.9223,33.9141],[135.9212,33.9168],[135.9173,33.9198],[135.9091,33.9185]]}},{"type":"Feature","properties":{"n":"p","a":25,"b":26},"geometry":{"type":"LineString","coordinates":[[135.7688,35.356],[135.7697,35.3543],[135.7677,35.3531],[135.7673,35.3509],[135.766,35.3501],[135.7662,35.3485],[135.764,35.3463],[135.7641,35.3446],[135.7743,35.3428],[135.7791,35.3399],[135.7808,35.3406],[135.7825,35.3384],[135.7823,35.3363],[135.7859,35.3305],[135.79,35.3282],[135.7911,35.3235],[135.8034,35.3173],[135.8093,35.3164],[135.8092,35.3153],[135.8112,35.3135],[135.8113,35.3101],[135.8102,35.3092],[135.8145,35.307],[135.8158,35.3031],[135.8151,35.301],[135.8197,35.2993],[135.8214,35.2971],[135.8201,35.2908],[135.8251,35.2849],[135.8252,35.2819],[135.8296,35.2767],[135.8346,35.2741],[135.8401,35.2756],[135.841,35.2778],[135.8492,35.2797],[135.8517,35.286],[135.8571,35.289],[135.8584,35.2892],[135.8585,35.2871],[135.8608,35.283],[135.8586,35.2812],[135.8584,35.2782],[135.8546,35.2756],[135.8549,35.2714],[135.8525,35.269],[135.8475,35.2667],[135.8447,35.262],[135.8461,35.2571],[135.8425,35.2539],[135.844,35.2515],[135.8427,35.2495],[135.8402,35.2479],[135.8399,35.2439],[135.8367,35.2412],[135.8345,35.2411],[135.8377,35.2372],[135.837,35.2317],[135.8381,35.2261],[135.8307,35.2227],[135.8293,35.2203],[135.8307,35.2184],[135.83,35.2158],[135.8326,35.2141],[135.831,35.2105],[135.8356,35.2065],[135.836,35.2033],[135.8352,35.2022],[135.837,35.1998],[135.8373,35.1963],[135.8398,35.1914],[135.8419,35.1898],[135.8423,35.1877],[135.841,35.1866],[135.8402,35.1819],[135.8409,35.1797],[135.8433,35.1787],[135.8424,35.1739],[135.844,35.172],[135.8441,35.1689],[135.8458,35.1669],[135.8453,35.1655],[135.8468,35.1624],[135.8484,35.1613],[135.8561,35.1596],[135.8568,35.1536],[135.8539,35.1519],[135.8526,35.146],[135.8488,35.1422],[135.8495,35.1388],[135.8506,35.1382],[135.8501,35.1353],[135.8523,35.1343],[135.851,35.1284],[135.8494,35.1258],[135.8499,35.1206],[135.8481,35.1189],[135.8473,35.1142],[135.8444,35.1136],[135.8451,35.1118],[135.8433,35.1099],[135.8429,35.1025],[135.8393,35.0998],[135.837,35.0935],[135.835,35.0913],[135.8389,35.0881],[135.8399,35.0859],[135.8383,35.0823],[135.8383,35.0791],[135.8366,35.0789],[135.8319,35.0715],[135.8344,35.0678],[135.8358,35.0623],[135.836,35.0594],[135.8349,35.0556],[135.8328,35.0528],[135.8258,35.0534],[135.8214,35.0496],[135.8166,35.048],[135.8148,35.0452],[135.8162,35.0436],[135.8156,35.0414],[135.8215,35.0362],[135.8246,35.0356],[135.8256,35.032],[135.8277,35.0304],[135.8281,35.0282],[135.8264,35.0237],[135.8274,35.0221],[135.8309,35.0214],[135.8345,35.0221],[135.8347,35.0174],[135.8359,35.0144],[135.8355,35.0123],[135.8317,35.0117],[135.8249,35.0124],[135.8213,35.0138],[135.821,35.0157],[135.8202,35.0152],[135.8202,35.013],[135.8225,35.0119],[135.8243,35.0087],[135.8327,35.0094],[135.8341,35.0045],[135.8366,35.0012],[135.8355,34.9993],[135.8338,34.9993],[135.8336,35.0009],[135.8324,35.0008],[135.8326,34.9991],[135.8295,34.9951],[135.8295,34.9936],[135.828,34.9931],[135.8268,34.9913],[135.8436,34.9896],[135.8493,34.9917],[135.8501,34.99],[135.8491,34.9848],[135.8509,34.9841],[135.855,34.9847],[135.8567,34.9825],[135.8567,34.9797],[135.8539,34.9772],[135.8548,34.975],[135.8527,34.9729],[135.8524,34.9708],[135.8556,34.9699],[135.8562,34.9667],[135.863,34.9608],[135.8639,34.9576],[135.8742,34.955],[135.8754,34.9537],[135.876,34.9499],[135.8787,34.947],[135.876,34.9432],[135.8771,34.9412],[135.8765,34.9406],[135.8799,34.9345],[135.8768,34.9327],[135.8726,34.9269],[135.8707,34.926],[135.8719,34.9239],[135.8687,34.9195],[135.8694,34.9163],[135.8713,34.9148],[135.8712,34.9099],[135.8697,34.9078],[135.8629,34.9034],[135.8673,34.8969],[135.8676,34.8937],[135.8666,34.8921],[135.8724,34.8887],[135.8744,34.8889],[135.8759,34.8863],[135.878,34.8866],[135.8786,34.8851],[135.8812,34.8838],[135.8842,34.8845],[135.8869,34.8832],[135.8886,34.8816],[135.8886,34.8799],[135.8857,34.8786],[135.885,34.8755],[135.892,34.8745],[135.8959,34.8731],[135.8979,34.8713],[135.9042,34.8738],[135.9074,34.874],[135.9068,34.8755],[135.9097,34.8772],[135.9099,34.8804],[135.9127,34.8835],[135.9154,34.8834],[135.9186,34.8848],[135.9232,34.8836],[135.9287,34.8881],[135.9336,34.888],[135.936,34.8916],[135.941,34.8937],[135.9396,34.8886],[135.9412,34.8845],[135.9397,34.8814],[135.9432,34.8783],[135.9427,34.8776],[135.9437,34.875],[135.9429,34.8706],[135.9414,34.8682],[135.9409,34.8639],[135.9424,34.8627],[135.9432,34.8598],[135.9452,34.8585],[135.947,34.8538],[135.9464,34.8516],[135.9526,34.8523],[135.9571,34.8548],[135.9588,34.855],[135.9594,34.8539],[135.9614,34.8547],[135.9629,34.8531],[135.9627,34.8504],[135.9666,34.8492],[135.9678,34.8467],[135.9702,34.8472],[135.9721,34.846],[135.971,34.8436],[135.9713,34.8405],[135.9699,34.8378],[135.9818,34.8392],[135.9849,34.8415],[135.9876,34.8406],[135.9919,34.8429],[135.9945,34.8421],[135.9992,34.845],[136.004,34.8443],[136.0053,34.8429],[136.0036,34.8411],[136.004,34.8389],[136.0026,34.8373],[136.0023,34.8328],[136.0058,34.8262],[136.0122,34.8252],[136.0155,34.8266],[136.0163,34.8289],[136.0218,34.8246],[136.0279,34.8217],[136.0286,34.816],[136.026,34.8144],[136.0246,34.8148],[136.0207,34.8123],[136.0187,34.8127],[136.0167,34.8111],[136.0102,34.7997],[136.0112,34.7959],[136.0125,34.7957],[136.0159,34.7978],[136.0164,34.7946],[136.0196,34.7922],[136.0223,34.7916]]}},{"type":"Feature","properties":{"n":"p","a":26,"b":27},"geometry":{"type":"LineString","coordinates":[[135.3712,35.0453],[135.3762,35.044],[135.3782,35.0403],[135.3801,35.039],[135.3806,35.0365],[135.3799,35.0353],[135.3819,35.0318],[135.382,35.0276],[135.3793,35.0239],[135.38,35.0221],[135.3776,35.0203],[135.3787,35.0164],[135.3806,35.0149],[135.3817,35.0102],[135.3891,35.0114],[135.394,35.0087],[135.3975,35.0106],[135.3993,35.0084],[135.4032,35.0067],[135.4098,35.0115],[135.4141,35.0085],[135.4183,35.0029],[135.421,35.0022],[135.4228,35.0021],[135.4335,35.0079],[135.4402,35.0077],[135.4428,35.0057],[135.4481,35.0048],[135.452,35.0018],[135.4552,35.0024],[135.4599,35.0016],[135.4712,34.9948],[135.477,34.9942],[135.4819,34.9951],[135.483,34.9928],[135.4869,34.9925],[135.4889,34.99],[135.4931,34.9891],[135.4931,34.9877],[135.4875,34.9858],[135.4832,34.9819],[135.4842,34.9808],[135.4844,34.9785],[135.4874,34.9754],[135.4867,34.9733],[135.4883,34.9673],[135.4909,34.968],[135.4863,34.9639],[135.4856,34.9641],[135.4871,34.9668],[135.4837,34.9647],[135.4819,34.9652],[135.4812,34.9624],[135.4845,34.9604],[135.4853,34.9573],[135.4873,34.9572],[135.4857,34.9563],[135.4844,34.9537],[135.481,34.9505],[135.4811,34.9497],[135.484,34.9477],[135.4885,34.9463],[135.4904,34.9418],[135.4944,34.9409],[135.4997,34.9413],[135.5042,34.9464],[135.5108,34.9438],[135.5146,34.9441],[135.515,34.9369],[135.5173,34.9335],[135.5211,34.9335],[135.5226,34.9303],[135.525,34.9289],[135.5381,34.9254],[135.5361,34.9205],[135.5413,34.9152],[135.5432,34.9159],[135.5442,34.9175],[135.5485,34.9168],[135.5495,34.9186],[135.5534,34.9155],[135.5608,34.9179],[135.5672,34.9163],[135.5725,34.9164],[135.5757,34.9196],[135.5813,34.9225],[135.5805,34.9245],[135.5816,34.9273],[135.5806,34.9304],[135.5817,34.9356],[135.5811,34.937],[135.5765,34.9388],[135.5718,34.9391],[135.569,34.9368],[135.5673,34.9367],[135.5673,34.9355],[135.5647,34.933],[135.5628,34.9334],[135.5656,34.9374],[135.566,34.9401],[135.5649,34.9407],[135.5647,34.9424],[135.5624,34.9416],[135.562,34.938],[135.5587,34.9353],[135.5591,34.9331],[135.5582,34.9328],[135.5573,34.9347],[135.5586,34.9372],[135.5572,34.9387],[135.5592,34.9404],[135.5597,34.9422],[135.5624,34.9438],[135.5612,34.9464],[135.5626,34.949],[135.5621,34.9506],[135.5631,34.9537],[135.5664,34.9529],[135.5685,34.9548],[135.5742,34.9548],[135.5786,34.9559],[135.5783,34.9606],[135.5736,34.9609],[135.5712,34.9639],[135.5709,34.9698],[135.5721,34.9699],[135.5727,34.9712],[135.5749,34.9719],[135.5766,34.9738],[135.5803,34.9743],[135.5826,34.9768],[135.5848,34.9761],[135.5867,34.9706],[135.5892,34.9672],[135.5907,34.9674],[135.5924,34.966],[135.5948,34.9697],[135.5974,34.9691],[135.6035,34.9712],[135.6038,34.9702],[135.6054,34.9699],[135.6071,34.9706],[135.6076,34.9693],[135.6133,34.9712],[135.6138,34.9673],[135.6154,34.9662],[135.6157,34.9628],[135.6178,34.961],[135.6187,34.9581],[135.6165,34.9576],[135.6171,34.9557],[135.6152,34.9537],[135.6161,34.9528],[135.6148,34.9524],[135.6154,34.9513],[135.6126,34.9467],[135.614,34.946],[135.6115,34.9439],[135.6131,34.9417],[135.611,34.9422],[135.6108,34.9397],[135.6085,34.9396],[135.607,34.9377],[135.6077,34.9366],[135.6062,34.935],[135.6053,34.9361],[135.6034,34.936],[135.6039,34.9351],[135.6004,34.9308],[135.6011,34.9297],[135.5993,34.9283],[135.6035,34.9273],[135.6078,34.9284],[135.6152,34.9276],[135.6171,34.9287],[135.6191,34.932],[135.6238,34.9349],[135.6276,34.9336],[135.6292,34.9351],[135.6328,34.9347],[135.6344,34.9336],[135.6343,34.9324],[135.6366,34.931],[135.6385,34.9321],[135.6428,34.9307],[135.6449,34.9276],[135.6495,34.9251],[135.6507,34.923],[135.6508,34.9199],[135.6535,34.9173],[135.6533,34.9162],[135.6525,34.9171],[135.6482,34.9169],[135.6489,34.9149],[135.6485,34.9095],[135.6537,34.9096],[135.6616,34.9038],[135.6627,34.904],[135.6627,34.9052],[135.664,34.905],[135.6639,34.9022],[135.665,34.9041],[135.6668,34.9043],[135.6758,34.8993],[135.6752,34.8986],[135.6763,34.8979],[135.6751,34.8949],[135.677,34.8952],[135.6796,34.8898],[135.6828,34.8879],[135.6798,34.881],[135.6815,34.88],[135.6822,34.8805],[135.6835,34.8776],[135.6819,34.8754],[135.6822,34.8726],[135.6885,34.8691],[135.6911,34.8689],[135.6919,34.8651],[135.6914,34.8614],[135.6945,34.8611],[135.6945,34.86],[135.6915,34.8586],[135.6907,34.8565],[135.6924,34.8553],[135.6917,34.8529],[135.6946,34.8506],[135.6949,34.8483],[135.7023,34.8517],[135.7077,34.8493],[135.7102,34.8466],[135.7099,34.8447],[135.7119,34.8421],[135.7111,34.8413],[135.7157,34.8379],[135.7182,34.8332],[135.7177,34.8325],[135.7195,34.8297],[135.7223,34.828],[135.7242,34.8233],[135.7325,34.8224],[135.7351,34.8199],[135.738,34.8119],[135.741,34.8096],[135.7429,34.8054],[135.746,34.8036],[135.746,34.7987],[135.7434,34.7939],[135.7407,34.7934],[135.7395,34.7912],[135.7408,34.7885],[135.738,34.7873],[135.7361,34.7846],[135.7323,34.7827],[135.7286,34.778]]}},{"type":"Feature","properties":{"n":"p","a":26,"b":28},"geometry":{"type":"LineString","coordinates":[[134.8675,35.6581],[134.8673,35.6561],[134.8641,35.6517],[134.8677,35.6497],[134.8658,35.6455],[134.8671,35.6414],[134.8658,35.6383],[134.8674,35.6361],[134.8713,35.6364],[134.8703,35.6314],[134.8739,35.6209],[134.8707,35.6148],[134.8664,35.6134],[134.8675,35.609],[134.8662,35.6067],[134.8667,35.6048],[134.8654,35.599],[134.8637,35.5969],[134.8614,35.5964],[134.8604,35.5945],[134.8552,35.5933],[134.8564,35.5918],[134.8537,35.5891],[134.8561,35.5866],[134.8626,35.5871],[134.8624,35.584],[134.8639,35.5838],[134.8661,35.5811],[134.869,35.5798],[134.8691,35.578],[134.8678,35.5761],[134.8703,35.5755],[134.872,35.5764],[134.8758,35.574],[134.8812,35.5674],[134.8811,35.564],[134.8877,35.5601],[134.8908,35.5613],[134.8929,35.559],[134.8971,35.5582],[134.9009,35.5561],[134.9031,35.5494],[134.9068,35.5483],[134.9075,35.5467],[134.9146,35.5453],[134.9149,35.5418],[134.918,35.5409],[134.9193,35.5381],[134.9175,35.5357],[134.9181,35.5308],[134.917,35.5293],[134.9154,35.529],[134.9151,35.5277],[134.9232,35.5217],[134.9233,35.5164],[134.9269,35.5125],[134.9301,35.5117],[134.9329,35.5133],[134.9364,35.5124],[134.9421,35.5142],[134.9439,35.5135],[134.9478,35.5148],[134.9492,35.5139],[134.9527,35.5146],[134.9527,35.5156],[134.9542,35.5162],[134.9583,35.5129],[134.9605,35.5129],[134.9634,35.5145],[134.9653,35.5199],[134.9711,35.5228],[134.9717,35.5242],[134.9744,35.5251],[134.9795,35.5241],[134.982,35.5285],[134.985,35.5296],[134.9883,35.5296],[134.9889,35.5314],[134.9922,35.5324],[134.9931,35.5342],[134.9964,35.5352],[135.0016,35.5343],[135.0049,35.5357],[135.008,35.5336],[135.0157,35.5375],[135.0241,35.5385],[135.0272,35.54],[135.03,35.5403],[135.0316,35.5392],[135.0355,35.5398],[135.0369,35.5386],[135.0362,35.5306],[135.0392,35.5288],[135.0401,35.5266],[135.0395,35.525],[135.0408,35.5241],[135.0407,35.5219],[135.043,35.52],[135.0436,35.5177],[135.0429,35.5112],[135.0452,35.5087],[135.0412,35.5036],[135.0379,35.5025],[135.0378,35.5015],[135.0322,35.4972],[135.0414,35.4946],[135.0427,35.4923],[135.0401,35.4817],[135.0385,35.4804],[135.0357,35.4802],[135.0351,35.4766],[135.0353,35.475],[135.039,35.4749],[135.041,35.4733],[135.0415,35.4679],[135.0436,35.4662],[135.0446,35.4636],[135.0434,35.462],[135.0449,35.4597],[135.0453,35.4553],[135.0498,35.4511],[135.0503,35.4462],[135.0518,35.4425],[135.0494,35.4401],[135.0493,35.4376],[135.048,35.4351],[135.0486,35.432],[135.0471,35.4299],[135.0477,35.4286],[135.0469,35.4275],[135.0484,35.4263],[135.0471,35.4236],[135.0502,35.4198],[135.0496,35.4186],[135.0503,35.4137],[135.0488,35.4116],[135.0498,35.4096],[135.0492,35.4077],[135.0467,35.4071],[135.0445,35.4086],[135.0384,35.4098],[135.037,35.4091],[135.03,35.4101],[135.0297,35.4056],[135.0236,35.401],[135.0192,35.3941],[135.0162,35.3931],[135.014,35.3941],[135.0116,35.3916],[135.0056,35.3908],[135.0045,35.3887],[135.002,35.3871],[134.9974,35.3871],[134.9911,35.3856],[134.9871,35.3889],[134.9886,35.3933],[134.9855,35.3962],[134.9808,35.3984],[134.9709,35.399],[134.9651,35.4034],[134.9639,35.4063],[134.9596,35.409],[134.9548,35.4085],[134.9461,35.4133],[134.9448,35.413],[134.9444,35.4118],[134.9398,35.4104],[134.9374,35.4081],[134.9336,35.4071],[134.9323,35.4059],[134.9315,35.4014],[134.9275,35.3994],[134.9256,35.394],[134.9234,35.3943],[134.923,35.3911],[134.9255,35.3857],[134.9266,35.3857],[134.9262,35.383],[134.9272,35.3798],[134.9268,35.3775],[134.9206,35.3687],[134.9205,35.3666],[134.9189,35.3645],[134.9234,35.354],[134.9229,35.3525],[134.9189,35.3501],[134.9187,35.3463],[134.9173,35.3456],[134.918,35.3441],[134.9171,35.3403],[134.921,35.3379],[134.9256,35.3365],[134.9281,35.3302],[134.9271,35.3283],[134.9248,35.3267],[134.9264,35.3222],[134.9244,35.3211],[134.9213,35.3174],[134.9216,35.3151],[134.9247,35.3117],[134.9342,35.3078],[134.9376,35.3076],[134.9409,35.3087],[134.9457,35.3074],[134.9471,35.3039],[134.9517,35.3029],[134.9552,35.2997],[134.9601,35.2979],[134.9662,35.2979],[134.9679,35.296],[134.9765,35.2951],[134.9831,35.2927],[134.9864,35.2926],[134.9929,35.2891],[134.9991,35.2909],[134.9999,35.2873],[135.0041,35.2856],[135.0075,35.2855],[135.0117,35.2811],[135.012,35.2762],[135.0094,35.2709],[135.0109,35.2696],[135.0149,35.2686],[135.0183,35.2693],[135.0194,35.2679],[135.0237,35.2664],[135.024,35.2652],[135.0287,35.265],[135.036,35.2625],[135.0375,35.2607],[135.0399,35.2616],[135.0423,35.2641],[135.0496,35.262],[135.0524,35.2629],[135.0546,35.2649],[135.0568,35.2646],[135.0569,35.2602],[135.0558,35.2592],[135.0579,35.257],[135.0583,35.2542],[135.0614,35.2517],[135.0606,35.2487],[135.0643,35.2464],[135.0642,35.2424],[135.0679,35.2374],[135.0729,35.2396],[135.075,35.2436],[135.0781,35.2446],[135.0801,35.2441],[135.0829,35.2464],[135.0854,35.2532],[135.0896,35.2545],[135.0914,35.2583],[135.0933,35.2598],[135.0989,35.2588],[135.1088,35.2663],[135.1127,35.264],[135.1195,35.2626],[135.1228,35.2632],[135.1235,35.2621],[135.1262,35.2623],[135.1287,35.2607],[135.1309,35.2612],[135.1348,35.265],[135.1378,35.2653],[135.1398,35.2631],[135.142,35.2623],[135.1444,35.2625],[135.147,35.264],[135.1535,35.2615],[135.1575,35.2611],[135.162,35.2578],[135.1607,35.2567],[135.1612,35.2537],[135.1623,35.2533],[135.163,35.2499],[135.1647,35.249],[135.166,35.2463],[135.1669,35.2403],[135.1649,35.2381],[135.1645,35.2359],[135.1624,35.234],[135.162,35.2312],[135.1603,35.2302],[135.1565,35.2298],[135.1548,35.2265],[135.1565,35.2261],[135.1576,35.224],[135.1631,35.2201],[135.1651,35.2195],[135.1684,35.2207],[135.171,35.2203],[135.1718,35.2175],[135.1751,35.2146],[135.1789,35.2145],[135.1823,35.2159],[135.1849,35.2138],[135.1854,35.2119],[135.1872,35.2113],[135.1888,35.2068],[135.1918,35.2042],[135.1936,35.2048],[135.1971,35.203],[135.2001,35.1955],[135.1991,35.1936],[135.1929,35.1941],[135.1881,35.192],[135.1867,35.1902],[135.1873,35.1874],[135.1892,35.1862],[135.1901,35.1832],[135.1882,35.1814],[135.1886,35.1783],[135.1875,35.1775],[135.1869,35.1732],[135.1873,35.1718],[135.1931,35.1722],[135.1949,35.1713],[135.1989,35.1684],[135.2003,35.1652],[135.2038,35.1646],[135.2062,35.1607],[135.2134,35.1625],[135.2165,35.1616],[135.22,35.1624],[135.228,35.1653],[135.2289,35.1665],[135.2296,35.1724],[135.2322,35.1775],[135.2364,35.1777],[135.2379,35.1763],[135.2492,35.1769],[135.25,35.178],[135.2536,35.1764],[135.2575,35.1776],[135.26,35.1759],[135.2616,35.1765],[135.2661,35.1755],[135.274,35.1773],[135.2749,35.1756],[135.2767,35.1747],[135.2804,35.1749],[135.2834,35.1715],[135.2893,35.1724],[135.2898,35.1718],[135.2902,35.1649],[135.2912,35.1644],[135.292,35.1605],[135.288,35.1582],[135.2857,35.1528],[135.2834,35.1509],[135.2784,35.151],[135.2799,35.147],[135.2823,35.145],[135.286,35.1445],[135.2878,35.1426],[135.294,35.1416],[135.2974,35.1436],[135.3038,35.1428],[135.3076,35.1448],[135.3112,35.1446],[135.3194,35.1468],[135.324,35.1466],[135.327,35.1493],[135.3405,35.1501],[135.3408,35.1455],[135.3374,35.144],[135.3399,35.1408],[135.3397,35.1379],[135.3425,35.1359],[135.3547,35.1367],[135.3572,35.1354],[135.36,35.1321],[135.368,35.1311],[135.3703,35.1322],[135.3726,35.129],[135.3822,35.1298],[135.3898,35.1288],[135.3912,35.1265],[135.3897,35.1258],[135.3893,35.1235],[135.386,35.12],[135.3872,35.1165],[135.3922,35.1136],[135.3933,35.1108],[135.3892,35.1083],[135.3889,35.1058],[135.3898,35.1049],[135.3878,35.1003],[135.388,35.0971],[135.3905,35.0988],[135.3921,35.0972],[135.3973,35.0958],[135.4006,35.0939],[135.4016,35.0906],[135.4043,35.0889],[135.4001,35.086],[135.3998,35.0829],[135.3987,35.0817],[135.4001,35.0776],[135.3997,35.0762],[135.3956,35.0757],[135.3935,35.0731],[135.3894,35.073],[135.3893,35.0721],[135.3867,35.0725],[135.3821,35.0687],[135.3766,35.066],[135.3774,35.061],[135.3716,35.0588],[135.3687,35.0549],[135.37,35.0525],[135.3693,35.0487],[135.3712,35.0453]]}},{"type":"Feature","properties":{"n":"p","a":26,"b":29},"geometry":{"type":"LineString","coordinates":[[135.7286,34.778],[135.7308,34.7699],[135.7302,34.7664],[135.7322,34.764],[135.7327,34.7589],[135.7321,34.7573],[135.7334,34.7564],[135.7332,34.7549],[135.7366,34.7553],[135.7364,34.75],[135.7392,34.7483],[135.7472,34.7465],[135.7481,34.7456],[135.7475,34.7434],[135.7491,34.7414],[135.757,34.7361],[135.7553,34.7339],[135.7547,34.7286],[135.7555,34.7275],[135.7569,34.7284],[135.7613,34.726],[135.766,34.7254],[135.7733,34.7258],[135.7741,34.7253],[135.7735,34.7242],[135.7777,34.7231],[135.7785,34.7239],[135.7814,34.723],[135.7846,34.7245],[135.7914,34.7249],[135.7953,34.7233],[135.7958,34.7206],[135.7975,34.721],[135.7991,34.7231],[135.8036,34.7219],[135.8055,34.7182],[135.8116,34.7177],[135.8127,34.7168],[135.8119,34.715],[135.8096,34.715],[135.8121,34.7144],[135.8136,34.7152],[135.8198,34.7117],[135.8234,34.7123],[135.8245,34.7135],[135.8268,34.7136],[135.8279,34.7123],[135.8318,34.7134],[135.8391,34.7118],[135.8417,34.7093],[135.8493,34.7083],[135.8492,34.706],[135.851,34.7058],[135.8596,34.7071],[135.8643,34.7064],[135.8643,34.7077],[135.8661,34.7099],[135.8732,34.7112],[135.8736,34.7129],[135.8759,34.7139],[135.8779,34.7123],[135.8812,34.7141],[135.8834,34.7131],[135.8852,34.7136],[135.8891,34.7106],[135.8902,34.7083],[135.8922,34.7181],[135.8936,34.7196],[135.8954,34.7249],[135.8972,34.7256],[135.8974,34.7309],[135.9011,34.731],[135.903,34.7329],[135.9032,34.7363],[135.9054,34.7369],[135.9084,34.7412],[135.9113,34.7432],[135.912,34.7457],[135.9136,34.7468],[135.9136,34.7493],[135.9162,34.7537],[135.921,34.753],[135.9244,34.7577],[135.9288,34.7566],[135.9274,34.7545],[135.9289,34.7519],[135.9231,34.7448],[135.924,34.7436],[135.9235,34.7419],[135.9256,34.7403],[135.9325,34.7376],[135.937,34.7401],[135.9384,34.7389],[135.9413,34.739],[135.9429,34.7375],[135.9438,34.7413],[135.9462,34.7421],[135.9481,34.7444],[135.9499,34.7443],[135.9512,34.7463],[135.9548,34.7483],[135.9579,34.7446],[135.9586,34.7403],[135.9622,34.74],[135.966,34.7432],[135.9696,34.7405],[135.9719,34.7421],[135.9748,34.7403],[135.9761,34.7411],[135.9777,34.7375],[135.9793,34.7367],[135.9808,34.7372],[135.9814,34.7349],[135.9838,34.7342],[135.9827,34.7321],[135.9861,34.7265],[135.985,34.7192],[135.9864,34.7176],[135.9863,34.7152],[135.9899,34.7148],[135.9907,34.7138],[135.9923,34.7146],[135.9915,34.7127],[135.9922,34.7122],[135.9982,34.7136],[135.9997,34.713],[136.0049,34.7173],[136.0093,34.7166],[136.0134,34.7131],[136.0129,34.7086],[136.0139,34.7078],[136.0193,34.7086],[136.0259,34.7063],[136.0288,34.7063],[136.0278,34.7099],[136.0289,34.7132],[136.0313,34.7138],[136.0318,34.7151],[136.0337,34.7161],[136.0338,34.7177],[136.0395,34.7202],[136.0416,34.728],[136.041,34.7308],[136.043,34.7361],[136.05,34.7386],[136.0555,34.7386]]}},{"type":"Feature","properties":{"n":"p","a":27,"b":28},"geometry":{"type":"LineString","coordinates":[[135.3712,35.0453],[135.3676,35.044],[135.3617,35.0465],[135.362,35.0475],[135.3595,35.0501],[135.35,35.0512],[135.3488,35.0459],[135.3467,35.0448],[135.3434,35.0447],[135.3415,35.0431],[135.3381,35.0436],[135.3365,35.041],[135.3337,35.0396],[135.3327,35.0373],[135.3302,35.0352],[135.331,35.0345],[135.3336,35.0352],[135.3365,35.0327],[135.3398,35.0259],[135.3441,35.0254],[135.3491,35.0269],[135.3499,35.0259],[135.3547,35.0248],[135.3554,35.0197],[135.3548,35.0187],[135.3558,35.0166],[135.3553,35.0141],[135.3534,35.0119],[135.3543,35.0112],[135.3547,35.0067],[135.3522,35.0058],[135.3515,35.0043],[135.3535,35.0009],[135.3527,34.9994],[135.3537,34.9982],[135.3528,34.9938],[135.3539,34.9921],[135.3526,34.9904],[135.3557,34.9857],[135.3595,34.9825],[135.3582,34.9812],[135.3525,34.9795],[135.3505,34.9802],[135.3496,34.979],[135.3485,34.9758],[135.3487,34.972],[135.3451,34.9669],[135.3464,34.9647],[135.349,34.965],[135.3507,34.9634],[135.3542,34.9626],[135.3578,34.9579],[135.3582,34.9559],[135.3604,34.9545],[135.3639,34.9562],[135.3677,34.9562],[135.373,34.9535],[135.3759,34.9563],[135.3778,34.9552],[135.3826,34.956],[135.3833,34.9545],[135.3855,34.9543],[135.3863,34.9516],[135.3876,34.9509],[135.3872,34.9463],[135.3885,34.944],[135.3905,34.9434],[135.3924,34.9414],[135.396,34.9444],[135.4035,34.9434],[135.4058,34.944],[135.4086,34.9424],[135.4107,34.9427],[135.4113,34.9439],[135.4091,34.9455],[135.4116,34.9442],[135.4121,34.943],[135.4113,34.9419],[135.4095,34.9417],[135.4103,34.94],[135.4175,34.9418],[135.4178,34.9395],[135.4169,34.938],[135.4185,34.9339],[135.4215,34.9339],[135.4265,34.9369],[135.4323,34.937],[135.433,34.938],[135.4351,34.9383],[135.4385,34.9369],[135.4417,34.9394],[135.4476,34.9344],[135.4491,34.9345],[135.4522,34.9313],[135.4525,34.9298],[135.4571,34.9291],[135.461,34.9263],[135.4672,34.9288],[135.4685,34.9263],[135.4685,34.9254],[135.466,34.9244],[135.4662,34.9209],[135.4636,34.9183],[135.4567,34.9179],[135.4514,34.9199],[135.4393,34.9205],[135.4345,34.9168],[135.431,34.9166],[135.4254,34.9142],[135.4236,34.9112],[135.4195,34.91],[135.4187,34.9089],[135.42,34.9065],[135.4257,34.9067],[135.4272,34.906],[135.4303,34.8987],[135.4324,34.896],[135.4305,34.8935],[135.4307,34.8924],[135.4332,34.8919],[135.4358,34.8952],[135.4395,34.896],[135.4436,34.8989],[135.4459,34.8972],[135.444,34.8939],[135.4439,34.8912],[135.4409,34.8905],[135.4399,34.8855],[135.4378,34.8817],[135.4375,34.8768],[135.434,34.8722],[135.4348,34.87],[135.4319,34.8632],[135.4301,34.8613],[135.4316,34.8582],[135.4314,34.8564],[135.424,34.8522],[135.4204,34.8515],[135.4169,34.8522],[135.4207,34.8468],[135.4243,34.8376],[135.4233,34.8286],[135.4162,34.8205],[135.416,34.8177],[135.4189,34.8103],[135.4237,34.8021],[135.4274,34.802],[135.4286,34.8032],[135.4312,34.7985],[135.4344,34.7982],[135.4341,34.7966],[135.437,34.7935],[135.4413,34.7918],[135.4416,34.7901],[135.4406,34.7899],[135.4426,34.7873],[135.4423,34.7845],[135.4438,34.7842],[135.4462,34.7771],[135.4447,34.7685],[135.4481,34.7683],[135.4504,34.7663],[135.4501,34.76],[135.4519,34.7582],[135.4531,34.7579],[135.4545,34.7599],[135.4563,34.7603],[135.4567,34.7582],[135.4558,34.7551],[135.4567,34.7517],[135.4571,34.751],[135.4593,34.7521],[135.4599,34.751],[135.4592,34.7505],[135.4602,34.7477],[135.4585,34.7361],[135.4603,34.7331],[135.4548,34.7343],[135.4477,34.7336],[135.4456,34.7295],[135.4481,34.7217],[135.4462,34.7183],[135.4311,34.7123],[135.4252,34.7062],[135.4129,34.702],[135.4073,34.6971]]}},{"type":"Feature","properties":{"n":"p","a":27,"b":28},"geometry":{"type":"LineString","coordinates":[[135.4412,34.7919],[135.4412,34.7919]]}},{"type":"Feature","properties":{"n":"p","a":27,"b":29},"geometry":{"type":"LineString","coordinates":[[135.7286,34.778],[135.7266,34.7759],[135.7207,34.7745],[135.7156,34.7799],[135.7135,34.78],[135.7119,34.7814],[135.7097,34.7804],[135.7098,34.7774],[135.7066,34.7725],[135.7073,34.7716],[135.71,34.7715],[135.7084,34.7664],[135.7089,34.7619],[135.7102,34.7607],[135.7089,34.759],[135.7102,34.7539],[135.708,34.7521],[135.7067,34.7485],[135.7048,34.7486],[135.7021,34.7508],[135.698,34.7497],[135.6978,34.748],[135.6992,34.7457],[135.6968,34.7437],[135.6976,34.7397],[135.7001,34.7355],[135.6997,34.7326],[135.7006,34.7298],[135.7041,34.7238],[135.7019,34.7218],[135.6982,34.7209],[135.6876,34.7114],[135.6815,34.7105],[135.677,34.7048],[135.673,34.7016],[135.6741,34.698],[135.6731,34.6907],[135.6741,34.6883],[135.6753,34.688],[135.6769,34.6849],[135.6786,34.6838],[135.6775,34.6801],[135.6791,34.6779],[135.6743,34.6716],[135.6739,34.6697],[135.6711,34.6669],[135.6701,34.6629],[135.6712,34.6611],[135.6695,34.6573],[135.6643,34.6513],[135.6642,34.6501],[135.6658,34.649],[135.6654,34.644],[135.6626,34.6403],[135.663,34.6359],[135.6612,34.6356],[135.6634,34.6333],[135.6632,34.6295],[135.6617,34.6283],[135.661,34.6252],[135.6589,34.6231],[135.6596,34.6215],[135.6578,34.6165],[135.6591,34.6148],[135.6574,34.6135],[135.6567,34.6116],[135.6532,34.6113],[135.651,34.61],[135.6501,34.6078],[135.6518,34.6068],[135.6523,34.6039],[135.6532,34.6033],[135.6625,34.6017],[135.6711,34.6037],[135.6757,34.6017],[135.6754,34.6009],[135.6763,34.6009],[135.6749,34.5997],[135.678,34.5939],[135.6776,34.5913],[135.6792,34.5912],[135.6772,34.5888],[135.6779,34.5878],[135.68,34.5875],[135.682,34.5851],[135.6807,34.5824],[135.6755,34.5796],[135.6715,34.5799],[135.6711,34.5779],[135.6721,34.5772],[135.6707,34.5763],[135.6707,34.5752],[135.6733,34.5718],[135.673,34.5706],[135.6645,34.5676],[135.6569,34.5623],[135.6578,34.5613],[135.6573,34.5564],[135.6544,34.5539],[135.6565,34.5537],[135.6558,34.5492],[135.6503,34.5441],[135.6537,34.5414],[135.6565,34.5417],[135.6595,34.5439],[135.6601,34.5412],[135.6596,34.5389],[135.6616,34.5368],[135.6613,34.5333],[135.6623,34.53],[135.6663,34.5294],[135.6677,34.531],[135.67,34.5306],[135.6726,34.5295],[135.6771,34.5252],[135.6758,34.5223],[135.6774,34.5182],[135.6775,34.5097],[135.6759,34.5086],[135.6768,34.5067],[135.673,34.5028],[135.6783,34.4995],[135.6781,34.4981],[135.68,34.4953],[135.679,34.4931],[135.6805,34.489],[135.6847,34.4854],[135.6842,34.4827],[135.6812,34.4802],[135.6834,34.4761],[135.6819,34.461],[135.6831,34.4571],[135.6824,34.456],[135.687,34.4515],[135.6863,34.448],[135.681,34.442],[135.6815,34.4379],[135.679,34.4328],[135.674,34.4288],[135.6723,34.4259],[135.6688,34.4268],[135.6643,34.4232],[135.6662,34.4223],[135.6661,34.4186],[135.6694,34.4137],[135.6731,34.4126],[135.6756,34.4137],[135.678,34.4134],[135.6778,34.4115],[135.6802,34.4089],[135.676,34.4056],[135.6762,34.4002],[135.6692,34.3978],[135.6638,34.3973],[135.6627,34.3933],[135.6597,34.3915],[135.6582,34.3879],[135.6547,34.3838],[135.6511,34.3832]]}},{"type":"Feature","properties":{"n":"p","a":27,"b":30},"geometry":{"type":"LineString","coordinates":[[135.6511,34.3832],[135.639,34.3835],[135.639,34.3822],[135.6364,34.3815],[135.6317,34.3831],[135.6261,34.3838],[135.6254,34.3831],[135.6199,34.3845],[135.6178,34.3833],[135.6154,34.3781],[135.6137,34.3766],[135.6043,34.3773],[135.6021,34.3783],[135.6014,34.3801],[135.5977,34.3804],[135.5959,34.3791],[135.5961,34.3771],[135.595,34.3754],[135.5931,34.3748],[135.5864,34.3753],[135.583,34.377],[135.5771,34.376],[135.5728,34.3721],[135.5697,34.371],[135.5669,34.3718],[135.5666,34.3705],[135.5634,34.3693],[135.5611,34.3657],[135.5547,34.3595],[135.5516,34.3597],[135.5474,34.3566],[135.5397,34.3575],[135.5345,34.3521],[135.5258,34.3504],[135.5215,34.3455],[135.5199,34.3452],[135.512,34.3383],[135.5078,34.3365],[135.5037,34.3365],[135.5024,34.3381],[135.5044,34.3394],[135.5049,34.3412],[135.5023,34.3451],[135.5036,34.3467],[135.5017,34.3502],[135.4988,34.3503],[135.4978,34.3523],[135.4899,34.3553],[135.4854,34.3628],[135.4793,34.3581],[135.4773,34.3554],[135.4775,34.3533],[135.4722,34.3528],[135.4701,34.3505],[135.4674,34.3497],[135.4657,34.3473],[135.4632,34.3483],[135.4576,34.3473],[135.4534,34.3499],[135.4518,34.3491],[135.4476,34.3494],[135.4418,34.3474],[135.4356,34.3487],[135.4289,34.3457],[135.4269,34.341],[135.4249,34.34],[135.4166,34.3398],[135.4124,34.3419],[135.409,34.3418],[135.4069,34.3388],[135.4068,34.3355],[135.4056,34.3339],[135.3991,34.3325],[135.397,34.3304],[135.3944,34.3308],[135.3911,34.333],[135.3881,34.3323],[135.3868,34.3291],[135.3829,34.3294],[135.3803,34.3284],[135.3755,34.331],[135.3714,34.3301],[135.3682,34.3312],[135.3663,34.3297],[135.3635,34.3298],[135.3625,34.3289],[135.359,34.333],[135.3555,34.3334],[135.3539,34.332],[135.3459,34.3305],[135.3422,34.3351],[135.3382,34.3353],[135.3375,34.335],[135.3395,34.332],[135.3391,34.3294],[135.3344,34.3256],[135.3302,34.3253],[135.3279,34.3237],[135.3285,34.3214],[135.3305,34.3195],[135.3305,34.3167],[135.3281,34.3186],[135.3242,34.3191],[135.3114,34.3136],[135.3092,34.3133],[135.3076,34.3144],[135.304,34.3137],[135.3046,34.3106],[135.3025,34.3047],[135.3015,34.3045],[135.3008,34.3026],[135.2986,34.3027],[135.2976,34.3008],[135.296,34.3014],[135.2958,34.3003],[135.2934,34.2993],[135.2914,34.2998],[135.2879,34.3049],[135.2859,34.3104],[135.2863,34.3134],[135.2828,34.3179],[135.2809,34.3164],[135.2772,34.3155],[135.2765,34.3142],[135.2723,34.312],[135.2643,34.3132],[135.2617,34.3125],[135.2579,34.3157],[135.2542,34.3158],[135.249,34.3144],[135.2482,34.313],[135.2466,34.3133],[135.2437,34.3101],[135.2363,34.3055],[135.2355,34.3036],[135.225,34.3009],[135.2197,34.305],[135.2158,34.3051],[135.208,34.3082],[135.2085,34.3028],[135.2052,34.3004],[135.2043,34.2979],[135.2051,34.2883],[135.1998,34.2875],[135.1987,34.2881],[135.1964,34.286],[135.1939,34.287],[135.1918,34.2866],[135.1897,34.2828],[135.1878,34.2832],[135.1849,34.2811],[135.1843,34.2788],[135.1803,34.2799],[135.1786,34.2789],[135.1718,34.2806],[135.1669,34.2799],[135.1655,34.2788],[135.1574,34.2771],[135.1538,34.2743],[135.1523,34.2747],[135.154,34.2766],[135.1534,34.279],[135.1548,34.281],[135.1532,34.2824],[135.1509,34.2823],[135.1468,34.2838],[135.1434,34.2804],[135.141,34.282],[135.1396,34.2819],[135.1379,34.2746],[135.1366,34.2735],[135.1312,34.2725],[135.1288,34.276],[135.1257,34.2775],[135.1208,34.2738],[135.117,34.2731],[135.1139,34.2744],[135.112,34.2735],[135.1114,34.2718],[135.1074,34.2785],[135.1091,34.2827],[135.1086,34.284],[135.1055,34.2846],[135.1031,34.2863],[135.1014,34.2858],[135.0986,34.2892],[135.0998,34.2927],[135.0991,34.2946],[135.0968,34.2966],[135.1003,34.3004],[135.1034,34.3021],[135.1064,34.3058],[135.1061,34.3086],[135.1034,34.3098],[135.1035,34.3111],[135.0973,34.3079],[135.0929,34.3121]]}},{"type":"Feature","properties":{"n":"r","a":28,"b":31,"g":"kansai","d":"chugoku"},"geometry":{"type":"LineString","coordinates":[[134.3701,35.6142],[134.3715,35.6086],[134.3748,35.6083],[134.3818,35.6033],[134.3869,35.6039],[134.3895,35.602],[134.3929,35.6015],[134.3931,35.5981],[134.4009,35.5956],[134.4034,35.5934],[134.4052,35.5898],[134.4083,35.5891],[134.4083,35.5873],[134.4057,35.5847],[134.4071,35.5772],[134.405,35.5705],[134.41,35.5628],[134.4146,35.5641],[134.4169,35.5629],[134.4218,35.5625],[134.4223,35.5566],[134.4251,35.5519],[134.4231,35.5499],[134.4227,35.5469],[134.4208,35.5448],[134.4237,35.5422],[134.4256,35.5418],[134.4227,35.5375],[134.4233,35.5346],[134.42,35.5332],[134.4203,35.5274],[134.4186,35.5251],[134.4174,35.525],[134.4165,35.5214],[134.4149,35.5206],[134.4131,35.5176],[134.4127,35.5149],[134.4155,35.5135],[134.4185,35.5141],[134.4244,35.5087],[134.4276,35.5087],[134.4309,35.5025],[134.4282,35.5],[134.4274,35.4966],[134.4339,35.4843],[134.4357,35.4783],[134.4381,35.4761],[134.4373,35.4751],[134.4379,35.474],[134.4343,35.4706],[134.4351,35.4667],[134.4337,35.4664],[134.4347,35.4634],[134.4382,35.4612],[134.4375,35.457],[134.4397,35.4479],[134.44,35.4429],[134.4462,35.4419],[134.4481,35.4386],[134.4523,35.4365],[134.4627,35.4368],[134.4657,35.4351],[134.4659,35.4332],[134.4698,35.4335],[134.4714,35.4303],[134.4774,35.429],[134.4801,35.427],[134.4799,35.425],[134.4759,35.4235],[134.4783,35.4211],[134.4767,35.4143],[134.4808,35.4118],[134.4814,35.4105],[134.4807,35.4068],[134.4797,35.4063],[134.4805,35.4031],[134.4774,35.4001],[134.4776,35.3954],[134.4738,35.3913],[134.4744,35.3862],[134.4733,35.3856],[134.4715,35.3813],[134.4723,35.3783],[134.4749,35.3746],[134.4828,35.3731],[134.489,35.3679],[134.4918,35.3685],[134.4953,35.367],[134.4993,35.3671],[134.5029,35.366],[134.5034,35.3625],[134.5045,35.3612],[134.5042,35.3598],[134.5069,35.3584],[134.5086,35.3558],[134.5139,35.3535],[134.5128,35.3513],[134.5103,35.3508],[134.5098,35.3431],[134.5075,35.3409],[134.5068,35.3385],[134.5045,35.3372],[134.5019,35.3265],[134.5041,35.321],[134.5034,35.3185],[134.507,35.3141],[134.5103,35.3127],[134.5111,35.3119],[134.5108,35.3106],[134.5148,35.3077],[134.5141,35.306],[134.5116,35.3053],[134.5107,35.3028],[134.5116,35.2999],[134.5093,35.294],[134.5131,35.2865],[134.5125,35.2823],[134.5134,35.2802],[134.5152,35.2791],[134.5154,35.2773],[134.5123,35.2765],[134.5101,35.2741],[134.5045,35.2716],[134.5014,35.2684],[134.4951,35.2669],[134.49,35.2614],[134.4864,35.2627],[134.4835,35.2601],[134.4822,35.2542],[134.4775,35.2495],[134.4714,35.2493],[134.4714,35.2483],[134.4691,35.2475],[134.4684,35.2463],[134.4618,35.244],[134.4637,35.2392],[134.4635,35.2368],[134.4573,35.2381],[134.4478,35.2379],[134.4458,35.2365],[134.444,35.2368],[134.4403,35.2317],[134.435,35.2292],[134.4295,35.232],[134.4273,35.2317],[134.4228,35.2372],[134.419,35.2372],[134.4155,35.2391],[134.4084,35.2396],[134.4055,35.241],[134.4028,35.241]]}},{"type":"Feature","properties":{"n":"r","a":28,"b":33,"g":"kansai","d":"chugoku"},"geometry":{"type":"LineString","coordinates":[[134.4028,35.241],[134.3985,35.2315],[134.3969,35.2304],[134.3969,35.2275],[134.394,35.2269],[134.393,35.2255],[134.3879,35.2235],[134.3856,35.2237],[134.3849,35.2225],[134.3824,35.2216],[134.3811,35.2185],[134.3822,35.2169],[134.3808,35.2136],[134.3814,35.2115],[134.3799,35.2104],[134.38,35.2094],[134.3827,35.1998],[134.3836,35.1991],[134.383,35.1944],[134.3885,35.1923],[134.3921,35.1927],[134.3997,35.1876],[134.4081,35.1874],[134.4111,35.187],[134.4118,35.186],[134.4126,35.1776],[134.4071,35.1699],[134.4061,35.1655],[134.4073,35.1653],[134.4078,35.1639],[134.4111,35.1627],[134.4111,35.1613],[134.4131,35.1588],[134.4116,35.152],[134.4095,35.1503],[134.4087,35.1479],[134.407,35.1473],[134.3975,35.1521],[134.3943,35.1527],[134.3883,35.1513],[134.3831,35.1525],[134.3799,35.1508],[134.3793,35.1491],[134.3773,35.1492],[134.3749,35.151],[134.3718,35.149],[134.3711,35.1475],[134.3674,35.147],[134.3661,35.1441],[134.3624,35.14],[134.3618,35.1377],[134.3633,35.1355],[134.3602,35.134],[134.361,35.1324],[134.3604,35.1291],[134.3562,35.1244],[134.3598,35.1233],[134.3607,35.1202],[134.353,35.1135],[134.3524,35.1064],[134.3535,35.105],[134.3539,35.1003],[134.3551,35.0992],[134.3531,35.0968],[134.3512,35.0963],[134.35,35.0941],[134.3503,35.091],[134.3496,35.0902],[134.3472,35.091],[134.3421,35.09],[134.3404,35.0887],[134.3372,35.0914],[134.3365,35.0888],[134.3328,35.0862],[134.3316,35.0874],[134.3282,35.0856],[134.3248,35.0857],[134.3189,35.0833],[134.3201,35.0818],[134.3195,35.0786],[134.3208,35.0762],[134.3199,35.0756],[134.3217,35.0727],[134.3207,35.072],[134.3217,35.0688],[134.3211,35.0675],[134.3172,35.0656],[134.3168,35.0633],[134.3145,35.0609],[134.3152,35.052],[134.3143,35.0506],[134.3171,35.0472],[134.3164,35.0456],[134.3171,35.0453],[134.3169,35.0435],[134.3134,35.0451],[134.3125,35.0446],[134.3077,35.0459],[134.3063,35.0439],[134.3076,35.0416],[134.3053,35.0402],[134.3025,35.0405],[134.3007,35.0427],[134.2973,35.0431],[134.2966,35.0415],[134.2951,35.0416],[134.2928,35.0394],[134.2925,35.0375],[134.2862,35.0364],[134.2844,35.038],[134.2816,35.0372],[134.2808,35.0355],[134.2816,35.0336],[134.2778,35.029],[134.2755,35.0235],[134.2728,35.0237],[134.2682,35.0221],[134.2676,35.0213],[134.2686,35.018],[134.2644,35.0166],[134.2653,35.014],[134.2686,35.0124],[134.2655,35.0131],[134.2634,35.0113],[134.2657,35.0107],[134.2664,35.0089],[134.2652,35.0055],[134.2658,35.005],[134.2677,35.0053],[134.2688,35.0037],[134.2746,35.0027],[134.2769,35.0008],[134.2786,35.0014],[134.2788,35.0],[134.2822,34.9967],[134.2855,34.9969],[134.2867,34.9961],[134.279,34.9911],[134.2776,34.9868],[134.2729,34.9863],[134.2725,34.9844],[134.2709,34.9838],[134.2711,34.9814],[134.2696,34.9786],[134.2722,34.9789],[134.2739,34.9769],[134.277,34.9768],[134.2746,34.9712],[134.275,34.9686],[134.2733,34.9674],[134.277,34.9632],[134.2675,34.9576],[134.2665,34.9542],[134.2628,34.9521],[134.26,34.9523],[134.2578,34.9478],[134.2543,34.9462],[134.2544,34.9448],[134.2533,34.9442],[134.2541,34.9377],[134.2584,34.9357],[134.2588,34.934],[134.2627,34.9377],[134.2635,34.9361],[134.2648,34.937],[134.2672,34.9354],[134.2674,34.9365],[134.2691,34.934],[134.2748,34.9311],[134.2749,34.9298],[134.2761,34.9295],[134.2748,34.9243],[134.2771,34.9234],[134.2785,34.9216],[134.2845,34.921],[134.2833,34.9186],[134.284,34.917],[134.2874,34.9153],[134.2874,34.9127],[134.2898,34.9108],[134.2928,34.9114],[134.293,34.9082],[134.295,34.9075],[134.2949,34.9041],[134.2903,34.9004],[134.2884,34.9004],[134.2891,34.8977],[134.2843,34.8971],[134.2834,34.8953],[134.2812,34.8959],[134.2778,34.8951],[134.2735,34.8926],[134.2728,34.8903],[134.2702,34.8897],[134.2687,34.8878],[134.27,34.8836],[134.2673,34.8833],[134.2645,34.8852],[134.2628,34.8843],[134.2624,34.882],[134.2643,34.879],[134.264,34.8781],[134.2658,34.8776],[134.2671,34.8754],[134.2634,34.8711],[134.259,34.8703],[134.2601,34.8671],[134.2585,34.8626],[134.2553,34.8599],[134.256,34.8585],[134.254,34.857],[134.2538,34.8533],[134.2527,34.8519],[134.2555,34.8483],[134.2575,34.8488],[134.2589,34.8468],[134.2604,34.8472],[134.2627,34.8457],[134.2619,34.8437],[134.2631,34.8414],[134.2653,34.8404],[134.2654,34.8384],[134.2618,34.8358],[134.2633,34.8327],[134.2618,34.8304],[134.2638,34.8267],[134.2663,34.8256],[134.2701,34.8274],[134.2725,34.8265],[134.2749,34.8286],[134.2775,34.828],[134.2825,34.8298],[134.2874,34.8288],[134.2884,34.8282],[134.2879,34.8216],[134.2922,34.8201],[134.2932,34.8184],[134.2953,34.8186],[134.2958,34.8157],[134.2977,34.8149],[134.2983,34.8135],[134.301,34.8137],[134.3021,34.8147],[134.3069,34.8115],[134.3063,34.8086],[134.3087,34.8071],[134.3084,34.8054],[134.3099,34.8048],[134.3108,34.8027],[134.3142,34.8031],[134.3171,34.802],[134.3166,34.8008],[134.3174,34.799],[134.3165,34.7972],[134.3182,34.7933],[134.316,34.792],[134.3194,34.7873],[134.319,34.785],[134.3165,34.7829],[134.3158,34.781],[134.3176,34.7796],[134.3177,34.7781],[134.3205,34.7772],[134.3201,34.776],[134.323,34.7743],[134.3259,34.7752],[134.3294,34.7743],[134.331,34.7726],[134.3308,34.7708],[134.3348,34.7691],[134.3332,34.7657],[134.3305,34.7675],[134.3274,34.7666],[134.3278,34.7642],[134.3245,34.7636],[134.3215,34.7617],[134.3201,34.7578],[134.3183,34.7559],[134.3183,34.7517],[134.3171,34.7493],[134.3165,34.7439],[134.313,34.7384],[134.3169,34.7352],[134.3207,34.7356],[134.3218,34.7333],[134.3238,34.7323],[134.3237,34.731],[134.321,34.729],[134.3218,34.7218]]}},{"type":"Feature","properties":{"n":"r","a":28,"b":33,"g":"kansai","d":"chugoku"},"geometry":{"type":"LineString","coordinates":[[134.3816,34.7203],[134.382,34.7199]]}},{"type":"Feature","properties":{"n":"p","a":29,"b":30},"geometry":{"type":"LineString","coordinates":[[135.6511,34.3832],[135.6514,34.3795],[135.6553,34.3719],[135.6558,34.3662],[135.6635,34.3554],[135.662,34.3501],[135.6629,34.3469],[135.6608,34.3448],[135.6623,34.3434],[135.6604,34.3407],[135.6615,34.3381],[135.6599,34.3373],[135.6602,34.3347],[135.659,34.3329],[135.6604,34.3295],[135.6601,34.3269],[135.6619,34.3274],[135.6677,34.326],[135.6689,34.3229],[135.6676,34.3192],[135.669,34.3185],[135.668,34.3182],[135.6691,34.3152],[135.6674,34.3141],[135.6673,34.3119],[135.6657,34.3122],[135.667,34.311],[135.6666,34.3084],[135.669,34.3067],[135.667,34.305],[135.669,34.3037],[135.6686,34.3028],[135.6677,34.3031],[135.6685,34.3015],[135.6672,34.3006],[135.6686,34.301],[135.6685,34.2997],[135.6694,34.2996],[135.6686,34.2983],[135.6698,34.298],[135.6692,34.2969],[135.6722,34.2961],[135.671,34.295],[135.6722,34.2951],[135.6722,34.2937],[135.6733,34.2939],[135.6741,34.2912],[135.6755,34.2901],[135.6727,34.2816],[135.6768,34.2778],[135.6771,34.2746],[135.6804,34.2735],[135.6794,34.2723],[135.6812,34.2717],[135.6808,34.2706],[135.6828,34.2702],[135.6892,34.2716],[135.6909,34.2766],[135.6925,34.2783],[135.7009,34.2754],[135.7038,34.2716],[135.7086,34.2718],[135.7083,34.2686],[135.7104,34.2682],[135.7141,34.2652],[135.7162,34.2656],[135.7184,34.2633],[135.7194,34.2604],[135.7194,34.2546],[135.7207,34.2516],[135.7201,34.2499],[135.7222,34.2444],[135.7237,34.2428],[135.7235,34.2398],[135.7264,34.236],[135.7288,34.235],[135.7302,34.2284],[135.7275,34.224],[135.7275,34.2207],[135.7229,34.2196],[135.7184,34.2164],[135.7177,34.2149],[135.7133,34.2143],[135.7116,34.2109],[135.708,34.2082],[135.7014,34.2124],[135.6978,34.2118],[135.6939,34.2171],[135.6879,34.2173],[135.6833,34.2219],[135.6817,34.2216],[135.6777,34.2234],[135.6678,34.2242],[135.6624,34.2184],[135.6591,34.2182],[135.6553,34.2163],[135.6481,34.219],[135.6459,34.2162],[135.6435,34.2156],[135.6413,34.2137],[135.6404,34.2112],[135.6411,34.2092],[135.6344,34.2045],[135.6354,34.2025],[135.6341,34.1983],[135.6408,34.1931],[135.6413,34.1915],[135.6449,34.1909],[135.6449,34.1885],[135.6433,34.1873],[135.6418,34.1829],[135.6383,34.1814],[135.6378,34.1794],[135.6286,34.1769],[135.6256,34.1723],[135.6238,34.1719],[135.6231,34.1695],[135.6206,34.1685],[135.6206,34.1661],[135.623,34.1627],[135.6219,34.1584],[135.6168,34.1559],[135.6048,34.1544],[135.5965,34.1509],[135.5936,34.1487],[135.5903,34.1487],[135.5882,34.1466],[135.5876,34.1429],[135.5853,34.1411],[135.5848,34.1326],[135.5821,34.1285],[135.5822,34.1265],[135.5784,34.1158],[135.5703,34.113],[135.5652,34.1126],[135.5619,34.1098],[135.5573,34.1081],[135.5571,34.1063],[135.5584,34.1034],[135.5538,34.102],[135.5523,34.1025],[135.5498,34.1006],[135.5474,34.1004],[135.5463,34.0981],[135.5487,34.0968],[135.55,34.0899],[135.5498,34.085],[135.5476,34.0832],[135.5432,34.0819],[135.5398,34.0772],[135.5398,34.0752],[135.5425,34.0722],[135.5446,34.0717],[135.5465,34.069],[135.5482,34.0681],[135.5513,34.0684],[135.5525,34.0653],[135.5634,34.0634],[135.5647,34.06],[135.5671,34.0573],[135.5746,34.0589],[135.5805,34.0579],[135.5815,34.0545],[135.5877,34.0469],[135.5917,34.0466],[135.5944,34.0443],[135.5958,34.0368],[135.5976,34.0359],[135.5997,34.032],[135.5948,34.0278],[135.5955,34.0239],[135.5915,34.0196],[135.5938,34.013],[135.5957,34.0116],[135.6049,34.0124],[135.6085,34.0136],[135.6111,34.0121],[135.6121,34.0101],[135.6169,34.0092],[135.6222,34.0097],[135.6254,34.0071],[135.6252,34.0046],[135.6235,34.0024],[135.6242,34.0002],[135.629,33.9977],[135.6304,33.9911],[135.6361,33.9909],[135.6387,33.9851],[135.6392,33.9827],[135.6376,33.9765],[135.6398,33.9735],[135.6403,33.9674],[135.639,33.9618],[135.6356,33.9589],[135.6372,33.9506],[135.6313,33.949],[135.6284,33.9495],[135.6255,33.9501],[135.623,33.953],[135.6205,33.953],[135.6183,33.9547],[135.6169,33.9538],[135.6154,33.9486],[135.6186,33.9442],[135.6184,33.9412],[135.6167,33.9388],[135.6171,33.9373],[135.6112,33.9369],[135.6095,33.9321],[135.6128,33.9298],[135.6141,33.9254],[135.6125,33.9241],[135.6127,33.9215],[135.6108,33.9187],[135.6105,33.9133],[135.6,33.9084],[135.6018,33.9055],[135.6011,33.9026],[135.6062,33.8991],[135.6195,33.8994],[135.6229,33.898],[135.6227,33.8939],[135.6263,33.8874],[135.6266,33.8834],[135.6235,33.8821],[135.6233,33.8793],[135.6181,33.8746],[135.618,33.8721],[135.6204,33.8718],[135.6219,33.8731],[135.6252,33.8735],[135.629,33.8731],[135.6303,33.8745],[135.6337,33.8749],[135.6355,33.877],[135.6381,33.8777],[135.6426,33.8763],[135.645,33.8774],[135.648,33.8769],[135.6514,33.8807],[135.6559,33.8816],[135.6572,33.8856],[135.6599,33.8864],[135.6622,33.8891],[135.6626,33.8939],[135.6606,33.8976],[135.6639,33.8996],[135.671,33.9004],[135.6733,33.8989],[135.6787,33.8982],[135.6823,33.8996],[135.6835,33.902],[135.686,33.904],[135.6949,33.9034],[135.7046,33.9036],[135.7066,33.9045],[135.71,33.9042],[135.7138,33.9026],[135.7184,33.9031],[135.7224,33.9023],[135.7241,33.9033],[135.7305,33.9],[135.7325,33.8962],[135.7349,33.896],[135.7362,33.8942],[135.7388,33.8949],[135.739,33.8934],[135.7409,33.8926],[135.7408,33.8913],[135.7422,33.8901],[135.7449,33.8907],[135.7454,33.8893],[135.7484,33.8878],[135.7518,33.8896],[135.7526,33.8878],[135.7561,33.8852],[135.7611,33.8877],[135.7641,33.8875],[135.7661,33.8908],[135.7733,33.8903],[135.7777,33.8882],[135.7808,33.889],[135.7853,33.8923],[135.7926,33.8946],[135.8017,33.8957],[135.8034,33.903],[135.8086,33.9065],[135.8163,33.9056],[135.8189,33.9033],[135.8208,33.9031],[135.8361,33.8955],[135.8422,33.8971],[135.847,33.8966],[135.8513,33.8943],[135.8521,33.8903],[135.8553,33.8878],[135.8534,33.8828],[135.8521,33.882],[135.8531,33.8773],[135.8579,33.8732]]}},{"type":"Feature","properties":{"n":"p","a":29,"b":30},"geometry":{"type":"LineString","coordinates":[[135.8748,33.8616],[135.8728,33.8681],[135.8733,33.8704],[135.8742,33.8707],[135.8749,33.873],[135.8809,33.8758],[135.8827,33.8789],[135.8784,33.8841],[135.8747,33.8839],[135.8714,33.8887],[135.8645,33.8891],[135.8608,33.8874],[135.8597,33.8891],[135.8603,33.8914],[135.8584,33.8968],[135.8601,33.899],[135.8587,33.9012],[135.8611,33.9043],[135.8628,33.905],[135.8633,33.908],[135.8689,33.9143],[135.8656,33.92],[135.8659,33.9221],[135.8675,33.9205],[135.8767,33.9182],[135.8772,33.9171],[135.8804,33.9178],[135.882,33.9149],[135.88,33.913],[135.8813,33.9112],[135.8808,33.9094]]}},{"type":"Feature","properties":{"n":"p","a":29,"b":30},"geometry":{"type":"LineString","coordinates":[[135.9091,33.9185],[135.9097,33.9227],[135.9047,33.9256],[135.9027,33.9241],[135.8992,33.9253],[135.898,33.934],[135.8955,33.9356],[135.8947,33.9383],[135.893,33.9389],[135.8937,33.9398],[135.8925,33.9419],[135.8933,33.9445],[135.8924,33.9458],[135.8949,33.9491],[135.8936,33.9498],[135.8971,33.9524],[135.8973,33.9542],[135.902,33.9538],[135.9047,33.9555],[135.9069,33.9584],[135.9067,33.9631],[135.9098,33.9643],[135.9124,33.9641],[135.915,33.9661],[135.916,33.9677],[135.9154,33.9726],[135.9266,33.9814],[135.9289,33.9803],[135.9397,33.9807],[135.9405,33.98],[135.9398,33.9777],[135.9414,33.9757],[135.9437,33.9766],[135.9452,33.9793],[135.9473,33.9807],[135.954,33.9803],[135.9581,33.9815],[135.9611,33.9846],[135.975,33.9861],[135.9773,33.9897],[135.985,33.9918],[135.9848,33.9948],[135.9887,33.9982],[135.9895,34.0022],[135.9907,34.0035],[135.9938,34.0051],[136.0011,34.006],[136.0025,34.007],[136.0036,34.0099]]}},{"type":"Feature","properties":{"n":"p","a":31,"b":32},"geometry":{"type":"LineString","coordinates":[[133.2728,35.5541],[133.2656,35.5536],[133.2539,35.5509],[133.2504,35.5492],[133.2338,35.5494],[133.2219,35.5476],[133.2185,35.5463],[133.201,35.5352],[133.1981,35.5287],[133.2,35.5233],[133.2161,35.4956],[133.2225,35.4802],[133.272,35.446],[133.3007,35.4363],[133.3087,35.4309],[133.3206,35.4103],[133.3205,35.4087],[133.3216,35.4077],[133.3206,35.4039],[133.3217,35.4004],[133.3199,35.3995],[133.3199,35.3974],[133.3212,35.3957],[133.3153,35.392],[133.3136,35.3873],[133.3159,35.387],[133.3156,35.3856],[133.319,35.3835],[133.3201,35.3808],[133.3237,35.3774],[133.3237,35.3749],[133.3249,35.3741],[133.3212,35.3725],[133.3185,35.3733],[133.3193,35.369],[133.3168,35.3674],[133.316,35.3655],[133.309,35.3665],[133.3077,35.3658],[133.3044,35.3596],[133.3028,35.3587],[133.3025,35.3567],[133.3008,35.3556],[133.3005,35.3537],[133.296,35.3494],[133.2951,35.3466],[133.2965,35.3449],[133.2952,35.3408],[133.2972,35.3382],[133.2961,35.3363],[133.2958,35.3337],[133.2969,35.332],[133.2956,35.3289],[133.296,35.3271],[133.2986,35.3251],[133.2959,35.322],[133.2925,35.3206],[133.2932,35.3181],[133.295,35.3172],[133.2987,35.3128],[133.2982,35.3116],[133.3012,35.309],[133.3024,35.3055],[133.307,35.3034],[133.3022,35.2956],[133.3002,35.2944],[133.2995,35.2919],[133.3015,35.2906],[133.305,35.2835],[133.3074,35.2817],[133.3068,35.2808],[133.3085,35.2772],[133.3087,35.272],[133.3106,35.2679],[133.3084,35.2662],[133.3049,35.2657],[133.3048,35.2645],[133.3025,35.2631],[133.3005,35.2643],[133.2957,35.2641],[133.2953,35.2628],[133.2917,35.2607],[133.29,35.2616],[133.2883,35.2608],[133.2854,35.2611],[133.282,35.2624],[133.2798,35.2613],[133.2786,35.2591],[133.2757,35.2579],[133.2694,35.2588],[133.2641,35.2584],[133.2585,35.2614],[133.2533,35.26],[133.2502,35.2565],[133.2458,35.2547],[133.2434,35.2504],[133.24,35.2506],[133.2358,35.2491],[133.2322,35.2466],[133.2278,35.2469],[133.2256,35.2496],[133.2226,35.2491],[133.212,35.2417],[133.2063,35.2421],[133.205,35.2411],[133.1981,35.2399],[133.1924,35.2359],[133.1896,35.2368],[133.1816,35.2344],[133.1773,35.2304],[133.1717,35.229],[133.1723,35.2273],[133.1691,35.2264],[133.1633,35.2226],[133.1621,35.2237],[133.1577,35.2223],[133.1558,35.2212],[133.1552,35.2192],[133.1526,35.2191],[133.1514,35.2128],[133.1534,35.2098],[133.151,35.2069],[133.1527,35.2038],[133.1537,35.2042],[133.155,35.2031],[133.1562,35.2041],[133.1581,35.204],[133.1597,35.2066],[133.1639,35.2064],[133.1688,35.2094],[133.172,35.2087],[133.1735,35.2055],[133.1763,35.2052],[133.1784,35.203],[133.1807,35.2027],[133.182,35.2014],[133.1842,35.1984],[133.1847,35.1954],[133.1829,35.1928],[133.1821,35.1881],[133.1853,35.1852],[133.1894,35.1846],[133.1905,35.1803],[133.1937,35.1774],[133.1934,35.1727],[133.1949,35.1698],[133.1933,35.1669],[133.1937,35.1655],[133.1919,35.1627],[133.1902,35.1616],[133.1886,35.1617],[133.1839,35.1567],[133.1779,35.1559],[133.1757,35.1544],[133.1706,35.1534],[133.1659,35.1491],[133.1621,35.1483],[133.1602,35.1492],[133.1575,35.1489],[133.1551,35.1474],[133.1549,35.1439],[133.1485,35.14],[133.1486,35.1372],[133.1468,35.1359],[133.1466,35.1332],[133.1451,35.1313],[133.1466,35.1236],[133.1451,35.1217],[133.1429,35.1209],[133.1424,35.1191],[133.1402,35.1181],[133.1421,35.1127],[133.1442,35.1112],[133.1455,35.105],[133.1398,35.1],[133.141,35.0975],[133.1386,35.0958],[133.1388,35.094],[133.1367,35.0906],[133.1377,35.0895],[133.1367,35.0887],[133.1381,35.0878],[133.1375,35.0851],[133.1415,35.0827],[133.1422,35.0813],[133.1395,35.0792],[133.1414,35.0762],[133.1364,35.0743]]}},{"type":"Feature","properties":{"n":"p","a":31,"b":33},"geometry":{"type":"LineString","coordinates":[[133.2691,35.0577],[133.2725,35.0595],[133.2723,35.0615],[133.2749,35.0628],[133.2769,35.0661],[133.2843,35.0654],[133.2908,35.0709],[133.2902,35.0738],[133.2885,35.0753],[133.2889,35.0803],[133.2907,35.0829],[133.2896,35.0877],[133.2902,35.0904],[133.2882,35.0922],[133.2877,35.0941],[133.2883,35.0959],[133.2908,35.0977],[133.2909,35.1004],[133.2931,35.1016],[133.2951,35.1017],[133.2989,35.1039],[133.3028,35.0996],[133.3083,35.0994],[133.3104,35.0962],[133.3131,35.0981],[133.3161,35.0975],[133.3194,35.0939],[133.3223,35.0945],[133.3255,35.0935],[133.328,35.0947],[133.3279,35.096],[133.3309,35.0987],[133.3331,35.0995],[133.3324,35.1013],[133.3382,35.1066],[133.3437,35.1054],[133.347,35.1057],[133.3549,35.1008],[133.3566,35.1022],[133.3584,35.1021],[133.3592,35.1044],[133.3625,35.1054],[133.3636,35.1072],[133.3662,35.1086],[133.3667,35.1102],[133.3701,35.1106],[133.373,35.113],[133.3818,35.115],[133.3857,35.1146],[133.3879,35.1127],[133.4,35.1151],[133.4034,35.1143],[133.4058,35.118],[133.4118,35.1211],[133.4128,35.1282],[133.4117,35.1314],[133.4126,35.1335],[133.4112,35.1357],[133.4112,35.1388],[133.4049,35.1433],[133.4041,35.1459],[133.4045,35.1487],[133.4002,35.1537],[133.4007,35.1584],[133.3988,35.1613],[133.398,35.1648],[133.3948,35.166],[133.3932,35.1677],[133.3936,35.1695],[133.3969,35.1725],[133.3948,35.1741],[133.3944,35.1761],[133.3965,35.1809],[133.4017,35.1814],[133.404,35.1842],[133.4074,35.1859],[133.4103,35.1841],[133.4156,35.1847],[133.4208,35.181],[133.4222,35.1761],[133.4283,35.1774],[133.4379,35.1731],[133.446,35.1729],[133.4476,35.1713],[133.4524,35.1729],[133.4565,35.1731],[133.46,35.1778],[133.4635,35.1778],[133.466,35.1755],[133.4675,35.1753],[133.4704,35.1775],[133.4722,35.1771],[133.4733,35.1809],[133.4747,35.182],[133.4826,35.1824],[133.4851,35.1844],[133.4854,35.1864],[133.4886,35.1865],[133.4897,35.1877],[133.496,35.1867],[133.4985,35.1882],[133.5006,35.1926],[133.5029,35.1917],[133.508,35.1931],[133.5116,35.1897],[133.5162,35.1907],[133.5172,35.1873],[133.5188,35.1865],[133.5193,35.1828],[133.5211,35.1821],[133.5233,35.1834],[133.5262,35.1829],[133.5273,35.1858],[133.5291,35.1872],[133.5262,35.1905],[133.5268,35.1939],[133.5255,35.194],[133.523,35.1965],[133.5235,35.1996],[133.5207,35.206],[133.5224,35.2081],[133.5216,35.2104],[133.5184,35.2142],[133.5188,35.2162],[133.5156,35.2203],[133.5113,35.2215],[133.5075,35.2247],[133.5055,35.2282],[133.5082,35.2332],[133.5145,35.2355],[133.5151,35.2388],[133.5167,35.2407],[133.526,35.2394],[133.5285,35.2366],[133.5348,35.2367],[133.5386,35.239],[133.539,35.2409],[133.5439,35.2432],[133.5486,35.2437],[133.5549,35.2418],[133.5565,35.2429],[133.5574,35.2456],[133.5608,35.2467],[133.5624,35.2544],[133.5681,35.2568],[133.5683,35.2591],[133.5669,35.2609],[133.5678,35.2634],[133.5669,35.2663],[133.5678,35.2685],[133.5719,35.2726],[133.5709,35.2753],[133.5687,35.2771],[133.5723,35.2812],[133.5705,35.2869],[133.5736,35.2887],[133.5744,35.2901],[133.574,35.2924],[133.5776,35.2973],[133.5757,35.3004],[133.577,35.302],[133.5758,35.3041],[133.5764,35.311],[133.5774,35.3125],[133.5768,35.3144],[133.5813,35.3169],[133.5812,35.3192],[133.5828,35.3214],[133.5839,35.3213],[133.585,35.3234],[133.5879,35.3249],[133.5902,35.3274],[133.5893,35.3288],[133.5924,35.3306],[133.5921,35.3327],[133.5892,35.3337],[133.5894,35.3355],[133.5884,35.337],[133.5945,35.3408],[133.5968,35.345],[133.6036,35.3431],[133.6054,35.3411],[133.6093,35.3419],[133.6128,35.34],[133.6162,35.3409],[133.6222,35.3367],[133.6328,35.3398],[133.6385,35.3392],[133.6407,35.3367],[133.6496,35.3362],[133.6635,35.3252],[133.6696,35.3229],[133.6741,35.3233],[133.6752,35.3212],[133.6784,35.3189],[133.6836,35.3188],[133.6858,35.3198],[133.6912,35.3201],[133.6917,35.3241],[133.6971,35.3271],[133.7036,35.3245],[133.7089,35.3251],[133.7143,35.3228],[133.7172,35.3199],[133.7201,35.3191],[133.7247,35.3197],[133.7271,35.317],[133.7289,35.3167],[133.7321,35.3174],[133.735,35.316],[133.7351,35.3185],[133.7376,35.319],[133.7401,35.3166],[133.7423,35.3165],[133.7452,35.3195],[133.7487,35.3171],[133.7488,35.3147],[133.7507,35.3114],[133.7541,35.3106],[133.757,35.3082],[133.759,35.3086],[133.7599,35.3102],[133.7623,35.3111],[133.7633,35.3092],[133.767,35.3086],[133.7696,35.3044],[133.7729,35.3027],[133.7757,35.2996],[133.7824,35.2979],[133.7836,35.2948],[133.7869,35.2952],[133.7897,35.2976],[133.7896,35.2935],[133.7939,35.2929],[133.7954,35.2942],[133.7974,35.2941],[133.8,35.2926],[133.8002,35.2906],[133.799,35.2897],[133.8018,35.2874],[133.8011,35.2866],[133.8015,35.2847],[133.8053,35.2822],[133.8051,35.2803],[133.8093,35.2769],[133.8096,35.2745],[133.8075,35.2704],[133.8152,35.2649],[133.8167,35.2605],[133.8182,35.2592],[133.818,35.2527],[133.8226,35.2506],[133.8321,35.2488],[133.8386,35.2512],[133.8417,35.2494],[133.8446,35.2495],[133.845,35.2515],[133.8438,35.2537],[133.8476,35.2571],[133.8495,35.2604],[133.8517,35.2616],[133.8534,35.2659],[133.8557,35.2682],[133.8582,35.2683],[133.8618,35.2709],[133.8659,35.2723],[133.8635,35.2771],[133.8654,35.28],[133.8642,35.2812],[133.8641,35.2828],[133.8661,35.2833],[133.8663,35.2849],[133.861,35.2869],[133.8621,35.2925],[133.8654,35.2934],[133.8703,35.2924],[133.8767,35.2952],[133.8814,35.2939],[133.8836,35.2947],[133.8844,35.296],[133.8861,35.2942],[133.8879,35.2953],[133.8883,35.2974],[133.8922,35.3001],[133.8966,35.3015],[133.898,35.3043],[133.9022,35.3038],[133.9065,35.305],[133.9068,35.3066],[133.9082,35.3072],[133.9252,35.3069],[133.9266,35.3089],[133.9261,35.3101],[133.9295,35.312],[133.9319,35.3163],[133.9317,35.3187],[133.9278,35.322],[133.928,35.3245],[133.9305,35.3315],[133.9341,35.3351],[133.9371,35.3356],[133.9381,35.334],[133.9411,35.3346],[133.9453,35.3326],[133.9538,35.3382],[133.9539,35.3405],[133.9557,35.342],[133.9595,35.3442],[133.9624,35.344],[133.9648,35.3467],[133.9663,35.3463],[133.9696,35.3478],[133.9727,35.346],[133.976,35.3458],[133.9797,35.3434],[133.9819,35.3452],[133.9897,35.3486],[133.9925,35.3482],[133.995,35.3516],[133.9977,35.3529],[134.0028,35.3513],[134.008,35.3515],[134.0095,35.3495],[134.0127,35.3493],[134.0148,35.3504],[134.0158,35.3461],[134.0108,35.3404],[134.0114,35.3378],[134.0146,35.336],[134.0155,35.3341],[134.0119,35.3298],[134.0102,35.3296],[134.0083,35.3273],[134.0042,35.3253],[134.0043,35.3234],[134.001,35.3199],[134.0014,35.3179],[133.9994,35.3148],[134.0036,35.3127],[134.0035,35.3115],[134.0081,35.3082],[134.0217,35.3056],[134.0252,35.3074],[134.0282,35.3078],[134.0297,35.3073],[134.0303,35.3053],[134.0339,35.304],[134.0376,35.3046],[134.0423,35.3037],[134.0481,35.2985],[134.052,35.2981],[134.0538,35.2988],[134.0547,35.2982],[134.0584,35.3013],[134.0622,35.303],[134.0702,35.2973],[134.0707,35.2993],[134.0752,35.3026],[134.084,35.3028],[134.0864,35.3074],[134.0915,35.3052],[134.094,35.3065],[134.0947,35.3054],[134.0978,35.3057],[134.0987,35.3042],[134.0979,35.3032],[134.0991,35.3014],[134.1005,35.3001],[134.1024,35.3001],[134.103,35.2961],[134.1081,35.2934],[134.1098,35.292],[134.1097,35.2911],[134.1115,35.2906],[134.1115,35.2893],[134.1141,35.2885],[134.1146,35.2868],[134.1137,35.285],[134.1157,35.2835],[134.1271,35.2801],[134.1313,35.2802],[134.1333,35.2812],[134.1343,35.2832],[134.1398,35.2788],[134.1413,35.2747],[134.1381,35.2727],[134.1377,35.2693],[134.1401,35.2682],[134.1404,35.2662],[134.1422,35.2639],[134.146,35.2622],[134.1455,35.2611],[134.1499,35.2602],[134.1506,35.258],[134.1467,35.2535],[134.1447,35.2536],[134.145,35.252],[134.143,35.2507],[134.1429,35.2482],[134.1445,35.2458],[134.1438,35.2445],[134.1455,35.243],[134.143,35.2412],[134.1401,35.2412],[134.1373,35.2387],[134.1445,35.2313],[134.1582,35.2346],[134.1614,35.2325],[134.1621,35.2302],[134.1642,35.228],[134.1616,35.2232],[134.1635,35.2196],[134.1623,35.2187],[134.1622,35.2165],[134.159,35.2111],[134.1566,35.2098],[134.1565,35.2076],[134.1549,35.207],[134.1546,35.2025],[134.1531,35.2002],[134.1542,35.1983],[134.1529,35.1963],[134.1554,35.1936],[134.1609,35.1918],[134.1612,35.1903],[134.1656,35.1873],[134.1672,35.1822],[134.1689,35.1802],[134.1676,35.178],[134.1685,35.1753],[134.1674,35.172],[134.1724,35.1697],[134.1776,35.1692],[134.1806,35.1715],[134.1899,35.1759],[134.1907,35.1801],[134.1937,35.1843],[134.194,35.1874],[134.1929,35.1886],[134.1935,35.1891],[134.1984,35.1905],[134.2013,35.1906],[134.2014,35.1895],[134.2032,35.1888],[134.2118,35.1898],[134.2131,35.1908],[134.2165,35.1895],[134.2218,35.1905],[134.2231,35.1927],[134.2259,35.1932],[134.2256,35.1954],[134.2278,35.1972],[134.2326,35.1974],[134.235,35.1993],[134.2442,35.1985],[134.2498,35.2007],[134.2521,35.2031],[134.2522,35.2054],[134.2541,35.2083],[134.2585,35.2094],[134.2605,35.211],[134.2638,35.2087],[134.268,35.2084],[134.2685,35.2039],[134.2705,35.2014],[134.2746,35.2005],[134.2785,35.1969],[134.2813,35.1967],[134.2826,35.198],[134.2917,35.2001],[134.2939,35.1993],[134.299,35.2019],[134.3136,35.2006],[134.3167,35.2023],[134.3212,35.2018],[134.3319,35.2122],[134.335,35.2132],[134.335,35.2151],[134.3367,35.2174],[134.3367,35.2196],[134.3398,35.2213],[134.3432,35.2207],[134.3468,35.2225],[134.3504,35.2228],[134.3548,35.2267],[134.3689,35.2317],[134.3748,35.2377],[134.3734,35.2396],[134.3744,35.2412],[134.3726,35.2447],[134.373,35.2458],[134.3785,35.2464],[134.3814,35.2489],[134.3844,35.2491],[134.3899,35.2522],[134.3933,35.2527],[134.3954,35.2506],[134.398,35.2503],[134.3984,35.2488],[134.4016,35.2461],[134.4014,35.2427],[134.4028,35.241]]}},{"type":"Feature","properties":{"n":"p","a":31,"b":34},"geometry":{"type":"LineString","coordinates":[[133.2691,35.0577],[133.2654,35.0616],[133.2608,35.0634],[133.2595,35.0671],[133.2554,35.0705],[133.2538,35.0752],[133.2519,35.0757],[133.2517,35.0776],[133.2496,35.079],[133.2439,35.0782],[133.2392,35.0795],[133.2358,35.0772],[133.2323,35.0774],[133.2332,35.0751],[133.2323,35.0714],[133.2334,35.0699],[133.2301,35.068],[133.2266,35.0684],[133.2202,35.0715],[133.218,35.0713],[133.2149,35.0739],[133.2109,35.0742],[133.2061,35.0735],[133.2033,35.072],[133.1991,35.0725],[133.1942,35.0705],[133.1865,35.0699],[133.1829,35.0684],[133.1804,35.0689],[133.1795,35.0673],[133.1757,35.0675],[133.1732,35.0693],[133.1683,35.0675],[133.1667,35.0694],[133.1653,35.0693],[133.1643,35.0725],[133.161,35.0742],[133.1583,35.0716],[133.1565,35.0725],[133.1539,35.0719],[133.1527,35.069],[133.1482,35.0669],[133.1463,35.0678],[133.1454,35.0661],[133.1421,35.0647],[133.1384,35.0689],[133.1363,35.0696],[133.1364,35.0743]]}},{"type":"Feature","properties":{"n":"p","a":32,"b":34},"geometry":{"type":"LineString","coordinates":[[133.1364,35.0743],[133.1342,35.0762],[133.1314,35.0759],[133.1266,35.0769],[133.1256,35.0813],[133.1195,35.0849],[133.1147,35.0849],[133.1139,35.0839],[133.1134,35.0856],[133.1113,35.0856],[133.1068,35.0824],[133.1022,35.0823],[133.1001,35.0829],[133.099,35.0848],[133.0976,35.0842],[133.0964,35.0854],[133.0934,35.0844],[133.0929,35.0832],[133.0888,35.081],[133.086,35.078],[133.0809,35.0808],[133.0726,35.0821],[133.071,35.0821],[133.0685,35.0799],[133.0672,35.081],[133.0608,35.0815],[133.0521,35.0697],[133.0469,35.0683],[133.0448,35.0686],[133.0434,35.0676],[133.0331,35.0682],[133.0314,35.0729],[133.0281,35.0736],[133.0253,35.0773],[133.0206,35.0777],[133.0186,35.0788],[133.0164,35.0784],[133.0161,35.0802],[133.0146,35.0815],[133.016,35.0819],[133.016,35.0858],[133.0145,35.0877],[133.0074,35.0905],[133.0035,35.0903],[133.0032,35.0931],[133.002,35.0932],[133.002,35.0955],[133.0001,35.0972],[132.9979,35.0974],[132.9972,35.0985],[132.9941,35.0977],[132.9924,35.0982],[132.9908,35.1013],[132.9872,35.1006],[132.9825,35.0976],[132.9787,35.0911],[132.9786,35.088],[132.9798,35.0867],[132.9772,35.0861],[132.9752,35.0846],[132.9747,35.083],[132.9713,35.0815],[132.9676,35.0813],[132.9657,35.0796],[132.9552,35.0782],[132.9513,35.0768],[132.9502,35.0754],[132.9475,35.0758],[132.9385,35.0815],[132.9369,35.0812],[132.9342,35.0839],[132.9261,35.0805],[132.9236,35.0843],[132.9206,35.0838],[132.9185,35.0856],[132.9161,35.0846],[132.9095,35.0862],[132.9077,35.0899],[132.9039,35.0933],[132.9028,35.0966],[132.9004,35.0979],[132.8995,35.1006],[132.8972,35.1016],[132.8974,35.1041],[132.8953,35.1048],[132.8879,35.1057],[132.8835,35.1049],[132.8775,35.1017],[132.8729,35.1022],[132.8698,35.0989],[132.865,35.0977],[132.8613,35.0956],[132.8596,35.0925],[132.8601,35.0909],[132.8585,35.0892],[132.846,35.0809],[132.8448,35.0769],[132.8407,35.0742],[132.8392,35.0704],[132.8354,35.0691],[132.8281,35.0621],[132.8279,35.0611],[132.8307,35.0589],[132.8329,35.0549],[132.8348,35.0531],[132.8371,35.0525],[132.8379,35.0509],[132.8367,35.047],[132.831,35.0456],[132.8274,35.0471],[132.8137,35.0406],[132.8128,35.0384],[132.8133,35.0359],[132.8097,35.0343],[132.811,35.0319],[132.8088,35.0286],[132.8073,35.0284],[132.8046,35.0248],[132.8023,35.0242],[132.799,35.0214],[132.793,35.0197],[132.7924,35.0181],[132.7886,35.0158],[132.787,35.0134],[132.7865,35.0089],[132.7878,35.0067],[132.7878,35.0048],[132.7856,35.0036],[132.7815,35.0033],[132.7765,34.9985],[132.77,34.9976],[132.7673,34.9963],[132.7656,34.9967],[132.7653,34.9942],[132.7634,34.9929],[132.7669,34.9913],[132.7653,34.9893],[132.7687,34.9839],[132.766,34.9825],[132.7643,34.983],[132.7631,34.9811],[132.7559,34.9773],[132.7536,34.9788],[132.7488,34.9789],[132.7482,34.9778],[132.7451,34.9768],[132.7496,34.9726],[132.749,34.9713],[132.7514,34.9698],[132.7516,34.9678],[132.753,34.9668],[132.7493,34.9658],[132.7508,34.9651],[132.7497,34.9603],[132.7439,34.9585],[132.7425,34.9563],[132.7406,34.9567],[132.7405,34.961],[132.7386,34.9623],[132.7385,34.9605],[132.7374,34.9597],[132.7335,34.9589],[132.7327,34.9574],[132.7277,34.9564],[132.726,34.9543],[132.7273,34.9527],[132.7204,34.9481],[132.7171,34.9492],[132.717,34.9512],[132.7143,34.9534],[132.7118,34.9528],[132.7103,34.9545],[132.7073,34.9551],[132.7021,34.9515],[132.6983,34.9536],[132.694,34.9521],[132.6892,34.9523],[132.6852,34.9506],[132.6844,34.9461],[132.6798,34.9415],[132.6758,34.9326],[132.6722,34.9309],[132.6693,34.9314],[132.6666,34.9306],[132.6658,34.9277],[132.6625,34.9257],[132.6609,34.9233],[132.6576,34.9224],[132.6557,34.9232],[132.6539,34.9212],[132.6513,34.9204],[132.6515,34.9178],[132.6476,34.9126],[132.6479,34.9112],[132.6428,34.909],[132.6423,34.9052],[132.6412,34.9038],[132.634,34.9048],[132.6335,34.9009],[132.6358,34.8987],[132.6456,34.899],[132.6506,34.9008],[132.6557,34.8995],[132.6579,34.8972],[132.6598,34.8914],[132.6636,34.8897],[132.6668,34.8903],[132.6752,34.8945],[132.6773,34.8932],[132.6787,34.8907],[132.6802,34.8847],[132.6881,34.8846],[132.6922,34.883],[132.701,34.8817],[132.7046,34.8705],[132.7059,34.8633],[132.7101,34.8586],[132.7108,34.8523],[132.7106,34.8499],[132.7025,34.8473],[132.6987,34.8429],[132.693,34.8442],[132.6928,34.8459],[132.6912,34.847],[132.6915,34.8506],[132.6837,34.8514],[132.6816,34.8506],[132.6804,34.8517],[132.6789,34.8507],[132.6789,34.8495],[132.6751,34.8475],[132.6751,34.8461],[132.6725,34.8453],[132.6704,34.8391],[132.6712,34.8379],[132.6697,34.8369],[132.6691,34.8346],[132.6697,34.8328],[132.6621,34.8321],[132.6595,34.8324],[132.6576,34.8354],[132.6558,34.835],[132.6533,34.8369],[132.6523,34.8405],[132.6475,34.8401],[132.644,34.8375],[132.6395,34.8397],[132.6379,34.8393],[132.6366,34.8408],[132.6362,34.839],[132.6329,34.84],[132.6316,34.8416],[132.6326,34.8427],[132.6312,34.8431],[132.6211,34.8422],[132.6185,34.8436],[132.6177,34.8421],[132.6147,34.843],[132.6152,34.8415],[132.6132,34.8404],[132.6131,34.8392],[132.6118,34.8402],[132.6119,34.8387],[132.6108,34.8376],[132.6119,34.8366],[132.6112,34.8359],[132.6123,34.8347],[132.6122,34.833],[132.6092,34.832],[132.6069,34.8324],[132.6044,34.8306],[132.6005,34.8316],[132.5992,34.8336],[132.5983,34.8329],[132.5988,34.8315],[132.5921,34.827],[132.592,34.8236],[132.59,34.8211],[132.5878,34.8214],[132.5858,34.823],[132.5823,34.817],[132.5771,34.8156],[132.5693,34.8116],[132.5678,34.8062],[132.5652,34.8061],[132.5625,34.8077],[132.5592,34.8069],[132.5541,34.8083],[132.5506,34.8062],[132.5482,34.803],[132.5465,34.8026],[132.5436,34.7966],[132.5381,34.795],[132.5272,34.7989],[132.5197,34.804],[132.5135,34.8008],[132.5113,34.8014],[132.5076,34.7964],[132.5056,34.796],[132.5011,34.7995],[132.4984,34.7988],[132.495,34.8014],[132.4928,34.7995],[132.4902,34.8],[132.4839,34.7971],[132.4801,34.8],[132.4747,34.7996],[132.474,34.8011],[132.4715,34.8023],[132.4689,34.8019],[132.4672,34.8026],[132.4658,34.8017],[132.4627,34.8029],[132.4577,34.8025],[132.4543,34.8007],[132.4532,34.8028],[132.4567,34.8043],[132.4567,34.8074],[132.45,34.8113],[132.4463,34.8123],[132.4452,34.8133],[132.446,34.8152],[132.4398,34.8182],[132.4367,34.821],[132.4339,34.82],[132.4333,34.8172],[132.4299,34.8142],[132.4255,34.8125],[132.4209,34.8138],[132.4212,34.8118],[132.4244,34.8069],[132.4239,34.8035],[132.425,34.8019],[132.4248,34.7992],[132.4203,34.7973],[132.4146,34.7978],[132.413,34.7956],[132.4069,34.7917],[132.4068,34.7895],[132.4037,34.7867],[132.3991,34.7841],[132.3989,34.781],[132.3967,34.7794],[132.3928,34.7837],[132.3882,34.7826],[132.3852,34.7849],[132.3814,34.7858],[132.3818,34.7923],[132.383,34.7949],[132.3785,34.7989],[132.3743,34.801],[132.3609,34.8001],[132.3564,34.7968],[132.352,34.7981],[132.3468,34.7934],[132.3375,34.7902],[132.3345,34.79],[132.3233,34.7935],[132.3225,34.7954],[132.3195,34.7974],[132.319,34.8013],[132.3183,34.8016],[132.3157,34.8014],[132.313,34.797],[132.3058,34.7933],[132.3067,34.7897],[132.3006,34.7845],[132.3002,34.7811],[132.2979,34.7766],[132.2934,34.7792],[132.2898,34.7782],[132.2881,34.7799],[132.285,34.7804],[132.2802,34.7835],[132.2788,34.7871],[132.2793,34.7899],[132.2745,34.792],[132.2748,34.7933],[132.277,34.7945],[132.2784,34.7969],[132.2781,34.799],[132.2736,34.7999],[132.2698,34.7983],[132.2671,34.8027],[132.2607,34.805],[132.2596,34.8068],[132.2485,34.8069],[132.2469,34.8058],[132.244,34.8068],[132.242,34.8064],[132.2383,34.8016],[132.2394,34.7993],[132.2436,34.7988],[132.2418,34.7944],[132.2429,34.7896],[132.2412,34.7876],[132.2427,34.783],[132.2402,34.7799],[132.2388,34.7796],[132.236,34.7768],[132.2328,34.7761],[132.2343,34.7737],[132.2291,34.7733],[132.2286,34.7708],[132.2251,34.7699],[132.2254,34.7674],[132.2269,34.7649],[132.2222,34.7603],[132.2247,34.7575],[132.2214,34.7522],[132.2224,34.7495],[132.2147,34.7455],[132.2099,34.7449],[132.2068,34.746],[132.204,34.7486],[132.2025,34.7487],[132.1997,34.7459],[132.1957,34.7444],[132.1965,34.7384],[132.1954,34.7374],[132.1919,34.7374],[132.1895,34.7353],[132.1892,34.7336],[132.1815,34.7346],[132.178,34.7368],[132.1768,34.734],[132.174,34.7312],[132.1725,34.7315],[132.1712,34.7297],[132.1671,34.7291],[132.1642,34.7258],[132.16,34.7255],[132.1577,34.7232],[132.1554,34.723],[132.1542,34.72],[132.1522,34.7198],[132.1512,34.7179],[132.1473,34.7179],[132.147,34.7171],[132.1433,34.7162],[132.1418,34.7131],[132.1432,34.7113],[132.1415,34.71],[132.1374,34.7095],[132.1358,34.7071],[132.1308,34.708],[132.1305,34.7062],[132.132,34.7023],[132.1295,34.6994],[132.1356,34.6973],[132.1367,34.6947],[132.1422,34.6916],[132.1444,34.694],[132.1583,34.6924],[132.1587,34.6904],[132.1611,34.6881],[132.1598,34.6847],[132.1619,34.6831],[132.1606,34.6815],[132.1572,34.6813],[132.1548,34.6788],[132.1555,34.6767],[132.1545,34.6748],[132.1469,34.6659],[132.1476,34.6621],[132.1453,34.6614],[132.1403,34.6542],[132.1372,34.6519],[132.1362,34.65],[132.1372,34.6482],[132.1337,34.6482],[132.1344,34.6451],[132.1337,34.6441],[132.1322,34.6443],[132.13,34.6424],[132.1278,34.6418],[132.1267,34.639],[132.1305,34.6346],[132.1308,34.6292],[132.1267,34.6274],[132.1266,34.6261],[132.1233,34.6237],[132.1219,34.6216],[132.1217,34.6176],[132.1163,34.6125],[132.1172,34.6083],[132.1165,34.6066],[132.1182,34.6036],[132.1176,34.6018],[132.1297,34.5955],[132.1286,34.593],[132.1268,34.5923],[132.1245,34.5893],[132.1255,34.5832],[132.118,34.5785],[132.119,34.5724],[132.1159,34.5678],[132.1139,34.5627],[132.1095,34.5612],[132.1069,34.5572],[132.1,34.555],[132.0963,34.549],[132.0892,34.5448],[132.0882,34.5415],[132.084,34.5375],[132.0799,34.5365],[132.076,34.5369],[132.0741,34.5349],[132.0637,34.534],[132.0631,34.5322],[132.0589,34.5312],[132.0578,34.5295],[132.0524,34.5303],[132.0477,34.5212],[132.0473,34.5188],[132.0488,34.5154],[132.0476,34.515],[132.0471,34.5125],[132.044,34.509],[132.0428,34.5087],[132.0426,34.5069],[132.0407,34.5062],[132.0382,34.5028],[132.0365,34.5019],[132.0365,34.5011],[132.0393,34.4995],[132.0411,34.5003],[132.0439,34.4994],[132.0475,34.5004],[132.0487,34.4993],[132.0522,34.4989],[132.0538,34.496],[132.056,34.4956],[132.0597,34.4923],[132.0597,34.4891],[132.0574,34.4866],[132.0572,34.4822],[132.0581,34.4803],[132.0614,34.4795],[132.0632,34.4765],[132.0649,34.4758],[132.0672,34.4724],[132.0664,34.4703],[132.0682,34.4694],[132.0686,34.4677]]}},{"type":"Feature","properties":{"n":"p","a":32,"b":35},"geometry":{"type":"LineString","coordinates":[[131.6906,34.681],[131.6883,34.675],[131.6884,34.6718],[131.6866,34.6695],[131.6839,34.6688],[131.6844,34.6672],[131.6899,34.6632],[131.6894,34.6608],[131.6883,34.6601],[131.6888,34.6568],[131.6952,34.656],[131.6965,34.6524],[131.6944,34.6507],[131.6949,34.6488],[131.6969,34.6483],[131.7005,34.6492],[131.6971,34.6435],[131.6981,34.6405],[131.6975,34.6358],[131.6964,34.6344],[131.6983,34.6318],[131.6942,34.6277],[131.6962,34.6229],[131.6948,34.6207],[131.6999,34.6162],[131.7067,34.6129],[131.7102,34.6128],[131.7103,34.6145],[131.7142,34.6131],[131.7184,34.6134],[131.7184,34.6097],[131.7169,34.606],[131.7198,34.6007],[131.7174,34.5989],[131.719,34.5968],[131.7202,34.5919],[131.7199,34.5864],[131.7207,34.5844],[131.72,34.583],[131.7258,34.5801],[131.7276,34.5764],[131.7252,34.5748],[131.7244,34.572],[131.7204,34.5725],[131.7167,34.5703],[131.716,34.5674],[131.713,34.564],[131.7132,34.5628],[131.7062,34.5633],[131.7044,34.5652],[131.7028,34.5651],[131.7032,34.5619],[131.7054,34.5596],[131.7009,34.551],[131.7031,34.5505],[131.7043,34.546],[131.7056,34.5449],[131.7049,34.5415],[131.7008,34.5377],[131.701,34.5368],[131.7036,34.5363],[131.7067,34.5329],[131.7054,34.5316],[131.704,34.5323],[131.7014,34.5306],[131.7007,34.5287],[131.6987,34.5279],[131.6953,34.5238],[131.6877,34.5213],[131.6858,34.517],[131.683,34.5188],[131.6814,34.5185],[131.6759,34.5146],[131.6732,34.511],[131.6693,34.5107],[131.668,34.5041],[131.6697,34.5024],[131.6726,34.5024],[131.6753,34.5011],[131.6798,34.4933],[131.6821,34.4932],[131.6824,34.4882],[131.6806,34.4852],[131.6818,34.4836],[131.6823,34.4788],[131.6884,34.479],[131.6934,34.4816],[131.6962,34.4808],[131.6977,34.4776],[131.6991,34.477],[131.7,34.4746],[131.6989,34.4701],[131.6945,34.467],[131.6939,34.4655],[131.6942,34.4623],[131.6955,34.4612],[131.6966,34.4576],[131.6954,34.4563],[131.6955,34.4546],[131.6976,34.454],[131.6991,34.4523],[131.6972,34.4462],[131.6947,34.4456],[131.6939,34.4438],[131.697,34.4355],[131.6987,34.435],[131.7022,34.4359],[131.7098,34.432],[131.7129,34.4285],[131.7173,34.43],[131.7228,34.4289],[131.7295,34.4327],[131.7378,34.4286],[131.7415,34.4291],[131.7452,34.4352],[131.7485,34.436],[131.7519,34.439],[131.7537,34.439],[131.7554,34.4404],[131.7573,34.4394],[131.7569,34.4362],[131.7588,34.4342],[131.7614,34.4337],[131.7708,34.4371],[131.7726,34.4365],[131.7729,34.435],[131.7765,34.4348],[131.78,34.4357],[131.7876,34.4344],[131.7938,34.4362],[131.7938,34.435],[131.7955,34.4332],[131.7942,34.4253],[131.7932,34.425],[131.7933,34.4224],[131.7914,34.4188],[131.7871,34.4132],[131.7869,34.4107],[131.788,34.4083],[131.7854,34.4057],[131.7848,34.3999],[131.7786,34.3985],[131.7739,34.3935],[131.7729,34.3874],[131.7667,34.3849],[131.7635,34.3809],[131.7636,34.3771],[131.7673,34.3744],[131.7659,34.3717],[131.7674,34.3672],[131.7652,34.3641],[131.7685,34.3618],[131.7712,34.3558],[131.778,34.3534],[131.779,34.3502],[131.7784,34.3458],[131.7795,34.3446],[131.7769,34.3407],[131.7752,34.34],[131.7746,34.3375],[131.7769,34.3335],[131.7821,34.3329],[131.7845,34.3317],[131.7852,34.3299],[131.7881,34.3288],[131.7906,34.3301],[131.7959,34.3269],[131.7967,34.3221],[131.7959,34.3206],[131.7975,34.3178],[131.8024,34.317],[131.8063,34.3124],[131.8091,34.3116],[131.8131,34.3124],[131.8163,34.3105],[131.8183,34.3073],[131.8176,34.3062],[131.8201,34.3026],[131.8217,34.3031],[131.8219,34.3048],[131.8239,34.3053],[131.8314,34.3026],[131.8324,34.3034],[131.8342,34.3113],[131.8369,34.3111],[131.8379,34.3089],[131.8411,34.3083],[131.8452,34.311],[131.8474,34.3083],[131.8507,34.3066],[131.8548,34.3065],[131.86,34.3046],[131.8651,34.3061],[131.8696,34.305],[131.8733,34.3087],[131.8796,34.3096],[131.8813,34.3086],[131.8858,34.311],[131.8864,34.3137],[131.884,34.3213],[131.8864,34.3227],[131.8873,34.3248],[131.8864,34.3262],[131.8875,34.3272],[131.8905,34.3243],[131.896,34.3219],[131.8995,34.3182],[131.904,34.3233],[131.9115,34.3277],[131.915,34.3355],[131.9193,34.3381],[131.9215,34.3355],[131.9244,34.3344],[131.9276,34.3346],[131.93,34.3333],[131.933,34.3295],[131.933,34.3279],[131.9379,34.3274],[131.9422,34.3253],[131.9436,34.3234],[131.9454,34.3237],[131.9447,34.3207],[131.9465,34.3203],[131.9501,34.3146],[131.9549,34.3107],[131.9556,34.308],[131.9592,34.3065],[131.9611,34.3082],[131.9635,34.3136],[131.9608,34.321],[131.962,34.3212],[131.9627,34.3232],[131.9702,34.3235],[131.9754,34.3318],[131.9746,34.3366],[131.9755,34.3378],[131.9741,34.3414],[131.9807,34.3434],[131.9806,34.347],[131.982,34.3497],[131.9836,34.351],[131.9896,34.3524],[131.99,34.3543],[131.9941,34.3578],[131.9945,34.3616],[131.9978,34.3649],[132.0016,34.3663],[132.0075,34.3648],[132.0121,34.3674],[132.0135,34.3713],[132.0119,34.3724],[132.0118,34.375],[132.0135,34.3821],[132.0097,34.3843],[132.0093,34.3858],[132.0071,34.3863],[132.007,34.388],[132.0079,34.3882],[132.0068,34.3895],[132.0073,34.3904],[132.005,34.3937],[132.0024,34.3948],[132.0003,34.3973],[131.9975,34.4071],[131.9963,34.4082],[131.9943,34.4082],[131.9941,34.4108],[131.9899,34.4134],[131.9967,34.424],[131.9975,34.4279],[132.0059,34.4323],[132.0098,34.4313],[132.0111,34.4343],[132.0162,34.4375],[132.0173,34.4403],[132.0161,34.4418],[132.0169,34.4449],[132.0154,34.4521],[132.0189,34.4566],[132.0221,34.4576],[132.0232,34.4591],[132.0221,34.4602],[132.0233,34.4602],[132.0231,34.4609],[132.0251,34.4624],[132.0284,34.4616],[132.0348,34.4634],[132.0377,34.4668],[132.0373,34.4682],[132.039,34.4689],[132.0415,34.468],[132.0433,34.4691],[132.0473,34.4694],[132.0506,34.4662],[132.0549,34.4677],[132.0602,34.4678],[132.0638,34.4689],[132.0686,34.4677]]}},{"type":"Feature","properties":{"n":"p","a":33,"b":34},"geometry":{"type":"LineString","coordinates":[[133.4469,34.4798],[133.4461,34.4838],[133.449,34.4859],[133.4486,34.4883],[133.4513,34.4904],[133.4515,34.492],[133.4554,34.4949],[133.4564,34.4999],[133.4552,34.5016],[133.4556,34.5035],[133.4534,34.5067],[133.4449,34.5059],[133.4452,34.5097],[133.4465,34.5107],[133.4465,34.5118],[133.45,34.5123],[133.448,34.5157],[133.4485,34.5172],[133.4472,34.5205],[133.4487,34.5214],[133.4501,34.5265],[133.4544,34.5315],[133.4514,34.5384],[133.4487,34.5397],[133.4494,34.5408],[133.4492,34.545],[133.4477,34.5465],[133.4475,34.549],[133.4454,34.5499],[133.4464,34.5512],[133.4452,34.5521],[133.4465,34.5531],[133.4462,34.5563],[133.4437,34.5569],[133.4436,34.5586],[133.4403,34.5593],[133.4351,34.5658],[133.4312,34.5663],[133.4267,34.5691],[133.4277,34.5714],[133.4229,34.5793],[133.4221,34.5831],[133.4232,34.5855],[133.4222,34.5866],[133.4207,34.5872],[133.4165,34.5861],[133.4132,34.5867],[133.4128,34.5892],[133.4058,34.5893],[133.4052,34.5906],[133.4016,34.5921],[133.4001,34.594],[133.397,34.5949],[133.3982,34.5976],[133.3959,34.6053],[133.3944,34.6074],[133.3923,34.6081],[133.3928,34.6117],[133.3906,34.612],[133.3883,34.6147],[133.3847,34.6168],[133.3834,34.6218],[133.3847,34.6252],[133.3884,34.6271],[133.3888,34.6294],[133.3919,34.6313],[133.3872,34.6364],[133.3875,34.6388],[133.3891,34.6397],[133.3878,34.641],[133.3885,34.6434],[133.3907,34.6438],[133.392,34.6497],[133.3949,34.6497],[133.3965,34.6521],[133.3964,34.6559],[133.3977,34.6568],[133.3982,34.6587],[133.4002,34.6599],[133.4001,34.6621],[133.4022,34.6648],[133.4034,34.6719],[133.4014,34.674],[133.3968,34.6755],[133.3946,34.6737],[133.3926,34.6758],[133.3909,34.6752],[133.3858,34.6773],[133.3846,34.6798],[133.3827,34.6803],[133.3867,34.6849],[133.3834,34.6881],[133.3814,34.6917],[133.378,34.6926],[133.3742,34.6954],[133.3737,34.6995],[133.3745,34.7012],[133.3721,34.705],[133.3734,34.706],[133.3733,34.7077],[133.3698,34.7097],[133.3716,34.7132],[133.37,34.7176],[133.3685,34.7182],[133.37,34.7201],[133.3698,34.7228],[133.3645,34.7245],[133.3637,34.7264],[133.3617,34.7268],[133.3604,34.7309],[133.3582,34.7333],[133.3609,34.7345],[133.3643,34.7403],[133.3665,34.741],[133.3675,34.7432],[133.3695,34.7442],[133.3704,34.7469],[133.3702,34.7481],[133.3673,34.7496],[133.3681,34.7522],[133.3669,34.7539],[133.3618,34.7556],[133.3644,34.7599],[133.3677,34.7615],[133.3651,34.765],[133.3658,34.7657],[133.3646,34.7673],[133.3669,34.7685],[133.3674,34.7743],[133.3689,34.7742],[133.3703,34.7753],[133.3724,34.78],[133.3768,34.7818],[133.3705,34.7854],[133.3706,34.7885],[133.3697,34.7892],[133.3724,34.7912],[133.3724,34.7923],[133.3754,34.7936],[133.3756,34.7964],[133.3776,34.7971],[133.3766,34.8009],[133.3784,34.8025],[133.3781,34.8084],[133.3745,34.8139],[133.3728,34.8146],[133.3709,34.8138],[133.3686,34.8149],[133.3679,34.819],[133.3618,34.8203],[133.3587,34.8198],[133.3566,34.8236],[133.3565,34.8265],[133.3539,34.8283],[133.353,34.8306],[133.347,34.8316],[133.3482,34.8287],[133.3422,34.8303],[133.339,34.8341],[133.336,34.8348],[133.3359,34.8362],[133.3336,34.8378],[133.3326,34.8404],[133.3355,34.8446],[133.3345,34.8474],[133.3307,34.8495],[133.3311,34.8513],[133.3289,34.853],[133.331,34.854],[133.3313,34.8557],[133.3234,34.859],[133.3225,34.8609],[133.3242,34.8622],[133.324,34.8645],[133.322,34.8662],[133.3168,34.8672],[133.3146,34.8692],[133.3144,34.8728],[133.3092,34.8743],[133.3066,34.8775],[133.3059,34.8819],[133.3011,34.8845],[133.2969,34.8899],[133.2979,34.8909],[133.2966,34.8931],[133.2968,34.8945],[133.2952,34.8957],[133.297,34.8997],[133.2964,34.9013],[133.2941,34.9032],[133.2983,34.9065],[133.2975,34.9094],[133.3004,34.9124],[133.3032,34.9132],[133.3048,34.9175],[133.3046,34.9219],[133.3028,34.9247],[133.3019,34.9289],[133.3059,34.9323],[133.3064,34.934],[133.3094,34.937],[133.308,34.9411],[133.3044,34.9448],[133.3017,34.9504],[133.2983,34.9527],[133.2973,34.956],[133.3019,34.9605],[133.3023,34.9622],[133.3014,34.9633],[133.3049,34.965],[133.3045,34.9701],[133.3031,34.9721],[133.3108,34.9746],[133.3136,34.9779],[133.3133,34.9801],[133.3146,34.9817],[133.3202,34.9836],[133.3218,34.9885],[133.3206,34.9906],[133.321,34.9927],[133.3198,34.9945],[133.3192,34.9985],[133.3195,35.0018],[133.3212,35.0036],[133.3207,35.0052],[133.3218,35.0061],[133.32,35.0071],[133.3196,35.0086],[133.3172,35.0096],[133.3156,35.0125],[133.3112,35.0139],[133.3095,35.0134],[133.3087,35.0146],[133.3045,35.0154],[133.3031,35.0176],[133.3032,35.0205],[133.2969,35.0247],[133.2972,35.0261],[133.2955,35.0277],[133.2958,35.0295],[133.2932,35.0316],[133.2908,35.0362],[133.2877,35.0375],[133.2852,35.0407],[133.2823,35.0404],[133.2811,35.0421],[133.2797,35.0413],[133.2778,35.0435],[133.2746,35.0447],[133.2734,35.0478],[133.269,35.05],[133.2668,35.053],[133.2691,35.0577]]}},{"type":"Feature","properties":{"n":"r","a":33,"b":37,"g":"chugoku","d":"shikoku"},"geometry":{"type":"LineString","coordinates":[[133.9201,34.4185],[133.9253,34.4188]]}},{"type":"Feature","properties":{"n":"r","a":33,"b":37,"g":"chugoku","d":"shikoku"},"geometry":{"type":"LineString","coordinates":[[134.0076,34.498],[134.0104,34.4984],[134.012,34.4962],[134.0148,34.4967],[134.0166,34.4959],[134.0191,34.4984],[134.0194,34.5033],[134.0212,34.5036],[134.0239,34.5068]]}},{"type":"Feature","properties":{"n":"p","a":34,"b":35},"geometry":{"type":"LineString","coordinates":[[132.3193,34.1189],[132.3182,34.1209],[132.3145,34.1208],[132.3134,34.1222]]}},{"type":"Feature","properties":{"n":"p","a":34,"b":35},"geometry":{"type":"LineString","coordinates":[[132.2456,34.2107],[132.2207,34.2082],[132.2178,34.2068],[132.2147,34.2037],[132.2102,34.2026],[132.207,34.2033],[132.2022,34.2078],[132.1991,34.2069],[132.1974,34.2045],[132.1954,34.2044],[132.1933,34.207],[132.1988,34.2158],[132.1998,34.2194],[132.2024,34.2232],[132.2054,34.2254],[132.2049,34.2286],[132.2028,34.2286],[132.2011,34.2258],[132.1997,34.2252],[132.1968,34.2273],[132.1989,34.2297],[132.1979,34.2306],[132.1931,34.2304],[132.1942,34.2273],[132.1935,34.2265],[132.1842,34.2276],[132.1828,34.2294],[132.1808,34.2299],[132.1768,34.2286],[132.1719,34.2251],[132.1673,34.228],[132.168,34.229],[132.1709,34.2291],[132.1702,34.2308],[132.1714,34.2327],[132.1709,34.2336],[132.166,34.234],[132.1641,34.2326],[132.1598,34.2339],[132.1593,34.233],[132.1603,34.2299],[132.1569,34.2292],[132.1556,34.2306],[132.1554,34.233],[132.1509,34.2346],[132.1502,34.2372],[132.1443,34.2368],[132.1439,34.2405],[132.1461,34.2434],[132.1459,34.2477],[132.1474,34.2504],[132.1464,34.2568],[132.1446,34.2595],[132.1401,34.2606],[132.1354,34.2667],[132.136,34.2693],[132.1336,34.272],[132.1355,34.278],[132.1398,34.2822],[132.1401,34.2849],[132.1377,34.2884],[132.1297,34.2945],[132.1279,34.2916],[132.1256,34.2909],[132.1252,34.2931],[132.1285,34.2961],[132.124,34.2966],[132.1271,34.2997],[132.1295,34.304],[132.1245,34.3063],[132.1226,34.3104],[132.1248,34.3146],[132.124,34.3198],[132.1292,34.3224],[132.1284,34.3253],[132.1295,34.3269],[132.127,34.3308],[132.1274,34.3329],[132.1251,34.3338],[132.1216,34.3335],[132.1191,34.3305],[132.1117,34.3302],[132.1098,34.3277],[132.1075,34.3281],[132.1056,34.3295],[132.1036,34.3342],[132.101,34.3366],[132.1014,34.3451],[132.093,34.3514],[132.09,34.3509],[132.0878,34.3519],[132.086,34.354],[132.0853,34.3579],[132.0839,34.3582],[132.0828,34.3571],[132.0767,34.3555],[132.0713,34.3554],[132.0698,34.3563],[132.0712,34.3581],[132.0708,34.3601],[132.072,34.3653],[132.0719,34.3671],[132.0701,34.3696],[132.0704,34.3709],[132.0749,34.3737],[132.0751,34.3749],[132.0725,34.3772],[132.0751,34.3831],[132.0768,34.3838],[132.0765,34.3862],[132.0778,34.3879],[132.0774,34.3892],[132.0717,34.3898],[132.0698,34.391],[132.0722,34.3944],[132.0707,34.3958],[132.0718,34.398],[132.0734,34.3984],[132.073,34.4016],[132.0746,34.4022],[132.0735,34.4071],[132.0701,34.4105],[132.0688,34.416],[132.0735,34.4194],[132.074,34.424],[132.0756,34.424],[132.0774,34.4256],[132.0751,34.4262],[132.0757,34.4309],[132.0749,34.4318],[132.077,34.4377],[132.0798,34.4398],[132.081,34.4432],[132.078,34.4495],[132.0754,34.4527],[132.0754,34.4541],[132.0715,34.4583],[132.071,34.4629],[132.0679,34.465],[132.0686,34.4677]]}},{"type":"Feature","properties":{"n":"r","a":34,"b":38,"g":"chugoku","d":"shikoku"},"geometry":{"type":"LineString","coordinates":[[133.05,34.2852],[133.0507,34.2852]]}},{"type":"Feature","properties":{"n":"p","a":36,"b":37},"geometry":{"type":"LineString","coordinates":[[134.4402,34.2079],[134.4405,34.2033],[134.4398,34.2026],[134.4407,34.1997],[134.4389,34.1978],[134.4394,34.1956],[134.4379,34.1941],[134.4391,34.1911],[134.438,34.1895],[134.4318,34.1864],[134.4292,34.1832],[134.4305,34.179],[134.4336,34.1788],[134.4339,34.1781],[134.4341,34.1746],[134.4327,34.1729],[134.4338,34.17],[134.4333,34.1684],[134.4254,34.1659],[134.4196,34.1579],[134.4143,34.1569],[134.4129,34.1569],[134.4115,34.1591],[134.4122,34.1603],[134.4114,34.1615],[134.4074,34.1625],[134.4042,34.167],[134.4025,34.1679],[134.4001,34.1678],[134.3971,34.1648],[134.3937,34.1635],[134.3881,34.1653],[134.3855,34.1651],[134.383,34.1722],[134.3757,34.1718],[134.375,34.1733],[134.3703,34.1758],[134.367,34.1794],[134.3631,34.1819],[134.3604,34.182],[134.3588,34.1842],[134.3555,34.1853],[134.3498,34.1853],[134.3481,34.1839],[134.3463,34.1753],[134.3442,34.1724],[134.334,34.1756],[134.3283,34.1732],[134.3188,34.1753],[134.3146,34.1773],[134.3105,34.1746],[134.3085,34.1709],[134.3009,34.1704],[134.2979,34.1686],[134.2968,34.1694],[134.2962,34.1725],[134.2922,34.1791],[134.2856,34.1798],[134.2825,34.1787],[134.2815,34.1773],[134.2772,34.1765],[134.2744,34.1788],[134.2736,34.1811],[134.2675,34.1821],[134.2661,34.1832],[134.2601,34.1835],[134.2548,34.1802],[134.2508,34.1805],[134.2474,34.1787],[134.2438,34.1807],[134.2398,34.1796],[134.2325,34.1806],[134.2307,34.1798],[134.2284,34.1808],[134.2279,34.1783],[134.2268,34.1778],[134.2237,34.1798],[134.2209,34.1799],[134.216,34.1764],[134.2076,34.1746],[134.2047,34.1728],[134.1987,34.1756],[134.1969,34.1728],[134.1952,34.1719],[134.1887,34.1732],[134.186,34.172],[134.1818,34.1749],[134.1798,34.1747],[134.1796,34.1761],[134.1785,34.1747],[134.1776,34.1765],[134.1767,34.1765],[134.176,34.1751],[134.1737,34.1753],[134.1738,34.1774],[134.173,34.1759],[134.1684,34.1745],[134.1666,34.1717],[134.1634,34.1697],[134.1594,34.1697],[134.1581,34.1674],[134.1526,34.1657],[134.1514,34.1664],[134.1463,34.1653],[134.1437,34.1584],[134.1407,34.1552],[134.137,34.1547],[134.1352,34.1516],[134.1374,34.1481],[134.1384,34.1413],[134.1377,34.1368],[134.1391,34.1339],[134.138,34.1323],[134.1324,34.1294],[134.1321,34.1273],[134.1298,34.1237],[134.1269,34.123],[134.1226,34.1189],[134.1193,34.1202],[134.1164,34.1183],[134.1059,34.1171],[134.1028,34.115],[134.0961,34.1145],[134.0921,34.115],[134.0864,34.119],[134.0815,34.1213],[134.0791,34.1211],[134.0749,34.117],[134.0718,34.1158],[134.0709,34.1128],[134.0693,34.1122],[134.067,34.113],[134.0615,34.1112],[134.0599,34.112],[134.0573,34.1162],[134.0539,34.1172],[134.0533,34.1183],[134.0503,34.1178],[134.0481,34.1151],[134.0445,34.1138],[134.0438,34.1117],[134.0421,34.1102],[134.0419,34.1059],[134.0402,34.1009],[134.0368,34.0988],[134.0311,34.0975],[134.0282,34.0931],[134.0254,34.0919],[134.0257,34.0893],[134.0277,34.087],[134.0265,34.0851],[134.0207,34.0844],[134.0163,34.0865],[134.0092,34.0866],[134.003,34.0815],[134.0018,34.0749],[133.9942,34.0726],[133.9911,34.0732],[133.9889,34.075],[133.9862,34.0733],[133.9776,34.0759],[133.9727,34.073],[133.9714,34.0779],[133.9686,34.0814],[133.9668,34.082],[133.9628,34.081],[133.9604,34.0819],[133.9587,34.0832],[133.9591,34.0863],[133.9565,34.0883],[133.9524,34.0897],[133.9486,34.0923],[133.9457,34.0922],[133.9439,34.0946],[133.9445,34.0963],[133.9435,34.1003],[133.9444,34.1005],[133.9444,34.102],[133.9426,34.1039],[133.9396,34.1049],[133.9376,34.1079],[133.9391,34.1108],[133.9398,34.1147],[133.9392,34.1154],[133.9318,34.1159],[133.9218,34.1143],[133.9116,34.1044],[133.903,34.1001],[133.9015,34.1002],[133.8968,34.1042],[133.8946,34.1076],[133.8928,34.1083],[133.8882,34.1058],[133.886,34.1057],[133.885,34.1045],[133.8808,34.1045],[133.8737,34.101],[133.871,34.1016],[133.8675,34.1002],[133.8656,34.1021],[133.8653,34.1046],[133.863,34.1055],[133.8602,34.1047],[133.8585,34.1057],[133.8546,34.1044],[133.8509,34.1013],[133.85,34.0992],[133.842,34.0951],[133.8384,34.0953],[133.8339,34.0981],[133.8311,34.096],[133.8229,34.0933],[133.8214,34.091],[133.8235,34.086],[133.8199,34.0821],[133.8203,34.0808],[133.8183,34.0796],[133.8192,34.078],[133.819,34.0749],[133.82,34.074],[133.8172,34.0723],[133.8144,34.0735],[133.8029,34.0701],[133.7975,34.0698],[133.7952,34.0708],[133.79,34.0757],[133.7919,34.0782],[133.7869,34.078],[133.7853,34.0799],[133.7823,34.0804],[133.7784,34.0794],[133.7773,34.0762],[133.7754,34.0745],[133.7724,34.0728],[133.769,34.0725],[133.7685,34.0734],[133.7678,34.0722],[133.7641,34.0707],[133.7635,34.0675],[133.7603,34.0646],[133.7587,34.0611],[133.7569,34.0595],[133.7544,34.0589],[133.753,34.057],[133.7509,34.0565],[133.7494,34.054],[133.7406,34.0503],[133.7332,34.045],[133.7288,34.0441],[133.728,34.0405],[133.7228,34.0368],[133.7214,34.0297],[133.7227,34.0249],[133.7206,34.0221],[133.7146,34.0193],[133.7138,34.0178],[133.7108,34.0172],[133.7093,34.0156],[133.7029,34.0163],[133.7029,34.0171],[133.7004,34.0181],[133.6982,34.0161],[133.697,34.0166],[133.6963,34.0154],[133.6935,34.0151],[133.6915,34.0132],[133.6897,34.0136],[133.6879,34.0123],[133.6853,34.0133],[133.6795,34.0126]]}},{"type":"Feature","properties":{"n":"p","a":36,"b":38},"geometry":{"type":"LineString","coordinates":[[133.6607,33.8818],[133.6624,33.8861],[133.6663,33.888],[133.6689,33.8875],[133.6706,33.8894],[133.6779,33.8931],[133.6778,33.8983],[133.6745,33.9032],[133.6765,33.9051],[133.6776,33.9096],[133.6819,33.9102],[133.6878,33.9162],[133.6905,33.9163],[133.6885,33.9216],[133.6856,33.9257],[133.6757,33.9264],[133.6765,33.9281],[133.6759,33.9313],[133.6765,33.9329],[133.6802,33.9345],[133.6818,33.9381],[133.6864,33.939],[133.6902,33.9416],[133.6924,33.9436],[133.6928,33.9468],[133.6891,33.9534],[133.6871,33.9549],[133.6918,33.9605],[133.6924,33.9625],[133.6866,33.9654],[133.6857,33.9639],[133.683,33.9646],[133.6831,33.9687],[133.6803,33.9702],[133.6812,33.9736],[133.6841,33.9764],[133.6812,33.9791],[133.6809,33.9813],[133.6822,33.9833],[133.6803,33.9843],[133.6751,33.9836],[133.6773,33.9943],[133.6807,33.9963],[133.682,33.9982],[133.6821,34.0009],[133.6857,34.0037],[133.6851,34.0071],[133.683,34.0076],[133.6793,34.0117],[133.6795,34.0126]]}},{"type":"Feature","properties":{"n":"p","a":36,"b":39},"geometry":{"type":"LineString","coordinates":[[133.6607,33.8818],[133.662,33.8794],[133.6613,33.8768],[133.6629,33.8703],[133.6658,33.8685],[133.6665,33.8659],[133.6732,33.8642],[133.6745,33.863],[133.6743,33.8608],[133.6773,33.8586],[133.6808,33.8595],[133.687,33.8565],[133.6908,33.8571],[133.6946,33.8564],[133.6976,33.8521],[133.7016,33.8498],[133.7074,33.8517],[133.7153,33.8509],[133.717,33.8496],[133.7195,33.8493],[133.7265,33.8499],[133.729,33.8511],[133.735,33.8496],[133.7381,33.8498],[133.7408,33.8463],[133.7409,33.8426],[133.748,33.8368],[133.7565,33.8365],[133.766,33.8403],[133.7733,33.8399],[133.7758,33.8423],[133.7835,33.8411],[133.7857,33.8424],[133.7867,33.8418],[133.7886,33.8362],[133.7975,33.8364],[133.7993,33.8375],[133.8062,33.8364],[133.809,33.838],[133.8178,33.8373],[133.8192,33.8375],[133.8196,33.8388],[133.8285,33.8447],[133.8328,33.844],[133.8384,33.8453],[133.8413,33.8426],[133.8428,33.8398],[133.8441,33.8393],[133.8445,33.8375],[133.8484,33.8353],[133.8537,33.8346],[133.8564,33.8284],[133.8662,33.8194],[133.8725,33.8102],[133.8724,33.8062],[133.8827,33.8054],[133.8851,33.8033],[133.8873,33.803],[133.8908,33.8034],[133.8934,33.8049],[133.9014,33.794],[133.9029,33.7937],[133.908,33.7952],[133.9134,33.7912],[133.9195,33.7978],[133.9241,33.7986],[133.9249,33.8006],[133.9345,33.799],[133.9379,33.8001],[133.9413,33.7992],[133.9475,33.8037],[133.9508,33.8094],[133.9508,33.8123],[133.9527,33.8155],[133.9531,33.8187],[133.9521,33.8212],[133.9531,33.8237],[133.9511,33.8289],[133.9574,33.8315],[133.9573,33.8334],[133.9598,33.8347],[133.97,33.8365],[133.9748,33.8364],[133.9791,33.8375],[133.9826,33.8406],[133.9851,33.8408],[133.9875,33.8395],[133.9871,33.8367],[133.9903,33.8307],[133.9901,33.8281],[133.9955,33.8222],[133.9977,33.8211],[134.0019,33.822],[134.0126,33.8218],[134.0151,33.8232],[134.0234,33.8247],[134.0267,33.8274],[134.0328,33.8284],[134.0369,33.8203],[134.037,33.815],[134.0339,33.8121],[134.0333,33.8093],[134.0392,33.8046],[134.0409,33.8017],[134.0468,33.7988],[134.0468,33.7961],[134.0458,33.7946],[134.046,33.7895],[134.0494,33.7873],[134.0503,33.7856],[134.0553,33.7847],[134.0564,33.782],[134.0581,33.7811],[134.0573,33.779],[134.0588,33.7764],[134.0589,33.7659],[134.0578,33.7647],[134.0591,33.7626],[134.0569,33.7578],[134.057,33.7533],[134.0561,33.7515],[134.0578,33.7505],[134.0595,33.7459],[134.059,33.7432],[134.0613,33.7409],[134.0618,33.7352],[134.0662,33.7341],[134.0684,33.7293],[134.065,33.7195],[134.0667,33.7158],[134.0696,33.7139],[134.0701,33.7112],[134.0667,33.7098],[134.0647,33.7066],[134.0635,33.7001],[134.0648,33.6982],[134.0566,33.694],[134.0581,33.691],[134.067,33.6887],[134.0737,33.6903],[134.0814,33.6905],[134.0904,33.6931],[134.0954,33.6924],[134.0995,33.6946],[134.106,33.6936],[134.1142,33.696],[134.1199,33.695],[134.1226,33.6961],[134.126,33.6959],[134.1334,33.694],[134.1355,33.6911],[134.1401,33.6895],[134.1477,33.6849],[134.1491,33.6859],[134.161,33.6868],[134.1638,33.6881],[134.1747,33.6843],[134.1758,33.6763],[134.1726,33.6751],[134.169,33.6707],[134.1716,33.6653],[134.1754,33.6616],[134.1713,33.6575],[134.1764,33.6535],[134.1788,33.6534],[134.1831,33.6506],[134.1842,33.649],[134.1786,33.6446],[134.1766,33.6448],[134.1705,33.642],[134.164,33.6354],[134.1615,33.635],[134.1584,33.6326],[134.1562,33.6334],[134.1513,33.6312],[134.1502,33.6306],[134.1493,33.6271],[134.1527,33.6258],[134.1549,33.6232],[134.1521,33.6172],[134.156,33.6118],[134.1589,33.6118],[134.1606,33.6128],[134.1646,33.6105],[134.1725,33.6096],[134.1759,33.6073],[134.1702,33.6021],[134.1703,33.6007],[134.1717,33.5997],[134.1705,33.5971],[134.1763,33.5939],[134.1788,33.5941],[134.1847,33.5887],[134.1857,33.5851],[134.1886,33.5815],[134.1869,33.579],[134.1878,33.5758],[134.1925,33.574],[134.1954,33.5685],[134.1955,33.5663],[134.194,33.565],[134.1932,33.5616],[134.1976,33.5612],[134.2117,33.567],[134.2185,33.5676],[134.2246,33.5633],[134.227,33.5628],[134.2287,33.561],[134.2295,33.5579],[134.2322,33.5557],[134.2374,33.5537],[134.2378,33.552],[134.2404,33.5536],[134.2415,33.5561],[134.2444,33.5556],[134.2495,33.5529],[134.2582,33.5533],[134.2623,33.5567],[134.2704,33.5549],[134.2707,33.5574],[134.2736,33.5606],[134.2785,33.5595],[134.2817,33.561],[134.2831,33.5598],[134.2887,33.5594],[134.2896,33.5582],[134.2957,33.5577],[134.2969,33.5565],[134.2964,33.5531],[134.3001,33.5538],[134.3008,33.5552],[134.3065,33.5538],[134.3066,33.553],[134.3048,33.5525],[134.3057,33.5486]]}},{"type":"Feature","properties":{"n":"p","a":36,"b":39},"geometry":{"type":"LineString","coordinates":[[134.3144,33.5401],[134.3142,33.5403]]}},{"type":"Feature","properties":{"n":"p","a":36,"b":39},"geometry":{"type":"LineString","coordinates":[[134.314,33.5404],[134.3139,33.5406]]}},{"type":"Feature","properties":{"n":"p","a":37,"b":38},"geometry":{"type":"LineString","coordinates":[[133.6795,34.0126],[133.6773,34.0157],[133.6783,34.0181],[133.6717,34.0206],[133.6701,34.0243],[133.6646,34.0274],[133.659,34.0274],[133.6568,34.0299],[133.6531,34.0277],[133.6498,34.027],[133.6444,34.0277],[133.6428,34.0262],[133.6393,34.0255],[133.6373,34.0265],[133.6361,34.029],[133.6328,34.0298],[133.6296,34.0342],[133.6296,34.036],[133.6269,34.0378],[133.6211,34.0346],[133.6189,34.0353],[133.6165,34.033],[133.6134,34.0322],[133.6085,34.0344],[133.6073,34.0368],[133.6041,34.036],[133.6009,34.0411],[133.5988,34.0419],[133.5982,34.0432]]}},{"type":"Feature","properties":{"n":"p","a":38,"b":39},"geometry":{"type":"LineString","coordinates":[[132.6553,32.9251],[132.6564,32.9318],[132.6525,32.9395],[132.6551,32.9409],[132.6593,32.9401],[132.6607,32.9425],[132.6657,32.9418],[132.6682,32.943],[132.6716,32.9423],[132.6747,32.9431],[132.6757,32.9443],[132.6781,32.9429],[132.6834,32.9468],[132.6845,32.95],[132.6817,32.958],[132.683,32.9595],[132.6835,32.9629],[132.6811,32.9641],[132.6823,32.9651],[132.6865,32.9631],[132.6862,32.968],[132.6898,32.9705],[132.6915,32.9736],[132.6907,32.9757],[132.6873,32.976],[132.6871,32.9822],[132.6844,32.9826],[132.6854,32.9846],[132.6842,32.9862],[132.6842,32.9894],[132.6814,32.9938],[132.6869,32.998],[132.685,33.0002],[132.6836,33.0046],[132.6813,33.0063],[132.68,33.009],[132.6769,33.0106],[132.6787,33.0129],[132.6758,33.0164],[132.6766,33.0217],[132.6754,33.0221],[132.6774,33.0249],[132.6786,33.0288],[132.6782,33.0377],[132.6746,33.0407],[132.6712,33.0459],[132.6662,33.0487],[132.6611,33.0553],[132.6591,33.0556],[132.6577,33.0571],[132.662,33.0631],[132.6666,33.0662],[132.6695,33.0712],[132.6679,33.0762],[132.6685,33.0781],[132.6667,33.0807],[132.6701,33.0855],[132.6693,33.0924],[132.666,33.0995],[132.664,33.1082],[132.6616,33.1097],[132.6539,33.1104],[132.6462,33.116],[132.6444,33.1222],[132.6383,33.1279],[132.6375,33.1324],[132.6361,33.133],[132.631,33.1321],[132.6285,33.1336],[132.6285,33.1368],[132.6323,33.1492],[132.6273,33.1538],[132.6248,33.1594],[132.6191,33.1629],[132.6149,33.169],[132.6195,33.1735],[132.6194,33.1809],[132.6248,33.184],[132.6357,33.1864],[132.6372,33.1846],[132.6371,33.1828],[132.6348,33.1808],[132.6345,33.1784],[132.6396,33.173],[132.6444,33.1729],[132.647,33.1717],[132.6488,33.1679],[132.6517,33.1667],[132.6594,33.1603],[132.6624,33.1544],[132.6681,33.1515],[132.6733,33.1508],[132.6804,33.1442],[132.6864,33.135],[132.6958,33.1376],[132.6952,33.1403],[132.6959,33.1426],[132.6986,33.1464],[132.7104,33.153],[132.712,33.1561],[132.7144,33.1567],[132.7154,33.159],[132.7173,33.16],[132.7194,33.1667],[132.7256,33.1681],[132.7281,33.1699],[132.7313,33.1739],[132.7319,33.1769],[132.7352,33.1807],[132.7378,33.1818],[132.7372,33.1863],[132.7387,33.1882],[132.7419,33.1897],[132.741,33.1915],[132.7393,33.1922],[132.7384,33.1959],[132.7408,33.2015],[132.7428,33.201],[132.7484,33.2035],[132.7509,33.2019],[132.7587,33.2015],[132.7622,33.2034],[132.7658,33.2043],[132.768,33.2033],[132.7715,33.2054],[132.7756,33.206],[132.776,33.2083],[132.7741,33.2101],[132.773,33.2135],[132.7735,33.2153],[132.7726,33.2166],[132.7735,33.219],[132.7709,33.221],[132.7711,33.2262],[132.7746,33.2284],[132.7751,33.2325],[132.774,33.2366],[132.7722,33.2386],[132.772,33.2413],[132.7775,33.2459],[132.7784,33.2482],[132.7777,33.2515],[132.7795,33.2561],[132.7827,33.2573],[132.7873,33.2626],[132.7875,33.2681],[132.7926,33.2746],[132.7972,33.2743],[132.809,33.2799],[132.8144,33.2806],[132.8149,33.2824],[132.8169,33.2837],[132.8212,33.2835],[132.8243,33.2822],[132.8279,33.2832],[132.8328,33.2855],[132.8369,33.2895],[132.8404,33.2878],[132.8496,33.2896],[132.8537,33.2929],[132.8569,33.2928],[132.859,33.294],[132.8631,33.2978],[132.8715,33.303],[132.8725,33.3049],[132.8849,33.3071],[132.8928,33.3117],[132.8958,33.3121],[132.8985,33.3147],[132.8987,33.3168],[132.9005,33.319],[132.9007,33.3207],[132.899,33.3245],[132.9016,33.3271],[132.9035,33.331],[132.9018,33.3358],[132.903,33.3379],[132.9012,33.3404],[132.9004,33.3437],[132.8947,33.3495],[132.8935,33.353],[132.891,33.3549],[132.8901,33.3575],[132.8871,33.3587],[132.8838,33.3623],[132.8741,33.364],[132.8698,33.3674],[132.8665,33.3682],[132.8618,33.3675],[132.86,33.3685],[132.8593,33.3736],[132.8566,33.3781],[132.8565,33.3826],[132.853,33.3883],[132.8556,33.3901],[132.8562,33.3919],[132.8544,33.3984],[132.852,33.3978],[132.8489,33.3986],[132.8465,33.3975],[132.8419,33.3985],[132.8408,33.3979],[132.8358,33.4002],[132.8338,33.4062],[132.8324,33.4065],[132.8316,33.4089],[132.8333,33.4119],[132.8326,33.4137],[132.8314,33.4141],[132.8338,33.4157],[132.8331,33.4183],[132.834,33.4202],[132.8307,33.4204],[132.8291,33.4221],[132.8249,33.4229],[132.8253,33.4253],[132.8234,33.4295],[132.8245,33.4346],[132.8278,33.4384],[132.8266,33.4456],[132.8219,33.4486],[132.8134,33.451],[132.8128,33.4526],[132.8082,33.4535],[132.8085,33.4553],[132.8065,33.457],[132.8073,33.4581],[132.807,33.4608],[132.8094,33.4648],[132.8115,33.4661],[132.815,33.4643],[132.8189,33.4665],[132.8212,33.4701],[132.8206,33.4726],[132.8272,33.4724],[132.8325,33.4761],[132.8341,33.4742],[132.8394,33.4743],[132.8469,33.4792],[132.8599,33.4757],[132.8647,33.4722],[132.8723,33.4711],[132.8775,33.4718],[132.8811,33.471],[132.8838,33.4729],[132.8874,33.4724],[132.8889,33.4735],[132.8939,33.4725],[132.8982,33.4703],[132.9152,33.4677],[132.9286,33.4685],[132.9315,33.4703],[132.9359,33.4714],[132.9366,33.4708],[132.9385,33.4721],[132.944,33.472],[132.9465,33.4687],[132.9496,33.4681],[132.9517,33.4666],[132.959,33.4663],[132.9727,33.4698],[132.9788,33.4729],[132.9865,33.4728],[132.9925,33.4759],[132.995,33.4749],[132.997,33.476],[132.999,33.4758],[133.0153,33.4808],[133.0133,33.4904],[133.0203,33.4956],[133.0254,33.5022],[133.0262,33.5052],[133.0318,33.5088],[133.0319,33.51],[133.0344,33.512],[133.0383,33.5193],[133.0385,33.5217],[133.0372,33.5243],[133.0378,33.5262],[133.0463,33.5303],[133.0567,33.5381],[133.0592,33.5387],[133.0612,33.5419],[133.0622,33.5412],[133.0641,33.5425],[133.0603,33.5541],[133.0605,33.558],[133.0623,33.5616],[133.0555,33.5674],[133.054,33.5704],[133.0489,33.5732],[133.0466,33.5763],[133.0478,33.5828],[133.0503,33.5862],[133.0552,33.5898],[133.0544,33.5931],[133.0566,33.5958],[133.0634,33.5975],[133.0642,33.5997],[133.07,33.6011],[133.0769,33.6065],[133.0768,33.6082],[133.0796,33.6087],[133.0785,33.6123],[133.073,33.6145],[133.0701,33.6196],[133.0681,33.6201],[133.0672,33.6217],[133.0689,33.6261],[133.0684,33.6285],[133.0705,33.6331],[133.0703,33.6364],[133.0733,33.6405],[133.075,33.6506],[133.0775,33.6536],[133.0818,33.6546],[133.084,33.6541],[133.0906,33.6578],[133.0976,33.6582],[133.1067,33.6567],[133.1166,33.6602],[133.1184,33.6678],[133.1215,33.6741],[133.1195,33.6776],[133.1215,33.6863],[133.1192,33.6886],[133.1203,33.6906],[133.125,33.6964],[133.1253,33.6983],[133.134,33.6998],[133.1446,33.7047],[133.145,33.7069],[133.1413,33.7102],[133.1398,33.7157],[133.1458,33.7195],[133.1465,33.7226],[133.1517,33.7247],[133.1612,33.7315],[133.1593,33.7339],[133.1591,33.7426],[133.1577,33.7458],[133.1584,33.7469],[133.1578,33.7502],[133.1636,33.7542],[133.165,33.7566],[133.1726,33.7583],[133.1757,33.7608],[133.1768,33.7638],[133.1799,33.764],[133.1806,33.7655],[133.1826,33.7666],[133.1838,33.7684],[133.1824,33.7715],[133.1873,33.7774],[133.1871,33.7794],[133.1905,33.7836],[133.1903,33.7872],[133.1928,33.7939],[133.2057,33.7945],[133.2065,33.7929],[133.2144,33.7868],[133.2198,33.7804],[133.2229,33.7806],[133.2253,33.7825],[133.2312,33.7839],[133.2369,33.7827],[133.2442,33.7881],[133.2461,33.789],[133.2499,33.7883],[133.2559,33.7924],[133.2624,33.8047],[133.2611,33.807],[133.2607,33.811],[133.2641,33.815],[133.2654,33.8188],[133.2677,33.821],[133.2677,33.8241],[133.2745,33.8281],[133.2774,33.8309],[133.278,33.8302],[133.2822,33.832],[133.2886,33.8294],[133.2938,33.8287],[133.3011,33.8241],[133.3103,33.8159],[133.3192,33.8161],[133.3257,33.8147],[133.329,33.8165],[133.3336,33.8215],[133.3362,33.8218],[133.3411,33.8242],[133.3456,33.8248],[133.3505,33.8287],[133.3525,33.8326],[133.3556,33.8343],[133.362,33.8332],[133.3688,33.8294],[133.376,33.8287],[133.3914,33.8243],[133.393,33.8277],[133.3968,33.8306],[133.4008,33.8362],[133.4063,33.8363],[133.4153,33.8399],[133.4196,33.8397],[133.4217,33.8385],[133.4249,33.8393],[133.428,33.8365],[133.4355,33.8343],[133.4413,33.8337],[133.4457,33.8348],[133.449,33.8332],[133.4546,33.8369],[133.4632,33.8345],[133.4672,33.8355],[133.4682,33.8367],[133.4705,33.8368],[133.4733,33.8337],[133.4832,33.833],[133.4866,33.8297],[133.4919,33.8324],[133.496,33.8312],[133.4974,33.8294],[133.4991,33.8291],[133.5079,33.8358],[133.5065,33.8398],[133.5089,33.8448],[133.5079,33.8462],[133.5083,33.8471],[133.5095,33.8483],[133.5181,33.8473],[133.5224,33.8522],[133.5264,33.8537],[133.5259,33.8617],[133.5361,33.8658],[133.5359,33.8715],[133.5396,33.8745],[133.5401,33.8786],[133.5439,33.8788],[133.55,33.882],[133.5569,33.8823],[133.5612,33.8759],[133.5691,33.8736],[133.5715,33.8718],[133.5713,33.8696],[133.5781,33.8681],[133.5816,33.8687],[133.583,33.8676],[133.5868,33.8721],[133.5927,33.8752],[133.5961,33.8797],[133.5976,33.8802],[133.6032,33.8799],[133.607,33.8815],[133.6109,33.8808],[133.617,33.8768],[133.6273,33.872],[133.6298,33.8729],[133.6353,33.8802],[133.639,33.8807],[133.6434,33.8834],[133.6517,33.8828],[133.654,33.8816],[133.6581,33.8812],[133.6607,33.8818]]}},{"type":"Feature","properties":{"n":"p","a":40,"b":41},"geometry":{"type":"LineString","coordinates":[[130.3558,33.1405],[130.3559,33.1538],[130.3521,33.1695],[130.3531,33.1805],[130.347,33.182],[130.347,33.1836],[130.3426,33.1882],[130.3405,33.1885],[130.3396,33.2045],[130.3406,33.2066],[130.3431,33.2084],[130.356,33.2095],[130.3623,33.2153],[130.3787,33.2212],[130.379,33.2292],[130.3754,33.2325],[130.3731,33.233],[130.3699,33.2378],[130.3701,33.2397],[130.3726,33.2419],[130.3732,33.2443],[130.3761,33.2444],[130.3785,33.2415],[130.3854,33.2405],[130.3903,33.2452],[130.3908,33.247],[130.391,33.2502],[130.389,33.2544],[130.3892,33.2578],[130.3911,33.2598],[130.3941,33.2606],[130.3979,33.2601],[130.4008,33.2581],[130.4021,33.2487],[130.4089,33.2494],[130.4134,33.2513],[130.4165,33.2548],[130.4195,33.2616],[130.4171,33.2664],[130.4181,33.2694],[130.4208,33.2719],[130.4246,33.2718],[130.4264,33.2706],[130.4296,33.274],[130.4296,33.2772],[130.4309,33.2805],[130.4303,33.285],[130.4296,33.2865],[130.4271,33.2877],[130.4266,33.2894],[130.431,33.2923],[130.4338,33.2925],[130.4385,33.2892],[130.4372,33.2854],[130.4378,33.2831],[130.437,33.2814],[130.4359,33.2813],[130.4351,33.2788],[130.4362,33.2698],[130.4391,33.2658],[130.4425,33.264],[130.4459,33.2637],[130.4497,33.2651],[130.4509,33.2683],[130.448,33.2753],[130.4487,33.2784],[130.4534,33.2832],[130.4612,33.2838],[130.4663,33.2854],[130.468,33.2873],[130.4662,33.2903],[130.4554,33.2947],[130.4548,33.2978],[130.456,33.3014],[130.458,33.3033],[130.4617,33.3044],[130.4687,33.3047],[130.4703,33.304],[130.4704,33.3047],[130.4783,33.3043],[130.4841,33.3054],[130.4894,33.3159],[130.4893,33.3177],[130.4875,33.3197],[130.4825,33.3208],[130.477,33.326],[130.4773,33.3279],[130.4796,33.3306],[130.4841,33.3329],[130.4871,33.3327],[130.4903,33.3296],[130.4995,33.3256],[130.5055,33.3307],[130.5063,33.3399],[130.5088,33.3433],[130.5121,33.3441],[130.5187,33.3407],[130.5261,33.3401],[130.53,33.3425],[130.5328,33.3461],[130.5338,33.3459],[130.5339,33.3441],[130.536,33.343],[130.5403,33.3652],[130.542,33.3663],[130.5421,33.3788],[130.5411,33.4212],[130.5374,33.4263],[130.5372,33.4292],[130.5352,33.4344],[130.536,33.4359],[130.5353,33.4374],[130.537,33.4383],[130.5358,33.4401],[130.5332,33.4416],[130.5309,33.4414],[130.523,33.4457],[130.5176,33.4458],[130.5161,33.4478],[130.5125,33.4494],[130.5111,33.4491],[130.5114,33.4469],[130.5094,33.4437],[130.5035,33.4469],[130.5015,33.4455],[130.4949,33.4442],[130.4943,33.4423],[130.4927,33.4421],[130.4911,33.4397],[130.4873,33.4403],[130.4858,33.4381],[130.4823,33.4376],[130.4803,33.4361],[130.4766,33.4385],[130.4741,33.4353],[130.4691,33.433],[130.4645,33.4288],[130.4599,33.4271],[130.458,33.425],[130.4581,33.4198],[130.4477,33.4189],[130.4422,33.4156],[130.4412,33.4142],[130.4415,33.4129],[130.4398,33.4112],[130.4412,33.4098],[130.4388,33.4057],[130.437,33.4049],[130.4382,33.4001],[130.4285,33.3969],[130.4219,33.3985],[130.4187,33.4011],[130.4143,33.3989],[130.4134,33.396],[130.411,33.395],[130.4077,33.3986],[130.4077,33.4021],[130.4109,33.4037],[130.4155,33.4095],[130.4152,33.4102],[130.4168,33.4104],[130.4139,33.4111],[130.4076,33.4142],[130.4075,33.4155],[130.4048,33.4162],[130.4025,33.4203],[130.4009,33.4218],[130.3985,33.4221],[130.398,33.4232],[130.3991,33.4249],[130.3967,33.4274],[130.3895,33.4261],[130.3869,33.4282],[130.3782,33.425],[130.3766,33.429],[130.3706,33.4331],[130.3688,33.4363],[130.3671,33.434],[130.3634,33.4349],[130.3585,33.4335],[130.3567,33.4345],[130.3558,33.4332],[130.3454,33.445],[130.344,33.4444],[130.3413,33.4454],[130.3398,33.4446],[130.3364,33.4451],[130.3362,33.4479],[130.3347,33.4506],[130.323,33.456],[130.32,33.4587],[130.3138,33.458],[130.313,33.4609],[130.311,33.4621],[130.3061,33.4633],[130.3025,33.4612],[130.3015,33.4622],[130.2969,33.4629],[130.2952,33.4653],[130.2928,33.4665],[130.2913,33.4694],[130.2882,33.4696],[130.2821,33.4745],[130.2786,33.4761],[130.2777,33.4781],[130.275,33.4797],[130.271,33.4799],[130.2646,33.4774],[130.2626,33.478],[130.2576,33.4761],[130.2524,33.471],[130.2499,33.4705],[130.2467,33.4713],[130.2442,33.4744],[130.2379,33.4741],[130.2369,33.4774],[130.2333,33.4789],[130.2268,33.4767],[130.2233,33.4783],[130.2182,33.4782],[130.2163,33.4798],[130.2123,33.4808],[130.2039,33.4816],[130.2016,33.48],[130.1987,33.4812],[130.1979,33.4805],[130.1991,33.4781],[130.1985,33.4773],[130.196,33.4781],[130.1945,33.4761],[130.1915,33.4764],[130.1888,33.4749],[130.1889,33.471],[130.1865,33.4708],[130.1862,33.4682],[130.1828,33.4666],[130.1761,33.4659],[130.1748,33.4674],[130.1689,33.4676],[130.1649,33.4692],[130.1639,33.4723],[130.1622,33.4727],[130.1591,33.4757],[130.1507,33.4776],[130.1486,33.4774],[130.146,33.4745],[130.1428,33.4745],[130.139,33.4704],[130.1296,33.4756],[130.1136,33.4752],[130.1093,33.4762],[130.1069,33.4778],[130.1054,33.476],[130.103,33.4757],[130.1022,33.472],[130.1009,33.4709],[130.09,33.4685],[130.0858,33.4697],[130.0795,33.4684],[130.0766,33.47],[130.0736,33.4692],[130.0681,33.4725],[130.0606,33.4704],[130.0574,33.4712],[130.0551,33.4694],[130.052,33.4686],[130.0511,33.4695],[130.0449,33.4674],[130.0396,33.4698]]}},{"type":"Feature","properties":{"n":"p","a":40,"b":41},"geometry":{"type":"LineString","coordinates":[[130.0393,33.4699],[130.0395,33.4698]]}},{"type":"Feature","properties":{"n":"p","a":40,"b":43},"geometry":{"type":"LineString","coordinates":[[130.4141,33.0023],[130.4281,33.0054],[130.4362,33.0051],[130.4449,33.0025],[130.4485,33.0025],[130.4507,33.0039],[130.456,33.004],[130.462,33.0027],[130.4688,33.0029],[130.4746,33.0014],[130.4773,33.0017],[130.4795,33.0035],[130.4842,33.0015],[130.4939,33.0043],[130.496,33.0039],[130.4956,33.005],[130.4991,33.0066],[130.5042,33.0048],[130.506,33.0027],[130.5071,33.0039],[130.5069,33.0062],[130.5087,33.0074],[130.5126,33.0076],[130.5124,33.0089],[130.5138,33.0099],[130.5143,33.0118],[130.5159,33.012],[130.5158,33.014],[130.5129,33.0168],[130.5121,33.0221],[130.511,33.0231],[130.5078,33.0234],[130.5076,33.025],[130.5047,33.027],[130.5037,33.0331],[130.5045,33.0368],[130.495,33.0487],[130.4967,33.0518],[130.5039,33.0558],[130.5049,33.0586],[130.5136,33.0617],[130.5142,33.0636],[130.5165,33.0646],[130.5169,33.0656],[130.5253,33.0667],[130.5314,33.064],[130.5323,33.0669],[130.5312,33.0669],[130.5336,33.0687],[130.5325,33.0698],[130.5337,33.0732],[130.5355,33.074],[130.5354,33.0781],[130.5373,33.0795],[130.54,33.0798],[130.5414,33.082],[130.5421,33.0814],[130.5441,33.0823],[130.5463,33.0807],[130.5481,33.0807],[130.548,33.0829],[130.5498,33.0845],[130.5525,33.083],[130.556,33.0861],[130.5592,33.0856],[130.5656,33.0871],[130.5648,33.0901],[130.5654,33.0916],[130.5612,33.0959],[130.5616,33.0998],[130.5626,33.1003],[130.5618,33.1042],[130.5659,33.1061],[130.5677,33.1057],[130.5708,33.1067],[130.571,33.1089],[130.5769,33.115],[130.5802,33.116],[130.5826,33.1148],[130.5855,33.116],[130.5889,33.1152],[130.5898,33.1139],[130.5946,33.1132],[130.6026,33.1148],[130.6069,33.1104],[130.6142,33.1085],[130.6171,33.1093],[130.619,33.1111],[130.6281,33.112],[130.6298,33.1113],[130.6325,33.1135],[130.6362,33.1115],[130.6398,33.1135],[130.6412,33.1122],[130.6454,33.1123],[130.6455,33.1108],[130.6468,33.11],[130.6463,33.1084],[130.649,33.1084],[130.6506,33.1104],[130.6562,33.1085],[130.6596,33.1095],[130.6584,33.1114],[130.6548,33.112],[130.6544,33.1139],[130.6549,33.1155],[130.6596,33.1155],[130.66,33.1247],[130.6615,33.1273],[130.6614,33.13],[130.6624,33.1302],[130.6629,33.1343],[130.6653,33.1362],[130.6675,33.1366],[130.6689,33.139],[130.6663,33.1434],[130.6673,33.1467],[130.6663,33.1506],[130.6665,33.155],[130.6675,33.157],[130.6725,33.1593],[130.6731,33.1612],[130.6787,33.164],[130.6791,33.1665],[130.6778,33.1676],[130.68,33.1713],[130.6852,33.1691],[130.689,33.1644],[130.6908,33.1641],[130.6931,33.16],[130.691,33.1549],[130.6911,33.1522],[130.6921,33.1515],[130.6934,33.1513],[130.6949,33.1529],[130.6971,33.1536],[130.7014,33.1523],[130.7026,33.1535],[130.7043,33.1517],[130.7077,33.1512],[130.7082,33.1522],[130.7094,33.1518],[130.7111,33.155],[130.7122,33.1553],[130.7223,33.1518],[130.7277,33.1543],[130.7324,33.1545],[130.7345,33.1534],[130.7376,33.146],[130.7421,33.143],[130.7456,33.1427],[130.7498,33.1389],[130.7539,33.1374],[130.7549,33.1337],[130.7568,33.1324],[130.7615,33.1316],[130.7632,33.1328],[130.7652,33.1286],[130.7683,33.1278],[130.7709,33.1243],[130.7744,33.1251],[130.7776,33.1232],[130.7819,33.1248],[130.7862,33.123],[130.7892,33.124],[130.792,33.1237],[130.794,33.1217],[130.797,33.1203],[130.799,33.1205],[130.8068,33.116],[130.8118,33.1166],[130.8145,33.1144],[130.8185,33.1143],[130.8214,33.1105],[130.8204,33.1066],[130.8243,33.1056],[130.8289,33.1066],[130.8307,33.1052],[130.8361,33.1055],[130.8374,33.104],[130.8398,33.1041]]}},{"type":"Feature","properties":{"n":"p","a":40,"b":44},"geometry":{"type":"LineString","coordinates":[[130.8398,33.1041],[130.8402,33.1051],[130.8425,33.1054],[130.8445,33.1077],[130.849,33.1076],[130.8533,33.1091],[130.8553,33.1128],[130.858,33.1138],[130.8585,33.1152],[130.8616,33.1175],[130.8595,33.1214],[130.863,33.1227],[130.8662,33.1268],[130.8675,33.1311],[130.8671,33.1337],[130.869,33.1363],[130.8692,33.1392],[130.871,33.1424],[130.8707,33.1466],[130.8734,33.1493],[130.8745,33.1487],[130.8778,33.1509],[130.8796,33.153],[130.8787,33.1544],[130.8791,33.1565],[130.877,33.1594],[130.8766,33.1647],[130.8736,33.1684],[130.8778,33.1718],[130.878,33.1743],[130.8857,33.1763],[130.8869,33.1824],[130.8862,33.1847],[130.8875,33.1865],[130.8749,33.1893],[130.8696,33.1939],[130.8637,33.1931],[130.8589,33.1981],[130.8559,33.1985],[130.8472,33.2031],[130.847,33.2043],[130.8453,33.2047],[130.8436,33.2072],[130.8397,33.2099],[130.8365,33.2106],[130.8376,33.2153],[130.8388,33.2169],[130.8445,33.2193],[130.8449,33.2228],[130.8481,33.224],[130.8494,33.2231],[130.8546,33.2265],[130.858,33.2257],[130.8594,33.2295],[130.8534,33.2321],[130.8478,33.2331],[130.8314,33.2337],[130.8263,33.2368],[130.8264,33.2387],[130.8251,33.2408],[130.8275,33.2449],[130.825,33.2499],[130.8249,33.2534],[130.8287,33.2575],[130.8329,33.2586],[130.8353,33.2571],[130.8379,33.2583],[130.8445,33.2574],[130.8472,33.2588],[130.8487,33.261],[130.8514,33.2604],[130.855,33.2626],[130.8638,33.2611],[130.8662,33.262],[130.868,33.2641],[130.8675,33.268],[130.8606,33.2668],[130.8574,33.2704],[130.8565,33.2753],[130.8521,33.2775],[130.8564,33.2844],[130.864,33.2892],[130.8663,33.2921],[130.8653,33.2967],[130.8615,33.302],[130.8631,33.3049],[130.8621,33.3096],[130.8603,33.3101],[130.859,33.3146],[130.8582,33.3144],[130.8543,33.3234],[130.8544,33.3247],[130.8573,33.3269],[130.8544,33.3296],[130.8523,33.3342],[130.8495,33.3376],[130.845,33.3387],[130.8439,33.3366],[130.8458,33.3343],[130.844,33.3335],[130.8421,33.3367],[130.8374,33.34],[130.8353,33.3435],[130.8411,33.3467],[130.8427,33.3489],[130.8426,33.3507],[130.8493,33.3531],[130.8526,33.3565],[130.8571,33.3587],[130.858,33.3605],[130.8612,33.3617],[130.8618,33.3626],[130.8599,33.3662],[130.8597,33.373],[130.8627,33.3769],[130.8647,33.3774],[130.8683,33.3766],[130.8767,33.3783],[130.8786,33.3763],[130.8791,33.3783],[130.8837,33.3785],[130.8864,33.3797],[130.8846,33.3894],[130.8876,33.4004],[130.8867,33.4021],[130.8874,33.4053],[130.892,33.4065],[130.8904,33.4098],[130.8908,33.4121],[130.8894,33.4137],[130.8911,33.4192],[130.8926,33.4202],[130.8922,33.4258],[130.8911,33.4266],[130.8911,33.4279],[130.8917,33.4299],[130.8958,33.4339],[130.8977,33.4388],[130.8969,33.4441],[130.8949,33.4462],[130.8995,33.4479],[130.9003,33.4492],[130.9105,33.4498],[130.9157,33.4548],[130.9263,33.4576],[130.9292,33.4606],[130.9305,33.4638],[130.9306,33.4666],[130.9298,33.4667],[130.9418,33.4836],[130.9424,33.4856],[130.9501,33.4877],[130.9559,33.4919],[130.9616,33.4936],[130.9626,33.4977],[130.9697,33.5005],[130.9729,33.5055],[130.9749,33.5055],[130.9772,33.5072],[130.9866,33.5073],[130.9903,33.5093],[130.9918,33.5083],[131.0014,33.5122],[131.0153,33.5091],[131.0194,33.5126],[131.0257,33.5129],[131.0296,33.5189],[131.0358,33.5191],[131.0373,33.517],[131.0423,33.5143],[131.0441,33.51],[131.0477,33.5111],[131.0515,33.51],[131.0532,33.5079],[131.0652,33.51],[131.0677,33.5091],[131.0697,33.5068],[131.0738,33.5071],[131.0757,33.5053],[131.0936,33.5074],[131.0963,33.5064],[131.0969,33.5046],[131.0994,33.5046],[131.1041,33.5058],[131.1053,33.5078],[131.1076,33.5076],[131.1118,33.5065],[131.1124,33.5047],[131.1136,33.5048],[131.1176,33.5023],[131.128,33.5016],[131.13,33.502],[131.1301,33.5047],[131.1336,33.5058],[131.1421,33.5046],[131.1464,33.506],[131.1482,33.5051],[131.1509,33.5065],[131.1547,33.5061],[131.156,33.5079],[131.1632,33.5085],[131.1651,33.5066],[131.1698,33.505],[131.1773,33.5072],[131.1745,33.5123],[131.1698,33.5139],[131.1684,33.5152],[131.1698,33.523],[131.1663,33.5274],[131.169,33.5307],[131.1772,33.5347],[131.1783,33.5372],[131.1866,33.5436],[131.1885,33.5478],[131.1906,33.558],[131.1898,33.5623],[131.1862,33.5679],[131.1746,33.576],[131.1728,33.5793],[131.1723,33.583],[131.1733,33.5909],[131.1771,33.5941],[131.1784,33.5968],[131.1773,33.6026],[131.1779,33.6048],[131.1868,33.6184]]}},{"type":"Feature","properties":{"n":"p","a":41,"b":42},"geometry":{"type":"LineString","coordinates":[[129.7908,33.3404],[129.789,33.3404],[129.7821,33.3371],[129.7816,33.3354],[129.7766,33.333],[129.7763,33.3305],[129.7692,33.3194],[129.7699,33.3171],[129.7662,33.3113],[129.7669,33.3074],[129.764,33.306],[129.7616,33.2966],[129.759,33.2909],[129.7633,33.2904],[129.7662,33.2862],[129.7683,33.2858],[129.7696,33.2829],[129.7725,33.2803],[129.7785,33.2692],[129.7801,33.2672],[129.784,33.2652],[129.7841,33.2639],[129.7905,33.2577],[129.7984,33.2533],[129.8097,33.2428],[129.8136,33.243],[129.8145,33.2423],[129.8154,33.2391],[129.8136,33.2332],[129.8099,33.2302],[129.8131,33.2209],[129.8097,33.2188],[129.8094,33.2147],[129.8081,33.2146],[129.8069,33.2112],[129.809,33.209],[129.8081,33.207],[129.8109,33.2032],[129.8101,33.2018],[129.8137,33.1997],[129.8146,33.1981],[129.8167,33.1977],[129.8156,33.1947],[129.817,33.1924],[129.8156,33.1884],[129.8175,33.1868],[129.8171,33.1845],[129.8209,33.1819],[129.8278,33.1797],[129.8305,33.1768],[129.8375,33.1742],[129.8378,33.1733],[129.8432,33.1769],[129.8488,33.1776],[129.8527,33.1769],[129.858,33.1708],[129.8633,33.171],[129.8694,33.1691],[129.8727,33.1652],[129.8771,33.1648],[129.879,33.162],[129.8814,33.1616],[129.8827,33.1626],[129.8839,33.1615],[129.8854,33.1619],[129.8879,33.1562],[129.8904,33.1566],[129.8913,33.1588],[129.8937,33.1581],[129.8954,33.1598],[129.8985,33.1579],[129.9058,33.1581],[129.9121,33.1623],[129.9142,33.1626],[129.9174,33.16],[129.9201,33.162],[129.923,33.1617],[129.9238,33.1629],[129.9276,33.164],[129.9346,33.1633],[129.9386,33.1654],[129.9412,33.1641],[129.9433,33.1645],[129.9414,33.1598],[129.9415,33.1576],[129.9433,33.1543],[129.9449,33.1463],[129.9457,33.1442],[129.9476,33.143],[129.9479,33.138],[129.9493,33.1365],[129.9489,33.1339],[129.9514,33.132],[129.9534,33.1324],[129.9563,33.1286],[129.9567,33.118],[129.9514,33.11],[129.9387,33.1127],[129.9347,33.1109],[129.9328,33.1111],[129.9289,33.1072],[129.9266,33.1076],[129.9252,33.1057],[129.9268,33.102],[129.9258,33.1005],[129.9263,33.0981],[129.9246,33.0964],[129.9224,33.0905],[129.9287,33.0899],[129.9333,33.0881],[129.9335,33.0851],[129.9347,33.085],[129.9356,33.0828],[129.9351,33.0811],[129.9397,33.0778],[129.9388,33.0742],[129.9396,33.0729],[129.9426,33.0717],[129.946,33.0718],[129.9473,33.0696],[129.9494,33.0693],[129.9507,33.0676],[129.9547,33.066],[129.9619,33.064],[129.9643,33.0643],[129.9668,33.0624],[129.9695,33.0623],[129.9719,33.0602],[129.9735,33.0609],[129.978,33.0574],[129.9796,33.0572],[129.9803,33.0581],[129.9829,33.0571],[129.9876,33.0513],[129.9903,33.0508],[129.9927,33.0475],[129.9943,33.0479],[129.9964,33.0448],[129.9938,33.0416],[129.9935,33.0391],[129.9995,33.0321],[129.9992,33.0288],[130.0008,33.0259],[130.0056,33.0251],[130.0083,33.0197],[130.0095,33.019],[130.0108,33.0196],[130.015,33.0175],[130.0219,33.0195],[130.0243,33.0212],[130.028,33.02],[130.0291,33.0187],[130.0283,33.0176],[130.0293,33.0159],[130.028,33.0124],[130.0314,33.0102],[130.0382,33.0086],[130.0421,33.0041],[130.0446,33.004],[130.0457,33.002],[130.0471,33.0015],[130.0468,32.9984],[130.0493,32.9979],[130.0517,32.9946],[130.0513,32.9926],[130.054,32.9917],[130.0599,32.9866],[130.0612,32.9859],[130.0652,32.9871],[130.0695,32.9864],[130.0729,32.9878],[130.076,32.9876],[130.0772,32.9867],[130.0776,32.9845],[130.0818,32.9828],[130.0828,32.981],[130.0858,32.9792],[130.0862,32.9754],[130.0887,32.974],[130.095,32.9754],[130.1002,32.9742],[130.103,32.9747],[130.1092,32.9718],[130.1145,32.9724],[130.1188,32.9704],[130.1227,32.9709],[130.1313,32.9683],[130.1385,32.9683],[130.1439,32.9717],[130.1473,32.9688],[130.1501,32.9626],[130.1549,32.9634],[130.1654,32.9609],[130.1731,32.9621],[130.1768,32.9615],[130.1786,32.9602],[130.1845,32.96],[130.1876,32.9589],[130.1985,32.9596],[130.2029,32.9584],[130.2037,32.9571]]}},{"type":"Feature","properties":{"n":"p","a":43,"b":44},"geometry":{"type":"LineString","coordinates":[[131.3295,32.833],[131.3275,32.8335],[131.3275,32.8367],[131.3264,32.8389],[131.3232,32.8405],[131.3225,32.8442],[131.3188,32.8472],[131.3153,32.8487],[131.3144,32.8508],[131.3102,32.8528],[131.3046,32.853],[131.3038,32.8545],[131.2942,32.8571],[131.2886,32.8621],[131.2868,32.8656],[131.283,32.8658],[131.2798,32.8699],[131.2765,32.8698],[131.2734,32.871],[131.2734,32.8743],[131.2715,32.8772],[131.2734,32.8817],[131.2642,32.8791],[131.2574,32.8874],[131.2532,32.898],[131.2544,32.9002],[131.2545,32.9063],[131.2529,32.9118],[131.2537,32.9194],[131.253,32.9245],[131.2481,32.9317],[131.2458,32.9397],[131.2526,32.9465],[131.251,32.9483],[131.2484,32.9479],[131.2468,32.9529],[131.2523,32.9537],[131.253,32.9561],[131.2478,32.9587],[131.2461,32.9587],[131.246,32.96],[131.2483,32.9639],[131.2508,32.963],[131.2561,32.9635],[131.2573,32.9665],[131.2586,32.9668],[131.2621,32.9715],[131.2635,32.9766],[131.2614,32.9783],[131.2573,32.9788],[131.2557,32.981],[131.2471,32.9825],[131.2461,32.9859],[131.2462,32.9889],[131.2479,32.9912],[131.2473,32.9959],[131.2429,33.0],[131.2405,33.0004],[131.2348,33.009],[131.228,33.0104],[131.2284,33.0118],[131.226,33.0134],[131.226,33.0148],[131.2236,33.0172],[131.224,33.0184],[131.2265,33.0191],[131.2253,33.0208],[131.2256,33.0237],[131.2234,33.0281],[131.2212,33.0299],[131.2209,33.0339],[131.2193,33.0372],[131.2197,33.0391],[131.2176,33.0433],[131.2182,33.0451],[131.2155,33.0489],[131.2168,33.0534],[131.2161,33.0542],[131.2132,33.0569],[131.2088,33.0586],[131.1966,33.0707],[131.1986,33.0734],[131.1933,33.0775],[131.1896,33.075],[131.1898,33.0735],[131.1874,33.0746],[131.1858,33.0739],[131.1836,33.077],[131.1782,33.0792],[131.1745,33.0831],[131.1723,33.0897],[131.1748,33.0968],[131.1725,33.1003],[131.1732,33.1048],[131.1718,33.107],[131.169,33.1075],[131.167,33.1091],[131.1663,33.1113],[131.1675,33.1123],[131.167,33.1138],[131.1636,33.1165],[131.1639,33.1191],[131.1659,33.1196],[131.1669,33.1287],[131.1612,33.1408],[131.1577,33.1418],[131.1516,33.1473],[131.1453,33.1507],[131.1489,33.152],[131.1478,33.155],[131.1379,33.1595],[131.1339,33.1601],[131.1328,33.1645],[131.1309,33.1661],[131.1215,33.1676],[131.1195,33.169],[131.1166,33.1746],[131.1171,33.1786],[131.1115,33.1831],[131.1033,33.1872],[131.0995,33.1879],[131.0971,33.1858],[131.0947,33.1852],[131.0853,33.1873],[131.0818,33.1889],[131.0676,33.1914],[131.06,33.1952],[131.0569,33.1939],[131.053,33.1947],[131.0388,33.1941],[131.0368,33.1893],[131.0347,33.1874],[131.0311,33.1852],[131.0299,33.1867],[131.0285,33.1867],[131.0155,33.1775],[131.0105,33.1788],[131.0064,33.1775],[131.0023,33.181],[130.998,33.1815],[130.9942,33.1838],[130.9922,33.1832],[130.9919,33.1812],[130.9933,33.1779],[130.989,33.176],[130.9885,33.1721],[130.9855,33.1685],[130.9864,33.1655],[130.9851,33.1637],[130.9851,33.1609],[130.9821,33.1574],[130.9821,33.1555],[130.9841,33.1537],[130.9843,33.1523],[130.9815,33.1481],[130.9845,33.144],[130.9844,33.1424],[130.9806,33.1439],[130.9785,33.1422],[130.9783,33.1409],[130.9847,33.1345],[130.9895,33.1319],[130.9893,33.1308],[130.9946,33.1293],[130.9939,33.1256],[130.9927,33.1243],[130.9935,33.1202],[130.9965,33.1176],[131.0004,33.1163],[131.004,33.1101],[131.009,33.1086],[131.0125,33.1028],[131.0133,33.0993],[131.0154,33.0994],[131.0192,33.0918],[131.0224,33.0912],[131.024,33.0875],[131.0207,33.0849],[131.0192,33.0808],[131.0145,33.0798],[131.0139,33.0774],[131.0123,33.0762],[131.0108,33.0709],[131.0109,33.0697],[131.013,33.0691],[131.015,33.0658],[131.0175,33.0646],[131.0177,33.0637],[131.0142,33.0589],[131.0152,33.0578],[131.015,33.0558],[131.0126,33.0544],[131.0129,33.0519],[131.0151,33.0512],[131.014,33.0501],[131.0145,33.0476],[131.013,33.0464],[131.0118,33.0431],[131.0049,33.0398],[131.004,33.0373],[131.0023,33.036],[131.0037,33.0351],[131.0033,33.0328],[130.9994,33.0307],[130.9981,33.028],[130.9933,33.0262],[130.9909,33.0238],[130.977,33.025],[130.9768,33.0229],[130.9703,33.0238],[130.9672,33.0283],[130.9597,33.0359],[130.959,33.0444],[130.9552,33.0486],[130.9468,33.0528],[130.9427,33.0522],[130.9406,33.0535],[130.9376,33.052],[130.935,33.0551],[130.9283,33.0521],[130.9245,33.053],[130.9234,33.0519],[130.9194,33.0535],[130.9159,33.0535],[130.9165,33.0556],[130.9122,33.0596],[130.911,33.062],[130.908,33.0642],[130.9062,33.0651],[130.8995,33.064],[130.8972,33.0654],[130.8982,33.068],[130.8966,33.0704],[130.8968,33.0729],[130.8906,33.0758],[130.8912,33.0786],[130.8899,33.0833],[130.8862,33.0875],[130.88,33.0895],[130.8767,33.0919],[130.8712,33.092],[130.8673,33.0903],[130.8662,33.0924],[130.8638,33.0937],[130.8634,33.0953],[130.8608,33.0955],[130.857,33.0938],[130.8511,33.0946],[130.8476,33.0938],[130.8472,33.0925],[130.8457,33.0922],[130.8431,33.0938],[130.843,33.0967],[130.8398,33.1002],[130.8405,33.1029],[130.8398,33.1041]]}},{"type":"Feature","properties":{"n":"p","a":43,"b":45},"geometry":{"type":"LineString","coordinates":[[130.7206,32.1008],[130.7277,32.1019],[130.7335,32.1084],[130.7352,32.1089],[130.7399,32.1049],[130.7389,32.1012],[130.742,32.0979],[130.7446,32.0997],[130.7456,32.1021],[130.7516,32.1041],[130.7549,32.102],[130.7563,32.0985],[130.7594,32.0968],[130.7671,32.1016],[130.7725,32.1003],[130.7756,32.1019],[130.7773,32.1001],[130.7792,32.0995],[130.7834,32.1002],[130.7892,32.099],[130.7911,32.0997],[130.7949,32.0988],[130.8093,32.0992],[130.8208,32.0949],[130.8222,32.0967],[130.8227,32.0995],[130.8276,32.1031],[130.8387,32.1073],[130.8443,32.104],[130.8489,32.1044],[130.8574,32.0997],[130.8632,32.1028],[130.8691,32.1149],[130.8713,32.1148],[130.8764,32.1167],[130.8785,32.1214],[130.8815,32.1215],[130.8846,32.1233],[130.8885,32.1232],[130.8972,32.1259],[130.8977,32.1283],[130.9007,32.1324],[130.9035,32.132],[130.906,32.1336],[130.9083,32.1323],[130.91,32.1297],[130.9138,32.1302],[130.9159,32.1254],[130.9273,32.1227],[130.9281,32.1202],[130.9331,32.1161],[130.939,32.1187],[130.9432,32.1187],[130.9443,32.1196],[130.9494,32.1161],[130.9556,32.1154],[130.9617,32.1202],[130.9646,32.1197],[130.9671,32.1207],[130.9684,32.1198],[130.9745,32.1208],[130.9725,32.128],[130.9748,32.1371],[130.9778,32.1382],[130.9794,32.1406],[130.9837,32.1434],[130.9859,32.1432],[130.9894,32.1466],[130.9926,32.148],[130.9956,32.1518],[130.9959,32.1559],[130.9924,32.1579],[130.9977,32.1596],[131.0023,32.1694],[131.0121,32.1743],[131.0134,32.1743],[131.0187,32.1699],[131.0216,32.169],[131.0232,32.1692],[131.0241,32.1711],[131.0262,32.1714],[131.0288,32.1704],[131.0374,32.1702],[131.0413,32.1673],[131.042,32.1644],[131.0453,32.1613],[131.0495,32.1629],[131.0506,32.1622],[131.0524,32.1581],[131.0588,32.1548],[131.06,32.1562],[131.0677,32.1573],[131.0718,32.1603],[131.0731,32.159],[131.0845,32.1542],[131.0889,32.1542],[131.0907,32.153],[131.0941,32.1534],[131.0972,32.1522],[131.0975,32.154],[131.1021,32.1579],[131.109,32.1601],[131.1076,32.166],[131.1043,32.1686],[131.1014,32.1727],[131.1026,32.176],[131.1014,32.1782],[131.1015,32.1797],[131.1035,32.1819],[131.1022,32.1861],[131.1044,32.1916],[131.1002,32.1955],[131.1005,32.2015],[131.095,32.2037],[131.0942,32.205],[131.0874,32.2065],[131.0842,32.2062],[131.0829,32.2098],[131.0785,32.2153],[131.0774,32.2212],[131.0751,32.222],[131.0737,32.2242],[131.069,32.2257],[131.0689,32.2297],[131.0716,32.2369],[131.0691,32.2368],[131.0632,32.2422],[131.0572,32.2459],[131.0495,32.2456],[131.047,32.2442],[131.0427,32.2482],[131.0416,32.2579],[131.0433,32.2613],[131.0466,32.2643],[131.0506,32.2645],[131.0542,32.2671],[131.0546,32.2716],[131.0536,32.2746],[131.0498,32.2789],[131.0508,32.2801],[131.0498,32.2833],[131.0505,32.2858],[131.0533,32.2874],[131.057,32.2862],[131.0589,32.2868],[131.0637,32.2842],[131.0675,32.2832],[131.0705,32.2804],[131.0786,32.2812],[131.079,32.2846],[131.0859,32.2895],[131.0871,32.2931],[131.0892,32.293],[131.0905,32.294],[131.0924,32.297],[131.0929,32.3],[131.096,32.3031],[131.0961,32.3054],[131.0997,32.3109],[131.1012,32.3117],[131.1016,32.3153],[131.1045,32.3187],[131.1061,32.3245],[131.111,32.3271],[131.1119,32.33],[131.1051,32.3357],[131.1036,32.3415],[131.1019,32.3424],[131.0992,32.3417],[131.0967,32.3461],[131.0969,32.3497],[131.0962,32.3505],[131.0948,32.3509],[131.0909,32.3495],[131.0815,32.3544],[131.0781,32.355],[131.0774,32.3598],[131.0743,32.3612],[131.0741,32.3663],[131.0769,32.3722],[131.0799,32.3743],[131.0757,32.3783],[131.0741,32.383],[131.0693,32.3843],[131.0699,32.3856],[131.0689,32.3865],[131.0691,32.3883],[131.0732,32.3914],[131.0729,32.3961],[131.0698,32.3997],[131.0695,32.4041],[131.0681,32.4075],[131.0637,32.408],[131.056,32.407],[131.0534,32.4086],[131.0481,32.4073],[131.0436,32.4082],[131.0397,32.4159],[131.0329,32.4207],[131.0327,32.4227],[131.028,32.4314],[131.0199,32.4387],[131.0201,32.4417],[131.0165,32.4479],[131.016,32.4556],[131.017,32.4597],[131.0142,32.4631],[131.0173,32.4672],[131.0152,32.4698],[131.0164,32.4736],[131.0138,32.4772],[131.014,32.4799],[131.0106,32.483],[131.007,32.4901],[131.0072,32.4943],[131.0091,32.498],[131.008,32.5022],[131.0097,32.5086],[131.0094,32.5154],[131.0152,32.5158],[131.0184,32.5196],[131.0243,32.5201],[131.0256,32.5211],[131.024,32.5281],[131.0249,32.5316],[131.0235,32.5361],[131.0191,32.5415],[131.0181,32.5469],[131.0239,32.5533],[131.0301,32.554],[131.0356,32.553],[131.0369,32.5543],[131.039,32.5544],[131.0408,32.5596],[131.0377,32.5647],[131.0394,32.5713],[131.0424,32.5744],[131.0416,32.5799],[131.0428,32.5803],[131.0433,32.5823],[131.0462,32.5845],[131.0492,32.5851],[131.0519,32.5876],[131.0545,32.5878],[131.0595,32.5858],[131.0624,32.5865],[131.0684,32.584],[131.0748,32.5848],[131.0786,32.5818],[131.0912,32.5786],[131.0926,32.5795],[131.0994,32.5784],[131.105,32.5796],[131.108,32.5818],[131.1081,32.5833],[131.1056,32.5854],[131.1059,32.5891],[131.1135,32.5914],[131.1161,32.5968],[131.1197,32.5991],[131.1186,32.6021],[131.1206,32.6053],[131.1168,32.608],[131.1162,32.6095],[131.1159,32.621],[131.1199,32.6291],[131.1191,32.6329],[131.1156,32.6354],[131.1148,32.6389],[131.1155,32.6421],[131.1235,32.6445],[131.1236,32.6469],[131.127,32.6541],[131.1298,32.6547],[131.1305,32.6579],[131.1402,32.6646],[131.141,32.6675],[131.1433,32.6701],[131.1435,32.6763],[131.1488,32.6777],[131.1514,32.6801],[131.1579,32.6778],[131.1581,32.6753],[131.1601,32.6747],[131.1629,32.6717],[131.1751,32.6719],[131.1759,32.6746],[131.1738,32.6761],[131.1755,32.6772],[131.1755,32.6791],[131.174,32.6799],[131.174,32.6825],[131.1725,32.6847],[131.1759,32.6878],[131.1752,32.6893],[131.1762,32.6919],[131.175,32.6936],[131.176,32.6944],[131.1758,32.6956],[131.1804,32.7001],[131.1795,32.7036],[131.1812,32.7043],[131.182,32.707],[131.1793,32.71],[131.18,32.7121],[131.1845,32.7153],[131.1898,32.7218],[131.195,32.7253],[131.2066,32.7303],[131.2104,32.7286],[131.2123,32.7289],[131.2315,32.744],[131.2351,32.7444],[131.2339,32.7474],[131.2352,32.7491],[131.2353,32.7514],[131.2342,32.7534],[131.2367,32.7559],[131.237,32.7583],[131.2397,32.7582],[131.2427,32.7614],[131.2455,32.766],[131.2454,32.7687],[131.2465,32.7694],[131.2453,32.7715],[131.2434,32.7718],[131.2404,32.774],[131.2345,32.7808],[131.2374,32.7845],[131.2421,32.7851],[131.2454,32.7866],[131.2461,32.7906],[131.2451,32.7917],[131.245,32.794],[131.2468,32.7966],[131.2466,32.799],[131.2476,32.8008],[131.2518,32.8014],[131.2553,32.8047],[131.2549,32.8093],[131.2572,32.8139],[131.255,32.8156],[131.2578,32.8181],[131.2626,32.8179],[131.2651,32.8207],[131.2644,32.8218],[131.2653,32.8225],[131.2652,32.8265],[131.2726,32.8242],[131.2735,32.8255],[131.2747,32.8256],[131.2748,32.8276],[131.2759,32.8287],[131.2811,32.8294],[131.2858,32.8314],[131.2894,32.8303],[131.2904,32.8282],[131.2916,32.8278],[131.3015,32.8296],[131.311,32.828],[131.3207,32.8293],[131.3229,32.8287],[131.3295,32.833]]}},{"type":"Feature","properties":{"n":"p","a":43,"b":46},"geometry":{"type":"LineString","coordinates":[[130.3609,32.1681],[130.3659,32.1625],[130.3673,32.1628],[130.372,32.1595],[130.3735,32.1567],[130.3774,32.1548],[130.3797,32.1508],[130.3866,32.1475],[130.3881,32.1414],[130.3906,32.1381],[130.392,32.1342],[130.4033,32.1244],[130.4008,32.1229],[130.4024,32.1204],[130.411,32.1184],[130.4143,32.119],[130.4183,32.1177],[130.4229,32.1178],[130.4288,32.1138],[130.4306,32.115],[130.4412,32.114],[130.4451,32.1162],[130.4488,32.1168],[130.4518,32.1153],[130.4537,32.1129],[130.457,32.1142],[130.4572,32.1167],[130.4633,32.1188],[130.4637,32.1179],[130.4657,32.1181],[130.4659,32.1162],[130.467,32.1157],[130.4735,32.1186],[130.4736,32.1218],[130.476,32.1226],[130.4756,32.1243],[130.4764,32.1269],[130.4755,32.1289],[130.4773,32.1347],[130.4762,32.1375],[130.4769,32.139],[130.4823,32.1396],[130.4867,32.1371],[130.4869,32.1353],[130.4919,32.1336],[130.4977,32.1359],[130.4991,32.1355],[130.5055,32.1407],[130.5098,32.1404],[130.5162,32.1363],[130.5207,32.1352],[130.525,32.1358],[130.5271,32.1371],[130.5316,32.1367],[130.5339,32.1377],[130.5403,32.1367],[130.5397,32.1396],[130.5428,32.1445],[130.5412,32.1469],[130.542,32.1495],[130.5462,32.1494],[130.5495,32.1504],[130.5502,32.1516],[130.5626,32.1552],[130.5703,32.1538],[130.5724,32.1549],[130.5782,32.1551],[130.5805,32.1542],[130.5827,32.1549],[130.5835,32.1585],[130.5867,32.1608],[130.5865,32.1626],[130.589,32.1678],[130.5937,32.1739],[130.5968,32.176],[130.5952,32.1835],[130.5917,32.186],[130.6032,32.1875],[130.6056,32.1865],[130.6086,32.1874],[130.6109,32.1863],[130.6128,32.1825],[130.6124,32.1813],[130.6136,32.1772],[130.615,32.1766],[130.6167,32.1737],[130.6172,32.1695],[130.6146,32.1677],[130.6167,32.1663],[130.6176,32.163],[130.6192,32.1619],[130.6199,32.1596],[130.6215,32.1589],[130.6227,32.1561],[130.6311,32.1561],[130.6344,32.1539],[130.6377,32.1549],[130.6414,32.1519],[130.6436,32.1524],[130.6516,32.1513],[130.6527,32.1495],[130.6526,32.1463],[130.6541,32.1454],[130.654,32.1429],[130.6554,32.1411],[130.6544,32.1376],[130.655,32.1357],[130.659,32.1331],[130.6627,32.1328],[130.667,32.128],[130.6702,32.1291],[130.673,32.1258],[130.673,32.1245],[130.6771,32.1239],[130.6829,32.1188],[130.69,32.1151],[130.6991,32.107],[130.7023,32.1058],[130.7066,32.1061],[130.7113,32.1039],[130.7147,32.1039],[130.7206,32.1008]]}},{"type":"Feature","properties":{"n":"p","a":44,"b":45},"geometry":{"type":"LineString","coordinates":[[131.3295,32.833],[131.3399,32.8335],[131.3438,32.8311],[131.3475,32.8275],[131.3479,32.8257],[131.3497,32.8246],[131.3506,32.8169],[131.3483,32.8137],[131.3486,32.8107],[131.3525,32.8087],[131.3573,32.8045],[131.3644,32.8034],[131.3666,32.8037],[131.3687,32.8058],[131.3746,32.8084],[131.3789,32.8096],[131.3839,32.809],[131.3894,32.812],[131.3948,32.8111],[131.4005,32.8135],[131.4057,32.8122],[131.416,32.8133],[131.4212,32.8119],[131.4243,32.8136],[131.4257,32.8165],[131.4289,32.8167],[131.4313,32.8184],[131.432,32.8215],[131.436,32.8259],[131.437,32.8286],[131.4436,32.83],[131.4542,32.829],[131.4561,32.8301],[131.4645,32.831],[131.4753,32.8372],[131.4787,32.8312],[131.486,32.8216],[131.4879,32.8213],[131.4932,32.8159],[131.5025,32.8147],[131.5032,32.8135],[131.5018,32.8107],[131.5056,32.8088],[131.5072,32.8061],[131.5118,32.8045],[131.5175,32.8008],[131.5153,32.7951],[131.5131,32.7917],[131.5108,32.7901],[131.5087,32.7841],[131.5082,32.7812],[131.5102,32.7777],[131.5084,32.7743],[131.5112,32.772],[131.5113,32.7703],[131.5183,32.7677],[131.5202,32.7654],[131.5241,32.7638],[131.5326,32.7629],[131.5366,32.7587],[131.5402,32.7587],[131.5448,32.7573],[131.5472,32.7582],[131.5555,32.7554],[131.5654,32.7555],[131.5684,32.7541],[131.5792,32.761],[131.588,32.7704],[131.5898,32.7739],[131.5925,32.7753],[131.5974,32.775],[131.6011,32.7722],[131.6058,32.7739],[131.6119,32.7732],[131.6151,32.774],[131.6185,32.7731],[131.6245,32.7746],[131.6298,32.7718],[131.6348,32.7719],[131.6407,32.7703],[131.6483,32.7717],[131.6521,32.7713],[131.6689,32.7666],[131.6695,32.7684],[131.6763,32.7684],[131.6801,32.7702],[131.691,32.7718],[131.6956,32.7748],[131.6998,32.773],[131.7047,32.7728],[131.7066,32.7716],[131.7111,32.7724],[131.7153,32.7799],[131.7158,32.7836],[131.7151,32.7858],[131.7159,32.7881],[131.7246,32.7957],[131.7279,32.7974],[131.7295,32.7997],[131.7302,32.8029],[131.7292,32.8058],[131.7314,32.8141],[131.7311,32.8159],[131.7343,32.8175],[131.7361,32.8216],[131.7365,32.826],[131.7354,32.8294],[131.7357,32.8311],[131.7374,32.8329],[131.7399,32.8327],[131.7416,32.8344],[131.7446,32.8331],[131.7474,32.8331],[131.7541,32.8364],[131.7557,32.8353],[131.7571,32.8355],[131.7596,32.8365],[131.7597,32.8376],[131.762,32.8365],[131.7648,32.8368],[131.7668,32.839],[131.7685,32.8383],[131.7688,32.8369],[131.7721,32.8359],[131.7766,32.8359],[131.7828,32.8338],[131.7873,32.8336],[131.7884,32.8295],[131.7878,32.8279],[131.7939,32.8219],[131.7964,32.8228],[131.7982,32.8249],[131.8067,32.8222],[131.8091,32.8237],[131.8092,32.8248],[131.8139,32.8262],[131.8151,32.8284],[131.8202,32.8278],[131.8244,32.8299],[131.826,32.8263],[131.8311,32.8241],[131.8325,32.8211],[131.8345,32.8197],[131.8387,32.8203],[131.848,32.8178],[131.8551,32.8232],[131.8582,32.8219],[131.8592,32.8197],[131.8587,32.8157],[131.8601,32.8061],[131.8539,32.799],[131.8544,32.7958],[131.8494,32.7907],[131.8504,32.789],[131.8485,32.7831],[131.8442,32.7766],[131.8462,32.7735],[131.8469,32.7686],[131.8463,32.7671],[131.849,32.7645],[131.8494,32.7627],[131.8484,32.7605],[131.8498,32.756],[131.847,32.7507],[131.8441,32.7477],[131.8466,32.7423],[131.847,32.7359],[131.849,32.7369],[131.858,32.7377],[131.8622,32.7404],[131.8735,32.7404],[131.8845,32.747],[131.8857,32.7459]]}},{"type":"Feature","properties":{"n":"p","a":45,"b":46},"geometry":{"type":"LineString","coordinates":[[130.7206,32.1008],[130.7212,32.0987],[130.7179,32.0947],[130.7171,32.0916],[130.7179,32.0891],[130.716,32.0857],[130.7125,32.0818],[130.7061,32.0801],[130.7035,32.077],[130.7034,32.0584],[130.7371,32.0477],[130.7428,32.0419],[130.7463,32.0419],[130.7474,32.0383],[130.747,32.0357],[130.7525,32.0333],[130.7563,32.0333],[130.757,32.0323],[130.7573,32.0334],[130.7586,32.0333],[130.76,32.0311],[130.759,32.0295],[130.7621,32.0274],[130.762,32.0244],[130.766,32.0233],[130.7687,32.0202],[130.7709,32.0201],[130.7729,32.0181],[130.7775,32.0161],[130.7783,32.0141],[130.7776,32.0118],[130.7784,32.0095],[130.7786,31.9985],[130.7812,31.9922],[130.782,31.9831],[130.784,31.9792],[130.7946,31.9732],[130.7964,31.9652],[130.8013,31.9602],[130.7996,31.9568],[130.7997,31.9499],[130.8053,31.9498],[130.8113,31.9449],[130.8147,31.9435],[130.816,31.9413],[130.832,31.9415],[130.8334,31.9424],[130.8377,31.9417],[130.8416,31.9427],[130.8446,31.9399],[130.8481,31.9401],[130.8572,31.9382],[130.8596,31.9346],[130.8656,31.9339],[130.8693,31.9302],[130.8697,31.9279],[130.8727,31.928],[130.8781,31.9222],[130.8824,31.9211],[130.8828,31.9151],[130.8853,31.9142],[130.887,31.9122],[130.8864,31.9091],[130.888,31.9057],[130.8921,31.9014],[130.8929,31.8998],[130.8915,31.8985],[130.8954,31.8937],[130.8977,31.8885],[130.897,31.8878],[130.9008,31.8858],[130.9103,31.8878],[130.914,31.8858],[130.9132,31.8842],[130.9113,31.8834],[130.9068,31.8853],[130.9029,31.8848],[130.8994,31.881],[130.8947,31.8782],[130.8923,31.8689],[130.8878,31.8615],[130.8886,31.856],[130.8879,31.8529],[130.8893,31.8513],[130.8884,31.8486],[130.8844,31.8455],[130.8762,31.8442],[130.875,31.8427],[130.8791,31.8394],[130.8795,31.8378],[130.8788,31.8368],[130.8817,31.8335],[130.8818,31.8296],[130.8777,31.8283],[130.8766,31.8189],[130.8775,31.8172],[130.8769,31.8157],[130.88,31.815],[130.8816,31.8132],[130.8816,31.81],[130.8836,31.8059],[130.885,31.8055],[130.8873,31.8069],[130.8905,31.8065],[130.895,31.8039],[130.898,31.8036],[130.9013,31.801],[130.9049,31.8016],[130.9093,31.8007],[130.9146,31.8049],[130.9169,31.8043],[130.9179,31.8035],[130.9172,31.8014],[130.9183,31.7993],[130.9212,31.7997],[130.9239,31.7984],[130.9235,31.7967],[130.9258,31.7944],[130.9254,31.7911],[130.9309,31.7857],[130.9363,31.7857],[130.9386,31.7844],[130.9417,31.7851],[130.9495,31.7843],[130.966,31.7812],[130.9714,31.7846],[130.9768,31.7824],[130.9803,31.7785],[130.987,31.7801],[130.9901,31.7778],[130.9917,31.7712],[130.9907,31.7708],[130.9884,31.7655],[130.9859,31.7657],[130.9846,31.7676],[130.9828,31.7674],[130.9824,31.7646],[130.9837,31.7643],[130.9792,31.7617],[130.9777,31.7584],[130.9785,31.7574],[130.9785,31.7516],[130.984,31.7516],[130.9869,31.7497],[130.9906,31.7512],[130.9949,31.747],[130.9979,31.7459],[131.0023,31.7483],[131.0064,31.7493],[131.0097,31.747],[131.015,31.7489],[131.0168,31.7473],[131.0179,31.745],[131.0161,31.743],[131.0161,31.7391],[131.017,31.7372],[131.0165,31.7338],[131.0177,31.7249],[131.016,31.7168],[131.0131,31.7131],[131.0143,31.71],[131.0181,31.7102],[131.0177,31.7071],[131.0198,31.7038],[131.0292,31.6969],[131.0263,31.6944],[131.0255,31.6915],[131.0248,31.6925],[131.0237,31.6918],[131.0256,31.6883],[131.0251,31.6866],[131.0237,31.6863],[131.0238,31.6852],[131.0268,31.6819],[131.0256,31.6773],[131.0235,31.675],[131.0263,31.6734],[131.029,31.6741],[131.0279,31.6717],[131.0261,31.671],[131.0276,31.6685],[131.0256,31.6669],[131.0309,31.6629],[131.0371,31.6617],[131.0447,31.6544],[131.0483,31.6475],[131.0475,31.6421],[131.0492,31.6401],[131.0498,31.6406],[131.0527,31.6397],[131.052,31.6372],[131.0544,31.6334],[131.0574,31.6342],[131.0589,31.6396],[131.0652,31.6474],[131.069,31.6499],[131.0717,31.6574],[131.0756,31.6598],[131.0792,31.6601],[131.0832,31.6561],[131.0851,31.6562],[131.0894,31.6536],[131.0942,31.6474],[131.101,31.6447],[131.1035,31.6416],[131.1059,31.6406],[131.1079,31.6377],[131.1092,31.638],[131.1114,31.6358],[131.1133,31.6352],[131.1131,31.633],[131.1147,31.6325],[131.115,31.6307],[131.1178,31.6293],[131.1228,31.6304],[131.128,31.6265],[131.1299,31.6274],[131.1388,31.6277],[131.1426,31.6304],[131.1481,31.6308],[131.1503,31.63],[131.1513,31.6313],[131.1511,31.6333],[131.1559,31.6342],[131.1564,31.6362],[131.1588,31.6371],[131.1631,31.6365],[131.1644,31.6395],[131.1685,31.6373],[131.1699,31.6335],[131.1786,31.63],[131.179,31.6269],[131.1884,31.6246],[131.1894,31.6221],[131.1892,31.6185],[131.1901,31.6178],[131.1873,31.6154],[131.1852,31.6104],[131.1861,31.6093],[131.1864,31.6052],[131.1923,31.5986],[131.1976,31.5951],[131.1986,31.591],[131.2008,31.5894],[131.2054,31.5799],[131.2029,31.5712],[131.2001,31.5693],[131.2018,31.5671],[131.1997,31.5641],[131.1956,31.5628],[131.1938,31.5599],[131.1889,31.5575],[131.1954,31.5523],[131.1969,31.5495],[131.1959,31.5467],[131.1976,31.5456],[131.1989,31.5415],[131.1972,31.5387],[131.2015,31.5313],[131.2002,31.5295],[131.201,31.5269],[131.2,31.523],[131.2008,31.5177],[131.1971,31.5117],[131.1889,31.5083],[131.1872,31.5087],[131.1844,31.507],[131.179,31.5062],[131.1769,31.505],[131.1754,31.5025],[131.1717,31.5019],[131.17,31.4999],[131.169,31.4967],[131.171,31.4941],[131.1689,31.493],[131.1684,31.491],[131.1658,31.4891],[131.1632,31.4841],[131.1643,31.4811],[131.1645,31.4744],[131.1622,31.4669],[131.1631,31.4654],[131.1603,31.4619]]}}]}