{"type":"FeatureCollection","features":[{"type":"Feature","properties":{},"geometry":{"type":"MultiPolygon","coordinates":[[[[117.704,4.163],[117.907,4.157],[117.935,4.06],[117.887,4.032],[117.839,4.04],[117.704,4.163]]],[[[117.567,4.16],[117.519,4.122],[117.373,4.17],[117.407,4.125],[117.396,4.099],[117.466,4.08],[117.468,4.044],[117.52,4.049],[117.614,3.957],[117.678,3.932],[117.688,3.909],[117.651,3.895],[117.57,3.933],[117.523,3.93],[117.579,3.915],[117.637,3.873],[117.682,3.882],[117.719,3.861],[117.783,3.779],[117.702,3.779],[117.734,3.752],[117.818,3.73],[117.826,3.704],[117.749,3.637],[117.629,3.632],[117.547,3.664],[117.504,3.769],[117.469,3.792],[117.523,3.65],[117.51,3.607],[117.431,3.635],[117.091,3.646],[117.056,3.632],[117.031,3.594],[117.083,3.617],[117.199,3.616],[117.217,3.603],[117.2,3.555],[117.243,3.491],[117.305,3.469],[117.325,3.436],[117.374,3.449],[117.447,3.435],[117.442,3.373],[117.37,3.305],[117.36,3.244],[117.334,3.232],[117.274,3.265],[117.27,3.234],[117.353,3.183],[117.454,3.171],[117.455,3.128],[117.482,3.101],[117.617,3.086],[117.629,3.042],[117.565,2.984],[117.656,2.997],[117.685,2.963],[117.544,2.922],[117.736,2.902],[117.62,2.826],[117.752,2.785],[117.784,2.758],[117.801,2.657],[117.826,2.607],[117.979,2.467],[118.037,2.364],[118.045,2.382],[118.082,2.337],[118.099,2.278],[118.058,2.22],[117.955,2.182],[117.915,2.093],[117.826,2.107],[117.9,2.05],[117.825,2.036],[117.741,2.045],[117.75,2.031],[117.819,2.017],[117.856,1.983],[117.873,1.99],[117.872,1.925],[117.857,1.898],[117.894,1.874],[117.924,1.819],[118.046,1.783],[118.048,1.744],[118.127,1.655],[118.425,1.486],[118.4,1.454],[118.449,1.436],[118.456,1.395],[118.476,1.402],[118.613,1.351],[118.675,1.28],[118.754,1.23],[118.785,1.182],[118.764,1.164],[118.809,1.14],[118.857,1.058],[118.888,1.058],[118.916,1.079],[118.985,1.058],[119.006,1.038],[118.998,1.004],[119.012,0.976],[118.957,0.913],[118.865,0.869],[118.841,0.83],[118.798,0.805],[118.663,0.846],[118.565,0.804],[118.428,0.84],[118.384,0.805],[118.317,0.859],[118.188,0.875],[118.097,0.909],[118.045,0.955],[117.99,1.079],[117.924,1.125],[117.894,1.113],[117.901,1.079],[117.975,0.983],[117.985,0.926],[118.025,0.873],[118.033,0.8],[117.983,0.791],[117.947,0.831],[117.903,0.837],[117.811,0.812],[117.743,0.741],[117.719,0.637],[117.62,0.502],[117.627,0.434],[117.57,0.389],[117.517,0.291],[117.523,0.226],[117.48,0.166],[117.517,0.14],[117.47,0.109],[117.476,0.058],[117.497,0.051],[117.489,0.037],[117.517,0.016],[117.53,-0.032],[117.485,-0.092],[117.435,-0.24],[117.442,-0.282],[117.497,-0.35],[117.458,-0.427],[117.466,-0.457],[117.441,-0.525],[117.596,-0.423],[117.63,-0.419],[117.632,-0.448],[117.555,-0.503],[117.599,-0.521],[117.578,-0.597],[117.53,-0.607],[117.576,-0.63],[117.54,-0.674],[117.551,-0.69],[117.483,-0.7],[117.614,-0.734],[117.627,-0.771],[117.538,-0.813],[117.489,-0.799],[117.493,-0.828],[117.458,-0.82],[117.447,-0.877],[117.413,-0.875],[117.379,-0.839],[117.339,-0.901],[117.328,-0.841],[117.282,-0.809],[117.25,-0.909],[117.164,-0.982],[117.065,-1.122],[117.039,-1.138],[117.024,-1.203],[116.958,-1.24],[116.82,-1.261],[116.831,-1.195],[116.811,-1.193],[116.797,-1.217],[116.787,-1.159],[116.746,-1.111],[116.757,-1.024],[116.743,-1.025],[116.715,-1.125],[116.757,-1.182],[116.736,-1.221],[116.791,-1.244],[116.763,-1.299],[116.762,-1.365],[116.568,-1.447],[116.539,-1.481],[116.537,-1.526],[116.564,-1.583],[116.54,-1.623],[116.325,-1.704],[116.222,-1.79],[116.243,-1.806],[116.286,-1.807],[116.33,-1.778],[116.425,-1.766],[116.448,-1.796],[116.414,-1.847],[116.467,-1.907],[116.45,-1.957],[116.458,-2.042],[116.427,-2.076],[116.337,-2.108],[116.283,-2.169],[116.371,-2.138],[116.411,-2.204],[116.518,-2.166],[116.543,-2.209],[116.599,-2.184],[116.603,-2.224],[116.54,-2.513],[116.518,-2.554],[116.482,-2.56],[116.445,-2.498],[116.321,-2.512],[116.304,-2.526],[116.324,-2.548],[116.297,-2.608],[116.311,-2.615],[116.342,-2.567],[116.366,-2.557],[116.393,-2.574],[116.366,-2.653],[116.365,-2.861],[116.288,-2.987],[116.263,-3.005],[116.229,-3.002],[116.212,-2.93],[116.174,-2.903],[116.151,-2.816],[116.138,-2.823],[116.14,-2.869],[116.111,-2.93],[116.127,-2.966],[116.106,-2.998],[116.161,-3.004],[116.178,-3.05],[116.255,-3.109],[116.265,-3.137],[116.167,-3.156],[116.188,-3.232],[116.168,-3.266],[116.126,-3.28],[116.134,-3.254],[116.154,-3.259],[116.172,-3.226],[116.111,-3.246],[116.023,-3.412],[115.99,-3.583],[115.968,-3.609],[115.858,-3.62],[115.759,-3.697],[115.583,-3.781],[115.06,-3.986],[114.664,-4.184],[114.625,-4.171],[114.607,-4.132],[114.632,-4.013],[114.604,-3.855],[114.611,-3.684],[114.522,-3.519],[114.55,-3.348],[114.5,-3.383],[114.477,-3.501],[114.412,-3.485],[114.289,-3.424],[114.264,-3.398],[114.365,-3.212],[114.248,-3.36],[114.187,-3.382],[114.126,-3.368],[114.108,-3.347],[114.118,-3.19],[114.097,-3.276],[114.042,-3.356],[113.886,-3.431],[113.713,-3.473],[113.632,-3.457],[113.625,-3.382],[113.642,-3.256],[113.612,-3.174],[113.486,-3.175],[113.452,-3.199],[113.44,-3.238],[113.366,-3.253],[113.346,-3.238],[113.329,-3.183],[113.303,-3.163],[113.351,-3.272],[113.23,-3.164],[113.202,-3.093],[113.101,-3.043],[113.035,-2.923],[113.037,-2.993],[113.017,-3.037],[112.983,-3.05],[112.941,-3.106],[112.968,-3.144],[113.021,-3.163],[112.638,-3.417],[112.582,-3.416],[112.545,-3.444],[112.349,-3.323],[112.303,-3.314],[112.203,-3.33],[112.117,-3.382],[111.973,-3.526],[111.905,-3.572],[111.809,-3.533],[111.843,-3.384],[111.815,-3.19],[111.833,-3.062],[111.76,-2.908],[111.754,-2.824],[111.734,-2.803],[111.754,-2.739],[111.711,-2.775],[111.713,-2.848],[111.673,-2.895],[111.703,-2.944],[111.57,-3.016],[111.534,-3.012],[111.514,-2.964],[111.486,-2.942],[111.324,-2.926],[111.061,-3.061],[110.942,-3.091],[110.824,-3.037],[110.754,-3.026],[110.804,-2.959],[110.966,-2.9],[110.956,-2.879],[110.794,-2.944],[110.698,-3.063],[110.662,-3.081],[110.631,-3.053],[110.643,-3.019],[110.617,-2.91],[110.589,-2.877],[110.549,-2.868],[110.404,-2.921],[110.301,-2.998],[110.263,-3.003],[110.205,-2.896],[110.247,-2.815],[110.212,-2.653],[110.157,-2.621],[110.199,-2.552],[110.265,-2.557],[110.281,-2.518],[110.247,-2.54],[110.221,-2.533],[110.16,-2.436],[110.141,-2.29],[110.097,-2.236],[110.129,-2.07],[110.093,-1.95],[110.075,-1.922],[109.954,-1.874],[109.904,-1.826],[109.924,-1.813],[109.911,-1.779],[109.994,-1.73],[110.034,-1.646],[110.071,-1.39],[110.044,-1.305],[110.03,-1.286],[109.964,-1.266],[109.952,-1.231],[109.93,-1.223],[109.935,-1.113],[109.835,-1.086],[109.74,-0.968],[109.735,-0.918],[109.764,-0.871],[109.724,-0.889],[109.714,-0.947],[109.677,-0.984],[109.63,-0.952],[109.605,-0.957],[109.582,-0.894],[109.526,-0.862],[109.428,-0.847],[109.414,-0.86],[109.419,-0.904],[109.391,-0.912],[109.273,-0.854],[109.245,-0.696],[109.263,-0.667],[109.314,-0.695],[109.383,-0.696],[109.469,-0.737],[109.502,-0.731],[109.507,-0.716],[109.462,-0.713],[109.413,-0.664],[109.355,-0.648],[109.369,-0.634],[109.355,-0.614],[109.424,-0.62],[109.401,-0.597],[109.344,-0.584],[109.262,-0.592],[109.215,-0.553],[109.171,-0.556],[109.139,-0.529],[109.101,-0.37],[109.136,-0.36],[109.091,-0.287],[109.101,-0.258],[109.076,-0.251],[109.067,-0.271],[109.05,-0.262],[109.051,-0.229],[109.086,-0.207],[109.147,-0.205],[109.225,-0.237],[109.191,-0.189],[109.187,-0.082],[109.16,-0.024],[109.161,0.034],[109.3,0.01],[109.167,0.112],[109.102,0.243],[109.033,0.293],[108.953,0.302],[108.929,0.315],[108.921,0.34],[108.944,0.423],[108.91,0.531],[108.931,0.616],[108.876,0.715],[108.89,0.754],[108.855,0.832],[108.893,0.868],[108.941,0.884],[108.981,0.956],[108.924,1.164],[109.143,1.251],[109.266,1.395],[109.24,1.404],[109.137,1.262],[109.088,1.236],[108.986,1.216],[108.99,1.247],[109.054,1.352],[109.073,1.534],[109.272,1.694],[109.348,1.81],[109.337,1.819],[109.287,1.778],[109.335,1.85],[109.341,1.936],[109.579,1.998],[109.645,2.083],[109.6,1.983],[109.528,1.89],[109.556,1.802],[109.642,1.781],[109.642,1.637],[109.658,1.597],[109.766,1.496],[109.776,1.458],[109.808,1.46],[109.843,1.403],[109.92,1.395],[109.964,1.299],[110.031,1.254],[110.052,1.215],[110.17,1.174],[110.257,1.039],[110.263,0.994],[110.364,0.981],[110.46,0.88],[110.554,0.851],[110.613,0.894],[110.661,0.872],[110.704,0.901],[110.758,0.915],[110.777,0.903],[110.797,0.95],[110.88,1.011],[110.973,1.018],[111.198,1.075],[111.374,1.008],[111.472,1.022],[111.503,0.958],[111.539,0.998],[111.623,1.03],[111.763,0.993],[111.823,1.008],[111.91,1.114],[112.093,1.143],[112.187,1.38],[112.182,1.4],[112.154,1.41],[112.162,1.435],[112.295,1.504],[112.399,1.523],[112.47,1.568],[112.802,1.544],[112.855,1.583],[112.973,1.57],[113.014,1.551],[113.024,1.514],[112.958,1.416],[113.089,1.431],[113.159,1.388],[113.324,1.351],[113.398,1.294],[113.524,1.314],[113.625,1.228],[113.808,1.34],[113.868,1.415],[113.91,1.442],[114.094,1.466],[114.173,1.421],[114.375,1.507],[114.501,1.436],[114.546,1.435],[114.568,1.469],[114.563,1.536],[114.624,1.599],[114.669,1.694],[114.68,1.841],[114.832,1.903],[114.841,2.038],[114.781,2.036],[114.753,2.135],[114.779,2.247],[114.913,2.284],[114.922,2.354],[114.973,2.357],[115.105,2.466],[115.193,2.491],[115.206,2.51],[115.192,2.551],[115.152,2.597],[115.115,2.608],[115.071,2.595],[115.056,2.609],[115.072,2.672],[115.057,2.711],[115.105,2.761],[115.069,2.833],[115.123,2.913],[115.208,2.981],[115.242,3.042],[115.31,2.986],[115.464,3.031],[115.482,3.111],[115.517,3.157],[115.483,3.206],[115.518,3.357],[115.557,3.425],[115.585,3.417],[115.601,3.43],[115.544,3.629],[115.589,3.858],[115.538,3.898],[115.539,3.921],[115.581,3.947],[115.61,3.997],[115.647,4.169],[115.733,4.239],[115.771,4.226],[115.817,4.281],[115.821,4.344],[115.844,4.389],[115.865,4.383],[115.879,4.352],[115.977,4.329],[115.994,4.289],[116.021,4.271],[116.11,4.345],[116.126,4.379],[116.229,4.356],[116.311,4.383],[116.358,4.355],[116.391,4.295],[116.411,4.289],[116.446,4.317],[116.494,4.325],[116.486,4.349],[116.522,4.397],[116.59,4.331],[116.616,4.344],[116.68,4.34],[116.712,4.367],[116.804,4.33],[116.883,4.345],[116.981,4.33],[117.165,4.333],[117.203,4.356],[117.357,4.26],[117.436,4.186],[117.567,4.16]]],[[[102.839,0.291],[102.885,0.315],[102.927,0.311],[102.875,0.284],[102.847,0.278],[102.839,0.291]]],[[[103.08,0.624],[103.077,0.575],[103.046,0.628],[103.043,0.661],[103.08,0.624]]],[[[103.506,0.702],[103.521,0.679],[103.489,0.62],[103.469,0.637],[103.506,0.702]]],[[[103.113,0.793],[103.105,0.735],[103.086,0.725],[103.076,0.753],[103.113,0.793]]],[[[104.565,0.798],[104.606,0.794],[104.62,0.777],[104.602,0.764],[104.554,0.771],[104.511,0.75],[104.512,0.774],[104.565,0.798]]],[[[103.668,0.84],[103.718,0.798],[103.727,0.78],[103.713,0.762],[103.668,0.84]]],[[[103.462,0.919],[103.479,0.879],[103.433,0.881],[103.407,0.911],[103.462,0.919]]],[[[120.649,1.072],[120.683,1.045],[120.632,1.069],[120.618,1.077],[120.649,1.072]]],[[[120.378,1.08],[120.402,1.077],[120.394,1.031],[120.369,1.032],[120.378,1.08]]],[[[119.847,-0.875],[119.867,-0.788],[119.854,-0.716],[119.792,-0.607],[119.758,-0.47],[119.781,-0.239],[119.808,-0.183],[119.8,-0.124],[119.792,-0.107],[119.73,-0.121],[119.675,-0.099],[119.639,-0.051],[119.634,0.01],[119.668,-0.004],[119.675,0.03],[119.778,-0.076],[119.833,-0.084],[119.888,0.071],[119.794,0.197],[119.785,0.239],[119.869,0.287],[119.859,0.364],[119.912,0.474],[120.032,0.516],[120.045,0.55],[120.025,0.667],[120.046,0.734],[120.121,0.754],[120.227,0.815],[120.257,0.969],[120.278,0.994],[120.342,0.983],[120.346,0.856],[120.367,0.866],[120.422,0.812],[120.47,0.797],[120.511,0.811],[120.568,0.782],[120.614,0.832],[120.602,0.856],[120.662,0.969],[120.69,0.996],[120.734,0.98],[120.754,1.021],[120.802,1.053],[120.799,1.142],[120.826,1.197],[120.82,1.291],[120.834,1.326],[120.875,1.326],[120.909,1.354],[120.909,1.311],[120.967,1.346],[121.08,1.332],[121.159,1.303],[121.183,1.271],[121.265,1.23],[121.318,1.254],[121.399,1.262],[121.451,1.298],[121.472,1.257],[121.43,1.233],[121.45,1.167],[121.481,1.121],[121.547,1.072],[121.631,1.062],[121.926,1.099],[121.943,1.091],[121.956,1.046],[121.99,1.022],[122.064,1.065],[122.235,1.01],[122.297,1.01],[122.314,1.024],[122.376,1.01],[122.454,1.021],[122.524,0.98],[122.645,0.959],[122.679,0.919],[122.849,0.818],[122.918,0.86],[122.968,0.963],[123.176,0.923],[123.191,0.928],[123.187,0.974],[123.226,0.95],[123.255,0.961],[123.304,0.912],[123.383,0.928],[123.563,0.867],[123.612,0.886],[123.691,0.853],[123.938,0.832],[123.951,0.846],[123.938,0.859],[124.008,0.898],[124.153,0.946],[124.191,0.983],[124.29,1.017],[124.315,1.038],[124.363,1.167],[124.389,1.186],[124.514,1.195],[124.548,1.216],[124.567,1.192],[124.594,1.196],[124.616,1.257],[124.606,1.273],[124.534,1.289],[124.548,1.36],[124.62,1.417],[124.717,1.406],[124.774,1.455],[124.836,1.469],[124.85,1.49],[124.822,1.549],[124.837,1.589],[124.95,1.683],[124.969,1.674],[124.973,1.723],[125.025,1.744],[125.043,1.681],[125.175,1.678],[125.168,1.585],[125.24,1.524],[125.249,1.485],[125.144,1.421],[125.115,1.385],[125.034,1.175],[124.899,0.973],[124.822,0.941],[124.799,0.906],[124.746,0.881],[124.664,0.806],[124.636,0.725],[124.573,0.649],[124.583,0.595],[124.548,0.592],[124.503,0.534],[124.514,0.503],[124.466,0.449],[124.415,0.448],[124.322,0.399],[124.151,0.37],[124.109,0.387],[124.069,0.352],[124.034,0.359],[123.996,0.339],[123.825,0.318],[123.782,0.299],[123.725,0.309],[123.632,0.267],[123.571,0.304],[123.466,0.312],[123.39,0.298],[123.239,0.325],[123.191,0.39],[123.164,0.397],[123.074,0.516],[122.978,0.483],[122.694,0.483],[122.65,0.524],[122.653,0.48],[122.639,0.475],[122.566,0.497],[122.324,0.497],[122.166,0.469],[122.038,0.482],[121.985,0.448],[121.8,0.426],[121.779,0.433],[121.716,0.515],[121.636,0.516],[121.602,0.552],[121.588,0.533],[121.528,0.537],[121.495,0.483],[121.444,0.469],[121.413,0.483],[121.33,0.462],[121.261,0.482],[121.164,0.457],[121.108,0.407],[121.047,0.419],[121.005,0.449],[120.876,0.425],[120.847,0.462],[120.789,0.49],[120.751,0.483],[120.68,0.531],[120.503,0.529],[120.375,0.478],[120.315,0.423],[120.133,0.191],[120.075,-0.016],[120.023,-0.071],[120.019,-0.153],[119.996,-0.209],[120.019,-0.363],[120.059,-0.442],[120.046,-0.483],[120.089,-0.657],[120.256,-0.899],[120.326,-0.939],[120.388,-0.901],[120.412,-0.905],[120.447,-0.96],[120.5,-0.975],[120.587,-1.117],[120.565,-1.216],[120.619,-1.28],[120.649,-1.364],[120.676,-1.395],[120.737,-1.361],[120.83,-1.34],[120.827,-1.378],[120.844,-1.39],[120.988,-1.381],[121.033,-1.416],[121.073,-1.421],[121.105,-1.406],[121.167,-1.323],[121.207,-1.191],[121.267,-1.149],[121.318,-1.067],[121.375,-1.021],[121.501,-0.859],[121.578,-0.847],[121.588,-0.813],[121.62,-0.8],[121.66,-0.813],[121.663,-0.888],[121.714,-0.935],[121.926,-0.955],[122.019,-0.917],[122.105,-0.926],[122.141,-0.887],[122.156,-0.799],[122.208,-0.765],[122.487,-0.75],[122.557,-0.768],[122.622,-0.751],[122.716,-0.792],[122.929,-0.759],[122.96,-0.731],[122.897,-0.716],[122.883,-0.696],[122.766,-0.683],[122.735,-0.648],[122.779,-0.646],[122.823,-0.612],[123.013,-0.604],[123.061,-0.559],[123.24,-0.57],[123.417,-0.655],[123.404,-0.673],[123.425,-0.708],[123.445,-0.71],[123.438,-0.73],[123.454,-0.758],[123.445,-0.833],[123.4,-0.895],[123.383,-1.004],[123.352,-1.04],[123.311,-1.051],[123.239,-1.025],[123.15,-0.935],[123.151,-0.873],[123.096,-0.835],[123.061,-0.881],[123.009,-0.894],[122.876,-0.909],[122.839,-0.899],[122.812,-0.924],[122.721,-1.109],[122.662,-1.143],[122.638,-1.206],[122.572,-1.253],[122.478,-1.381],[122.369,-1.493],[122.184,-1.614],[122.143,-1.594],[122.064,-1.621],[122.026,-1.614],[121.955,-1.664],[121.861,-1.67],[121.831,-1.702],[121.799,-1.718],[121.755,-1.834],[121.718,-1.888],[121.628,-1.927],[121.54,-1.923],[121.505,-1.877],[121.457,-1.861],[121.441,-1.814],[121.371,-1.806],[121.347,-1.779],[121.312,-1.783],[121.296,-1.817],[121.304,-1.847],[121.341,-1.84],[121.346,-1.856],[121.327,-1.919],[121.341,-1.991],[121.402,-1.909],[121.436,-1.98],[121.535,-2.059],[121.575,-2.163],[121.701,-2.18],[121.823,-2.287],[121.883,-2.413],[122.009,-2.594],[122.016,-2.694],[122.084,-2.764],[122.146,-2.779],[122.177,-2.807],[122.193,-2.866],[122.287,-2.889],[122.313,-2.927],[122.271,-3.002],[122.28,-3.04],[122.386,-3.132],[122.43,-3.115],[122.446,-3.149],[122.473,-3.151],[122.465,-3.177],[122.437,-3.19],[122.429,-3.246],[122.383,-3.238],[122.358,-3.218],[122.321,-3.257],[122.296,-3.313],[122.304,-3.341],[122.373,-3.372],[122.378,-3.439],[122.362,-3.437],[122.362,-3.413],[122.327,-3.403],[122.325,-3.375],[122.28,-3.356],[122.272,-3.376],[122.252,-3.376],[122.291,-3.471],[122.262,-3.529],[122.201,-3.557],[122.205,-3.594],[122.236,-3.643],[122.305,-3.675],[122.335,-3.718],[122.441,-3.731],[122.549,-3.879],[122.656,-3.889],[122.667,-3.919],[122.624,-3.952],[122.551,-3.971],[122.656,-4.007],[122.667,-4.102],[122.688,-4.138],[122.708,-4.139],[122.711,-4.115],[122.778,-4.137],[122.842,-4.129],[122.775,-4.048],[122.807,-4.041],[122.845,-4.058],[122.873,-4.093],[122.907,-4.196],[122.892,-4.266],[122.9,-4.389],[122.867,-4.4],[122.842,-4.438],[122.723,-4.332],[122.67,-4.315],[122.745,-4.41],[122.77,-4.417],[122.773,-4.468],[122.758,-4.485],[122.736,-4.482],[122.711,-4.452],[122.682,-4.48],[122.67,-4.432],[122.599,-4.397],[122.498,-4.435],[122.43,-4.417],[122.35,-4.453],[122.233,-4.468],[122.153,-4.513],[122.108,-4.52],[122.066,-4.582],[122.04,-4.663],[122.059,-4.742],[122.129,-4.8],[122.077,-4.842],[121.992,-4.856],[121.887,-4.846],[121.823,-4.813],[121.742,-4.816],[121.704,-4.835],[121.657,-4.787],[121.554,-4.744],[121.485,-4.656],[121.48,-4.581],[121.529,-4.398],[121.533,-4.238],[121.56,-4.225],[121.553,-4.252],[121.585,-4.237],[121.617,-4.167],[121.628,-4.087],[121.594,-4.041],[121.555,-4.021],[121.43,-3.999],[121.354,-3.968],[121.296,-3.887],[121.256,-3.903],[121.255,-3.816],[121.16,-3.796],[120.894,-3.539],[120.875,-3.499],[120.868,-3.458],[120.889,-3.389],[120.95,-3.328],[120.979,-3.267],[121.015,-3.252],[121.067,-3.194],[121.073,-3.115],[121.048,-3.066],[121.08,-2.978],[121.082,-2.872],[121.071,-2.851],[121.053,-2.862],[121.033,-2.814],[121.012,-2.848],[120.984,-2.824],[121.019,-2.802],[121.025,-2.779],[121.053,-2.778],[121.067,-2.752],[121.08,-2.759],[121.048,-2.699],[121.006,-2.661],[120.854,-2.646],[120.799,-2.615],[120.584,-2.682],[120.543,-2.747],[120.203,-2.958],[120.24,-3.036],[120.261,-3.05],[120.285,-3.122],[120.264,-3.142],[120.383,-3.209],[120.4,-3.251],[120.426,-3.256],[120.402,-3.297],[120.399,-3.501],[120.422,-3.582],[120.422,-3.666],[120.444,-3.691],[120.447,-3.729],[120.36,-3.894],[120.352,-4.1],[120.381,-4.167],[120.374,-4.249],[120.388,-4.294],[120.362,-4.387],[120.367,-4.424],[120.403,-4.472],[120.402,-4.574],[120.45,-4.647],[120.416,-4.689],[120.387,-4.829],[120.326,-4.842],[120.309,-4.871],[120.307,-4.993],[120.264,-5.15],[120.388,-5.352],[120.436,-5.565],[120.464,-5.62],[120.416,-5.617],[120.348,-5.514],[120.323,-5.51],[120.1,-5.596],[119.987,-5.564],[119.915,-5.569],[119.857,-5.62],[119.844,-5.661],[119.772,-5.701],[119.677,-5.697],[119.648,-5.679],[119.634,-5.617],[119.61,-5.609],[119.57,-5.656],[119.518,-5.558],[119.455,-5.574],[119.47,-5.596],[119.433,-5.588],[119.422,-5.551],[119.438,-5.522],[119.36,-5.396],[119.353,-5.356],[119.404,-5.124],[119.46,-5.074],[119.52,-4.917],[119.525,-4.883],[119.491,-4.754],[119.497,-4.718],[119.525,-4.698],[119.591,-4.564],[119.627,-4.315],[119.6,-4.242],[119.627,-4.163],[119.606,-4.105],[119.621,-4.026],[119.647,-3.978],[119.607,-3.976],[119.593,-4.026],[119.585,-3.97],[119.457,-3.715],[119.484,-3.615],[119.514,-3.563],[119.486,-3.483],[119.432,-3.475],[119.347,-3.431],[119.298,-3.428],[119.23,-3.485],[119.158,-3.478],[119.099,-3.505],[119.027,-3.51],[118.999,-3.525],[119.004,-3.56],[118.97,-3.54],[118.949,-3.569],[118.927,-3.566],[118.842,-3.368],[118.853,-3.296],[118.817,-3.172],[118.782,-3.144],[118.764,-3.091],[118.791,-3.06],[118.848,-3.068],[118.886,-2.87],[118.834,-2.841],[118.772,-2.862],[118.757,-2.776],[118.806,-2.63],[118.841,-2.628],[118.871,-2.654],[118.914,-2.648],[119.015,-2.577],[119.047,-2.513],[119.136,-2.454],[119.134,-2.204],[119.186,-2.121],[119.216,-2.01],[119.264,-1.963],[119.336,-1.97],[119.347,-1.959],[119.367,-1.833],[119.329,-1.781],[119.305,-1.652],[119.333,-1.573],[119.302,-1.494],[119.295,-1.405],[119.333,-1.35],[119.314,-1.246],[119.399,-1.133],[119.453,-1.096],[119.482,-0.963],[119.525,-0.86],[119.682,-0.737],[119.659,-0.696],[119.734,-0.634],[119.81,-0.834],[119.847,-0.875]]],[[[127.786,2.264],[127.811,2.264],[127.816,2.234],[127.805,2.212],[127.781,2.209],[127.748,2.247],[127.76,2.27],[127.786,2.264]]],[[[128.194,2.367],[128.155,2.286],[128.131,2.316],[128.129,2.358],[128.16,2.405],[128.194,2.367]]],[[[100.947,1.825],[100.948,1.883],[100.886,2.036],[100.823,2.116],[100.8,2.209],[100.841,2.281],[100.886,2.298],[101.05,2.291],[101.067,2.22],[101.182,2.145],[101.317,2.025],[101.327,1.916],[101.378,1.773],[101.427,1.709],[101.567,1.656],[101.712,1.671],[101.749,1.662],[102.021,1.438],[102.118,1.387],[102.143,1.358],[102.153,1.311],[102.147,1.248],[102.197,1.2],[102.194,1.066],[102.209,1.024],[102.425,0.804],[102.532,0.742],[102.595,0.736],[102.667,0.75],[102.877,0.726],[102.954,0.676],[103.084,0.516],[103.092,0.469],[103.075,0.442],[102.716,0.258],[102.628,0.234],[102.582,0.181],[102.555,0.186],[102.503,0.236],[102.43,0.246],[102.481,0.234],[102.546,0.169],[102.578,0.159],[102.695,0.232],[102.763,0.229],[102.903,0.268],[103.008,0.325],[103.076,0.383],[103.166,0.408],[103.224,0.488],[103.362,0.536],[103.421,0.516],[103.541,0.435],[103.588,0.377],[103.606,0.311],[103.645,0.345],[103.743,0.277],[103.814,0.019],[103.802,-0.007],[103.671,-0.017],[103.664,-0.041],[103.629,-0.048],[103.592,-0.011],[103.577,-0.014],[103.565,-0.024],[103.586,-0.045],[103.576,-0.104],[103.494,-0.118],[103.467,-0.183],[103.415,-0.217],[103.301,-0.238],[103.271,-0.258],[103.333,-0.264],[103.489,-0.212],[103.503,-0.23],[103.495,-0.254],[103.457,-0.289],[103.437,-0.338],[103.346,-0.367],[103.401,-0.385],[103.493,-0.375],[103.598,-0.437],[103.547,-0.49],[103.418,-0.518],[103.373,-0.449],[103.38,-0.514],[103.415,-0.552],[103.416,-0.575],[103.373,-0.648],[103.386,-0.681],[103.346,-0.696],[103.376,-0.727],[103.463,-0.758],[103.465,-0.783],[103.441,-0.813],[103.507,-0.805],[103.527,-0.816],[103.565,-0.875],[103.586,-0.875],[103.65,-0.943],[103.689,-0.949],[103.725,-0.986],[103.794,-1.009],[103.829,-1.073],[103.856,-1.014],[103.956,-0.977],[104.041,-1.022],[104.127,-1.032],[104.212,-1.073],[104.32,-1.034],[104.377,-1.032],[104.41,-1.128],[104.401,-1.231],[104.449,-1.316],[104.463,-1.573],[104.538,-1.761],[104.483,-1.881],[104.497,-1.936],[104.537,-1.854],[104.564,-1.858],[104.637,-1.922],[104.589,-2.019],[104.621,-2.01],[104.655,-1.97],[104.664,-2.031],[104.686,-2.045],[104.773,-1.998],[104.815,-2.008],[104.85,-2.038],[104.883,-2.126],[104.86,-2.199],[104.757,-2.33],[104.671,-2.351],[104.606,-2.402],[104.71,-2.371],[104.73,-2.453],[104.713,-2.558],[104.699,-2.582],[104.633,-2.605],[104.57,-2.656],[104.536,-2.719],[104.531,-2.773],[104.6,-2.664],[104.731,-2.591],[104.769,-2.495],[104.772,-2.414],[104.863,-2.289],[104.901,-2.293],[104.912,-2.36],[104.929,-2.375],[104.941,-2.336],[104.98,-2.326],[105.045,-2.367],[105.087,-2.361],[105.117,-2.38],[105.247,-2.343],[105.331,-2.373],[105.535,-2.395],[105.552,-2.402],[105.538,-2.409],[105.549,-2.421],[105.609,-2.396],[105.633,-2.416],[105.635,-2.443],[105.607,-2.529],[105.618,-2.595],[105.673,-2.663],[105.778,-2.69],[105.795,-2.724],[105.792,-2.862],[105.81,-2.899],[105.879,-2.951],[105.963,-2.95],[106.016,-2.969],[106.046,-3.012],[106.059,-3.17],[106.08,-3.212],[106.073,-3.256],[105.963,-3.329],[105.9,-3.407],[105.82,-3.673],[105.826,-3.712],[105.851,-3.743],[105.933,-3.802],[105.952,-3.834],[105.936,-3.91],[105.87,-4.004],[105.813,-4.239],[105.853,-4.404],[105.906,-4.469],[105.909,-4.547],[105.888,-4.602],[105.905,-4.67],[105.882,-4.696],[105.867,-4.825],[105.91,-4.943],[105.867,-5.041],[105.865,-5.256],[105.84,-5.337],[105.84,-5.469],[105.824,-5.53],[105.83,-5.655],[105.783,-5.829],[105.73,-5.897],[105.713,-5.832],[105.602,-5.81],[105.586,-5.791],[105.569,-5.68],[105.545,-5.658],[105.525,-5.679],[105.484,-5.659],[105.28,-5.444],[105.25,-5.459],[105.257,-5.517],[105.239,-5.569],[105.18,-5.58],[105.196,-5.668],[105.216,-5.698],[105.155,-5.727],[105.158,-5.743],[105.215,-5.759],[105.163,-5.786],[105.118,-5.782],[105.073,-5.746],[104.791,-5.609],[104.681,-5.507],[104.606,-5.479],[104.613,-5.499],[104.551,-5.508],[104.534,-5.524],[104.533,-5.56],[104.689,-5.808],[104.716,-5.921],[104.561,-5.928],[104.542,-5.842],[104.463,-5.783],[104.384,-5.692],[104.298,-5.643],[104.291,-5.625],[104.314,-5.605],[104.302,-5.586],[104.258,-5.54],[104.127,-5.462],[103.993,-5.313],[104.002,-5.263],[103.991,-5.246],[103.963,-5.225],[103.901,-5.219],[103.913,-5.139],[103.891,-5.104],[103.792,-5.031],[103.726,-5.017],[103.736,-4.978],[103.717,-4.962],[103.682,-4.955],[103.654,-4.979],[103.617,-4.92],[103.554,-4.909],[103.475,-4.856],[103.415,-4.869],[103.386,-4.805],[103.359,-4.787],[103.329,-4.794],[103.304,-4.734],[103.173,-4.618],[103.05,-4.543],[102.92,-4.493],[102.876,-4.421],[102.701,-4.27],[102.313,-3.991],[102.284,-3.931],[102.311,-3.865],[102.263,-3.793],[102.222,-3.643],[102.066,-3.55],[101.637,-3.251],[101.565,-3.162],[101.419,-2.927],[101.327,-2.739],[101.299,-2.708],[101.105,-2.587],[101.018,-2.468],[100.923,-2.333],[100.834,-2.159],[100.887,-2.037],[100.858,-1.892],[100.776,-1.806],[100.654,-1.618],[100.633,-1.508],[100.571,-1.443],[100.584,-1.395],[100.569,-1.331],[100.458,-1.264],[100.426,-1.276],[100.406,-1.264],[100.432,-1.235],[100.433,-1.207],[100.366,-1.15],[100.385,-1.104],[100.371,-1.073],[100.413,-1.073],[100.416,-1.048],[100.38,-1.03],[100.353,-0.977],[100.344,-0.909],[100.301,-0.816],[100.16,-0.668],[100.035,-0.488],[99.824,-0.313],[99.806,-0.228],[99.756,-0.155],[99.762,-0.052],[99.633,0.081],[99.534,0.14],[99.393,0.172],[99.341,0.239],[99.233,0.217],[99.138,0.263],[99.158,0.32],[99.111,0.346],[99.132,0.412],[99.123,0.509],[99.111,0.524],[99.098,0.514],[99.1,0.602],[99.073,0.631],[99.049,0.62],[99.042,0.777],[98.981,0.832],[98.976,0.921],[98.917,1.117],[98.839,1.301],[98.845,1.346],[98.789,1.414],[98.768,1.494],[98.73,1.514],[98.71,1.564],[98.734,1.57],[98.753,1.536],[98.823,1.63],[98.819,1.682],[98.788,1.691],[98.774,1.749],[98.727,1.792],[98.711,1.779],[98.727,1.756],[98.72,1.733],[98.691,1.736],[98.535,1.936],[98.444,1.991],[98.355,2.004],[98.33,2.038],[98.269,2.038],[98.244,2.088],[98.153,2.157],[97.956,2.272],[97.867,2.247],[97.795,2.278],[97.744,2.281],[97.658,2.412],[97.644,2.669],[97.603,2.866],[97.405,2.943],[97.313,3.062],[97.271,3.214],[97.24,3.238],[97.172,3.255],[97.019,3.523],[96.922,3.606],[96.884,3.682],[96.761,3.749],[96.56,3.747],[96.48,3.779],[96.198,4.121],[96.16,4.141],[96.125,4.136],[96.065,4.205],[96.01,4.226],[95.726,4.532],[95.617,4.628],[95.565,4.638],[95.573,4.674],[95.527,4.697],[95.468,4.789],[95.426,4.827],[95.349,5.038],[95.28,5.123],[95.299,5.15],[95.291,5.192],[95.249,5.231],[95.232,5.282],[95.199,5.293],[95.254,5.412],[95.232,5.451],[95.245,5.461],[95.197,5.546],[95.213,5.573],[95.28,5.574],[95.432,5.655],[95.511,5.603],[95.576,5.631],[95.762,5.577],[95.888,5.512],[95.904,5.451],[95.93,5.414],[96.055,5.314],[96.126,5.282],[96.291,5.259],[96.362,5.225],[96.429,5.218],[96.466,5.236],[96.568,5.208],[96.685,5.225],[96.828,5.28],[96.894,5.262],[96.973,5.273],[97.074,5.238],[97.149,5.199],[97.176,5.161],[97.227,5.146],[97.497,5.252],[97.526,5.242],[97.664,5.073],[97.909,4.89],[97.963,4.789],[97.975,4.706],[98.007,4.634],[97.997,4.546],[98.039,4.552],[98.048,4.539],[98.061,4.555],[98.09,4.533],[98.138,4.534],[98.186,4.484],[98.206,4.498],[98.276,4.425],[98.266,4.212],[98.186,4.17],[98.179,4.108],[98.263,4.177],[98.306,4.08],[98.406,4.079],[98.477,4.046],[98.508,4.005],[98.558,4.001],[98.568,3.966],[98.595,3.944],[98.677,3.915],[98.7,3.875],[98.711,3.804],[98.797,3.725],[98.958,3.671],[99.18,3.546],[99.368,3.408],[99.433,3.383],[99.49,3.336],[99.506,3.296],[99.558,3.245],[99.751,3.18],[99.782,3.121],[99.853,3.047],[99.858,3.011],[99.89,3.018],[99.98,2.948],[99.998,2.799],[99.953,2.696],[99.993,2.669],[100.008,2.603],[100.028,2.618],[100.012,2.679],[99.974,2.703],[100.019,2.732],[100.055,2.727],[100.077,2.689],[100.096,2.57],[100.126,2.53],[100.139,2.538],[100.117,2.604],[100.121,2.664],[100.159,2.704],[100.211,2.706],[100.217,2.679],[100.248,2.662],[100.269,2.597],[100.312,2.563],[100.382,2.355],[100.434,2.273],[100.561,2.157],[100.618,2.129],[100.666,2.134],[100.813,2.04],[100.872,1.972],[100.906,1.857],[100.947,1.825]]],[[[98.48,-0.158],[98.56,-0.278],[98.542,-0.343],[98.549,-0.381],[98.406,-0.168],[98.344,-0.045],[98.296,-0.007],[98.364,0.01],[98.406,-0.007],[98.443,-0.052],[98.48,-0.158]]],[[[103.294,0.625],[103.3,0.575],[103.281,0.538],[103.171,0.514],[103.136,0.556],[103.159,0.665],[103.179,0.696],[103.212,0.708],[103.247,0.694],[103.294,0.625]]],[[[103.519,0.818],[103.523,0.778],[103.49,0.821],[103.426,0.854],[103.421,0.873],[103.519,0.818]]],[[[103.819,0.886],[103.898,0.853],[103.942,0.791],[103.933,0.77],[103.911,0.781],[103.819,0.886]]],[[[103.489,0.777],[103.51,0.743],[103.459,0.658],[103.434,0.647],[103.346,0.763],[103.339,0.805],[103.357,0.872],[103.386,0.889],[103.489,0.777]]],[[[103.802,0.853],[103.831,0.816],[103.838,0.77],[103.764,0.805],[103.726,0.873],[103.743,0.894],[103.802,0.853]]],[[[103.942,0.996],[103.967,0.96],[103.946,0.936],[103.911,0.938],[103.846,0.977],[103.845,1.013],[103.874,1.004],[103.88,1.031],[103.942,0.996]]],[[[104.799,1.031],[104.844,1.018],[104.85,0.969],[104.833,0.955],[104.799,1.031]]],[[[107.562,1.037],[107.602,1.01],[107.56,0.97],[107.547,0.976],[107.559,0.994],[107.53,1.018],[107.562,1.037]]],[[[103.443,1.013],[103.437,0.991],[103.358,1.004],[103.315,1.062],[103.334,1.111],[103.377,1.133],[103.39,1.13],[103.398,1.064],[103.428,1.047],[103.443,1.013]]],[[[103.049,0.797],[103.058,0.777],[103.044,0.721],[103.007,0.694],[102.93,0.77],[102.852,0.798],[102.767,0.791],[102.681,0.805],[102.558,0.78],[102.516,0.791],[102.407,0.873],[102.445,0.929],[102.501,0.953],[102.468,1.106],[102.489,1.133],[102.528,1.14],[102.616,1.058],[102.605,1.011],[102.664,0.996],[102.719,1.017],[102.764,1.011],[103.022,0.845],[103.049,0.797]]],[[[103.126,0.928],[103.175,0.882],[103.167,0.859],[103.127,0.834],[103.086,0.841],[102.952,0.925],[102.907,0.969],[102.824,0.995],[102.791,1.031],[102.712,1.031],[102.648,1.006],[102.625,1.022],[102.702,1.138],[102.755,1.168],[102.802,1.163],[102.886,1.133],[103.037,1.045],[103.126,0.928]]],[[[104.146,1.16],[104.152,1.119],[104.131,1.049],[104.106,1.065],[104.113,1.038],[104.092,0.99],[104.049,0.984],[103.996,1.01],[103.956,1.01],[103.907,1.072],[103.914,1.1],[103.949,1.079],[103.945,1.135],[103.996,1.133],[104.031,1.188],[104.085,1.133],[104.079,1.182],[104.091,1.188],[104.116,1.187],[104.146,1.16]]],[[[104.655,1.096],[104.667,1.031],[104.647,0.997],[104.662,0.937],[104.616,0.906],[104.6,0.835],[104.567,0.83],[104.483,0.859],[104.484,0.893],[104.449,0.922],[104.485,0.922],[104.487,0.937],[104.421,0.957],[104.428,0.975],[104.463,0.983],[104.463,1.017],[104.485,1.034],[104.452,1.058],[104.315,1.004],[104.246,1.017],[104.232,1.093],[104.317,1.133],[104.341,1.18],[104.389,1.179],[104.4,1.203],[104.508,1.18],[104.572,1.209],[104.576,1.225],[104.593,1.199],[104.588,1.145],[104.655,1.096]]],[[[102.473,1.242],[102.476,1.195],[102.446,1.076],[102.468,0.973],[102.4,0.928],[102.334,0.964],[102.267,1.037],[102.233,1.1],[102.243,1.167],[102.242,1.222],[102.201,1.298],[102.217,1.409],[102.291,1.405],[102.473,1.242]]],[[[102.496,1.364],[102.51,1.277],[102.479,1.271],[102.33,1.413],[102.096,1.475],[102.004,1.586],[102.008,1.615],[102.054,1.627],[102.152,1.581],[102.338,1.558],[102.463,1.515],[102.49,1.49],[102.496,1.364]]],[[[98.555,1.682],[98.591,1.652],[98.599,1.632],[98.581,1.627],[98.498,1.627],[98.432,1.662],[98.435,1.692],[98.463,1.709],[98.521,1.656],[98.555,1.682]]],[[[97.151,2.058],[97.123,2.039],[97.124,2.022],[97.102,2.016],[97.075,2.086],[97.12,2.113],[97.151,2.058]]],[[[101.721,2.058],[101.758,2.011],[101.776,1.948],[101.736,1.888],[101.715,1.778],[101.649,1.722],[101.598,1.71],[101.531,1.718],[101.46,1.766],[101.394,1.931],[101.418,2.044],[101.478,2.072],[101.551,2.058],[101.615,2.117],[101.649,2.128],[101.721,2.058]]],[[[96.644,2.127],[96.672,2.102],[96.623,2.071],[96.61,2.08],[96.613,2.119],[96.644,2.127]]],[[[97.329,2.148],[97.342,2.058],[97.322,2.031],[97.322,2.058],[97.306,2.057],[97.207,2.176],[97.109,2.22],[97.172,2.233],[97.208,2.208],[97.247,2.231],[97.281,2.229],[97.329,2.148]]],[[[118.6,2.244],[118.654,2.19],[118.632,2.187],[118.578,2.237],[118.556,2.312],[118.578,2.319],[118.634,2.272],[118.633,2.261],[118.575,2.294],[118.6,2.244]]],[[[109.109,2.532],[109.095,2.504],[109.027,2.486],[109.012,2.498],[109.023,2.528],[109.006,2.538],[108.986,2.528],[108.968,2.544],[108.996,2.562],[109.109,2.532]]],[[[106.243,2.76],[106.238,2.733],[106.204,2.796],[106.203,2.819],[106.226,2.817],[106.243,2.76]]],[[[96.48,2.415],[96.481,2.364],[96.421,2.343],[96.37,2.367],[96.335,2.355],[96.308,2.374],[96.328,2.395],[96.285,2.436],[96.24,2.449],[96.066,2.579],[95.965,2.614],[95.931,2.596],[95.883,2.62],[95.863,2.655],[95.791,2.655],[95.794,2.696],[95.735,2.758],[95.74,2.778],[95.698,2.779],[95.693,2.792],[95.7,2.832],[95.769,2.841],[95.782,2.855],[95.767,2.878],[95.792,2.943],[95.814,2.922],[95.912,2.906],[95.91,2.874],[95.883,2.884],[95.883,2.846],[95.917,2.861],[96.003,2.777],[96.091,2.758],[96.126,2.734],[96.103,2.655],[96.13,2.665],[96.162,2.648],[96.144,2.679],[96.158,2.68],[96.246,2.6],[96.321,2.566],[96.359,2.521],[96.375,2.474],[96.395,2.477],[96.396,2.525],[96.424,2.511],[96.48,2.415]]],[[[108.842,2.974],[108.856,3.003],[108.881,3.003],[108.899,2.983],[108.884,2.942],[108.89,2.888],[108.855,2.874],[108.842,2.846],[108.775,2.895],[108.829,2.936],[108.842,2.974]]],[[[107.807,3.015],[107.811,2.987],[107.745,2.984],[107.751,3.012],[107.773,3.025],[107.807,3.015]]],[[[105.802,2.997],[105.853,2.984],[105.847,2.97],[105.833,2.977],[105.812,2.904],[105.73,2.881],[105.764,2.85],[105.713,2.843],[105.696,2.885],[105.723,2.977],[105.682,3.011],[105.696,3.034],[105.689,3.06],[105.703,3.066],[105.737,3.032],[105.739,2.988],[105.785,2.977],[105.802,2.997]]],[[[106.285,3.179],[106.285,3.087],[106.258,3.114],[106.242,3.108],[106.211,3.128],[106.216,3.141],[106.208,3.225],[106.259,3.215],[106.285,3.179]]],[[[117.504,3.334],[117.528,3.317],[117.528,3.291],[117.453,3.289],[117.417,3.289],[117.433,3.336],[117.468,3.345],[117.504,3.334]]],[[[106.271,3.361],[106.297,3.358],[106.294,3.281],[106.286,3.264],[106.277,3.292],[106.265,3.289],[106.279,3.231],[106.23,3.258],[106.271,3.361]]],[[[117.625,3.438],[117.672,3.427],[117.684,3.4],[117.667,3.272],[117.648,3.246],[117.625,3.283],[117.556,3.332],[117.531,3.403],[117.542,3.428],[117.567,3.438],[117.625,3.438]]],[[[117.894,3.498],[117.891,3.456],[117.877,3.46],[117.826,3.494],[117.778,3.558],[117.785,3.582],[117.827,3.588],[117.863,3.559],[117.894,3.498]]],[[[117.517,3.477],[117.497,3.456],[117.373,3.498],[117.255,3.507],[117.222,3.536],[117.218,3.56],[117.257,3.592],[117.394,3.566],[117.435,3.525],[117.506,3.502],[117.517,3.477]]],[[[117.846,3.799],[117.77,3.831],[117.73,3.868],[117.755,3.873],[117.829,3.841],[117.853,3.812],[117.846,3.799]]],[[[117.699,4.111],[117.75,4.08],[117.741,4.026],[117.706,3.987],[117.665,3.983],[117.62,4.015],[117.594,4.064],[117.613,4.108],[117.661,4.149],[117.699,4.111]]],[[[108.396,3.875],[108.407,3.885],[108.406,3.874],[108.389,3.822],[108.341,3.756],[108.318,3.684],[108.239,3.676],[108.184,3.648],[108.094,3.696],[108.125,3.748],[108.165,3.757],[108.187,3.792],[108.224,3.785],[108.28,3.732],[108.262,3.792],[108.245,3.813],[108.18,3.817],[108.062,3.856],[108.045,3.877],[107.988,4.021],[108.022,4.064],[108.094,4.105],[108.225,4.245],[108.25,4.211],[108.257,4.131],[108.396,3.991],[108.404,3.936],[108.362,3.889],[108.396,3.875]]],[[[108.005,4.772],[107.993,4.691],[107.936,4.695],[108.005,4.772]]],[[[95.177,5.628],[95.191,5.608],[95.156,5.595],[95.122,5.607],[95.109,5.622],[95.142,5.664],[95.177,5.628]]],[[[95.115,5.711],[95.133,5.691],[95.122,5.669],[95.095,5.684],[95.061,5.656],[95.049,5.718],[95.061,5.732],[95.013,5.736],[95.034,5.76],[95.058,5.757],[95.115,5.711]]],[[[95.342,5.896],[95.383,5.842],[95.383,5.807],[95.355,5.828],[95.35,5.784],[95.287,5.794],[95.26,5.839],[95.215,5.91],[95.248,5.905],[95.284,5.857],[95.325,5.898],[95.342,5.896]]],[[[104.929,-0.237],[105.011,-0.282],[105.003,-0.295],[104.935,-0.278],[104.917,-0.288],[104.935,-0.332],[104.851,-0.301],[104.736,-0.214],[104.655,-0.216],[104.606,-0.244],[104.585,-0.237],[104.541,-0.271],[104.498,-0.228],[104.44,-0.214],[104.437,-0.181],[104.511,-0.114],[104.537,0.021],[104.558,0.003],[104.565,0.03],[104.676,-0.054],[104.681,-0.065],[104.647,-0.073],[104.653,-0.09],[104.706,-0.096],[104.766,-0.188],[104.814,-0.193],[104.826,-0.148],[104.849,-0.14],[104.929,-0.237]]],[[[129.537,-0.134],[129.572,-0.192],[129.55,-0.214],[129.526,-0.215],[129.458,-0.114],[129.373,-0.08],[129.372,-0.05],[129.338,0.007],[129.29,0.041],[129.309,0.048],[129.537,-0.134]]],[[[127.46,-0.004],[127.453,-0.041],[127.433,-0.021],[127.433,0.007],[127.413,0.024],[127.41,0.011],[127.399,0.003],[127.391,0.026],[127.409,0.147],[127.452,0.14],[127.44,0.12],[127.46,-0.004]]],[[[104.497,0.071],[104.47,0.064],[104.477,0.024],[104.411,0.092],[104.401,0.119],[104.412,0.115],[104.429,0.106],[104.407,0.161],[104.421,0.173],[104.497,0.071]]],[[[104.689,0.071],[104.708,0.044],[104.684,0.036],[104.64,0.07],[104.626,0.102],[104.606,0.092],[104.595,0.102],[104.562,0.161],[104.541,0.165],[104.49,0.243],[104.531,0.216],[104.543,0.227],[104.689,0.071]]],[[[104.406,0.339],[104.421,0.318],[104.411,0.294],[104.38,0.32],[104.339,0.365],[104.358,0.369],[104.406,0.339]]],[[[127.399,0.38],[127.419,0.354],[127.417,0.313],[127.396,0.281],[127.358,0.284],[127.341,0.315],[127.343,0.361],[127.399,0.38]]],[[[104.216,0.708],[104.288,0.651],[104.277,0.626],[104.266,0.633],[104.216,0.708]]],[[[127.379,0.623],[127.359,0.666],[127.385,0.757],[127.431,0.751],[127.446,0.667],[127.379,0.623]]],[[[104.284,0.708],[104.215,0.721],[104.192,0.746],[104.196,0.78],[104.234,0.786],[104.273,0.797],[104.298,0.708],[104.284,0.708]]],[[[127.371,0.784],[127.347,0.757],[127.313,0.757],[127.282,0.815],[127.325,0.863],[127.374,0.826],[127.371,0.784]]],[[[104.226,0.88],[104.266,0.856],[104.25,0.83],[104.188,0.799],[104.167,0.805],[104.134,0.867],[104.092,0.88],[104.094,0.933],[104.113,0.953],[104.172,0.883],[104.226,0.88]]],[[[97.928,0.996],[97.934,0.964],[97.901,0.906],[97.904,0.815],[97.874,0.622],[97.819,0.559],[97.774,0.585],[97.764,0.568],[97.726,0.585],[97.704,0.573],[97.679,0.599],[97.691,0.624],[97.658,0.675],[97.659,0.715],[97.614,0.824],[97.486,0.914],[97.479,0.943],[97.389,0.952],[97.388,1.019],[97.308,1.175],[97.279,1.2],[97.247,1.267],[97.186,1.308],[97.128,1.383],[97.082,1.408],[97.069,1.395],[97.064,1.415],[97.107,1.436],[97.165,1.411],[97.236,1.417],[97.321,1.474],[97.335,1.538],[97.35,1.545],[97.392,1.509],[97.417,1.519],[97.442,1.48],[97.486,1.477],[97.694,1.186],[97.792,1.144],[97.836,1.07],[97.89,1.058],[97.928,0.996]]],[[[125.295,1.552],[125.295,1.473],[125.248,1.403],[125.185,1.391],[125.175,1.415],[125.25,1.449],[125.295,1.552]]],[[[127.666,-0.209],[127.7,0.048],[127.681,0.162],[127.716,0.313],[127.697,0.342],[127.655,0.342],[127.577,0.416],[127.556,0.524],[127.527,0.561],[127.555,0.74],[127.588,0.761],[127.625,0.832],[127.612,0.858],[127.508,0.886],[127.495,0.905],[127.515,0.959],[127.488,1.0],[127.492,1.055],[127.471,1.066],[127.404,1.043],[127.4,1.079],[127.427,1.128],[127.399,1.209],[127.541,1.476],[127.519,1.532],[127.556,1.6],[127.546,1.643],[127.573,1.664],[127.556,1.693],[127.63,1.835],[127.69,1.925],[127.935,2.188],[127.954,2.196],[128.004,2.181],[128.047,2.204],[128.057,2.17],[128.029,2.11],[127.965,2.054],[127.935,1.963],[127.865,1.929],[127.846,1.851],[127.852,1.825],[127.876,1.808],[127.941,1.8],[128.015,1.719],[127.996,1.627],[128.022,1.593],[128.035,1.538],[128.015,1.395],[127.996,1.371],[128.015,1.305],[127.974,1.298],[127.891,1.152],[127.834,1.144],[127.671,1.032],[127.638,1.001],[127.625,0.955],[127.655,0.89],[127.721,0.853],[127.742,0.818],[127.816,0.799],[127.872,0.824],[127.923,0.87],[127.936,1.007],[127.994,1.083],[128.055,1.12],[128.161,1.132],[128.192,1.177],[128.176,1.233],[128.097,1.236],[128.092,1.257],[128.205,1.39],[128.326,1.457],[128.365,1.503],[128.417,1.531],[128.482,1.545],[128.509,1.531],[128.539,1.562],[128.605,1.577],[128.725,1.566],[128.728,1.549],[128.684,1.483],[128.689,1.437],[128.741,1.405],[128.748,1.344],[128.716,1.287],[128.701,1.071],[128.651,1.062],[128.44,0.932],[128.3,0.894],[128.289,0.856],[128.298,0.823],[128.232,0.826],[128.214,0.774],[128.313,0.668],[128.365,0.644],[128.436,0.639],[128.485,0.599],[128.681,0.555],[128.672,0.494],[128.686,0.461],[128.69,0.347],[128.704,0.332],[128.824,0.311],[128.88,0.256],[128.9,0.208],[128.848,0.25],[128.538,0.327],[128.461,0.395],[128.262,0.391],[128.235,0.414],[128.21,0.407],[128.152,0.456],[127.96,0.483],[127.91,0.438],[127.878,0.325],[127.912,0.253],[127.921,0.146],[127.888,0.087],[127.886,0.024],[127.904,-0.049],[127.973,-0.197],[127.981,-0.264],[128.017,-0.313],[128.043,-0.415],[128.096,-0.517],[128.139,-0.559],[128.228,-0.71],[128.441,-0.909],[128.251,-0.867],[128.229,-0.84],[128.249,-0.826],[128.269,-0.833],[128.25,-0.796],[128.032,-0.699],[127.886,-0.406],[127.851,-0.365],[127.708,-0.287],[127.666,-0.209]]],[[[125.432,2.388],[125.456,2.368],[125.453,2.333],[125.423,2.317],[125.371,2.348],[125.381,2.386],[125.432,2.388]]],[[[128.686,2.484],[128.695,2.439],[128.646,2.326],[128.642,2.261],[128.567,2.11],[128.51,2.062],[128.345,2.04],[128.269,1.995],[128.289,2.04],[128.246,2.106],[128.241,2.222],[128.232,2.247],[128.197,2.266],[128.277,2.369],[128.321,2.459],[128.419,2.533],[128.43,2.568],[128.467,2.594],[128.515,2.573],[128.546,2.624],[128.583,2.625],[128.686,2.484]]],[[[125.444,2.793],[125.45,2.765],[125.402,2.7],[125.421,2.634],[125.393,2.629],[125.36,2.753],[125.402,2.81],[125.444,2.793]]],[[[125.653,3.47],[125.665,3.431],[125.617,3.395],[125.593,3.426],[125.507,3.463],[125.521,3.577],[125.431,3.651],[125.418,3.71],[125.442,3.737],[125.513,3.708],[125.57,3.628],[125.575,3.581],[125.614,3.525],[125.644,3.515],[125.653,3.47]]],[[[126.744,3.853],[126.812,3.824],[126.856,3.758],[126.812,3.732],[126.765,3.773],[126.739,3.824],[126.744,3.853]]],[[[126.657,3.981],[126.713,3.921],[126.714,3.901],[126.688,3.853],[126.696,3.812],[126.678,3.812],[126.661,3.898],[126.666,3.931],[126.627,3.965],[126.613,4.026],[126.615,4.044],[126.643,4.027],[126.657,3.981]]],[[[126.871,4.331],[126.922,4.282],[126.81,4.157],[126.798,4.018],[126.759,3.993],[126.715,4.012],[126.676,4.004],[126.665,4.034],[126.676,4.06],[126.721,4.096],[126.759,4.185],[126.803,4.223],[126.792,4.241],[126.711,4.264],[126.697,4.397],[126.74,4.473],[126.734,4.536],[126.816,4.546],[126.843,4.505],[126.875,4.494],[126.885,4.457],[126.859,4.368],[126.871,4.331]]],[[[134.31,0.756],[134.343,0.765],[134.339,0.738],[134.305,0.733],[134.31,0.756]]],[[[131.236,1.019],[131.237,1.025],[131.245,1.035],[131.244,1.03],[131.236,1.019]]],[[[131.256,1.069],[131.271,1.072],[131.265,1.053],[131.255,1.044],[131.256,1.069]]],[[[126.395,1.339],[126.381,1.283],[126.351,1.319],[126.37,1.349],[126.395,1.339]]],[[[125.393,2.118],[125.405,2.13],[125.403,2.103],[125.349,2.071],[125.335,2.092],[125.357,2.11],[125.354,2.13],[125.393,2.118]]],[[[126.591,5.557],[126.603,5.564],[126.599,5.554],[126.591,5.557]]],[[[98.548,0.159],[98.625,0.175],[98.806,0.161],[98.852,0.11],[98.845,0.085],[98.802,0.087],[98.689,0.071],[98.539,0.09],[98.525,0.145],[98.548,0.159]]],[[[104.725,0.75],[104.754,0.737],[104.739,0.716],[104.725,0.75]]],[[[104.659,0.846],[104.661,0.82],[104.63,0.807],[104.639,0.848],[104.649,0.858],[104.659,0.846]]],[[[125.172,1.799],[125.177,1.779],[125.149,1.742],[125.13,1.772],[125.129,1.828],[125.172,1.799]]],[[[127.13,4.774],[127.146,4.752],[127.136,4.74],[127.123,4.753],[127.13,4.774]]],[[[117.704,4.163],[117.644,4.215],[117.666,4.253],[117.702,4.268],[117.774,4.252],[117.808,4.214],[117.896,4.181],[117.907,4.157],[117.704,4.163]]],[[[102.073,6.258],[102.164,6.197],[102.187,6.203],[102.183,6.223],[102.167,6.218],[102.178,6.234],[102.2,6.233],[102.338,6.177],[102.38,6.133],[102.521,5.872],[102.626,5.797],[102.669,5.725],[102.876,5.571],[102.959,5.542],[103.028,5.486],[103.12,5.381],[103.222,5.221],[103.448,4.807],[103.443,4.743],[103.469,4.55],[103.451,4.488],[103.496,4.306],[103.448,4.217],[103.455,4.183],[103.395,4.116],[103.434,3.95],[103.412,3.964],[103.395,3.935],[103.378,3.802],[103.361,3.802],[103.339,3.758],[103.387,3.625],[103.462,3.534],[103.448,3.505],[103.482,3.512],[103.428,3.367],[103.456,3.204],[103.441,2.922],[103.52,2.789],[103.638,2.672],[103.716,2.642],[103.765,2.649],[103.767,2.624],[103.814,2.581],[103.84,2.525],[103.838,2.464],[103.949,2.34],[103.984,2.254],[103.976,2.192],[104.113,1.976],[104.124,1.871],[104.149,1.837],[104.167,1.847],[104.195,1.799],[104.255,1.638],[104.294,1.472],[104.277,1.367],[104.24,1.367],[104.219,1.346],[104.174,1.348],[104.106,1.375],[104.101,1.419],[104.065,1.449],[104.059,1.485],[104.148,1.545],[104.111,1.545],[104.053,1.506],[104.012,1.597],[103.966,1.648],[103.97,1.609],[104.008,1.549],[104.01,1.449],[103.974,1.42],[103.84,1.477],[103.753,1.449],[103.698,1.451],[103.6,1.353],[103.565,1.36],[103.548,1.382],[103.549,1.332],[103.516,1.27],[103.455,1.339],[103.414,1.468],[103.367,1.538],[103.206,1.61],[103.037,1.716],[102.935,1.748],[102.836,1.846],[102.804,1.86],[102.739,1.847],[102.699,1.859],[102.651,1.941],[102.558,2.019],[102.545,2.058],[102.154,2.236],[102.051,2.341],[101.999,2.362],[101.989,2.395],[101.927,2.422],[101.865,2.395],[101.851,2.479],[101.803,2.518],[101.774,2.587],[101.542,2.661],[101.503,2.689],[101.399,2.819],[101.286,2.85],[101.303,2.895],[101.281,2.898],[101.283,2.911],[101.373,3.002],[101.365,3.076],[101.323,3.124],[101.298,3.275],[101.236,3.344],[101.198,3.359],[101.108,3.474],[101.041,3.622],[100.934,3.689],[100.87,3.768],[100.812,3.787],[100.845,3.851],[100.76,3.847],[100.721,3.868],[100.701,3.917],[100.706,3.984],[100.802,3.991],[100.835,4.019],[100.871,4.019],[100.862,4.04],[100.778,4.021],[100.766,4.1],[100.678,4.165],[100.633,4.155],[100.615,4.252],[100.565,4.319],[100.646,4.56],[100.597,4.572],[100.594,4.611],[100.617,4.638],[100.633,4.629],[100.666,4.67],[100.604,4.666],[100.594,4.743],[100.633,4.766],[100.612,4.772],[100.617,4.793],[100.576,4.799],[100.577,4.854],[100.55,4.875],[100.494,4.872],[100.515,4.889],[100.511,4.907],[100.482,4.925],[100.454,4.909],[100.442,4.923],[100.365,5.084],[100.409,5.127],[100.433,5.211],[100.419,5.248],[100.433,5.29],[100.38,5.391],[100.385,5.499],[100.351,5.584],[100.344,5.669],[100.376,5.663],[100.386,5.679],[100.365,5.694],[100.376,5.811],[100.349,6.013],[100.248,6.221],[100.175,6.291],[100.137,6.381],[100.127,6.442],[100.146,6.54],[100.167,6.566],[100.156,6.621],[100.167,6.695],[100.188,6.708],[100.212,6.689],[100.274,6.696],[100.329,6.558],[100.387,6.522],[100.467,6.513],[100.631,6.445],[100.73,6.493],[100.734,6.456],[100.773,6.447],[100.806,6.415],[100.833,6.237],[100.855,6.248],[100.91,6.236],[100.974,6.273],[101.023,6.241],[101.082,6.246],[101.089,6.189],[101.053,6.158],[101.053,6.135],[101.094,6.086],[101.079,5.938],[101.071,5.92],[101.015,5.898],[100.965,5.792],[100.999,5.73],[101.06,5.71],[101.122,5.63],[101.212,5.682],[101.249,5.787],[101.558,5.911],[101.634,5.856],[101.631,5.828],[101.666,5.766],[101.687,5.761],[101.727,5.786],[101.763,5.75],[101.8,5.74],[101.913,5.859],[101.935,5.982],[102.06,6.095],[102.073,6.258]]],[[[115.146,4.909],[115.189,4.917],[115.211,4.96],[115.239,4.937],[115.285,4.931],[115.304,4.906],[115.358,4.903],[115.48,5.026],[115.557,5.067],[115.573,5.17],[115.605,5.212],[115.599,5.225],[115.524,5.209],[115.401,5.3],[115.4,5.324],[115.365,5.307],[115.393,5.413],[115.55,5.54],[115.605,5.636],[115.619,5.613],[115.584,5.548],[115.605,5.52],[115.619,5.568],[115.674,5.529],[115.762,5.523],[115.818,5.533],[115.849,5.56],[115.894,5.643],[115.931,5.763],[116.051,5.842],[116.066,5.931],[116.142,6.073],[116.126,6.103],[116.104,6.095],[116.106,6.126],[116.154,6.147],[116.223,6.237],[116.252,6.246],[116.292,6.233],[116.293,6.276],[116.236,6.273],[116.283,6.307],[116.32,6.313],[116.348,6.38],[116.503,6.495],[116.521,6.569],[116.639,6.699],[116.669,6.876],[116.706,6.905],[116.719,6.975],[116.777,7.027],[116.838,6.962],[116.852,6.89],[116.823,6.904],[116.811,6.863],[116.852,6.839],[116.859,6.818],[116.844,6.752],[116.793,6.67],[116.784,6.592],[116.824,6.582],[116.845,6.592],[116.974,6.708],[116.984,6.755],[117.058,6.846],[117.031,6.931],[117.083,6.948],[117.078,6.993],[117.12,6.986],[117.15,7.003],[117.257,6.938],[117.23,6.818],[117.272,6.754],[117.296,6.636],[117.365,6.625],[117.459,6.548],[117.534,6.621],[117.538,6.578],[117.565,6.554],[117.558,6.54],[117.603,6.515],[117.641,6.522],[117.695,6.451],[117.711,6.464],[117.727,6.451],[117.744,6.39],[117.729,6.362],[117.739,6.336],[117.723,6.255],[117.656,6.253],[117.6,6.198],[117.661,6.106],[117.661,6.068],[117.633,6.04],[117.668,6.013],[117.669,5.973],[117.62,5.937],[117.493,5.895],[117.469,5.869],[117.569,5.903],[117.774,5.908],[117.772,5.944],[117.884,5.955],[117.974,6.048],[118.017,6.061],[118.051,6.026],[118.077,5.932],[118.125,5.864],[118.096,5.824],[118.059,5.809],[117.921,5.809],[117.908,5.785],[117.96,5.687],[118.055,5.718],[118.079,5.705],[118.107,5.713],[118.134,5.69],[118.152,5.705],[118.161,5.793],[118.176,5.805],[118.262,5.828],[118.341,5.794],[118.365,5.814],[118.594,5.682],[118.562,5.568],[118.565,5.526],[118.601,5.581],[118.603,5.619],[118.651,5.636],[118.737,5.548],[118.8,5.522],[118.819,5.478],[118.832,5.505],[118.919,5.455],[118.936,5.434],[118.939,5.413],[118.922,5.403],[118.933,5.394],[118.976,5.396],[118.971,5.428],[118.984,5.437],[119.086,5.41],[119.189,5.451],[119.278,5.345],[119.267,5.201],[119.156,5.106],[118.681,4.944],[118.572,4.972],[118.499,4.931],[118.428,5.019],[118.357,5.039],[118.292,5.001],[118.291,4.978],[118.253,4.987],[118.217,4.966],[118.136,4.882],[118.135,4.86],[118.178,4.831],[118.219,4.756],[118.278,4.695],[118.334,4.652],[118.381,4.643],[118.411,4.602],[118.428,4.594],[118.445,4.615],[118.477,4.601],[118.49,4.575],[118.469,4.537],[118.497,4.508],[118.552,4.533],[118.6,4.519],[118.594,4.506],[118.646,4.437],[118.626,4.419],[118.592,4.429],[118.593,4.397],[118.557,4.364],[118.392,4.346],[118.353,4.362],[118.333,4.339],[118.161,4.306],[117.983,4.231],[117.892,4.257],[117.823,4.306],[117.808,4.334],[117.708,4.37],[117.671,4.426],[117.656,4.424],[117.606,4.382],[117.629,4.362],[117.654,4.272],[117.599,4.207],[117.627,4.176],[117.567,4.16],[117.436,4.186],[117.357,4.26],[117.203,4.356],[117.165,4.333],[116.981,4.33],[116.883,4.345],[116.804,4.33],[116.712,4.367],[116.68,4.34],[116.616,4.344],[116.59,4.331],[116.522,4.397],[116.486,4.349],[116.494,4.325],[116.446,4.317],[116.411,4.289],[116.391,4.295],[116.358,4.355],[116.311,4.383],[116.229,4.356],[116.126,4.379],[116.11,4.345],[116.021,4.271],[115.994,4.289],[115.977,4.329],[115.879,4.352],[115.865,4.383],[115.844,4.389],[115.821,4.344],[115.817,4.281],[115.771,4.226],[115.733,4.239],[115.647,4.169],[115.61,3.997],[115.581,3.947],[115.539,3.921],[115.538,3.898],[115.589,3.858],[115.544,3.629],[115.601,3.43],[115.585,3.417],[115.557,3.425],[115.518,3.357],[115.483,3.206],[115.517,3.157],[115.482,3.111],[115.464,3.031],[115.342,2.991],[115.281,3.0],[115.242,3.042],[115.208,2.981],[115.123,2.913],[115.069,2.833],[115.105,2.761],[115.057,2.711],[115.072,2.672],[115.056,2.609],[115.071,2.595],[115.115,2.608],[115.152,2.597],[115.192,2.551],[115.206,2.51],[115.193,2.491],[115.105,2.466],[114.973,2.357],[114.922,2.354],[114.913,2.284],[114.779,2.247],[114.753,2.135],[114.781,2.036],[114.841,2.038],[114.832,1.903],[114.763,1.869],[114.699,1.858],[114.674,1.832],[114.669,1.694],[114.624,1.599],[114.563,1.536],[114.562,1.45],[114.522,1.429],[114.375,1.507],[114.173,1.421],[114.094,1.466],[113.91,1.442],[113.868,1.415],[113.808,1.34],[113.625,1.228],[113.524,1.314],[113.398,1.294],[113.324,1.351],[113.159,1.388],[113.089,1.431],[112.958,1.416],[113.024,1.514],[113.014,1.551],[112.973,1.57],[112.855,1.583],[112.802,1.544],[112.47,1.568],[112.399,1.523],[112.295,1.504],[112.162,1.435],[112.154,1.41],[112.182,1.4],[112.187,1.38],[112.093,1.143],[111.91,1.114],[111.823,1.008],[111.763,0.993],[111.623,1.03],[111.539,0.998],[111.503,0.958],[111.472,1.022],[111.374,1.008],[111.198,1.075],[110.973,1.018],[110.88,1.011],[110.797,0.95],[110.777,0.903],[110.758,0.915],[110.704,0.901],[110.661,0.872],[110.613,0.894],[110.554,0.851],[110.506,0.857],[110.423,0.909],[110.364,0.981],[110.263,0.994],[110.257,1.039],[110.17,1.174],[110.075,1.199],[110.012,1.271],[109.964,1.299],[109.92,1.395],[109.843,1.403],[109.801,1.467],[109.776,1.458],[109.766,1.496],[109.647,1.618],[109.642,1.781],[109.567,1.793],[109.535,1.839],[109.529,1.905],[109.6,1.983],[109.645,2.083],[109.664,1.983],[109.655,1.937],[109.693,1.873],[109.887,1.76],[109.928,1.692],[110.168,1.702],[110.212,1.682],[110.254,1.706],[110.291,1.674],[110.308,1.709],[110.301,1.771],[110.329,1.803],[110.343,1.798],[110.366,1.716],[110.39,1.699],[110.421,1.696],[110.444,1.719],[110.508,1.741],[110.521,1.723],[110.466,1.621],[110.506,1.633],[110.536,1.597],[110.589,1.606],[110.727,1.547],[110.733,1.499],[110.678,1.449],[110.725,1.453],[110.763,1.48],[110.767,1.552],[110.793,1.572],[110.925,1.531],[111.044,1.427],[111.142,1.372],[111.233,1.395],[111.341,1.333],[111.384,1.354],[111.326,1.367],[111.305,1.408],[111.246,1.421],[111.177,1.401],[111.065,1.463],[111.011,1.543],[111.006,1.584],[111.038,1.677],[111.095,1.688],[111.137,1.682],[111.179,1.627],[111.215,1.64],[111.246,1.621],[111.267,1.627],[111.173,1.659],[111.158,1.692],[111.126,1.707],[111.096,1.774],[111.13,1.792],[111.11,1.815],[111.113,1.836],[111.175,1.953],[111.206,2.069],[111.268,2.068],[111.242,2.089],[111.254,2.126],[111.336,2.112],[111.378,2.162],[111.357,2.166],[111.329,2.129],[111.271,2.154],[111.185,2.145],[111.185,2.195],[111.22,2.22],[111.24,2.216],[111.185,2.254],[111.221,2.416],[111.246,2.436],[111.365,2.341],[111.448,2.372],[111.493,2.346],[111.424,2.427],[111.405,2.484],[111.487,2.474],[111.521,2.491],[111.462,2.508],[111.417,2.555],[111.44,2.68],[111.458,2.706],[111.67,2.843],[111.861,2.881],[112.014,2.886],[112.727,3.066],[113.008,3.162],[113.082,3.257],[113.069,3.279],[113.162,3.353],[113.2,3.416],[113.278,3.484],[113.308,3.559],[113.391,3.648],[113.434,3.753],[113.737,4.001],[113.947,4.274],[113.968,4.322],[113.961,4.362],[113.992,4.437],[113.976,4.595],[113.999,4.601],[114.119,4.562],[114.209,4.508],[114.217,4.488],[114.246,4.481],[114.29,4.361],[114.297,4.317],[114.276,4.289],[114.283,4.265],[114.42,4.26],[114.477,4.145],[114.569,4.064],[114.587,4.021],[114.628,4.017],[114.767,4.132],[114.817,4.26],[114.814,4.277],[114.783,4.264],[114.782,4.285],[114.829,4.34],[114.846,4.395],[114.848,4.424],[114.806,4.433],[114.788,4.461],[114.774,4.637],[114.742,4.729],[114.856,4.807],[114.948,4.819],[114.959,4.866],[115.016,4.916],[115.027,4.66],[115.08,4.504],[115.092,4.405],[115.17,4.361],[115.221,4.36],[115.346,4.314],[115.358,4.35],[115.286,4.435],[115.272,4.475],[115.273,4.637],[115.207,4.826],[115.147,4.886],[115.146,4.909]]],[[[118.219,5.856],[118.233,5.851],[118.231,5.832],[118.182,5.82],[118.166,5.828],[118.17,5.844],[118.219,5.856]]],[[[111.411,2.391],[111.41,2.372],[111.391,2.382],[111.37,2.36],[111.343,2.414],[111.313,2.431],[111.301,2.753],[111.315,2.784],[111.35,2.771],[111.381,2.698],[111.382,2.523],[111.411,2.391]]],[[[104.223,2.786],[104.223,2.724],[104.172,2.708],[104.131,2.746],[104.127,2.786],[104.151,2.802],[104.156,2.875],[104.181,2.89],[104.223,2.786]]],[[[118.726,4.492],[118.749,4.486],[118.756,4.457],[118.675,4.437],[118.668,4.464],[118.648,4.498],[118.726,4.492]]],[[[118.51,4.649],[118.524,4.666],[118.549,4.665],[118.6,4.635],[118.575,4.627],[118.572,4.601],[118.548,4.622],[118.535,4.601],[118.496,4.624],[118.346,4.676],[118.425,4.676],[118.456,4.697],[118.476,4.694],[118.51,4.649]]],[[[115.249,5.365],[115.259,5.291],[115.242,5.273],[115.212,5.285],[115.184,5.267],[115.159,5.252],[115.189,5.345],[115.242,5.387],[115.249,5.365]]],[[[100.31,5.451],[100.343,5.418],[100.289,5.263],[100.18,5.273],[100.196,5.3],[100.193,5.399],[100.179,5.458],[100.211,5.444],[100.235,5.465],[100.274,5.468],[100.31,5.451]]],[[[99.786,6.242],[99.8,6.273],[99.837,6.294],[99.824,6.223],[99.826,6.191],[99.806,6.172],[99.767,6.224],[99.786,6.242]]],[[[99.901,6.364],[99.916,6.332],[99.866,6.291],[99.845,6.325],[99.825,6.324],[99.729,6.261],[99.719,6.353],[99.659,6.363],[99.65,6.377],[99.645,6.436],[99.771,6.42],[99.814,6.454],[99.839,6.455],[99.833,6.471],[99.913,6.39],[99.901,6.364]]],[[[117.469,6.767],[117.511,6.704],[117.507,6.673],[117.469,6.643],[117.382,6.639],[117.347,6.655],[117.355,6.68],[117.432,6.689],[117.448,6.715],[117.404,6.726],[117.4,6.739],[117.469,6.767]]],[[[117.003,7.356],[117.023,7.319],[117.01,7.28],[116.992,7.297],[116.977,7.29],[116.982,7.253],[116.886,7.229],[116.9,7.215],[116.891,7.194],[116.852,7.198],[116.9,7.287],[116.962,7.308],[117.003,7.356]]],[[[117.171,7.343],[117.246,7.356],[117.282,7.332],[117.262,7.202],[117.247,7.183],[117.23,7.192],[117.14,7.168],[117.088,7.121],[117.072,7.102],[117.064,7.127],[117.064,7.271],[117.171,7.343]]],[[[101.271,3.046],[101.26,3.03],[101.237,3.035],[101.263,3.056],[101.271,3.046]]],[[[101.338,3.052],[101.335,3.009],[101.276,2.968],[101.268,2.982],[101.306,3.064],[101.323,3.071],[101.338,3.052]]],[[[77.8,35.495],[77.834,35.452],[77.883,35.431],[77.986,35.494],[78.044,35.492],[78.056,35.453],[78.01,35.347],[78.001,35.269],[78.13,35.055],[78.148,34.943],[78.211,34.848],[78.296,34.625],[78.379,34.579],[78.665,34.526],[78.751,34.471],[78.802,34.415],[78.951,34.349],[78.985,34.286],[78.976,34.217],[78.903,34.158],[78.73,34.079],[78.721,33.994],[78.787,33.808],[78.781,33.553],[78.801,33.494],[78.965,33.344],[79.075,33.296],[79.42,33.275],[79.456,33.25],[79.423,33.158],[79.373,33.112],[79.399,33.027],[79.34,33.013],[79.334,32.994],[79.414,32.972],[79.564,32.794],[79.614,32.765],[79.621,32.729],[79.576,32.671],[79.531,32.648],[79.516,32.608],[79.443,32.535],[79.407,32.53],[79.379,32.576],[79.32,32.592],[79.287,32.533],[79.113,32.472],[79.075,32.371],[79.028,32.377],[78.943,32.346],[78.911,32.355],[78.771,32.462],[78.737,32.546],[78.751,32.613],[78.737,32.63],[78.694,32.63],[78.63,32.578],[78.448,32.566],[78.385,32.548],[78.381,32.528],[78.452,32.417],[78.435,32.384],[78.463,32.282],[78.458,32.23],[78.513,32.208],[78.649,32.036],[78.722,31.995],[78.745,31.964],[78.671,31.771],[78.696,31.747],[78.693,31.719],[78.724,31.673],[78.758,31.667],[78.819,31.607],[78.7,31.51],[78.695,31.488],[78.763,31.445],[78.745,31.308],[78.784,31.288],[78.862,31.291],[78.921,31.27],[79.07,31.461],[79.131,31.438],[79.238,31.33],[79.262,31.279],[79.253,31.245],[79.288,31.225],[79.319,31.142],[79.367,31.112],[79.402,31.024],[79.476,31.014],[79.513,30.966],[79.578,30.938],[79.63,30.963],[79.739,30.979],[79.85,30.954],[79.903,30.89],[80.006,30.847],[80.063,30.785],[80.092,30.775],[80.157,30.793],[80.225,30.734],[80.207,30.686],[80.167,30.674],[80.203,30.606],[80.18,30.559],[80.253,30.565],[80.326,30.547],[80.508,30.462],[80.596,30.46],[80.723,30.392],[80.782,30.321],[80.976,30.255],[81.003,30.213],[80.996,30.197],[80.921,30.177],[80.884,30.21],[80.868,30.2],[80.836,30.17],[80.85,30.143],[80.83,30.117],[80.77,30.077],[80.716,30.013],[80.641,29.963],[80.571,29.947],[80.55,29.894],[80.476,29.806],[80.369,29.758],[80.354,29.705],[80.385,29.605],[80.327,29.549],[80.32,29.516],[80.257,29.45],[80.218,29.435],[80.214,29.417],[80.255,29.317],[80.28,29.31],[80.258,29.202],[80.219,29.211],[80.233,29.139],[80.221,29.126],[80.133,29.11],[80.099,28.977],[80.053,28.949],[80.034,28.916],[80.036,28.837],[80.114,28.803],[80.162,28.753],[80.233,28.733],[80.291,28.69],[80.33,28.627],[80.408,28.626],[80.488,28.562],[80.488,28.656],[80.518,28.68],[80.556,28.679],[80.564,28.647],[80.636,28.628],[80.679,28.575],[80.727,28.56],[80.782,28.515],[80.872,28.497],[80.905,28.441],[80.976,28.437],[81.0,28.397],[81.17,28.361],[81.224,28.251],[81.296,28.167],[81.277,28.154],[81.299,28.143],[81.296,28.128],[81.338,28.133],[81.358,28.166],[81.396,28.161],[81.435,28.13],[81.473,28.066],[81.562,28.026],[81.615,27.981],[81.689,27.963],[81.75,27.91],[81.856,27.851],[81.883,27.849],[81.976,27.917],[82.027,27.912],[82.348,27.726],[82.402,27.677],[82.441,27.666],[82.652,27.704],[82.68,27.694],[82.709,27.631],[82.73,27.518],[82.752,27.495],[82.876,27.488],[83.01,27.443],[83.133,27.444],[83.219,27.394],[83.249,27.348],[83.282,27.331],[83.324,27.342],[83.363,27.386],[83.371,27.41],[83.356,27.452],[83.387,27.47],[83.59,27.457],[83.855,27.345],[83.878,27.37],[83.834,27.434],[83.923,27.45],[84.008,27.441],[84.08,27.51],[84.117,27.513],[84.186,27.439],[84.226,27.44],[84.289,27.376],[84.577,27.329],[84.607,27.31],[84.658,27.203],[84.654,27.125],[84.621,27.058],[84.64,27.028],[84.761,26.999],[84.817,27.011],[84.924,26.956],[84.953,26.898],[85.018,26.874],[85.019,26.846],[85.123,26.866],[85.162,26.851],[85.166,26.786],[85.195,26.759],[85.287,26.737],[85.337,26.747],[85.386,26.788],[85.44,26.788],[85.609,26.851],[85.702,26.797],[85.713,26.653],[85.781,26.599],[85.81,26.603],[85.829,26.566],[85.952,26.642],[86.011,26.654],[86.116,26.603],[86.196,26.583],[86.284,26.612],[86.316,26.581],[86.354,26.583],[86.495,26.528],[86.714,26.415],[86.738,26.444],[86.822,26.438],[86.876,26.495],[86.972,26.532],[87.041,26.58],[87.067,26.466],[87.106,26.405],[87.135,26.394],[87.219,26.408],[87.245,26.37],[87.3,26.346],[87.326,26.353],[87.356,26.404],[87.416,26.427],[87.48,26.423],[87.587,26.378],[87.681,26.424],[87.728,26.404],[87.769,26.451],[87.822,26.438],[87.87,26.465],[87.915,26.408],[87.975,26.367],[88.007,26.37],[88.074,26.454],[88.102,26.582],[88.168,26.725],[88.151,26.863],[88.077,26.992],[88.009,27.046],[87.969,27.111],[87.989,27.218],[88.035,27.323],[88.015,27.378],[88.042,27.438],[88.023,27.495],[88.111,27.64],[88.16,27.774],[88.165,27.845],[88.118,27.861],[88.097,27.904],[88.116,27.947],[88.379,27.983],[88.456,28.032],[88.502,28.029],[88.594,28.107],[88.652,28.069],[88.736,28.055],[88.818,27.995],[88.811,27.928],[88.852,27.877],[88.854,27.844],[88.806,27.655],[88.742,27.532],[88.758,27.511],[88.754,27.464],[88.774,27.409],[88.892,27.316],[88.885,27.286],[88.861,27.27],[88.776,27.241],[88.73,27.151],[88.828,27.098],[88.846,27.05],[88.852,26.945],[88.907,26.981],[88.932,26.919],[89.022,26.913],[89.061,26.881],[89.097,26.821],[89.213,26.813],[89.274,26.844],[89.342,26.854],[89.443,26.797],[89.505,26.804],[89.586,26.784],[89.611,26.766],[89.598,26.721],[89.61,26.712],[89.685,26.725],[89.814,26.696],[89.835,26.732],[89.89,26.715],[90.127,26.751],[90.152,26.772],[90.177,26.832],[90.211,26.851],[90.284,26.857],[90.349,26.897],[90.383,26.892],[90.588,26.78],[90.717,26.767],[91.007,26.782],[91.062,26.805],[91.198,26.802],[91.297,26.775],[91.346,26.795],[91.388,26.858],[91.42,26.872],[91.475,26.866],[91.521,26.798],[91.594,26.811],[91.702,26.803],[91.825,26.858],[91.844,26.849],[91.863,26.805],[91.879,26.803],[91.886,26.831],[91.874,26.844],[91.896,26.854],[91.893,26.881],[91.926,26.879],[91.975,26.847],[92.036,26.855],[92.073,26.888],[92.084,26.937],[92.067,26.995],[92.0,27.072],[91.988,27.122],[92.037,27.236],[92.089,27.292],[92.024,27.447],[91.975,27.472],[91.727,27.46],[91.657,27.479],[91.604,27.532],[91.573,27.62],[91.58,27.658],[91.627,27.716],[91.636,27.783],[91.566,27.821],[91.564,27.851],[91.68,27.85],[91.73,27.804],[91.827,27.808],[91.865,27.73],[91.952,27.725],[91.989,27.769],[92.065,27.762],[92.126,27.813],[92.24,27.865],[92.304,27.786],[92.329,27.833],[92.35,27.803],[92.368,27.804],[92.393,27.856],[92.428,27.821],[92.475,27.847],[92.575,27.848],[92.636,27.895],[92.684,27.91],[92.736,27.986],[92.689,28.048],[92.639,28.057],[92.679,28.133],[92.779,28.196],[92.79,28.179],[92.835,28.184],[92.904,28.25],[92.975,28.282],[93.208,28.341],[93.218,28.395],[93.186,28.432],[93.287,28.521],[93.317,28.603],[93.446,28.672],[93.626,28.672],[93.722,28.697],[93.782,28.681],[93.863,28.705],[93.928,28.683],[93.982,28.768],[93.992,28.845],[94.135,28.898],[94.174,28.93],[94.25,28.933],[94.347,29.024],[94.271,29.098],[94.288,29.148],[94.336,29.15],[94.396,29.207],[94.515,29.221],[94.6,29.317],[94.63,29.319],[94.704,29.285],[94.768,29.214],[94.761,29.175],[94.777,29.167],[94.989,29.154],[95.2,29.094],[95.225,29.059],[95.367,29.036],[95.488,29.069],[95.521,29.138],[95.515,29.209],[95.55,29.212],[95.564,29.246],[95.717,29.218],[95.747,29.274],[95.745,29.34],[95.796,29.353],[95.863,29.324],[95.954,29.359],[96.142,29.368],[96.176,29.286],[96.235,29.241],[96.268,29.242],[96.337,29.28],[96.366,29.257],[96.316,29.172],[96.21,29.146],[96.175,29.109],[96.195,28.941],[96.249,28.945],[96.367,29.037],[96.458,28.995],[96.452,28.97],[96.492,28.948],[96.511,28.886],[96.577,28.809],[96.593,28.758],[96.598,28.71],[96.501,28.688],[96.502,28.644],[96.336,28.48],[96.302,28.421],[96.37,28.378],[96.562,28.447],[96.717,28.437],[96.966,28.33],[97.078,28.375],[97.211,28.308],[97.23,28.275],[97.323,28.217],[97.329,28.19],[97.293,28.095],[97.355,28.023],[97.362,27.995],[97.334,27.894],[97.293,27.878],[97.276,27.91],[97.223,27.9],[97.065,27.774],[97.057,27.747],[96.991,27.727],[96.884,27.636],[96.862,27.599],[96.888,27.507],[96.881,27.444],[97.101,27.183],[97.104,27.156],[97.135,27.127],[97.119,27.087],[97.038,27.087],[96.865,27.172],[96.843,27.189],[96.854,27.249],[96.776,27.331],[96.705,27.361],[96.649,27.336],[96.587,27.354],[96.547,27.306],[96.511,27.292],[96.408,27.298],[96.143,27.258],[96.013,27.191],[95.916,27.051],[95.861,27.014],[95.778,26.995],[95.699,26.896],[95.624,26.881],[95.575,26.816],[95.49,26.811],[95.411,26.702],[95.261,26.648],[95.205,26.668],[95.173,26.634],[95.123,26.612],[95.11,26.551],[95.041,26.476],[95.066,26.407],[95.042,26.288],[95.059,26.218],[95.094,26.195],[95.078,26.171],[95.088,26.104],[95.137,26.083],[95.151,26.05],[95.066,25.954],[95.001,25.922],[95.009,25.737],[94.961,25.718],[94.853,25.586],[94.86,25.567],[94.822,25.559],[94.764,25.492],[94.659,25.456],[94.608,25.395],[94.55,25.245],[94.553,25.204],[94.577,25.174],[94.689,25.139],[94.707,25.11],[94.709,25.026],[94.674,24.975],[94.655,24.889],[94.599,24.813],[94.582,24.73],[94.556,24.709],[94.516,24.705],[94.475,24.597],[94.418,24.56],[94.397,24.495],[94.364,24.466],[94.361,24.425],[94.329,24.394],[94.331,24.363],[94.295,24.333],[94.19,23.995],[94.135,23.919],[94.132,23.857],[94.1,23.843],[94.055,23.888],[93.912,23.939],[93.804,23.936],[93.743,23.995],[93.711,24.005],[93.612,24.009],[93.571,23.968],[93.543,23.981],[93.457,23.96],[93.368,24.078],[93.349,24.089],[93.31,24.064],[93.303,23.995],[93.356,23.907],[93.375,23.739],[93.43,23.68],[93.4,23.454],[93.407,23.347],[93.378,23.297],[93.375,23.13],[93.318,23.034],[93.273,23.006],[93.247,23.004],[93.177,23.058],[93.14,23.032],[93.176,22.882],[93.116,22.798],[93.08,22.773],[93.071,22.693],[93.111,22.596],[93.099,22.512],[93.166,22.387],[93.174,22.259],[93.124,22.231],[93.142,22.187],[93.025,22.202],[93.025,22.113],[92.985,22.096],[92.967,22.063],[92.979,21.995],[92.962,21.987],[92.937,22.013],[92.906,22.017],[92.877,21.957],[92.836,22.047],[92.684,22.154],[92.651,22.019],[92.576,21.978],[92.537,22.129],[92.576,22.143],[92.577,22.169],[92.501,22.561],[92.496,22.696],[92.442,22.763],[92.426,22.871],[92.36,22.927],[92.328,23.171],[92.357,23.279],[92.349,23.354],[92.301,23.432],[92.253,23.609],[92.259,23.706],[92.222,23.708],[92.194,23.648],[92.151,23.732],[92.108,23.718],[92.06,23.659],[92.019,23.64],[91.923,23.723],[91.916,23.65],[91.941,23.495],[91.905,23.447],[91.818,23.401],[91.744,23.272],[91.796,23.089],[91.707,22.995],[91.617,22.978],[91.586,22.944],[91.577,22.969],[91.524,22.995],[91.464,23.184],[91.394,23.263],[91.372,23.262],[91.356,23.224],[91.371,23.063],[91.337,23.071],[91.314,23.101],[91.266,23.329],[91.287,23.356],[91.258,23.374],[91.227,23.469],[91.195,23.495],[91.136,23.63],[91.14,23.654],[91.166,23.654],[91.175,23.67],[91.137,23.699],[91.132,23.721],[91.142,23.74],[91.195,23.755],[91.225,23.826],[91.216,23.908],[91.274,23.988],[91.339,23.995],[91.363,24.1],[91.518,24.085],[91.582,24.096],[91.606,24.119],[91.629,24.215],[91.666,24.156],[91.704,24.143],[91.733,24.164],[91.733,24.234],[91.807,24.221],[91.814,24.183],[91.844,24.155],[91.877,24.158],[91.906,24.261],[91.9,24.338],[91.922,24.345],[91.972,24.316],[91.95,24.375],[92.063,24.371],[92.108,24.406],[92.111,24.514],[92.164,24.559],[92.234,24.778],[92.223,24.891],[92.252,24.903],[92.29,24.891],[92.381,24.837],[92.478,24.864],[92.495,24.895],[92.484,24.928],[92.304,25.074],[92.234,25.085],[92.173,25.132],[92.116,25.139],[92.093,25.165],[92.034,25.182],[91.73,25.167],[91.711,25.145],[91.677,25.153],[91.662,25.127],[91.639,25.124],[91.596,25.129],[91.566,25.16],[91.481,25.135],[91.432,25.138],[91.236,25.202],[90.822,25.142],[90.754,25.168],[90.708,25.153],[90.623,25.171],[90.365,25.15],[90.13,25.212],[89.908,25.297],[89.819,25.285],[89.795,25.374],[89.823,25.489],[89.834,25.635],[89.783,25.814],[89.834,25.932],[89.792,25.949],[89.829,25.979],[89.814,25.996],[89.789,25.988],[89.756,26.032],[89.75,26.084],[89.718,26.146],[89.656,26.161],[89.653,26.223],[89.613,26.219],[89.614,26.164],[89.587,26.169],[89.563,26.143],[89.604,26.121],[89.567,26.087],[89.611,26.072],[89.559,26.022],[89.542,25.96],[89.518,25.962],[89.486,25.999],[89.411,25.993],[89.391,26.015],[89.335,25.999],[89.238,26.058],[89.213,26.099],[89.119,26.147],[89.103,26.225],[89.069,26.287],[89.069,26.314],[89.095,26.31],[89.103,26.327],[89.055,26.347],[89.044,26.381],[88.941,26.439],[88.891,26.386],[88.912,26.349],[88.966,26.328],[88.982,26.292],[89.008,26.297],[89.004,26.276],[89.034,26.266],[89.04,26.247],[89.019,26.234],[88.975,26.224],[88.876,26.277],[88.825,26.227],[88.784,26.28],[88.748,26.293],[88.663,26.264],[88.646,26.276],[88.712,26.328],[88.652,26.392],[88.656,26.415],[88.612,26.431],[88.591,26.461],[88.527,26.475],[88.462,26.529],[88.411,26.545],[88.385,26.624],[88.353,26.579],[88.315,26.465],[88.336,26.448],[88.354,26.485],[88.461,26.454],[88.498,26.353],[88.432,26.362],[88.337,26.282],[88.326,26.216],[88.219,26.18],[88.164,26.14],[88.14,26.085],[88.156,26.061],[88.151,26.031],[88.126,26.013],[88.074,25.908],[88.088,25.831],[88.128,25.775],[88.227,25.804],[88.26,25.789],[88.419,25.654],[88.424,25.592],[88.475,25.563],[88.53,25.5],[88.594,25.495],[88.666,25.463],[88.706,25.492],[88.743,25.495],[88.742,25.513],[88.772,25.502],[88.815,25.459],[88.8,25.396],[88.842,25.333],[88.903,25.303],[88.975,25.303],[88.985,25.285],[88.929,25.229],[88.928,25.193],[88.91,25.189],[88.924,25.168],[88.817,25.197],[88.784,25.161],[88.634,25.192],[88.599,25.193],[88.559,25.171],[88.475,25.195],[88.441,25.19],[88.426,25.051],[88.323,24.875],[88.243,24.881],[88.233,24.918],[88.202,24.945],[88.115,24.916],[88.141,24.845],[88.088,24.796],[88.077,24.761],[88.053,24.755],[88.022,24.646],[88.057,24.634],[88.082,24.6],[88.086,24.537],[88.11,24.501],[88.401,24.369],[88.475,24.315],[88.635,24.294],[88.66,24.338],[88.715,24.315],[88.738,24.287],[88.746,24.214],[88.678,24.154],[88.674,24.083],[88.701,24.044],[88.725,24.038],[88.702,23.995],[88.714,23.925],[88.653,23.87],[88.578,23.855],[88.578,23.819],[88.553,23.775],[88.561,23.741],[88.54,23.65],[88.566,23.629],[88.562,23.602],[88.609,23.589],[88.719,23.468],[88.757,23.499],[88.77,23.489],[88.686,23.293],[88.697,23.252],[88.776,23.222],[88.823,23.238],[88.96,23.203],[88.851,23.075],[88.839,22.976],[88.893,22.88],[88.945,22.848],[88.937,22.782],[88.908,22.741],[88.956,22.585],[88.928,22.548],[88.971,22.528],[89.003,22.428],[88.989,22.397],[89.002,22.334],[89.024,22.295],[89.009,22.286],[89.062,22.212],[89.078,22.151],[89.06,22.13],[89.044,22.137],[89.037,22.086],[89.057,22.031],[89.061,21.938],[89.013,21.929],[89.01,21.905],[88.945,21.939],[88.929,21.987],[88.905,21.969],[88.924,21.926],[88.996,21.884],[89.016,21.853],[89.044,21.733],[89.085,21.675],[89.083,21.617],[89.053,21.61],[89.034,21.633],[89.02,21.606],[89.0,21.603],[88.892,21.654],[88.859,21.767],[88.838,21.702],[88.859,21.637],[88.844,21.622],[88.806,21.623],[88.811,21.692],[88.777,21.644],[88.791,21.568],[88.728,21.56],[88.708,21.578],[88.722,21.609],[88.685,21.697],[88.704,21.811],[88.695,21.84],[88.722,21.966],[88.763,22.017],[88.709,22.072],[88.763,22.131],[88.727,22.121],[88.695,22.082],[88.699,22.053],[88.731,22.037],[88.69,21.946],[88.631,21.945],[88.627,21.97],[88.653,22.018],[88.639,22.11],[88.683,22.185],[88.68,22.204],[88.66,22.205],[88.619,22.11],[88.626,22.048],[88.603,22.006],[88.598,21.929],[88.567,21.851],[88.565,21.767],[88.624,21.778],[88.633,21.75],[88.613,21.697],[88.592,21.705],[88.6,21.637],[88.595,21.612],[88.578,21.623],[88.572,21.558],[88.536,21.575],[88.53,21.553],[88.544,21.534],[88.513,21.525],[88.488,21.557],[88.53,21.658],[88.505,21.742],[88.533,21.795],[88.531,21.824],[88.496,21.877],[88.515,21.937],[88.496,21.952],[88.474,21.89],[88.493,21.805],[88.474,21.801],[88.453,21.742],[88.472,21.663],[88.456,21.624],[88.393,21.6],[88.393,21.699],[88.356,21.685],[88.331,21.719],[88.325,21.701],[88.349,21.65],[88.335,21.616],[88.31,21.61],[88.298,21.764],[88.262,21.799],[88.295,21.677],[88.283,21.609],[88.306,21.572],[88.254,21.555],[88.237,21.602],[88.224,21.613],[88.208,21.603],[88.182,21.665],[88.21,21.789],[88.154,21.888],[88.147,21.959],[88.222,22.078],[88.198,22.168],[88.081,22.217],[88.077,22.24],[88.043,22.225],[88.009,22.24],[87.973,22.283],[87.94,22.413],[87.907,22.425],[87.965,22.245],[88.008,22.205],[88.133,22.179],[88.161,22.157],[88.174,22.117],[88.164,22.09],[88.111,22.035],[88.043,22.017],[88.051,21.985],[87.984,21.854],[87.834,21.729],[87.704,21.656],[87.621,21.651],[87.469,21.611],[87.342,21.562],[87.201,21.552],[87.064,21.475],[86.918,21.327],[86.867,21.256],[86.837,21.175],[86.844,21.082],[86.966,20.806],[86.954,20.781],[86.879,20.781],[86.911,20.756],[86.987,20.752],[86.999,20.711],[86.94,20.698],[86.995,20.671],[87.043,20.698],[87.004,20.657],[86.923,20.622],[86.751,20.489],[86.725,20.432],[86.72,20.368],[86.77,20.401],[86.789,20.39],[86.796,20.437],[86.81,20.415],[86.768,20.343],[86.694,20.294],[86.702,20.285],[86.755,20.314],[86.628,20.235],[86.495,20.184],[86.467,20.095],[86.391,20.02],[86.426,19.999],[86.397,19.983],[86.275,20.067],[86.209,20.067],[86.153,20.143],[86.145,20.122],[86.168,20.073],[86.23,20.035],[86.289,20.026],[86.315,19.987],[86.372,19.965],[86.089,19.844],[86.057,19.857],[85.789,19.766],[85.734,19.764],[85.624,19.719],[85.638,19.732],[85.614,19.728],[85.457,19.663],[85.427,19.704],[85.522,19.739],[85.515,19.711],[85.577,19.746],[85.563,19.757],[85.57,19.876],[85.477,19.901],[85.44,19.896],[85.32,19.794],[85.268,19.78],[85.221,19.736],[85.207,19.684],[85.14,19.597],[85.151,19.56],[85.103,19.53],[85.109,19.507],[85.124,19.519],[85.129,19.51],[85.124,19.478],[85.203,19.517],[85.199,19.554],[85.233,19.554],[85.193,19.581],[85.248,19.609],[85.233,19.633],[85.248,19.656],[85.309,19.642],[85.391,19.691],[85.405,19.646],[85.378,19.615],[85.337,19.596],[85.318,19.62],[85.309,19.595],[85.288,19.601],[85.303,19.574],[85.331,19.576],[85.577,19.691],[85.337,19.575],[85.18,19.475],[84.872,19.22],[84.791,19.121],[84.775,19.115],[84.739,19.148],[84.72,19.102],[84.74,19.074],[84.761,19.102],[84.78,19.097],[84.741,19.028],[84.665,18.93],[84.631,18.916],[84.542,18.776],[84.424,18.636],[84.333,18.554],[84.282,18.526],[84.247,18.526],[84.238,18.511],[84.271,18.5],[84.35,18.553],[84.144,18.375],[84.113,18.298],[83.775,18.14],[83.576,18.01],[83.557,17.973],[83.473,17.902],[83.452,17.923],[83.453,17.868],[83.341,17.717],[83.299,17.69],[83.268,17.717],[83.247,17.716],[83.249,17.695],[83.299,17.664],[83.247,17.634],[83.213,17.635],[83.239,17.593],[83.088,17.531],[82.897,17.409],[82.883,17.422],[82.719,17.349],[82.475,17.206],[82.423,17.14],[82.388,17.127],[82.312,17.047],[82.251,16.908],[82.268,16.867],[82.352,16.845],[82.362,16.859],[82.349,16.956],[82.367,16.909],[82.366,16.812],[82.338,16.678],[82.313,16.608],[82.281,16.621],[82.307,16.58],[82.259,16.565],[82.203,16.513],[82.069,16.444],[82.037,16.448],[81.993,16.408],[81.862,16.375],[81.763,16.323],[81.712,16.312],[81.656,16.337],[81.585,16.342],[81.557,16.373],[81.54,16.374],[81.549,16.352],[81.496,16.361],[81.417,16.34],[81.428,16.366],[81.411,16.383],[81.317,16.367],[81.26,16.333],[81.254,16.271],[81.23,16.244],[81.156,16.039],[81.15,15.97],[80.999,15.847],[81.013,15.778],[80.91,15.853],[80.896,16.031],[80.889,16.004],[80.875,16.017],[80.891,15.978],[80.89,15.895],[80.807,15.716],[80.803,15.842],[80.776,15.884],[80.67,15.908],[80.663,15.889],[80.571,15.869],[80.554,15.881],[80.393,15.797],[80.28,15.701],[80.201,15.518],[80.211,15.497],[80.127,15.388],[80.091,15.305],[80.053,15.093],[80.108,14.714],[80.16,14.663],[80.178,14.606],[80.142,14.571],[80.197,14.565],[80.176,14.469],[80.175,14.345],[80.128,14.257],[80.087,14.25],[80.047,14.207],[80.073,14.202],[80.121,14.242],[80.136,14.229],[80.126,14.149],[80.15,14.028],[80.249,13.8],[80.221,13.697],[80.314,13.441],[80.245,13.592],[80.142,13.729],[80.136,13.619],[80.121,13.627],[80.118,13.675],[80.094,13.695],[80.091,13.659],[80.053,13.619],[80.119,13.501],[80.266,13.468],[80.262,13.451],[80.307,13.413],[80.327,13.43],[80.348,13.349],[80.334,13.243],[80.32,13.249],[80.314,13.215],[80.334,13.221],[80.333,13.198],[80.307,13.146],[80.314,13.106],[80.286,13.068],[80.252,12.763],[80.18,12.533],[80.096,12.362],[80.005,12.256],[79.944,12.218],[80.005,12.242],[79.862,12.022],[79.862,11.978],[79.786,11.769],[79.752,11.577],[79.786,11.426],[79.793,11.454],[79.817,11.443],[79.819,11.381],[79.75,11.374],[79.676,11.296],[79.759,11.358],[79.833,11.342],[79.855,11.16],[79.841,10.95],[79.857,10.293],[79.795,10.269],[79.757,10.309],[79.633,10.329],[79.614,10.31],[79.759,10.282],[79.774,10.274],[79.76,10.258],[79.557,10.299],[79.552,10.313],[79.604,10.329],[79.587,10.344],[79.529,10.338],[79.532,10.323],[79.46,10.308],[79.398,10.325],[79.286,10.253],[79.269,10.198],[79.236,10.167],[79.254,10.054],[79.279,10.036],[79.2,9.97],[79.094,9.802],[78.981,9.667],[78.977,9.638],[78.938,9.584],[78.913,9.474],[78.96,9.385],[79.075,9.3],[79.252,9.289],[79.32,9.323],[79.341,9.316],[79.334,9.278],[79.354,9.241],[79.454,9.159],[79.424,9.159],[79.293,9.25],[79.165,9.274],[79.087,9.254],[78.989,9.278],[78.929,9.254],[78.844,9.244],[78.728,9.187],[78.676,9.184],[78.635,9.145],[78.412,9.1],[78.24,8.966],[78.183,8.877],[78.162,8.753],[78.21,8.788],[78.215,8.765],[78.169,8.734],[78.143,8.658],[78.115,8.658],[78.142,8.593],[78.128,8.488],[78.08,8.432],[78.056,8.364],[78.0,8.345],[77.806,8.229],[77.768,8.182],[77.595,8.139],[77.561,8.115],[77.565,8.083],[77.511,8.076],[77.316,8.128],[76.996,8.368],[76.645,8.819],[76.544,8.913],[76.559,8.925],[76.573,8.904],[76.621,8.925],[76.582,8.92],[76.574,8.943],[76.603,8.973],[76.658,8.966],[76.634,8.987],[76.668,9.007],[76.621,8.987],[76.583,9.001],[76.559,8.952],[76.565,8.994],[76.539,8.973],[76.538,8.939],[76.528,8.947],[76.46,9.115],[76.462,9.138],[76.477,9.117],[76.483,9.172],[76.462,9.151],[76.428,9.245],[76.415,9.247],[76.443,9.145],[76.363,9.325],[76.312,9.493],[76.277,9.809],[76.236,9.953],[76.251,9.963],[76.285,9.929],[76.286,9.904],[76.257,9.909],[76.267,9.876],[76.277,9.871],[76.284,9.891],[76.281,9.843],[76.3,9.848],[76.309,9.88],[76.339,9.699],[76.346,9.816],[76.32,9.862],[76.333,9.871],[76.359,9.816],[76.368,9.716],[76.394,9.679],[76.357,9.521],[76.459,9.497],[76.503,9.535],[76.407,9.569],[76.42,9.594],[76.415,9.683],[76.394,9.706],[76.38,9.785],[76.394,9.843],[76.359,9.915],[76.312,9.967],[76.294,9.951],[76.278,9.978],[76.274,10.036],[76.255,10.048],[76.245,10.102],[76.215,10.138],[76.208,10.117],[76.243,9.987],[76.182,10.106],[76.178,10.171],[76.224,10.197],[76.24,10.239],[76.223,10.234],[76.195,10.269],[76.202,10.2],[76.171,10.194],[76.153,10.22],[76.052,10.514],[76.008,10.567],[75.922,10.766],[75.942,10.796],[75.911,10.809],[75.895,10.85],[75.833,11.098],[75.731,11.332],[75.736,11.372],[75.722,11.367],[75.665,11.463],[75.609,11.485],[75.506,11.727],[75.38,11.865],[75.356,11.858],[75.308,11.932],[75.4,11.92],[75.383,11.946],[75.393,11.975],[75.349,11.948],[75.302,11.966],[75.281,12.011],[75.33,12.013],[75.304,12.043],[75.264,12.013],[75.277,11.967],[75.222,12.022],[75.209,12.008],[75.194,12.022],[75.131,12.208],[75.14,12.249],[75.105,12.221],[75.083,12.306],[74.992,12.462],[74.856,12.759],[74.852,12.797],[74.828,12.825],[74.825,12.838],[74.859,12.825],[74.941,12.879],[74.818,12.862],[74.77,13.052],[74.783,13.085],[74.689,13.382],[74.681,13.468],[74.694,13.415],[74.708,13.413],[74.667,13.633],[74.736,13.654],[74.713,13.656],[74.688,13.686],[74.701,13.695],[74.688,13.712],[74.66,13.66],[74.615,13.836],[74.495,14.031],[74.467,14.181],[74.429,14.24],[74.433,14.263],[74.509,14.25],[74.415,14.301],[74.392,14.419],[74.354,14.505],[74.352,14.53],[74.367,14.512],[74.389,14.463],[74.407,14.462],[74.401,14.48],[74.428,14.476],[74.372,14.53],[74.379,14.545],[74.359,14.545],[74.359,14.571],[74.343,14.564],[74.339,14.524],[74.301,14.527],[74.295,14.587],[74.339,14.613],[74.276,14.61],[74.253,14.719],[74.22,14.738],[74.194,14.716],[74.174,14.75],[74.153,14.75],[74.096,14.793],[74.091,14.811],[74.109,14.803],[74.119,14.832],[74.14,14.839],[74.16,14.826],[74.179,14.856],[74.233,14.865],[74.235,14.877],[74.208,14.901],[74.112,14.846],[74.091,14.888],[74.036,14.921],[74.031,14.995],[73.996,15.011],[73.964,15.065],[73.913,15.079],[73.929,15.121],[73.962,15.152],[73.947,15.161],[73.891,15.343],[73.827,15.365],[73.783,15.408],[73.9,15.408],[73.933,15.395],[73.954,15.366],[73.968,15.374],[73.928,15.417],[73.842,15.449],[73.796,15.449],[73.818,15.497],[73.872,15.511],[73.86,15.521],[73.866,15.538],[73.786,15.492],[73.751,15.513],[73.737,15.599],[73.76,15.632],[73.838,15.661],[73.784,15.659],[73.728,15.62],[73.686,15.704],[73.701,15.723],[73.646,15.737],[73.646,15.792],[73.605,15.881],[73.491,15.993],[73.487,16.014],[73.516,16.025],[73.484,16.028],[73.45,16.059],[73.463,16.16],[73.488,16.189],[73.453,16.167],[73.447,16.114],[73.435,16.218],[73.414,16.224],[73.379,16.357],[73.358,16.367],[73.385,16.402],[73.341,16.432],[73.306,16.523],[73.307,16.563],[73.344,16.524],[73.379,16.518],[73.351,16.538],[73.371,16.559],[73.336,16.566],[73.315,16.599],[73.358,16.621],[73.363,16.597],[73.371,16.61],[73.354,16.635],[73.323,16.621],[73.312,16.645],[73.322,16.692],[73.29,16.74],[73.304,16.813],[73.287,16.821],[73.269,16.876],[73.271,16.945],[73.289,16.984],[73.255,17.007],[73.251,17.032],[73.259,17.044],[73.269,17.032],[73.276,17.079],[73.236,17.221],[73.187,17.306],[73.231,17.279],[73.249,17.285],[73.171,17.39],[73.181,17.478],[73.126,17.557],[73.201,17.586],[73.139,17.601],[73.121,17.626],[73.126,17.655],[73.105,17.689],[73.123,17.736],[73.019,17.952],[73.035,17.992],[73.005,18.012],[73.043,18.067],[73.009,18.039],[72.987,18.067],[72.967,18.196],[72.955,18.218],[72.927,18.224],[72.94,18.286],[72.973,18.245],[73.051,18.227],[73.057,18.186],[73.072,18.204],[73.072,18.273],[72.995,18.284],[72.968,18.311],[72.975,18.328],[72.913,18.361],[72.89,18.441],[72.907,18.524],[72.947,18.532],[73.009,18.451],[73.015,18.47],[72.989,18.49],[72.96,18.555],[72.91,18.559],[72.855,18.681],[72.857,18.786],[72.879,18.807],[72.913,18.8],[72.927,18.827],[72.975,18.779],[72.97,18.747],[72.995,18.731],[72.992,18.779],[73.016,18.814],[72.981,18.833],[72.982,18.871],[72.946,18.858],[72.897,18.894],[72.913,18.923],[72.928,18.911],[72.937,18.947],[72.977,18.948],[72.988,18.964],[72.954,18.971],[73.047,18.995],[73.057,19.015],[72.988,18.999],[72.992,19.067],[72.967,19.091],[72.967,19.163],[72.936,19.115],[72.934,19.034],[72.891,18.992],[72.885,19.026],[72.869,19.011],[72.821,18.903],[72.803,18.91],[72.803,18.958],[72.775,18.937],[72.77,18.948],[72.802,19.0],[72.803,19.04],[72.817,19.033],[72.824,19.054],[72.81,19.067],[72.823,19.108],[72.81,19.146],[72.823,19.169],[72.811,19.176],[72.792,19.15],[72.782,19.16],[72.83,19.252],[72.815,19.254],[72.775,19.205],[72.785,19.314],[72.867,19.317],[72.901,19.291],[72.973,19.294],[73.027,19.206],[73.05,19.218],[72.988,19.301],[72.899,19.307],[72.837,19.348],[72.802,19.332],[72.763,19.38],[72.754,19.482],[72.879,19.532],[72.857,19.541],[72.796,19.527],[72.742,19.581],[72.735,19.547],[72.756,19.519],[72.723,19.536],[72.687,19.725],[72.708,19.697],[72.726,19.706],[72.714,19.746],[72.731,19.755],[72.733,19.78],[72.728,19.794],[72.678,19.747],[72.68,19.8],[72.649,19.852],[72.664,19.882],[72.665,19.953],[72.703,19.998],[72.71,20.083],[72.756,20.215],[72.742,20.225],[72.748,20.28],[72.782,20.352],[72.817,20.376],[72.829,20.438],[72.886,20.532],[72.885,20.619],[72.909,20.699],[72.899,20.732],[72.947,20.759],[72.919,20.787],[72.919,20.822],[72.9,20.799],[72.886,20.807],[72.88,20.83],[72.9,20.868],[72.837,20.836],[72.865,20.897],[72.837,20.93],[72.886,20.962],[72.888,20.983],[72.833,20.972],[72.772,21.024],[72.767,21.039],[72.823,21.034],[72.85,21.048],[72.81,21.13],[72.756,21.11],[72.742,21.123],[72.735,21.092],[72.7,21.075],[72.729,21.148],[72.714,21.164],[72.676,21.154],[72.671,21.1],[72.638,21.085],[72.615,21.106],[72.63,21.136],[72.735,21.199],[72.647,21.254],[72.646,21.273],[72.618,21.253],[72.587,21.341],[72.646,21.363],[72.579,21.367],[72.565,21.386],[72.635,21.407],[72.728,21.466],[72.747,21.453],[72.738,21.483],[72.584,21.417],[72.62,21.487],[72.773,21.581],[72.823,21.644],[72.89,21.641],[73.117,21.737],[73.132,21.758],[73.119,21.765],[72.927,21.685],[72.858,21.695],[72.798,21.674],[72.616,21.685],[72.55,21.667],[72.528,21.695],[72.567,21.849],[72.618,21.925],[72.69,21.939],[72.735,21.994],[72.708,21.994],[72.694,21.972],[72.623,21.967],[72.543,21.911],[72.502,21.976],[72.536,22.141],[72.575,22.195],[72.634,22.21],[72.748,22.164],[72.812,22.234],[72.847,22.24],[72.897,22.213],[72.916,22.223],[72.917,22.271],[72.818,22.273],[72.757,22.244],[72.574,22.288],[72.466,22.233],[72.455,22.245],[72.464,22.264],[72.414,22.246],[72.392,22.253],[72.38,22.312],[72.405,22.333],[72.397,22.367],[72.361,22.343],[72.328,22.261],[72.275,22.26],[72.265,22.295],[72.24,22.302],[72.209,22.3],[72.206,22.274],[72.149,22.278],[72.191,22.251],[72.24,22.288],[72.239,22.239],[72.306,22.23],[72.317,22.185],[72.308,22.079],[72.258,22.012],[72.221,22.011],[72.214,21.994],[72.2,22.007],[72.173,21.976],[72.134,22.005],[72.097,22.007],[72.128,21.984],[72.115,21.969],[72.077,21.98],[72.105,21.959],[72.102,21.945],[72.055,21.954],[72.029,21.939],[72.105,21.918],[72.157,21.926],[72.145,21.911],[72.17,21.89],[72.169,21.841],[72.131,21.846],[72.058,21.899],[72.049,21.88],[72.086,21.866],[72.105,21.836],[72.063,21.834],[72.004,21.858],[71.996,21.8],[72.001,21.788],[72.022,21.801],[72.022,21.774],[72.074,21.789],[72.117,21.777],[72.166,21.794],[72.224,21.701],[72.272,21.691],[72.299,21.626],[72.22,21.445],[72.105,21.315],[72.112,21.296],[72.091,21.253],[72.105,21.205],[71.991,21.136],[71.926,21.13],[71.763,21.032],[71.718,21.032],[71.584,20.958],[71.55,20.951],[71.569,20.979],[71.551,20.974],[71.462,20.885],[71.319,20.849],[71.141,20.766],[71.095,20.764],[71.062,20.739],[71.008,20.742],[70.982,20.71],[70.84,20.702],[70.775,20.727],[70.74,20.718],[70.542,20.808],[70.451,20.856],[70.399,20.904],[70.337,20.927],[70.054,21.153],[69.845,21.39],[69.809,21.466],[69.756,21.49],[69.63,21.616],[69.568,21.65],[69.479,21.753],[69.427,21.781],[69.398,21.815],[69.391,21.877],[69.368,21.856],[69.336,21.862],[69.198,21.98],[68.994,22.204],[68.945,22.295],[68.983,22.419],[69.074,22.482],[69.082,22.46],[69.048,22.432],[69.072,22.399],[69.147,22.405],[69.179,22.428],[69.202,22.415],[69.17,22.328],[69.212,22.274],[69.286,22.285],[69.36,22.329],[69.48,22.342],[69.526,22.392],[69.516,22.448],[69.548,22.452],[69.555,22.378],[69.616,22.356],[69.63,22.384],[69.64,22.376],[69.669,22.409],[69.699,22.404],[69.733,22.48],[69.795,22.419],[69.833,22.464],[69.885,22.474],[69.973,22.541],[70.059,22.558],[70.145,22.548],[70.178,22.562],[70.319,22.778],[70.323,22.823],[70.375,22.903],[70.453,22.967],[70.486,22.964],[70.505,22.98],[70.528,23.047],[70.503,23.104],[70.467,23.13],[70.399,23.069],[70.411,23.023],[70.392,22.941],[70.303,22.938],[70.233,23.0],[70.222,22.959],[70.163,22.949],[70.129,22.969],[70.131,22.994],[70.11,22.959],[70.135,22.93],[69.833,22.858],[69.78,22.827],[69.716,22.747],[69.586,22.761],[69.338,22.833],[69.202,22.852],[69.04,22.951],[68.866,23.02],[68.654,23.158],[68.65,23.181],[68.623,23.192],[68.6,23.225],[68.596,23.24],[68.609,23.227],[68.623,23.268],[68.552,23.26],[68.541,23.278],[68.561,23.316],[68.607,23.326],[68.561,23.364],[68.521,23.369],[68.515,23.399],[68.541,23.412],[68.536,23.421],[68.501,23.423],[68.475,23.405],[68.459,23.42],[68.466,23.446],[68.44,23.434],[68.424,23.446],[68.447,23.487],[68.486,23.514],[68.437,23.549],[68.447,23.503],[68.412,23.495],[68.409,23.621],[68.428,23.631],[68.491,23.619],[68.493,23.638],[68.469,23.641],[68.469,23.659],[68.534,23.679],[68.584,23.735],[68.638,23.762],[68.671,23.816],[68.726,23.819],[68.822,23.878],[68.767,23.878],[68.718,23.841],[68.633,23.833],[68.599,23.782],[68.428,23.714],[68.342,23.624],[68.353,23.611],[68.327,23.587],[68.181,23.594],[68.143,23.613],[68.15,23.631],[68.175,23.631],[68.2,23.66],[68.233,23.645],[68.276,23.666],[68.28,23.686],[68.241,23.674],[68.209,23.696],[68.198,23.775],[68.169,23.748],[68.164,23.758],[68.184,23.843],[68.207,23.877],[68.26,23.896],[68.264,23.936],[68.3,23.911],[68.326,23.928],[68.33,23.967],[68.343,23.969],[68.354,23.939],[68.432,23.967],[68.724,23.965],[68.726,24.289],[68.747,24.331],[68.799,24.329],[68.82,24.25],[68.839,24.236],[68.885,24.314],[68.904,24.321],[68.963,24.257],[69.068,24.288],[69.167,24.253],[69.281,24.284],[69.563,24.277],[69.715,24.169],[69.972,24.165],[70.016,24.174],[70.052,24.202],[70.098,24.299],[70.243,24.331],[70.299,24.363],[70.353,24.366],[70.416,24.402],[70.563,24.424],[70.575,24.4],[70.546,24.362],[70.568,24.273],[70.622,24.241],[70.755,24.231],[70.851,24.265],[70.841,24.306],[70.918,24.362],[70.997,24.357],[71.083,24.412],[71.075,24.436],[70.977,24.465],[70.981,24.535],[70.958,24.556],[70.955,24.585],[70.977,24.64],[71.064,24.683],[70.915,24.947],[70.849,25.163],[70.735,25.267],[70.71,25.336],[70.654,25.397],[70.654,25.674],[70.632,25.701],[70.592,25.709],[70.477,25.676],[70.36,25.673],[70.249,25.708],[70.214,25.786],[70.115,25.882],[70.065,25.98],[70.078,26.1],[70.147,26.217],[70.158,26.53],[70.13,26.563],[70.056,26.589],[69.816,26.58],[69.772,26.595],[69.659,26.678],[69.504,26.735],[69.473,26.767],[69.465,26.808],[69.508,27.05],[69.534,27.126],[69.576,27.188],[69.848,27.41],[69.908,27.497],[69.994,27.571],[70.102,27.812],[70.342,28.011],[70.456,28.04],[70.535,28.016],[70.633,27.932],[70.641,27.855],[70.71,27.741],[70.762,27.71],[70.832,27.701],[70.914,27.718],[71.226,27.845],[71.398,27.868],[71.561,27.869],[71.874,27.96],[71.908,28.136],[71.988,28.228],[72.15,28.354],[72.198,28.445],[72.256,28.646],[72.355,28.767],[72.93,29.048],[73.233,29.537],[73.37,29.927],[73.558,30.013],[73.74,30.048],[73.944,30.188],[73.935,30.261],[73.892,30.33],[73.842,30.353],[73.852,30.373],[73.906,30.395],[73.9,30.422],[73.929,30.419],[74.004,30.509],[74.058,30.531],[74.067,30.611],[74.164,30.665],[74.191,30.717],[74.267,30.788],[74.257,30.815],[74.3,30.838],[74.319,30.893],[74.401,30.893],[74.442,30.946],[74.519,30.962],[74.564,31.004],[74.579,31.043],[74.659,31.084],[74.617,31.115],[74.537,31.115],[74.506,31.175],[74.532,31.303],[74.617,31.459],[74.556,31.612],[74.489,31.711],[74.535,31.771],[74.55,31.827],[74.67,31.904],[74.698,31.95],[74.784,31.943],[74.829,32.025],[74.873,32.012],[74.889,32.029],[74.956,32.032],[74.986,32.063],[75.03,32.066],[75.023,32.095],[75.041,32.098],[75.102,32.078],[75.138,32.093],[75.174,32.087],[75.173,32.11],[75.196,32.129],[75.295,32.149],[75.317,32.211],[75.359,32.262],[75.327,32.312],[75.23,32.38],[75.126,32.412],[75.024,32.466],[74.907,32.445],[74.838,32.475],[74.725,32.461],[74.689,32.471],[74.663,32.498],[74.63,32.588],[74.656,32.641],[74.65,32.723],[74.682,32.787],[74.685,32.831],[74.654,32.837],[74.614,32.77],[74.574,32.753],[74.501,32.746],[74.439,32.786],[74.346,32.767],[74.307,32.81],[74.337,32.87],[74.311,32.994],[74.154,33.04],[74.098,33.105],[74.002,33.178],[73.992,33.253],[74.096,33.328],[74.158,33.494],[74.142,33.549],[73.977,33.648],[73.961,33.692],[73.966,33.735],[74.035,33.829],[74.178,33.858],[74.24,33.901],[74.272,33.962],[74.26,33.994],[74.228,34.013],[74.118,34.003],[74.045,34.019],[73.977,34.005],[73.946,34.01],[73.894,34.054],[73.893,34.115],[73.995,34.176],[73.991,34.219],[73.938,34.304],[73.829,34.315],[73.783,34.347],[73.775,34.371],[73.796,34.419],[73.84,34.444],[73.863,34.517],[73.926,34.565],[73.919,34.643],[73.962,34.668],[74.121,34.691],[74.286,34.769],[74.349,34.773],[74.665,34.688],[75.018,34.63],[75.213,34.645],[75.348,34.557],[75.612,34.498],[75.796,34.508],[75.874,34.571],[75.973,34.622],[76.023,34.677],[76.058,34.683],[76.155,34.662],[76.262,34.685],[76.438,34.763],[76.536,34.726],[76.653,34.747],[76.744,34.819],[76.758,34.915],[76.853,34.943],[76.921,34.921],[77.013,34.986],[77.035,35.035],[77.023,35.086],[77.042,35.107],[77.8,35.495]]],[[[78.918,33.386],[78.824,33.461],[78.781,33.553],[78.787,33.808],[78.721,33.994],[78.73,34.079],[78.903,34.158],[78.976,34.217],[78.988,34.263],[78.976,34.309],[78.922,34.372],[78.802,34.415],[78.751,34.471],[78.665,34.526],[78.379,34.579],[78.296,34.625],[78.211,34.848],[78.148,34.943],[78.13,35.055],[78.001,35.269],[78.01,35.347],[78.056,35.453],[78.044,35.492],[77.986,35.494],[77.883,35.431],[77.834,35.452],[77.8,35.495],[77.76,35.498],[77.661,35.458],[77.512,35.478],[77.384,35.472],[77.281,35.528],[77.141,35.525],[77.039,35.585],[76.915,35.583],[76.843,35.641],[76.763,35.647],[76.677,35.714],[76.571,35.751],[76.551,35.784],[76.565,35.865],[76.555,35.898],[76.537,35.903],[76.5,35.872],[76.432,35.861],[76.403,35.831],[76.349,35.831],[76.312,35.81],[76.166,35.806],[76.138,35.827],[76.115,35.942],[76.09,35.978],[75.953,36.007],[75.9,36.063],[75.901,36.114],[75.972,36.155],[75.97,36.202],[76.014,36.23],[75.969,36.302],[75.987,36.421],[75.977,36.463],[75.85,36.645],[75.729,36.723],[75.65,36.754],[75.571,36.767],[75.508,36.748],[75.493,36.721],[75.432,36.723],[75.411,36.747],[75.378,36.894],[75.313,36.929],[75.195,36.949],[75.1,36.994],[74.925,36.971],[74.872,36.907],[74.853,36.959],[74.793,37.015],[74.719,37.016],[74.662,37.054],[74.542,37.022],[74.477,37.083],[74.383,37.127],[74.368,37.167],[74.457,37.177],[74.5,37.232],[74.59,37.243],[74.623,37.231],[74.721,37.298],[74.737,37.296],[74.794,37.214],[74.892,37.231],[74.952,37.281],[75.068,37.312],[75.092,37.378],[75.164,37.401],[75.053,37.494],[74.945,37.549],[74.892,37.599],[74.886,37.653],[74.965,37.767],[74.949,37.795],[74.886,37.831],[74.914,37.881],[74.891,37.898],[74.893,37.994],[74.88,38.022],[74.81,38.053],[74.791,38.081],[74.771,38.292],[74.784,38.326],[74.838,38.379],[74.836,38.455],[74.76,38.52],[74.696,38.524],[74.646,38.561],[74.334,38.667],[74.221,38.65],[74.123,38.669],[74.084,38.614],[74.037,38.598],[74.059,38.547],[74.029,38.527],[73.933,38.53],[73.816,38.587],[73.736,38.722],[73.736,38.8],[73.681,38.873],[73.717,38.919],[73.81,38.933],[73.826,38.977],[73.709,39.065],[73.674,39.143],[73.608,39.207],[73.602,39.236],[73.644,39.351],[73.633,39.448],[73.838,39.476],[73.87,39.547],[73.922,39.582],[73.894,39.71],[73.83,39.747],[73.819,39.786],[73.832,39.824],[73.881,39.865],[73.893,39.918],[73.944,39.97],[73.977,40.044],[74.168,40.106],[74.334,40.094],[74.477,40.172],[74.565,40.247],[74.706,40.331],[74.862,40.326],[74.854,40.359],[74.787,40.421],[74.835,40.512],[75.002,40.447],[75.064,40.444],[75.138,40.464],[75.194,40.441],[75.482,40.614],[75.56,40.633],[75.588,40.612],[75.606,40.569],[75.618,40.494],[75.667,40.45],[75.638,40.386],[75.656,40.323],[75.682,40.292],[75.772,40.31],[75.902,40.299],[75.962,40.357],[76.052,40.39],[76.151,40.368],[76.244,40.441],[76.273,40.434],[76.314,40.343],[76.476,40.436],[76.556,40.566],[76.609,40.597],[76.648,40.765],[76.762,40.847],[76.767,40.945],[76.861,41.013],[77.008,41.044],[77.119,41.012],[77.243,41.006],[77.333,41.021],[77.504,40.981],[77.65,40.997],[77.831,41.063],[78.075,41.04],[78.191,41.118],[78.275,41.229],[78.349,41.27],[78.36,41.287],[78.339,41.344],[78.36,41.378],[78.51,41.454],[78.619,41.478],[78.658,41.532],[78.807,41.578],[78.916,41.633],[78.976,41.642],[79.089,41.703],[79.196,41.73],[79.282,41.783],[79.391,41.773],[79.611,41.868],[79.748,41.88],[79.783,41.905],[79.813,41.978],[79.843,42.002],[79.931,42.023],[80.182,42.021],[80.231,42.034],[80.257,42.084],[80.225,42.126],[80.21,42.19],[80.249,42.205],[80.268,42.238],[80.196,42.435],[80.211,42.491],[80.162,42.552],[80.144,42.645],[80.248,42.816],[80.334,42.817],[80.549,42.878],[80.543,42.917],[80.374,42.975],[80.355,43.001],[80.368,43.028],[80.618,43.134],[80.66,43.133],[80.732,43.101],[80.773,43.113],[80.793,43.149],[80.748,43.275],[80.643,43.326],[80.694,43.395],[80.713,43.459],[80.476,43.91],[80.423,43.972],[80.404,44.049],[80.339,44.121],[80.373,44.231],[80.33,44.453],[80.384,44.603],[80.356,44.653],[80.376,44.671],[80.492,44.702],[80.492,44.728],[80.315,44.78],[80.245,44.816],[79.992,44.794],[79.869,44.849],[79.843,44.873],[79.858,44.904],[80.103,45.032],[80.219,45.026],[80.291,45.046],[80.39,45.046],[80.445,45.104],[80.537,45.101],[80.697,45.144],[80.854,45.126],[81.542,45.293],[81.665,45.348],[81.739,45.338],[81.765,45.308],[81.794,45.196],[81.875,45.181],[81.95,45.144],[82.245,45.232],[82.342,45.205],[82.476,45.116],[82.54,45.124],[82.585,45.177],[82.615,45.249],[82.632,45.416],[82.616,45.435],[82.513,45.466],[82.363,45.481],[82.327,45.493],[82.291,45.533],[82.372,45.734],[82.489,45.902],[82.568,46.197],[82.674,46.331],[82.839,46.732],[82.986,46.943],[82.986,47.013],[83.006,47.081],[82.998,47.11],[83.021,47.206],[83.072,47.219],[83.15,47.212],[83.222,47.172],[83.353,47.145],[83.524,47.067],[83.905,46.974],[84.07,46.964],[84.158,46.993],[84.266,47.0],[84.422,46.993],[84.521,46.97],[84.664,46.984],[84.732,46.948],[84.752,46.918],[84.75,46.882],[84.716,46.835],[84.74,46.815],[84.916,46.851],[84.976,46.902],[85.048,46.921],[85.226,47.042],[85.499,47.052],[85.557,47.179],[85.66,47.207],[85.679,47.275],[85.67,47.384],[85.585,47.493],[85.595,47.624],[85.515,47.92],[85.562,48.031],[85.586,48.141],[85.719,48.359],[85.784,48.408],[86.006,48.43],[86.192,48.418],[86.247,48.437],[86.307,48.483],[86.431,48.486],[86.565,48.527],[86.606,48.59],[86.752,48.715],[86.739,48.784],[86.789,48.839],[86.718,48.913],[86.709,48.954],[86.744,49.008],[86.859,49.105],[86.975,49.092],[87.116,49.13],[87.4,49.071],[87.476,49.088],[87.506,49.121],[87.816,49.166],[87.836,49.101],[87.822,49.029],[87.872,49.004],[87.873,48.968],[87.757,48.92],[87.738,48.869],[87.796,48.84],[87.821,48.788],[87.908,48.759],[87.975,48.756],[88.059,48.708],[88.055,48.673],[87.943,48.599],[87.983,48.552],[88.063,48.543],[88.166,48.494],[88.236,48.493],[88.305,48.469],[88.417,48.394],[88.503,48.393],[88.565,48.343],[88.561,48.268],[88.596,48.198],[88.636,48.176],[88.709,48.166],[88.805,48.106],[88.917,48.106],[89.046,47.993],[89.219,47.977],[89.354,48.039],[89.425,48.022],[89.542,48.031],[89.572,48.02],[89.583,47.962],[89.627,47.944],[89.655,47.9],[89.723,47.878],[89.751,47.824],[89.889,47.824],[89.934,47.844],[89.947,47.883],[90.045,47.88],[90.064,47.851],[90.052,47.811],[90.083,47.756],[90.163,47.71],[90.345,47.659],[90.327,47.623],[90.382,47.538],[90.441,47.493],[90.448,47.404],[90.487,47.378],[90.469,47.309],[90.712,47.015],[90.742,46.992],[90.828,46.982],[90.885,46.945],[90.936,46.864],[90.925,46.813],[91.005,46.74],[91.016,46.703],[90.996,46.595],[91.047,46.566],[90.936,46.344],[90.896,46.302],[90.949,46.168],[90.996,46.114],[91.002,46.022],[90.986,45.993],[90.919,45.95],[90.711,45.752],[90.651,45.493],[90.753,45.421],[90.797,45.293],[90.867,45.254],[90.858,45.215],[90.873,45.186],[90.975,45.215],[91.057,45.218],[91.135,45.198],[91.184,45.154],[91.249,45.13],[91.367,45.114],[91.438,45.146],[91.534,45.071],[91.663,45.06],[92.043,45.075],[92.219,45.01],[92.285,45.02],[92.475,44.997],[92.848,45.039],[92.945,45.006],[93.166,45.008],[93.244,44.982],[93.341,44.985],[93.421,44.955],[93.525,44.951],[93.714,44.875],[93.927,44.673],[94.059,44.651],[94.182,44.661],[94.277,44.59],[94.338,44.512],[94.43,44.504],[94.588,44.436],[94.698,44.343],[95.037,44.255],[95.398,44.281],[95.323,44.158],[95.319,44.017],[95.51,43.979],[95.535,43.958],[95.589,43.869],[95.692,43.631],[95.833,43.409],[95.874,43.247],[96.319,42.91],[96.358,42.724],[97.193,42.787],[99.474,42.564],[100.017,42.677],[101.219,42.53],[101.411,42.545],[101.525,42.537],[101.638,42.515],[101.735,42.461],[101.886,42.278],[101.974,42.208],[102.034,42.185],[103.073,42.005],[103.691,41.759],[104.501,41.871],[104.505,41.657],[104.892,41.645],[104.974,41.586],[105.015,41.596],[105.201,41.743],[105.358,41.786],[105.869,41.993],[106.768,42.287],[108.177,42.454],[108.32,42.433],[108.536,42.435],[108.797,42.398],[108.961,42.448],[109.253,42.426],[109.485,42.449],[109.667,42.549],[109.913,42.629],[110.06,42.638],[110.14,42.683],[110.407,42.769],[110.449,42.837],[110.608,42.945],[110.68,43.058],[110.973,43.316],[111.339,43.438],[111.401,43.476],[111.568,43.503],[111.754,43.663],[111.846,43.667],[111.933,43.697],[111.944,43.786],[111.839,43.939],[111.634,44.066],[111.544,44.157],[111.504,44.226],[111.491,44.283],[111.411,44.326],[111.397,44.387],[111.424,44.448],[111.538,44.583],[111.551,44.693],[111.739,44.966],[111.843,45.04],[111.927,45.061],[111.958,45.085],[112.108,45.067],[112.413,45.066],[112.524,44.993],[112.586,44.924],[112.748,44.865],[113.105,44.794],[113.473,44.771],[113.532,44.745],[113.605,44.74],[113.672,44.768],[113.889,44.908],[114.017,44.927],[114.089,44.962],[114.149,45.03],[114.419,45.201],[114.502,45.303],[114.534,45.386],[114.703,45.427],[114.939,45.374],[115.126,45.394],[115.337,45.395],[115.667,45.454],[116.002,45.676],[116.095,45.677],[116.17,45.709],[116.252,45.803],[116.207,45.881],[116.213,45.908],[116.357,46.106],[116.525,46.227],[116.568,46.291],[116.722,46.329],[116.815,46.387],[116.958,46.366],[117.337,46.357],[117.369,46.476],[117.413,46.525],[117.394,46.571],[117.51,46.578],[117.568,46.604],[117.625,46.536],[117.673,46.516],[117.798,46.52],[117.901,46.608],[118.006,46.627],[118.084,46.668],[118.169,46.678],[118.269,46.723],[118.336,46.722],[118.473,46.686],[118.552,46.686],[118.609,46.706],[118.72,46.677],[118.754,46.691],[118.816,46.758],[118.847,46.765],[118.867,46.758],[118.891,46.714],[118.967,46.74],[119.037,46.669],[119.317,46.612],[119.501,46.628],[119.623,46.616],[119.68,46.592],[119.74,46.613],[119.782,46.656],[119.854,46.66],[119.907,46.718],[119.883,46.753],[119.903,46.842],[119.881,46.873],[119.896,46.899],[119.852,46.911],[119.77,46.993],[119.754,47.094],[119.7,47.16],[119.587,47.238],[119.525,47.251],[119.476,47.309],[119.321,47.407],[119.282,47.415],[119.318,47.462],[119.31,47.476],[119.134,47.528],[119.083,47.662],[118.767,47.756],[118.542,47.966],[118.473,47.989],[118.28,47.998],[118.182,48.028],[117.973,47.998],[117.815,48.005],[117.767,47.993],[117.527,47.786],[117.436,47.73],[117.361,47.651],[117.317,47.654],[117.07,47.81],[116.822,47.876],[116.5,47.836],[116.244,47.863],[116.084,47.807],[115.973,47.709],[115.915,47.684],[115.853,47.706],[115.576,47.91],[115.514,48.132],[115.8,48.242],[115.809,48.274],[115.787,48.493],[115.8,48.53],[116.028,48.767],[116.048,48.8],[116.038,48.87],[116.684,49.823],[117.058,49.673],[117.253,49.622],[117.473,49.614],[117.759,49.513],[117.837,49.509],[117.874,49.513],[117.894,49.547],[117.931,49.567],[118.188,49.681],[118.229,49.729],[118.373,49.786],[118.394,49.82],[118.477,49.836],[118.521,49.894],[118.644,49.955],[118.741,49.953],[118.924,49.992],[118.99,49.979],[119.092,49.987],[119.209,50.015],[119.316,50.093],[119.344,50.142],[119.334,50.276],[119.366,50.311],[119.357,50.341],[119.175,50.356],[119.181,50.37],[119.141,50.377],[119.138,50.393],[119.155,50.411],[119.207,50.415],[119.244,50.446],[119.265,50.483],[119.251,50.505],[119.294,50.599],[119.374,50.643],[119.392,50.672],[119.443,50.685],[119.497,50.737],[119.515,50.792],[119.497,50.836],[119.528,50.867],[119.518,50.905],[119.604,50.978],[119.683,51.016],[119.71,51.039],[119.71,51.062],[119.741,51.072],[119.765,51.142],[119.758,51.158],[119.785,51.172],[119.758,51.199],[119.762,51.215],[119.815,51.216],[119.806,51.244],[119.82,51.275],[119.916,51.331],[119.895,51.384],[119.953,51.398],[119.983,51.442],[119.977,51.487],[120.053,51.552],[120.057,51.596],[120.1,51.66],[120.166,51.669],[120.319,51.776],[120.465,51.84],[120.493,51.876],[120.541,51.883],[120.566,51.905],[120.648,51.911],[120.711,51.988],[120.697,52.049],[120.779,52.118],[120.783,52.162],[120.751,52.203],[120.758,52.237],[120.655,52.299],[120.626,52.347],[120.69,52.439],[120.724,52.542],[120.454,52.639],[120.261,52.611],[120.176,52.584],[120.079,52.59],[120.03,52.639],[120.053,52.693],[120.033,52.761],[120.066,52.783],[120.28,52.866],[120.45,53.008],[120.615,53.097],[120.714,53.185],[120.824,53.235],[120.826,53.262],[120.874,53.28],[121.055,53.29],[121.203,53.277],[121.341,53.324],[121.512,53.33],[121.641,53.385],[121.889,53.431],[122.082,53.43],[122.169,53.469],[122.317,53.496],[122.402,53.451],[122.471,53.465],[122.86,53.474],[123.003,53.507],[123.154,53.513],[123.253,53.568],[123.34,53.561],[123.482,53.518],[123.495,53.56],[123.514,53.562],[123.547,53.541],[123.52,53.52],[123.542,53.514],[123.614,53.563],[123.702,53.51],[123.85,53.495],[123.971,53.455],[124.017,53.407],[124.122,53.353],[124.182,53.379],[124.253,53.376],[124.293,53.351],[124.343,53.272],[124.384,53.246],[124.5,53.214],[124.652,53.209],[124.688,53.194],[124.72,53.149],[124.801,53.155],[124.87,53.108],[124.896,53.118],[124.879,53.154],[124.898,53.186],[125.074,53.212],[125.127,53.207],[125.477,53.084],[125.521,53.042],[125.621,53.062],[125.65,53.023],[125.734,52.982],[125.72,52.946],[125.661,52.919],[125.646,52.885],[125.837,52.907],[125.864,52.889],[125.867,52.849],[125.977,52.765],[126.018,52.782],[126.088,52.775],[126.104,52.754],[126.035,52.727],[126.069,52.68],[125.983,52.653],[125.973,52.632],[125.991,52.586],[126.028,52.566],[126.083,52.593],[126.212,52.533],[126.2,52.467],[126.276,52.463],[126.351,52.377],[126.316,52.316],[126.439,52.275],[126.312,52.228],[126.317,52.2],[126.531,52.153],[126.556,52.131],[126.514,52.043],[126.467,52.032],[126.439,51.998],[126.648,51.741],[126.726,51.709],[126.707,51.686],[126.724,51.636],[126.677,51.577],[126.807,51.534],[126.83,51.508],[126.793,51.459],[126.8,51.419],[126.89,51.407],[126.909,51.391],[126.898,51.362],[126.827,51.339],[126.809,51.289],[126.846,51.251],[126.87,51.252],[126.891,51.271],[126.885,51.303],[126.899,51.317],[126.972,51.324],[126.978,51.297],[126.905,51.208],[126.932,51.064],[127.032,50.972],[127.144,50.904],[127.221,50.788],[127.287,50.751],[127.289,50.675],[127.344,50.628],[127.367,50.578],[127.365,50.555],[127.289,50.466],[127.359,50.415],[127.359,50.381],[127.331,50.328],[127.355,50.299],[127.591,50.209],[127.57,50.13],[127.487,50.026],[127.494,49.973],[127.534,49.922],[127.507,49.844],[127.539,49.79],[127.644,49.767],[127.68,49.739],[127.704,49.661],[127.855,49.585],[127.921,49.581],[127.968,49.603],[128.067,49.547],[128.198,49.539],[128.268,49.559],[128.345,49.548],[128.384,49.579],[128.551,49.588],[128.629,49.575],[128.672,49.611],[128.802,49.565],[128.8,49.532],[128.754,49.502],[128.76,49.471],[128.879,49.48],[128.998,49.441],[129.067,49.362],[129.115,49.349],[129.218,49.391],[129.341,49.341],[129.373,49.37],[129.379,49.425],[129.481,49.421],[129.528,49.385],[129.532,49.322],[129.552,49.29],[129.711,49.274],[129.742,49.196],[129.842,49.167],[129.842,49.109],[129.921,49.082],[129.913,49.04],[129.926,49.026],[129.974,49.015],[130.202,48.883],[130.249,48.865],[130.44,48.897],[130.465,48.891],[130.487,48.864],[130.541,48.853],[130.674,48.871],[130.53,48.616],[130.62,48.56],[130.626,48.482],[130.716,48.499],[130.759,48.486],[130.743,48.412],[130.78,48.356],[130.822,48.334],[130.824,48.294],[130.774,48.244],[130.753,48.19],[130.675,48.136],[130.663,48.116],[130.675,48.064],[130.907,47.884],[130.942,47.821],[130.942,47.718],[130.966,47.704],[131.044,47.677],[131.104,47.677],[131.21,47.709],[131.441,47.741],[131.508,47.722],[131.603,47.662],[131.703,47.696],[131.914,47.668],[132.025,47.698],[132.162,47.69],[132.251,47.725],[132.332,47.737],[132.525,47.708],[132.574,47.74],[132.576,47.794],[132.668,47.881],[132.66,47.931],[132.675,47.951],[132.722,47.959],[132.775,47.934],[132.806,47.936],[132.941,48.027],[133.033,48.057],[133.075,48.101],[133.224,48.126],[133.301,48.101],[133.524,48.095],[133.56,48.113],[133.594,48.164],[133.67,48.19],[133.738,48.251],[133.966,48.279],[134.057,48.327],[134.386,48.381],[134.471,48.34],[134.543,48.357],[134.611,48.285],[134.719,48.263],[134.687,48.22],[134.683,48.136],[134.586,48.061],[134.559,48.01],[134.601,47.944],[134.588,47.926],[134.658,47.887],[134.676,47.824],[134.77,47.741],[134.773,47.711],[134.693,47.649],[134.683,47.588],[134.624,47.55],[134.557,47.471],[134.485,47.43],[134.415,47.439],[134.313,47.42],[134.245,47.355],[134.184,47.328],[134.154,47.258],[134.197,47.205],[134.19,47.173],[134.227,47.118],[134.197,47.085],[134.124,47.071],[134.069,46.981],[134.063,46.907],[134.017,46.819],[134.045,46.772],[134.015,46.665],[133.988,46.625],[133.902,46.574],[133.892,46.529],[133.846,46.471],[133.854,46.445],[133.9,46.427],[133.934,46.391],[133.926,46.371],[133.863,46.339],[133.874,46.32],[133.896,46.327],[133.916,46.313],[133.894,46.302],[133.902,46.259],[133.855,46.237],[133.861,46.224],[133.83,46.197],[133.794,46.214],[133.741,46.159],[133.687,46.142],[133.72,46.064],[133.658,45.935],[133.618,45.936],[133.586,45.876],[133.552,45.888],[133.514,45.879],[133.477,45.82],[133.511,45.779],[133.485,45.768],[133.471,45.729],[133.443,45.71],[133.488,45.687],[133.492,45.673],[133.457,45.649],[133.477,45.628],[133.428,45.615],[133.413,45.573],[133.375,45.573],[133.18,45.494],[133.133,45.42],[133.102,45.287],[133.098,45.244],[133.127,45.155],[133.099,45.108],[132.966,45.029],[132.921,45.028],[132.84,45.059],[131.969,45.234],[131.915,45.26],[131.853,45.338],[131.818,45.333],[131.785,45.305],[131.723,45.215],[131.628,45.198],[131.605,45.165],[131.622,45.124],[131.609,45.09],[131.434,44.961],[131.329,44.968],[131.177,44.903],[131.11,44.92],[131.052,44.909],[131.025,44.862],[130.933,44.842],[130.93,44.825],[130.972,44.776],[131.021,44.747],[131.066,44.682],[131.264,44.054],[131.218,44.016],[131.207,43.975],[131.217,43.908],[131.17,43.781],[131.192,43.589],[131.161,43.533],[131.274,43.451],[131.281,43.38],[131.248,43.344],[131.238,43.266],[131.169,43.202],[131.184,43.121],[131.078,43.032],[131.074,42.993],[131.103,42.91],[131.024,42.896],[130.992,42.849],[130.77,42.866],[130.735,42.824],[130.586,42.817],[130.407,42.735],[130.38,42.697],[130.404,42.678],[130.504,42.678],[130.572,42.622],[130.585,42.569],[130.531,42.53],[130.517,42.599],[130.501,42.611],[130.455,42.585],[130.471,42.57],[130.453,42.549],[130.431,42.562],[130.428,42.599],[130.325,42.65],[130.263,42.709],[130.243,42.743],[130.256,42.867],[130.239,42.902],[130.099,42.922],[130.13,42.959],[130.121,42.982],[130.008,42.961],[129.934,43.008],[129.88,42.996],[129.907,42.976],[129.852,42.962],[129.757,42.735],[129.758,42.704],[129.788,42.677],[129.777,42.647],[129.742,42.629],[129.763,42.606],[129.737,42.585],[129.729,42.476],[129.703,42.442],[129.592,42.448],[129.588,42.411],[129.535,42.37],[129.434,42.441],[129.386,42.428],[129.34,42.445],[129.352,42.421],[129.327,42.427],[129.304,42.39],[129.236,42.374],[129.236,42.324],[129.194,42.318],[129.228,42.298],[129.181,42.243],[129.209,42.235],[129.211,42.22],[129.12,42.149],[129.065,42.154],[129.027,42.102],[128.964,42.089],[128.94,42.035],[128.903,42.026],[128.721,42.048],[128.709,42.03],[128.608,42.03],[128.564,42.001],[128.502,41.996],[128.262,42.033],[128.035,41.994],[128.02,41.965],[128.048,41.864],[128.091,41.842],[128.159,41.712],[128.251,41.66],[128.303,41.583],[128.186,41.404],[128.146,41.376],[128.104,41.379],[128.118,41.393],[128.104,41.4],[128.064,41.388],[128.047,41.399],[128.051,41.421],[128.015,41.413],[128.001,41.471],[127.974,41.45],[127.944,41.471],[127.881,41.461],[127.849,41.431],[127.663,41.447],[127.638,41.43],[127.559,41.458],[127.543,41.491],[127.305,41.495],[127.269,41.505],[127.29,41.519],[127.281,41.531],[127.245,41.528],[127.207,41.546],[127.18,41.517],[127.156,41.531],[127.135,41.522],[127.105,41.537],[127.18,41.585],[127.097,41.612],[127.105,41.626],[127.059,41.643],[127.049,41.678],[127.077,41.681],[127.043,41.733],[126.946,41.766],[126.93,41.801],[126.887,41.785],[126.865,41.747],[126.809,41.73],[126.789,41.696],[126.727,41.737],[126.679,41.736],[126.728,41.701],[126.669,41.667],[126.618,41.666],[126.567,41.614],[126.577,41.562],[126.501,41.434],[126.522,41.352],[126.488,41.344],[126.501,41.366],[126.473,41.367],[126.441,41.348],[126.275,41.153],[126.124,41.076],[126.138,41.057],[126.104,41.009],[126.076,40.997],[126.046,40.945],[125.981,40.914],[126.01,40.914],[126.008,40.899],[125.936,40.877],[125.885,40.898],[125.822,40.87],[125.761,40.886],[125.683,40.848],[125.645,40.811],[125.683,40.769],[125.61,40.761],[125.572,40.785],[125.546,40.726],[125.469,40.713],[125.453,40.673],[125.419,40.667],[125.413,40.632],[125.293,40.649],[125.256,40.615],[125.025,40.534],[125.015,40.508],[125.041,40.461],[124.935,40.456],[124.896,40.484],[124.801,40.394],[124.741,40.37],[124.712,40.31],[124.643,40.294],[124.571,40.252],[124.549,40.221],[124.358,40.089],[124.361,40.011],[124.294,39.934],[124.137,39.842],[124.118,39.833],[124.088,39.852],[123.986,39.81],[123.942,39.841],[123.888,39.823],[123.808,39.838],[123.773,39.818],[123.72,39.831],[123.643,39.879],[123.657,39.92],[123.631,39.904],[123.591,39.784],[123.563,39.769],[123.513,39.798],[123.428,39.727],[123.408,39.746],[123.417,39.825],[123.398,39.818],[123.387,39.79],[123.314,39.776],[123.273,39.81],[123.257,39.801],[123.252,39.817],[123.236,39.802],[123.265,39.754],[123.204,39.745],[123.269,39.708],[123.223,39.68],[123.128,39.665],[123.108,39.69],[123.058,39.675],[123.009,39.68],[122.978,39.666],[122.996,39.65],[122.964,39.612],[122.872,39.606],[122.849,39.618],[122.78,39.56],[122.688,39.519],[122.648,39.532],[122.588,39.467],[122.562,39.487],[122.555,39.456],[122.47,39.417],[122.396,39.411],[122.29,39.351],[122.267,39.318],[122.251,39.324],[122.24,39.286],[122.115,39.201],[122.105,39.159],[122.163,39.146],[122.048,39.099],[122.042,39.06],[121.988,39.063],[121.943,39.036],[121.904,39.049],[121.888,39.042],[121.923,39.009],[121.827,39.036],[121.895,38.981],[121.871,38.951],[121.848,38.947],[121.812,38.973],[121.772,39.022],[121.725,39.03],[121.739,39.002],[121.68,39.009],[121.636,38.995],[121.656,38.991],[121.653,38.963],[121.587,38.94],[121.694,38.91],[121.696,38.863],[121.553,38.858],[121.485,38.81],[121.345,38.815],[121.288,38.788],[121.237,38.798],[121.218,38.776],[121.245,38.776],[121.18,38.721],[121.153,38.728],[121.115,38.768],[121.139,38.789],[121.115,38.858],[121.152,38.886],[121.149,38.899],[121.086,38.906],[121.118,38.943],[121.18,38.954],[121.219,38.94],[121.334,38.969],[121.334,39.027],[121.375,39.044],[121.428,39.015],[121.467,39.015],[121.674,39.088],[121.69,39.118],[121.681,39.136],[121.642,39.176],[121.593,39.192],[121.608,39.201],[121.602,39.221],[121.633,39.236],[121.59,39.264],[121.68,39.275],[121.736,39.312],[121.731,39.33],[121.78,39.371],[121.837,39.365],[121.943,39.399],[121.931,39.417],[121.849,39.387],[121.708,39.396],[121.718,39.371],[121.526,39.365],[121.492,39.389],[121.436,39.509],[121.354,39.522],[121.306,39.502],[121.223,39.529],[121.306,39.598],[121.45,39.615],[121.471,39.632],[121.464,39.646],[121.498,39.653],[121.533,39.622],[121.54,39.639],[121.526,39.653],[121.55,39.679],[121.507,39.694],[121.457,39.748],[121.485,39.764],[121.471,39.81],[121.51,39.824],[121.536,39.862],[121.616,39.872],[121.685,39.923],[121.774,39.921],[121.81,39.965],[121.874,39.991],[121.875,40.016],[121.827,40.023],[121.929,40.077],[121.933,40.101],[121.996,40.124],[122.006,40.156],[121.991,40.187],[122.092,40.227],[122.106,40.31],[122.211,40.381],[122.204,40.427],[122.25,40.431],[122.251,40.454],[122.288,40.473],[122.302,40.502],[122.276,40.544],[122.225,40.579],[122.15,40.604],[122.138,40.624],[122.168,40.654],[122.159,40.702],[122.122,40.68],[122.049,40.746],[121.851,40.832],[121.826,40.948],[121.859,40.967],[121.868,40.996],[121.778,40.935],[121.78,40.908],[121.74,40.849],[121.575,40.841],[121.51,40.879],[121.45,40.886],[121.43,40.914],[121.361,40.94],[121.299,40.9],[121.258,40.921],[121.245,40.906],[121.225,40.927],[121.176,40.922],[121.08,40.863],[121.08,40.828],[121.05,40.797],[121.03,40.826],[120.982,40.827],[120.94,40.741],[121.021,40.719],[120.825,40.674],[120.798,40.6],[120.679,40.522],[120.659,40.484],[120.604,40.465],[120.597,40.422],[120.546,40.402],[120.548,40.376],[120.588,40.384],[120.591,40.367],[120.502,40.327],[120.505,40.249],[120.472,40.214],[120.436,40.194],[120.309,40.18],[120.261,40.147],[119.95,40.057],[119.915,40.036],[119.912,39.998],[119.774,39.951],[119.661,39.933],[119.536,39.891],[119.52,39.858],[119.531,39.815],[119.467,39.815],[119.429,39.795],[119.35,39.732],[119.285,39.595],[119.245,39.594],[119.209,39.57],[119.209,39.55],[119.243,39.571],[119.229,39.536],[119.262,39.578],[119.281,39.575],[119.256,39.493],[119.305,39.433],[119.279,39.384],[119.256,39.366],[119.185,39.355],[119.016,39.19],[118.926,39.131],[118.894,39.132],[118.97,39.193],[118.881,39.173],[118.874,39.214],[118.796,39.152],[118.619,39.161],[118.527,39.149],[118.529,39.125],[118.326,39.031],[118.235,39.053],[118.141,39.173],[118.096,39.202],[118.028,39.22],[117.886,39.201],[117.757,39.114],[117.715,39.111],[117.751,39.068],[117.775,38.981],[117.702,38.995],[117.709,38.981],[117.584,38.812],[117.544,38.621],[117.566,38.613],[117.716,38.379],[117.837,38.271],[117.942,38.234],[117.978,38.195],[118.007,38.197],[118.054,38.173],[118.065,38.143],[118.216,38.145],[118.449,38.108],[118.543,38.068],[118.655,38.146],[118.76,38.155],[118.84,38.153],[118.95,38.097],[118.925,38.058],[118.956,38.034],[118.997,37.963],[119.048,37.948],[119.092,37.913],[119.117,37.853],[119.243,37.769],[119.26,37.716],[119.256,37.672],[119.218,37.675],[119.12,37.738],[119.069,37.741],[119.037,37.722],[118.97,37.593],[118.945,37.378],[118.961,37.296],[119.146,37.179],[119.287,37.137],[119.441,37.121],[119.525,37.139],[119.771,37.152],[119.897,37.249],[119.846,37.344],[119.859,37.36],[120.06,37.44],[120.188,37.512],[120.298,37.598],[120.323,37.632],[120.306,37.665],[120.216,37.684],[120.368,37.695],[120.463,37.748],[120.556,37.761],[120.738,37.834],[120.837,37.816],[120.878,37.83],[120.926,37.819],[120.941,37.806],[120.929,37.789],[120.941,37.774],[121.005,37.744],[121.033,37.71],[121.138,37.701],[121.149,37.689],[121.13,37.652],[121.149,37.638],[121.134,37.611],[121.172,37.577],[121.308,37.581],[121.375,37.611],[121.354,37.638],[121.394,37.622],[121.43,37.597],[121.398,37.595],[121.382,37.566],[121.447,37.52],[121.477,37.468],[121.537,37.456],[121.57,37.429],[121.676,37.439],[121.634,37.462],[121.587,37.454],[121.635,37.481],[121.732,37.462],[121.938,37.464],[121.957,37.46],[121.95,37.426],[121.988,37.426],[121.997,37.434],[121.978,37.472],[122.026,37.528],[122.072,37.545],[122.067,37.563],[122.095,37.549],[122.122,37.563],[122.152,37.533],[122.13,37.483],[122.183,37.418],[122.224,37.458],[122.245,37.46],[122.296,37.418],[122.478,37.426],[122.488,37.412],[122.571,37.402],[122.612,37.419],[122.688,37.41],[122.679,37.375],[122.656,37.385],[122.571,37.345],[122.595,37.295],[122.55,37.32],[122.56,37.275],[122.629,37.193],[122.574,37.185],[122.563,37.173],[122.574,37.144],[122.51,37.155],[122.483,37.14],[122.471,37.11],[122.454,37.154],[122.436,37.09],[122.457,37.066],[122.402,37.021],[122.424,37.004],[122.436,37.028],[122.54,37.028],[122.533,36.926],[122.507,36.898],[122.513,36.935],[122.499,36.939],[122.457,36.921],[122.406,36.922],[122.436,36.871],[122.38,36.861],[122.355,36.829],[122.32,36.823],[122.185,36.85],[122.197,36.898],[122.266,36.898],[122.163,36.946],[122.18,37.006],[122.166,37.014],[122.15,37.005],[122.143,36.946],[122.094,36.951],[122.081,36.917],[122.033,36.898],[122.049,36.98],[121.926,36.994],[121.915,36.986],[121.95,36.939],[121.786,36.891],[121.728,36.836],[121.649,36.816],[121.684,36.843],[121.637,36.831],[121.625,36.815],[121.625,36.74],[121.594,36.768],[121.526,36.754],[121.496,36.774],[121.607,36.845],[121.546,36.836],[121.512,36.809],[121.459,36.829],[121.471,36.79],[121.453,36.757],[121.409,36.754],[121.378,36.732],[121.379,36.717],[121.402,36.712],[121.314,36.712],[121.158,36.669],[121.08,36.61],[121.032,36.624],[121.024,36.584],[120.929,36.596],[120.933,36.62],[120.851,36.651],[120.751,36.617],[120.75,36.541],[120.779,36.541],[120.85,36.605],[120.92,36.553],[120.928,36.533],[120.964,36.548],[120.936,36.497],[120.95,36.459],[120.906,36.452],[120.898,36.412],[120.867,36.377],[120.826,36.433],[120.832,36.455],[120.807,36.464],[120.751,36.459],[120.714,36.429],[120.687,36.387],[120.722,36.331],[120.662,36.336],[120.644,36.322],[120.705,36.156],[120.628,36.117],[120.552,36.114],[120.536,36.091],[120.474,36.089],[120.354,36.041],[120.292,36.062],[120.362,36.192],[120.323,36.226],[120.306,36.274],[120.274,36.234],[120.275,36.204],[120.299,36.192],[120.285,36.176],[120.216,36.199],[120.219,36.222],[120.117,36.21],[120.097,36.226],[120.086,36.209],[120.109,36.189],[120.09,36.112],[120.168,36.062],[120.175,35.994],[120.198,35.985],[120.23,36.0],[120.23,35.973],[120.243,35.974],[120.285,36.011],[120.303,35.994],[120.299,35.973],[120.227,35.942],[120.175,35.89],[120.189,35.945],[120.136,35.904],[120.097,35.901],[120.039,35.843],[120.003,35.728],[119.97,35.732],[119.938,35.761],[119.908,35.745],[119.9,35.736],[119.936,35.705],[119.902,35.672],[119.905,35.625],[119.86,35.606],[119.834,35.635],[119.84,35.658],[119.812,35.648],[119.744,35.576],[119.748,35.609],[119.733,35.621],[119.648,35.584],[119.552,35.38],[119.508,35.332],[119.424,35.313],[119.358,35.097],[119.221,35.064],[119.193,35.0],[119.203,34.932],[119.189,34.856],[119.202,34.785],[119.189,34.767],[119.192,34.718],[119.21,34.719],[119.229,34.76],[119.312,34.755],[119.347,34.781],[119.388,34.753],[119.442,34.746],[119.474,34.715],[119.457,34.685],[119.648,34.534],[119.729,34.524],[119.826,34.47],[119.94,34.458],[120.079,34.378],[120.257,34.312],[120.325,34.111],[120.371,34.036],[120.413,33.897],[120.4,33.869],[120.431,33.846],[120.45,33.786],[120.505,33.736],[120.512,33.657],[120.484,33.65],[120.634,33.467],[120.667,33.325],[120.695,33.293],[120.75,33.27],[120.73,33.242],[120.743,33.209],[120.73,33.205],[120.807,33.138],[120.792,33.109],[120.819,33.092],[120.826,33.03],[120.867,33.032],[120.896,33.014],[120.905,32.813],[120.852,32.756],[120.86,32.69],[120.84,32.725],[120.83,32.698],[120.907,32.66],[120.911,32.63],[120.944,32.605],[121.086,32.536],[121.101,32.498],[121.12,32.507],[121.157,32.496],[121.354,32.415],[121.389,32.385],[121.419,32.25],[121.361,32.232],[121.399,32.169],[121.425,32.164],[121.443,32.114],[121.531,32.109],[121.655,32.063],[121.799,31.97],[121.875,31.864],[121.875,31.826],[121.922,31.754],[121.93,31.727],[121.915,31.706],[121.817,31.691],[121.607,31.749],[121.286,31.891],[121.115,31.796],[121.04,31.819],[120.978,31.814],[120.941,31.845],[120.941,31.893],[120.919,31.899],[120.811,32.023],[120.634,32.077],[120.491,32.082],[120.362,32.026],[120.267,31.949],[120.224,31.937],[120.131,31.943],[120.052,31.971],[119.992,32.016],[119.912,32.124],[119.922,32.217],[119.9,32.198],[119.874,32.265],[119.842,32.299],[119.758,32.327],[119.692,32.32],[119.641,32.359],[119.613,32.355],[119.661,32.327],[119.685,32.292],[119.649,32.22],[119.606,32.197],[119.645,32.195],[119.69,32.235],[119.789,32.199],[119.764,32.163],[119.772,32.127],[119.856,32.087],[120.006,31.95],[120.131,31.912],[120.23,31.909],[120.341,31.956],[120.456,31.983],[120.455,32.021],[120.469,32.025],[120.604,31.991],[120.69,31.998],[120.75,31.978],[120.825,31.829],[120.808,31.81],[120.751,31.825],[120.717,31.861],[120.731,31.814],[120.832,31.778],[121.014,31.743],[121.144,31.685],[121.245,31.6],[121.32,31.505],[121.546,31.366],[121.725,31.282],[121.877,31.099],[121.951,30.982],[121.977,30.915],[121.96,30.874],[121.543,30.816],[121.411,30.767],[121.334,30.703],[121.203,30.665],[121.121,30.593],[121.047,30.583],[120.998,30.558],[120.932,30.473],[120.94,30.422],[120.895,30.401],[120.915,30.375],[120.888,30.369],[120.832,30.305],[120.787,30.294],[120.754,30.327],[120.745,30.36],[120.698,30.394],[120.479,30.404],[120.43,30.39],[120.379,30.274],[120.258,30.298],[120.147,30.199],[120.179,30.201],[120.274,30.278],[120.296,30.279],[120.35,30.241],[120.385,30.25],[120.45,30.369],[120.622,30.373],[120.652,30.359],[120.699,30.252],[120.734,30.232],[120.632,30.122],[120.682,30.085],[120.765,30.087],[120.792,30.066],[120.784,30.089],[120.688,30.098],[120.646,30.127],[120.751,30.226],[120.813,30.213],[120.829,30.185],[120.893,30.17],[120.994,30.211],[121.109,30.283],[121.15,30.326],[121.254,30.348],[121.377,30.325],[121.43,30.293],[121.507,30.22],[121.658,30.018],[121.732,29.979],[121.722,29.961],[121.767,29.973],[121.915,29.919],[121.936,29.887],[122.056,29.887],[122.129,29.904],[122.136,29.885],[122.115,29.872],[121.983,29.823],[121.902,29.753],[121.873,29.754],[121.862,29.708],[121.776,29.653],[121.687,29.563],[121.593,29.544],[121.574,29.552],[121.531,29.51],[121.511,29.549],[121.443,29.524],[121.455,29.489],[121.428,29.468],[121.443,29.415],[121.465,29.421],[121.48,29.475],[121.505,29.484],[121.492,29.456],[121.514,29.452],[121.512,29.438],[121.478,29.413],[121.485,29.391],[121.531,29.417],[121.57,29.475],[121.643,29.495],[121.711,29.539],[121.731,29.518],[121.764,29.531],[121.757,29.499],[121.778,29.469],[121.812,29.49],[121.845,29.536],[121.814,29.552],[121.745,29.545],[121.796,29.601],[121.916,29.641],[121.971,29.593],[121.971,29.569],[121.941,29.551],[121.95,29.538],[121.91,29.525],[121.971,29.449],[121.957,29.408],[121.936,29.428],[121.923,29.418],[121.916,29.349],[121.931,29.324],[121.909,29.319],[121.916,29.305],[121.9,29.299],[121.94,29.264],[121.974,29.285],[121.991,29.257],[121.953,29.25],[121.957,29.216],[121.943,29.223],[121.943,29.196],[121.841,29.161],[121.785,29.168],[121.8,29.305],[121.841,29.319],[121.831,29.334],[121.8,29.319],[121.788,29.329],[121.8,29.374],[121.787,29.374],[121.759,29.36],[121.774,29.254],[121.724,29.182],[121.652,29.183],[121.639,29.217],[121.655,29.3],[121.64,29.307],[121.625,29.301],[121.629,29.188],[121.574,29.305],[121.562,29.296],[121.574,29.278],[121.526,29.278],[121.536,29.258],[121.505,29.209],[121.504,29.179],[121.491,29.176],[121.48,29.197],[121.456,29.161],[121.431,29.172],[121.409,29.161],[121.456,29.134],[121.402,29.107],[121.621,29.113],[121.615,29.058],[121.537,29.061],[121.532,29.02],[121.549,29.021],[121.54,29.038],[121.557,29.049],[121.617,29.04],[121.642,29.051],[121.69,29.017],[121.654,28.989],[121.684,28.956],[121.718,28.949],[121.684,28.915],[121.605,28.943],[121.587,28.963],[121.571,28.93],[121.517,28.956],[121.492,28.928],[121.505,28.935],[121.535,28.904],[121.627,28.881],[121.624,28.842],[121.67,28.825],[121.636,28.805],[121.663,28.791],[121.629,28.771],[121.606,28.725],[121.503,28.7],[121.351,28.712],[121.29,28.752],[121.238,28.764],[121.214,28.807],[121.142,28.846],[121.16,28.814],[121.206,28.799],[121.231,28.76],[121.299,28.723],[121.299,28.701],[121.258,28.675],[121.365,28.696],[121.381,28.682],[121.414,28.697],[121.51,28.657],[121.538,28.571],[121.582,28.505],[121.512,28.489],[121.608,28.477],[121.584,28.443],[121.632,28.379],[121.634,28.347],[121.656,28.339],[121.608,28.27],[121.578,28.26],[121.581,28.301],[121.5,28.333],[121.473,28.331],[121.436,28.297],[121.409,28.305],[121.396,28.284],[121.419,28.27],[121.416,28.256],[121.365,28.226],[121.354,28.188],[121.375,28.195],[121.374,28.173],[121.351,28.147],[121.33,28.148],[121.262,28.226],[121.225,28.239],[121.249,28.27],[121.237,28.306],[121.203,28.332],[121.218,28.352],[121.244,28.349],[121.265,28.366],[121.214,28.361],[121.169,28.385],[121.169,28.36],[121.144,28.344],[121.13,28.306],[121.072,28.292],[121.067,28.311],[121.025,28.305],[121.058,28.28],[121.122,28.284],[121.125,28.236],[121.086,28.167],[121.009,28.103],[120.994,28.026],[120.965,27.987],[120.921,27.982],[120.88,27.999],[120.82,27.989],[120.731,28.036],[120.606,28.042],[120.59,28.054],[120.577,28.116],[120.56,28.113],[120.58,28.09],[120.589,28.027],[120.674,28.022],[120.751,27.976],[120.835,27.956],[120.864,27.918],[120.868,27.883],[120.807,27.835],[120.723,27.716],[120.704,27.713],[120.635,27.763],[120.672,27.711],[120.676,27.66],[120.666,27.625],[120.597,27.57],[120.618,27.516],[120.682,27.482],[120.646,27.444],[120.635,27.38],[120.546,27.403],[120.54,27.365],[120.505,27.345],[120.549,27.321],[120.544,27.286],[120.518,27.263],[120.518,27.202],[120.468,27.182],[120.46,27.22],[120.422,27.222],[120.429,27.174],[120.407,27.184],[120.376,27.236],[120.347,27.249],[120.303,27.242],[120.288,27.264],[120.319,27.29],[120.299,27.298],[120.312,27.318],[120.285,27.304],[120.264,27.324],[120.271,27.304],[120.259,27.3],[120.224,27.311],[120.244,27.29],[120.226,27.269],[120.196,27.298],[120.196,27.263],[120.175,27.239],[120.182,27.217],[120.257,27.257],[120.306,27.215],[120.347,27.243],[120.365,27.21],[120.347,27.18],[120.37,27.187],[120.422,27.147],[120.374,27.147],[120.408,27.14],[120.367,27.125],[120.381,27.119],[120.374,27.106],[120.395,27.106],[120.378,27.099],[120.283,27.112],[120.244,27.133],[120.278,27.064],[120.258,27.073],[120.216,27.037],[120.242,27.034],[120.255,26.997],[120.237,26.982],[120.149,26.982],[120.187,26.964],[120.236,26.966],[120.237,26.927],[120.219,26.915],[120.126,26.927],[120.114,26.919],[120.121,26.9],[120.096,26.887],[120.032,26.9],[120.055,26.889],[120.025,26.86],[120.025,26.838],[120.128,26.797],[120.098,26.758],[120.1,26.743],[120.149,26.721],[120.102,26.689],[120.121,26.646],[120.134,26.646],[120.08,26.617],[120.08,26.646],[120.015,26.611],[119.96,26.611],[119.936,26.56],[119.884,26.523],[119.847,26.524],[119.833,26.55],[119.854,26.564],[119.854,26.598],[119.984,26.654],[119.977,26.674],[120.011,26.721],[120.032,26.717],[120.08,26.797],[119.925,26.792],[119.936,26.759],[119.888,26.687],[119.902,26.66],[119.857,26.654],[119.854,26.688],[119.829,26.715],[119.792,26.688],[119.802,26.767],[119.84,26.79],[119.792,26.79],[119.797,26.816],[119.846,26.852],[119.782,26.829],[119.756,26.738],[119.73,26.743],[119.712,26.808],[119.686,26.812],[119.678,26.763],[119.727,26.718],[119.725,26.698],[119.646,26.753],[119.627,26.749],[119.622,26.787],[119.606,26.797],[119.576,26.788],[119.552,26.749],[119.555,26.715],[119.596,26.703],[119.608,26.684],[119.6,26.646],[119.544,26.663],[119.554,26.615],[119.6,26.57],[119.675,26.619],[119.742,26.609],[119.736,26.591],[119.785,26.578],[119.785,26.55],[119.771,26.564],[119.766,26.534],[119.799,26.516],[119.785,26.502],[119.819,26.453],[119.812,26.434],[119.792,26.434],[119.792,26.413],[119.762,26.407],[119.738,26.444],[119.69,26.459],[119.654,26.498],[119.62,26.468],[119.571,26.466],[119.573,26.438],[119.631,26.449],[119.648,26.437],[119.656,26.356],[119.689,26.338],[119.682,26.317],[119.747,26.328],[119.754,26.372],[119.771,26.365],[119.792,26.406],[119.826,26.427],[119.851,26.393],[119.84,26.379],[119.895,26.359],[119.95,26.365],[119.877,26.313],[119.855,26.328],[119.801,26.318],[119.785,26.297],[119.805,26.29],[119.793,26.284],[119.764,26.297],[119.654,26.272],[119.634,26.255],[119.668,26.242],[119.668,26.222],[119.6,26.176],[119.6,26.146],[119.561,26.125],[119.459,25.982],[119.436,25.981],[119.415,26.009],[119.327,26.048],[119.277,26.053],[119.216,26.1],[119.094,26.146],[119.157,26.091],[119.195,26.088],[119.247,25.967],[119.33,25.944],[119.378,25.941],[119.441,25.964],[119.49,25.994],[119.519,26.045],[119.566,26.05],[119.648,26.015],[119.675,26.022],[119.695,26.003],[119.702,25.985],[119.675,25.926],[119.616,25.893],[119.6,25.844],[119.584,25.877],[119.574,25.885],[119.566,25.872],[119.621,25.76],[119.596,25.732],[119.59,25.687],[119.573,25.68],[119.535,25.706],[119.477,25.68],[119.449,25.687],[119.467,25.614],[119.483,25.626],[119.492,25.565],[119.517,25.557],[119.534,25.576],[119.558,25.564],[119.579,25.585],[119.568,25.547],[119.593,25.529],[119.566,25.516],[119.6,25.508],[119.573,25.488],[119.604,25.491],[119.6,25.475],[119.628,25.461],[119.614,25.439],[119.634,25.433],[119.646,25.393],[119.62,25.365],[119.655,25.358],[119.579,25.344],[119.6,25.371],[119.576,25.467],[119.539,25.461],[119.536,25.419],[119.558,25.405],[119.544,25.377],[119.483,25.371],[119.507,25.474],[119.466,25.475],[119.447,25.439],[119.433,25.46],[119.449,25.505],[119.357,25.527],[119.381,25.591],[119.36,25.577],[119.343,25.609],[119.305,25.605],[119.321,25.587],[119.278,25.57],[119.238,25.482],[119.103,25.42],[119.173,25.325],[119.203,25.358],[119.223,25.317],[119.181,25.289],[119.201,25.26],[119.226,25.28],[119.243,25.33],[119.265,25.318],[119.278,25.33],[119.319,25.279],[119.348,25.268],[119.344,25.242],[119.281,25.241],[119.272,25.232],[119.289,25.189],[119.256,25.176],[119.229,25.193],[119.176,25.177],[119.142,25.221],[119.116,25.214],[119.104,25.183],[119.134,25.138],[119.153,25.14],[119.134,25.125],[119.093,25.136],[119.085,25.125],[119.099,25.111],[119.065,25.125],[119.079,25.152],[119.065,25.163],[119.044,25.125],[119.029,25.141],[119.069,25.217],[118.969,25.226],[118.98,25.245],[119.025,25.259],[119.027,25.278],[118.984,25.283],[118.876,25.244],[118.865,25.228],[118.911,25.217],[118.915,25.179],[118.948,25.197],[118.975,25.183],[118.943,25.109],[118.858,25.098],[118.849,25.074],[118.878,25.041],[118.954,25.003],[118.98,25.012],[119.004,25.05],[118.983,24.995],[118.997,24.953],[119.018,24.96],[118.977,24.934],[118.964,24.954],[118.912,24.953],[118.91,24.907],[118.934,24.886],[118.973,24.894],[118.976,24.878],[118.952,24.871],[118.792,24.891],[118.778,24.885],[118.78,24.868],[118.716,24.844],[118.698,24.86],[118.73,24.901],[118.696,24.94],[118.689,24.896],[118.668,24.953],[118.64,24.916],[118.671,24.875],[118.624,24.868],[118.572,24.885],[118.613,24.856],[118.638,24.772],[118.702,24.81],[118.72,24.769],[118.763,24.763],[118.747,24.721],[118.685,24.666],[118.654,24.693],[118.642,24.679],[118.634,24.628],[118.664,24.612],[118.661,24.59],[118.62,24.545],[118.554,24.518],[118.554,24.553],[118.578,24.56],[118.501,24.608],[118.428,24.631],[118.431,24.7],[118.401,24.672],[118.422,24.624],[118.405,24.607],[118.352,24.582],[118.284,24.598],[118.273,24.574],[118.25,24.576],[118.242,24.544],[118.219,24.541],[118.181,24.576],[118.182,24.598],[118.215,24.615],[118.174,24.624],[118.188,24.657],[118.16,24.693],[118.157,24.663],[118.141,24.657],[118.11,24.584],[118.044,24.618],[118.037,24.561],[118.003,24.562],[118.009,24.581],[117.975,24.553],[118.058,24.516],[118.0,24.471],[118.022,24.446],[117.868,24.49],[117.826,24.48],[117.901,24.453],[117.791,24.467],[117.907,24.385],[118.043,24.407],[118.041,24.366],[118.016,24.327],[118.053,24.347],[118.091,24.341],[118.126,24.262],[118.072,24.255],[117.989,24.193],[117.979,24.162],[117.968,24.16],[117.944,24.213],[117.907,24.186],[117.938,24.162],[117.896,24.087],[117.894,24.028],[117.839,24.024],[117.772,23.959],[117.748,23.908],[117.729,23.919],[117.738,23.951],[117.798,24.022],[117.762,24.015],[117.776,24.037],[117.763,24.07],[117.75,24.037],[117.724,24.034],[117.667,24.063],[117.68,24.039],[117.709,24.035],[117.688,23.998],[117.695,23.954],[117.649,23.909],[117.626,23.84],[117.639,23.794],[117.592,23.737],[117.598,23.852],[117.571,23.903],[117.455,23.926],[117.417,23.947],[117.41,23.913],[117.469,23.912],[117.5,23.874],[117.49,23.833],[117.463,23.788],[117.434,23.776],[117.382,23.795],[117.319,23.762],[117.293,23.789],[117.277,23.782],[117.292,23.762],[117.264,23.655],[117.279,23.636],[117.257,23.616],[117.239,23.605],[117.244,23.658],[117.23,23.693],[117.209,23.665],[117.219,23.63],[117.151,23.607],[117.128,23.572],[117.084,23.551],[117.068,23.651],[117.023,23.659],[116.951,23.611],[116.918,23.638],[116.941,23.659],[116.917,23.663],[116.872,23.607],[116.883,23.56],[116.85,23.511],[116.873,23.474],[116.867,23.45],[116.773,23.349],[116.658,23.354],[116.569,23.391],[116.543,23.421],[116.523,23.419],[116.523,23.378],[116.573,23.324],[116.642,23.319],[116.691,23.339],[116.709,23.32],[116.749,23.326],[116.777,23.24],[116.805,23.236],[116.784,23.212],[116.706,23.277],[116.667,23.281],[116.715,23.244],[116.671,23.215],[116.647,23.163],[116.615,23.178],[116.612,23.239],[116.57,23.247],[116.509,23.234],[116.527,23.201],[116.564,23.223],[116.605,23.21],[116.545,23.145],[116.534,23.109],[116.552,23.087],[116.563,23.019],[116.522,22.998],[116.495,22.939],[116.459,22.947],[116.38,22.929],[116.289,22.979],[116.214,22.983],[116.201,22.973],[116.235,22.96],[116.281,22.958],[116.145,22.848],[116.096,22.826],[116.091,22.868],[116.124,22.895],[116.042,22.933],[116.087,22.89],[116.076,22.868],[115.958,22.805],[115.883,22.795],[115.81,22.746],[115.788,22.798],[115.814,22.776],[115.805,22.815],[115.737,22.852],[115.697,22.851],[115.704,22.869],[115.684,22.878],[115.693,22.9],[115.721,22.905],[115.73,22.934],[115.692,22.929],[115.653,22.894],[115.578,22.877],[115.561,22.849],[115.533,22.862],[115.548,22.895],[115.506,22.898],[115.451,22.932],[115.43,22.918],[115.406,22.925],[115.427,22.901],[115.464,22.912],[115.483,22.902],[115.494,22.861],[115.468,22.849],[115.559,22.836],[115.612,22.864],[115.527,22.767],[115.524,22.742],[115.556,22.714],[115.567,22.747],[115.59,22.737],[115.563,22.706],[115.575,22.668],[115.536,22.668],[115.465,22.701],[115.374,22.694],[115.338,22.733],[115.424,22.762],[115.411,22.788],[115.364,22.764],[115.331,22.789],[115.233,22.788],[115.233,22.805],[115.32,22.851],[115.317,22.905],[115.304,22.903],[115.246,22.835],[115.173,22.821],[115.18,22.785],[115.133,22.811],[115.065,22.796],[115.018,22.737],[115.029,22.708],[114.985,22.689],[114.955,22.704],[114.942,22.754],[114.927,22.761],[114.917,22.744],[114.863,22.763],[114.882,22.748],[114.881,22.721],[114.927,22.717],[114.967,22.676],[114.902,22.598],[114.919,22.561],[114.896,22.548],[114.88,22.559],[114.887,22.591],[114.866,22.602],[114.754,22.59],[114.744,22.609],[114.737,22.669],[114.754,22.693],[114.742,22.733],[114.821,22.791],[114.775,22.816],[114.755,22.782],[114.695,22.793],[114.638,22.755],[114.563,22.733],[114.571,22.702],[114.522,22.706],[114.507,22.647],[114.583,22.655],[114.59,22.644],[114.495,22.562],[114.509,22.55],[114.543,22.569],[114.618,22.514],[114.516,22.453],[114.485,22.468],[114.48,22.546],[114.396,22.614],[114.317,22.602],[114.307,22.585],[114.276,22.588],[114.23,22.556],[114.162,22.561],[114.149,22.538],[114.091,22.534],[114.055,22.507],[113.964,22.538],[113.948,22.49],[113.91,22.486],[113.89,22.453],[113.866,22.511],[113.894,22.521],[113.822,22.587],[113.794,22.662],[113.773,22.672],[113.758,22.753],[113.712,22.763],[113.672,22.747],[113.654,22.759],[113.663,22.798],[113.617,22.89],[113.617,22.836],[113.606,22.847],[113.61,22.905],[113.592,22.889],[113.638,23.035],[113.617,23.008],[113.597,22.918],[113.617,23.035],[113.576,22.939],[113.583,23.021],[113.554,22.988],[113.529,23.011],[113.536,23.063],[113.582,23.098],[113.72,23.138],[113.83,23.117],[113.703,23.158],[113.509,23.062],[113.417,23.097],[113.399,23.083],[113.481,23.052],[113.502,23.02],[113.484,22.924],[113.43,22.931],[113.308,22.894],[113.213,22.905],[113.292,22.877],[113.35,22.89],[113.44,22.804],[113.494,22.775],[113.44,22.739],[113.378,22.767],[113.466,22.716],[113.599,22.575],[113.595,22.523],[113.546,22.438],[113.558,22.381],[113.61,22.37],[113.574,22.301],[113.588,22.238],[113.523,22.213],[113.53,22.202],[113.484,22.155],[113.459,22.158],[113.365,22.268],[113.352,22.308],[113.276,22.372],[113.232,22.479],[113.165,22.576],[113.16,22.488],[113.227,22.425],[113.402,22.18],[113.303,22.183],[113.251,22.116],[113.247,22.054],[113.157,22.025],[113.119,22.066],[113.111,22.099],[113.127,22.161],[113.111,22.219],[113.085,22.208],[113.077,22.147],[113.058,22.121],[113.027,22.143],[113.021,22.126],[113.026,21.949],[112.989,21.937],[112.957,21.876],[112.912,21.856],[112.879,21.875],[112.852,21.948],[112.826,21.966],[112.744,21.932],[112.73,21.89],[112.7,21.89],[112.645,21.849],[112.648,21.823],[112.608,21.775],[112.551,21.773],[112.426,21.845],[112.411,21.901],[112.494,21.966],[112.436,21.946],[112.391,21.956],[112.376,21.987],[112.397,22.069],[112.365,22.034],[112.357,21.98],[112.391,21.901],[112.402,21.801],[112.388,21.756],[112.363,21.733],[112.286,21.709],[112.245,21.707],[112.182,21.753],[112.203,21.807],[112.193,21.843],[112.173,21.814],[112.028,21.797],[112.007,21.819],[112.041,21.884],[111.969,21.824],[111.934,21.89],[111.89,21.925],[111.904,21.815],[111.946,21.786],[112.0,21.774],[111.868,21.677],[111.839,21.678],[111.854,21.707],[111.877,21.699],[111.861,21.722],[111.836,21.717],[111.835,21.767],[111.807,21.743],[111.788,21.76],[111.758,21.753],[111.678,21.781],[111.761,21.726],[111.78,21.675],[111.774,21.65],[111.747,21.644],[111.788,21.616],[111.713,21.623],[111.63,21.53],[111.582,21.582],[111.596,21.534],[111.538,21.52],[111.521,21.534],[111.476,21.514],[111.473,21.555],[111.444,21.564],[111.432,21.603],[111.411,21.568],[111.438,21.534],[111.363,21.541],[111.35,21.527],[111.404,21.527],[111.267,21.439],[111.253,21.445],[111.301,21.499],[111.192,21.531],[111.158,21.52],[111.172,21.499],[111.226,21.499],[111.144,21.466],[111.088,21.473],[111.13,21.493],[111.124,21.507],[111.088,21.493],[111.028,21.541],[110.986,21.514],[111.014,21.486],[110.98,21.445],[111.008,21.45],[111.042,21.485],[111.069,21.473],[111.044,21.469],[110.993,21.425],[110.966,21.433],[110.87,21.383],[110.768,21.398],[110.705,21.349],[110.651,21.26],[110.655,21.315],[110.678,21.349],[110.643,21.322],[110.636,21.37],[110.755,21.413],[110.76,21.445],[110.636,21.381],[110.616,21.301],[110.643,21.253],[110.636,21.23],[110.575,21.247],[110.589,21.226],[110.481,21.217],[110.431,21.191],[110.426,21.269],[110.437,21.273],[110.424,21.288],[110.479,21.273],[110.486,21.301],[110.445,21.308],[110.486,21.336],[110.465,21.329],[110.465,21.349],[110.434,21.309],[110.424,21.342],[110.437,21.398],[110.42,21.377],[110.401,21.387],[110.369,21.425],[110.389,21.452],[110.358,21.436],[110.394,21.364],[110.389,21.329],[110.328,21.336],[110.357,21.319],[110.363,21.288],[110.408,21.238],[110.399,21.177],[110.334,21.116],[110.269,21.089],[110.219,21.028],[110.205,21.082],[110.196,21.071],[110.157,20.986],[110.143,20.992],[110.155,20.977],[110.149,20.924],[110.177,20.862],[110.157,20.877],[110.157,20.849],[110.191,20.849],[110.191,20.836],[110.287,20.842],[110.32,20.86],[110.361,20.836],[110.369,20.849],[110.409,20.751],[110.384,20.713],[110.356,20.732],[110.342,20.822],[110.321,20.794],[110.332,20.768],[110.308,20.753],[110.308,20.739],[110.337,20.726],[110.301,20.657],[110.328,20.678],[110.314,20.637],[110.363,20.643],[110.363,20.622],[110.381,20.634],[110.409,20.586],[110.479,20.568],[110.534,20.478],[110.502,20.413],[110.475,20.398],[110.407,20.305],[110.362,20.305],[110.344,20.279],[110.28,20.253],[110.237,20.275],[110.128,20.248],[110.038,20.302],[110.006,20.28],[109.966,20.281],[109.925,20.238],[109.915,20.248],[109.929,20.326],[109.917,20.352],[109.874,20.376],[109.89,20.383],[109.863,20.406],[109.904,20.431],[109.982,20.352],[110.015,20.418],[110.01,20.434],[109.965,20.478],[109.958,20.452],[109.944,20.461],[109.931,20.506],[109.917,20.445],[109.896,20.493],[109.822,20.517],[109.848,20.596],[109.821,20.555],[109.802,20.616],[109.746,20.63],[109.752,20.674],[109.806,20.68],[109.828,20.698],[109.841,20.684],[109.86,20.715],[109.787,20.691],[109.756,20.75],[109.773,20.767],[109.758,20.793],[109.773,20.814],[109.752,20.842],[109.76,20.855],[109.745,20.868],[109.732,20.855],[109.739,20.808],[109.704,20.842],[109.718,20.808],[109.666,20.881],[109.661,20.928],[109.691,20.959],[109.679,20.974],[109.698,21.041],[109.712,21.034],[109.7,21.083],[109.67,21.123],[109.704,21.178],[109.752,21.164],[109.747,21.18],[109.773,21.215],[109.766,21.356],[109.787,21.329],[109.807,21.356],[109.924,21.363],[109.905,21.391],[109.951,21.458],[109.925,21.465],[109.944,21.493],[109.859,21.483],[109.841,21.507],[109.814,21.458],[109.801,21.555],[109.77,21.552],[109.773,21.582],[109.748,21.575],[109.748,21.545],[109.773,21.486],[109.76,21.493],[109.741,21.474],[109.65,21.52],[109.677,21.575],[109.677,21.623],[109.637,21.602],[109.625,21.585],[109.636,21.568],[109.608,21.575],[109.615,21.65],[109.585,21.631],[109.561,21.671],[109.561,21.707],[109.594,21.746],[109.568,21.76],[109.493,21.699],[109.506,21.685],[109.493,21.678],[109.52,21.685],[109.521,21.666],[109.465,21.664],[109.53,21.636],[109.573,21.582],[109.561,21.527],[109.531,21.492],[109.472,21.466],[109.472,21.499],[109.424,21.452],[109.344,21.454],[109.321,21.48],[109.299,21.443],[109.245,21.432],[109.239,21.486],[109.215,21.417],[109.172,21.418],[109.149,21.439],[109.156,21.404],[109.139,21.402],[109.04,21.45],[109.06,21.48],[109.133,21.496],[109.143,21.51],[109.136,21.603],[109.124,21.591],[109.101,21.609],[109.078,21.597],[109.067,21.616],[109.046,21.603],[109.067,21.644],[108.992,21.609],[108.928,21.615],[108.897,21.671],[108.855,21.685],[108.869,21.705],[108.865,21.74],[108.924,21.767],[108.897,21.76],[108.903,21.774],[108.869,21.754],[108.876,21.801],[108.855,21.781],[108.85,21.792],[108.861,21.815],[108.801,21.818],[108.78,21.815],[108.821,21.801],[108.814,21.781],[108.833,21.784],[108.844,21.745],[108.817,21.716],[108.806,21.758],[108.793,21.754],[108.8,21.733],[108.787,21.74],[108.78,21.726],[108.8,21.726],[108.793,21.713],[108.834,21.686],[108.821,21.644],[108.861,21.644],[108.85,21.626],[108.787,21.641],[108.739,21.616],[108.745,21.603],[108.728,21.645],[108.711,21.65],[108.733,21.662],[108.752,21.65],[108.752,21.692],[108.739,21.671],[108.713,21.688],[108.725,21.746],[108.683,21.705],[108.649,21.733],[108.683,21.74],[108.646,21.751],[108.677,21.815],[108.656,21.795],[108.642,21.822],[108.636,21.774],[108.615,21.788],[108.629,21.746],[108.594,21.74],[108.608,21.788],[108.581,21.781],[108.571,21.813],[108.601,21.831],[108.636,21.89],[108.594,21.918],[108.588,21.898],[108.56,21.895],[108.553,21.918],[108.573,21.952],[108.567,21.939],[108.553,21.952],[108.526,21.905],[108.505,21.911],[108.519,21.89],[108.485,21.877],[108.491,21.856],[108.463,21.863],[108.478,21.945],[108.458,21.918],[108.449,21.866],[108.485,21.822],[108.471,21.822],[108.478,21.808],[108.497,21.809],[108.505,21.788],[108.491,21.74],[108.463,21.74],[108.505,21.719],[108.478,21.699],[108.505,21.692],[108.505,21.671],[108.533,21.719],[108.519,21.671],[108.553,21.699],[108.565,21.679],[108.545,21.666],[108.547,21.643],[108.512,21.644],[108.533,21.63],[108.512,21.609],[108.519,21.596],[108.481,21.582],[108.489,21.608],[108.505,21.603],[108.491,21.623],[108.463,21.596],[108.471,21.581],[108.458,21.568],[108.471,21.562],[108.42,21.557],[108.39,21.575],[108.391,21.595],[108.407,21.6],[108.432,21.583],[108.444,21.623],[108.428,21.617],[108.416,21.63],[108.471,21.671],[108.41,21.664],[108.424,21.699],[108.386,21.673],[108.338,21.697],[108.341,21.726],[108.311,21.682],[108.328,21.63],[108.306,21.63],[108.314,21.616],[108.293,21.589],[108.314,21.582],[108.284,21.545],[108.211,21.501],[108.253,21.589],[108.227,21.626],[108.238,21.644],[108.21,21.63],[108.206,21.643],[108.21,21.603],[108.176,21.576],[108.135,21.582],[108.128,21.563],[108.115,21.575],[108.106,21.559],[108.066,21.562],[108.071,21.537],[108.017,21.555],[107.991,21.548],[108.04,21.52],[108.011,21.507],[108.022,21.486],[108.061,21.496],[108.081,21.486],[108.017,21.47],[107.971,21.432],[107.965,21.447],[107.991,21.486],[107.812,21.648],[107.745,21.658],[107.672,21.618],[107.533,21.609],[107.501,21.582],[107.461,21.596],[107.457,21.631],[107.426,21.652],[107.348,21.599],[107.273,21.718],[107.212,21.705],[107.172,21.715],[107.066,21.796],[107.003,21.811],[106.987,21.845],[107.021,21.892],[107.009,21.927],[106.971,21.936],[106.92,21.917],[106.865,21.968],[106.782,21.975],[106.729,22.008],[106.675,21.962],[106.653,21.969],[106.672,22.093],[106.64,22.191],[106.663,22.223],[106.634,22.309],[106.542,22.345],[106.527,22.438],[106.577,22.595],[106.608,22.61],[106.646,22.569],[106.68,22.579],[106.747,22.744],[106.791,22.772],[106.79,22.797],[106.73,22.798],[106.667,22.868],[106.61,22.853],[106.582,22.895],[106.488,22.925],[106.458,22.889],[106.316,22.854],[106.255,22.855],[106.227,22.876],[106.202,22.947],[106.132,22.975],[105.999,22.975],[105.961,22.932],[105.876,22.928],[105.854,22.905],[105.755,23.006],[105.69,23.044],[105.552,23.06],[105.528,23.156],[105.474,23.195],[105.426,23.273],[105.39,23.275],[105.344,23.304],[105.312,23.366],[105.246,23.33],[105.201,23.254],[105.156,23.267],[105.061,23.232],[104.935,23.154],[104.895,23.17],[104.87,23.164],[104.861,23.12],[104.798,23.086],[104.824,22.924],[104.774,22.896],[104.701,22.818],[104.61,22.823],[104.588,22.807],[104.554,22.836],[104.449,22.745],[104.34,22.686],[104.237,22.742],[104.229,22.783],[104.241,22.824],[104.087,22.792],[104.024,22.719],[103.985,22.527],[103.96,22.507],[103.836,22.603],[103.647,22.799],[103.59,22.768],[103.547,22.701],[103.551,22.641],[103.504,22.581],[103.448,22.618],[103.404,22.689],[103.402,22.738],[103.357,22.776],[103.31,22.788],[103.245,22.669],[103.142,22.607],[103.13,22.578],[103.142,22.538],[103.044,22.486],[103.045,22.441],[103.029,22.43],[102.903,22.477],[102.832,22.6],[102.752,22.625],[102.693,22.671],[102.612,22.692],[102.587,22.716],[102.536,22.696],[102.516,22.745],[102.468,22.769],[102.426,22.745],[102.395,22.681],[102.356,22.67],[102.384,22.629],[102.253,22.495],[102.218,22.411],[102.165,22.426],[102.107,22.398],[102.086,22.429],[101.995,22.447],[101.892,22.43],[101.868,22.379],[101.818,22.406],[101.785,22.472],[101.755,22.496],[101.689,22.479],[101.655,22.446],[101.644,22.365],[101.624,22.347],[101.601,22.277],[101.551,22.277],[101.516,22.245],[101.562,22.176],[101.555,22.09],[101.607,21.968],[101.674,21.931],[101.751,21.816],[101.729,21.718],[101.755,21.69],[101.756,21.649],[101.804,21.626],[101.794,21.588],[101.736,21.571],[101.748,21.515],[101.73,21.474],[101.715,21.321],[101.737,21.292],[101.801,21.267],[101.824,21.234],[101.805,21.204],[101.76,21.196],[101.77,21.17],[101.756,21.143],[101.704,21.135],[101.655,21.189],[101.582,21.176],[101.584,21.224],[101.518,21.243],[101.381,21.222],[101.293,21.176],[101.244,21.193],[101.209,21.246],[101.22,21.296],[101.207,21.315],[101.233,21.372],[101.171,21.403],[101.188,21.506],[101.187,21.535],[101.154,21.568],[101.174,21.612],[101.169,21.638],[101.128,21.695],[101.119,21.76],[101.083,21.767],[100.993,21.711],[100.835,21.658],[100.704,21.516],[100.622,21.469],[100.457,21.455],[100.399,21.519],[100.342,21.53],[100.198,21.433],[100.162,21.436],[100.097,21.508],[100.086,21.551],[100.104,21.616],[100.144,21.64],[100.143,21.655],[100.082,21.684],[99.997,21.686],[99.95,21.721],[99.918,21.829],[99.966,21.963],[99.934,22.019],[99.942,22.046],[99.848,22.055],[99.842,22.027],[99.821,22.018],[99.724,22.071],[99.684,22.039],[99.634,22.085],[99.539,22.107],[99.49,22.104],[99.439,22.124],[99.365,22.099],[99.253,22.103],[99.166,22.132],[99.144,22.154],[99.175,22.169],[99.159,22.185],[99.244,22.341],[99.243,22.393],[99.283,22.412],[99.358,22.495],[99.344,22.533],[99.355,22.609],[99.308,22.745],[99.359,22.775],[99.414,22.857],[99.413,22.931],[99.515,22.909],[99.538,22.926],[99.49,23.012],[99.493,23.057],[99.403,23.068],[99.334,23.13],[99.217,23.057],[99.194,23.096],[99.055,23.11],[99.026,23.16],[98.859,23.179],[98.86,23.212],[98.911,23.298],[98.897,23.323],[98.853,23.325],[98.89,23.368],[98.89,23.407],[98.864,23.467],[98.849,23.48],[98.8,23.481],[98.781,23.533],[98.856,23.61],[98.8,23.693],[98.793,23.758],[98.664,23.797],[98.675,23.937],[98.659,23.961],[98.856,24.084],[98.873,24.114],[98.866,24.146],[98.716,24.121],[98.585,24.076],[98.503,24.121],[98.435,24.13],[98.331,24.099],[98.182,24.119],[98.105,24.102],[97.89,24.023],[97.818,23.958],[97.768,23.946],[97.625,23.847],[97.61,23.883],[97.516,23.943],[97.72,24.147],[97.702,24.211],[97.724,24.242],[97.718,24.278],[97.645,24.302],[97.638,24.328],[97.69,24.346],[97.647,24.432],[97.513,24.439],[97.539,24.597],[97.533,24.723],[97.536,24.745],[97.664,24.83],[97.765,24.835],[97.773,24.855],[97.708,24.927],[97.7,25.065],[97.754,25.114],[97.801,25.238],[97.824,25.262],[97.86,25.244],[97.889,25.206],[97.91,25.208],[97.976,25.272],[98.045,25.312],[98.076,25.376],[98.112,25.396],[98.1,25.5],[98.134,25.535],[98.14,25.611],[98.232,25.587],[98.277,25.552],[98.312,25.557],[98.347,25.578],[98.419,25.724],[98.498,25.831],[98.527,25.839],[98.61,25.801],[98.69,25.866],[98.69,25.892],[98.625,25.97],[98.582,25.982],[98.546,26.106],[98.563,26.131],[98.619,26.146],[98.624,26.108],[98.644,26.098],[98.681,26.125],[98.706,26.175],[98.677,26.239],[98.642,26.255],[98.658,26.312],[98.713,26.389],[98.721,26.539],[98.756,26.625],[98.732,26.714],[98.75,26.792],[98.715,26.862],[98.736,26.898],[98.713,26.995],[98.738,27.049],[98.731,27.069],[98.691,27.092],[98.673,27.176],[98.708,27.337],[98.674,27.387],[98.679,27.577],[98.647,27.612],[98.578,27.592],[98.522,27.656],[98.492,27.643],[98.41,27.684],[98.383,27.556],[98.364,27.532],[98.329,27.523],[98.295,27.537],[98.254,27.648],[98.204,27.727],[98.197,27.823],[98.14,27.879],[98.177,27.898],[98.177,27.913],[98.107,27.973],[98.123,28.015],[98.119,28.141],[98.049,28.2],[97.991,28.214],[97.993,28.269],[97.945,28.299],[97.898,28.355],[97.859,28.37],[97.797,28.344],[97.765,28.352],[97.7,28.488],[97.67,28.511],[97.614,28.482],[97.546,28.538],[97.528,28.53],[97.445,28.383],[97.448,28.298],[97.384,28.285],[97.37,28.253],[97.323,28.217],[97.23,28.275],[97.211,28.308],[97.078,28.375],[96.966,28.33],[96.717,28.437],[96.562,28.447],[96.37,28.378],[96.302,28.421],[96.336,28.48],[96.502,28.644],[96.501,28.688],[96.598,28.71],[96.593,28.758],[96.577,28.809],[96.511,28.886],[96.492,28.948],[96.452,28.97],[96.458,28.995],[96.367,29.037],[96.249,28.945],[96.195,28.941],[96.175,29.109],[96.21,29.146],[96.316,29.172],[96.366,29.257],[96.337,29.28],[96.268,29.242],[96.235,29.241],[96.176,29.286],[96.142,29.368],[95.954,29.359],[95.863,29.324],[95.796,29.353],[95.745,29.34],[95.747,29.274],[95.717,29.218],[95.564,29.246],[95.55,29.212],[95.515,29.209],[95.521,29.138],[95.488,29.069],[95.367,29.036],[95.225,29.059],[95.2,29.094],[94.989,29.154],[94.777,29.167],[94.761,29.175],[94.768,29.214],[94.704,29.285],[94.63,29.319],[94.6,29.317],[94.515,29.221],[94.396,29.207],[94.336,29.15],[94.288,29.148],[94.271,29.098],[94.347,29.024],[94.25,28.933],[94.174,28.93],[94.135,28.898],[93.992,28.845],[93.982,28.768],[93.928,28.683],[93.863,28.705],[93.782,28.681],[93.722,28.697],[93.626,28.672],[93.446,28.672],[93.317,28.603],[93.287,28.521],[93.186,28.432],[93.218,28.395],[93.208,28.341],[92.975,28.282],[92.904,28.25],[92.835,28.184],[92.79,28.179],[92.779,28.196],[92.679,28.133],[92.639,28.057],[92.689,28.048],[92.736,27.986],[92.684,27.91],[92.636,27.895],[92.575,27.848],[92.475,27.847],[92.428,27.821],[92.393,27.856],[92.368,27.804],[92.35,27.803],[92.329,27.833],[92.304,27.786],[92.24,27.865],[92.126,27.813],[92.065,27.762],[91.989,27.769],[91.952,27.725],[91.865,27.73],[91.827,27.808],[91.73,27.804],[91.68,27.85],[91.628,27.853],[91.653,27.917],[91.638,27.94],[91.419,27.995],[91.341,28.031],[91.29,28.091],[91.27,28.073],[91.195,28.071],[91.093,27.972],[91.052,27.963],[90.975,27.982],[90.91,28.033],[90.727,28.062],[90.667,28.09],[90.575,28.066],[90.475,28.072],[90.486,28.125],[90.598,28.2],[90.588,28.233],[90.505,28.25],[90.456,28.283],[90.387,28.299],[90.354,28.299],[90.33,28.256],[90.291,28.261],[90.262,28.299],[90.262,28.335],[90.226,28.358],[90.153,28.322],[90.071,28.345],[89.953,28.308],[89.916,28.316],[89.863,28.296],[89.781,28.229],[89.756,28.184],[89.561,28.135],[89.445,28.031],[89.336,27.869],[89.225,27.808],[89.198,27.731],[89.125,27.615],[89.092,27.626],[89.064,27.616],[88.978,27.53],[88.983,27.493],[88.951,27.433],[88.997,27.331],[88.972,27.312],[88.915,27.331],[88.892,27.316],[88.795,27.386],[88.76,27.435],[88.758,27.511],[88.741,27.546],[88.806,27.655],[88.854,27.844],[88.852,27.877],[88.811,27.928],[88.818,27.995],[88.736,28.055],[88.652,28.069],[88.61,28.106],[88.553,28.078],[88.502,28.029],[88.456,28.032],[88.379,27.983],[88.116,27.947],[88.097,27.904],[88.118,27.861],[88.03,27.893],[87.978,27.881],[87.837,27.908],[87.78,27.839],[87.727,27.808],[87.636,27.824],[87.573,27.805],[87.532,27.837],[87.369,27.804],[87.385,27.849],[87.364,27.855],[87.291,27.816],[87.156,27.826],[87.117,27.845],[87.006,27.951],[86.915,27.945],[86.84,28.015],[86.74,28.021],[86.732,28.077],[86.68,28.106],[86.612,28.08],[86.554,28.104],[86.516,28.012],[86.51,27.952],[86.425,27.91],[86.363,27.946],[86.328,27.94],[86.278,27.984],[86.203,28.003],[86.172,28.072],[86.186,28.134],[86.156,28.157],[86.069,28.077],[86.085,28.044],[86.079,28.001],[86.098,27.986],[86.113,27.927],[86.062,27.889],[85.98,27.885],[85.951,27.916],[85.957,27.976],[85.898,28.036],[85.863,28.143],[85.734,28.222],[85.7,28.269],[85.693,28.335],[85.612,28.251],[85.565,28.275],[85.476,28.279],[85.432,28.297],[85.363,28.26],[85.313,28.283],[85.243,28.268],[85.174,28.304],[85.134,28.292],[85.087,28.304],[85.078,28.436],[85.109,28.459],[85.123,28.505],[85.154,28.525],[85.161,28.595],[85.055,28.639],[84.955,28.574],[84.928,28.538],[84.812,28.542],[84.756,28.585],[84.678,28.604],[84.683,28.651],[84.633,28.669],[84.616,28.694],[84.451,28.734],[84.423,28.799],[84.377,28.849],[84.235,28.9],[84.207,28.941],[84.231,29.026],[84.175,29.057],[84.166,29.098],[84.132,29.144],[84.162,29.193],[84.155,29.207],[84.112,29.209],[84.09,29.257],[84.035,29.248],[84.013,29.27],[83.976,29.264],[83.958,29.289],[83.914,29.289],[83.793,29.235],[83.695,29.226],[83.639,29.155],[83.524,29.184],[83.503,29.261],[83.393,29.356],[83.387,29.394],[83.357,29.415],[83.355,29.461],[83.328,29.485],[83.264,29.473],[83.247,29.495],[83.261,29.542],[83.174,29.621],[83.093,29.615],[83.08,29.58],[83.065,29.579],[82.976,29.664],[82.932,29.664],[82.9,29.688],[82.837,29.66],[82.691,29.781],[82.689,29.828],[82.619,29.84],[82.542,29.923],[82.457,29.954],[82.394,30.003],[82.347,30.003],[82.319,30.032],[82.256,30.04],[82.211,30.064],[82.154,30.058],[82.128,30.124],[82.156,30.181],[82.085,30.231],[82.089,30.33],[81.969,30.328],[81.941,30.354],[81.844,30.371],[81.779,30.358],[81.614,30.417],[81.537,30.379],[81.509,30.328],[81.463,30.341],[81.426,30.373],[81.388,30.374],[81.368,30.301],[81.378,30.233],[81.35,30.157],[81.322,30.134],[81.267,30.125],[81.272,30.08],[81.226,30.05],[81.217,30.008],[81.098,30.017],[80.976,30.255],[80.782,30.321],[80.723,30.392],[80.596,30.46],[80.508,30.462],[80.326,30.547],[80.253,30.565],[80.18,30.559],[80.203,30.606],[80.167,30.674],[80.207,30.686],[80.231,30.725],[80.157,30.793],[80.092,30.775],[80.063,30.785],[80.029,30.831],[79.903,30.89],[79.834,30.962],[79.739,30.979],[79.63,30.963],[79.578,30.938],[79.513,30.966],[79.476,31.014],[79.402,31.024],[79.367,31.112],[79.319,31.142],[79.288,31.225],[79.253,31.245],[79.262,31.279],[79.238,31.33],[79.131,31.438],[79.07,31.461],[78.921,31.27],[78.862,31.291],[78.784,31.288],[78.745,31.308],[78.763,31.445],[78.695,31.488],[78.7,31.51],[78.819,31.607],[78.758,31.667],[78.724,31.673],[78.693,31.719],[78.696,31.747],[78.671,31.771],[78.745,31.964],[78.722,31.995],[78.649,32.036],[78.513,32.208],[78.458,32.23],[78.463,32.282],[78.435,32.384],[78.452,32.417],[78.381,32.528],[78.385,32.548],[78.448,32.566],[78.63,32.578],[78.694,32.63],[78.737,32.63],[78.751,32.613],[78.737,32.546],[78.771,32.462],[78.911,32.355],[78.943,32.346],[79.028,32.377],[79.075,32.371],[79.113,32.472],[79.287,32.533],[79.32,32.592],[79.379,32.576],[79.407,32.53],[79.443,32.535],[79.516,32.608],[79.531,32.648],[79.576,32.671],[79.621,32.729],[79.614,32.765],[79.564,32.794],[79.414,32.972],[79.334,32.994],[79.34,33.013],[79.399,33.027],[79.373,33.112],[79.423,33.158],[79.456,33.25],[79.42,33.275],[79.26,33.292],[79.098,33.288],[78.965,33.344],[78.918,33.386]]],[[[111.011,19.684],[111.035,19.642],[110.966,19.636],[110.876,19.54],[110.843,19.54],[110.822,19.568],[110.826,19.603],[110.863,19.609],[110.848,19.622],[110.794,19.601],[110.822,19.554],[110.796,19.485],[110.76,19.458],[110.758,19.431],[110.698,19.417],[110.67,19.382],[110.678,19.334],[110.641,19.312],[110.622,19.231],[110.58,19.155],[110.51,19.15],[110.479,19.169],[110.507,19.132],[110.546,19.14],[110.555,19.087],[110.582,19.15],[110.563,19.056],[110.518,18.993],[110.513,18.906],[110.466,18.882],[110.459,18.848],[110.431,18.821],[110.445,18.804],[110.493,18.793],[110.503,18.882],[110.534,18.786],[110.469,18.777],[110.425,18.704],[110.427,18.681],[110.403,18.663],[110.335,18.673],[110.411,18.69],[110.403,18.704],[110.308,18.663],[110.271,18.668],[110.121,18.556],[110.088,18.504],[110.034,18.512],[110.083,18.478],[110.068,18.409],[110.045,18.44],[110.053,18.39],[110.04,18.382],[109.969,18.39],[109.969,18.406],[110.014,18.409],[110.021,18.451],[110.006,18.429],[109.993,18.443],[109.965,18.416],[109.898,18.414],[109.835,18.382],[109.796,18.405],[109.746,18.396],[109.732,18.273],[109.705,18.292],[109.67,18.273],[109.739,18.259],[109.728,18.225],[109.701,18.204],[109.677,18.245],[109.629,18.227],[109.602,18.204],[109.616,18.176],[109.561,18.169],[109.568,18.193],[109.548,18.221],[109.566,18.243],[109.561,18.259],[109.53,18.228],[109.534,18.21],[109.511,18.214],[109.479,18.193],[109.465,18.204],[109.51,18.231],[109.507,18.253],[109.493,18.245],[109.44,18.289],[109.218,18.306],[109.163,18.288],[109.129,18.347],[109.136,18.361],[108.991,18.369],[108.796,18.487],[108.695,18.505],[108.674,18.555],[108.691,18.605],[108.694,18.72],[108.668,18.789],[108.624,18.849],[108.654,18.921],[108.643,18.983],[108.615,19.102],[108.663,19.156],[108.683,19.156],[108.664,19.21],[108.622,19.218],[108.638,19.249],[108.627,19.275],[108.645,19.31],[108.677,19.328],[108.669,19.344],[108.687,19.378],[108.763,19.389],[108.79,19.423],[108.87,19.458],[108.924,19.506],[108.945,19.492],[108.941,19.514],[109.008,19.597],[109.157,19.65],[109.192,19.678],[109.211,19.725],[109.259,19.732],[109.307,19.711],[109.275,19.757],[109.294,19.76],[109.287,19.773],[109.307,19.787],[109.273,19.794],[109.163,19.725],[109.167,19.805],[109.249,19.869],[109.255,19.898],[109.304,19.922],[109.321,19.892],[109.369,19.889],[109.413,19.861],[109.444,19.873],[109.465,19.834],[109.527,19.862],[109.582,19.856],[109.52,19.882],[109.516,19.905],[109.557,19.917],[109.531,19.93],[109.527,19.951],[109.596,19.993],[109.719,20.011],[109.718,19.958],[109.738,19.978],[109.808,19.951],[109.816,19.991],[109.835,19.973],[109.835,19.931],[109.87,19.953],[109.883,19.985],[109.943,19.991],[109.976,19.932],[109.952,19.931],[109.99,19.906],[110.006,19.91],[109.992,19.925],[110.015,19.941],[110.014,19.958],[110.068,19.979],[110.11,19.965],[110.123,19.974],[110.15,20.007],[110.115,19.985],[110.068,19.985],[110.13,20.013],[110.157,20.067],[110.261,20.033],[110.345,20.058],[110.377,20.026],[110.368,20.008],[110.397,19.979],[110.418,19.923],[110.409,19.98],[110.383,20.013],[110.383,20.081],[110.425,20.048],[110.528,20.02],[110.521,20.007],[110.551,19.988],[110.575,19.999],[110.606,19.923],[110.623,19.941],[110.623,19.972],[110.601,20.021],[110.571,20.031],[110.566,20.07],[110.593,20.107],[110.652,20.117],[110.678,20.164],[110.711,20.075],[110.788,20.01],[110.87,19.997],[110.921,20.012],[110.935,19.995],[110.977,19.866],[110.994,19.694],[111.011,19.684]]],[[[111.963,21.658],[112.0,21.654],[112.0,21.621],[111.91,21.601],[111.863,21.568],[111.817,21.571],[111.842,21.607],[111.835,21.644],[111.928,21.664],[111.945,21.65],[111.963,21.658]]],[[[112.645,21.713],[112.655,21.698],[112.638,21.664],[112.65,21.64],[112.607,21.616],[112.549,21.616],[112.535,21.596],[112.518,21.617],[112.568,21.661],[112.556,21.678],[112.645,21.713]]],[[[112.844,21.774],[112.863,21.769],[112.863,21.746],[112.798,21.706],[112.811,21.658],[112.793,21.608],[112.811,21.589],[112.765,21.582],[112.754,21.607],[112.734,21.629],[112.774,21.692],[112.716,21.68],[112.712,21.703],[112.765,21.732],[112.778,21.773],[112.844,21.774]]],[[[113.391,22.028],[113.406,22.007],[113.309,22.024],[113.378,22.089],[113.399,22.069],[113.413,22.076],[113.391,22.028]]],[[[113.365,22.158],[113.314,22.076],[113.289,22.069],[113.269,22.088],[113.272,22.12],[113.29,22.125],[113.323,22.158],[113.328,22.146],[113.365,22.158]]],[[[113.594,22.785],[113.595,22.756],[113.558,22.758],[113.529,22.802],[113.521,22.788],[113.506,22.798],[113.481,22.849],[113.473,22.825],[113.396,22.898],[113.433,22.912],[113.476,22.901],[113.527,22.847],[113.573,22.83],[113.594,22.785]]],[[[117.072,23.473],[117.09,23.461],[117.126,23.483],[117.123,23.466],[117.142,23.45],[117.129,23.399],[116.969,23.419],[116.943,23.43],[116.968,23.453],[116.982,23.459],[117.01,23.439],[117.038,23.447],[117.049,23.474],[117.072,23.473]]],[[[117.469,23.753],[117.527,23.74],[117.516,23.716],[117.484,23.711],[117.48,23.663],[117.445,23.665],[117.421,23.646],[117.415,23.608],[117.432,23.583],[117.32,23.574],[117.369,23.622],[117.394,23.679],[117.341,23.689],[117.377,23.729],[117.373,23.767],[117.414,23.772],[117.448,23.742],[117.469,23.753]]],[[[119.305,26.036],[119.401,25.996],[119.391,25.967],[119.258,26.001],[119.209,26.099],[119.258,26.048],[119.305,26.036]]],[[[121.256,28.14],[121.285,28.102],[121.279,28.085],[121.238,28.093],[121.238,28.071],[121.186,28.044],[121.152,28.041],[121.155,28.071],[121.12,28.136],[121.165,28.151],[121.211,28.209],[121.256,28.215],[121.27,28.182],[121.256,28.14]]],[[[122.239,30.313],[122.204,30.291],[122.232,30.278],[122.202,30.242],[122.114,30.265],[122.074,30.291],[122.084,30.302],[122.211,30.347],[122.239,30.313]]],[[[122.399,30.456],[122.423,30.415],[122.348,30.436],[122.285,30.422],[122.273,30.459],[122.287,30.483],[122.337,30.458],[122.369,30.477],[122.375,30.457],[122.399,30.456]]],[[[121.838,31.375],[121.868,31.366],[121.882,31.337],[121.851,31.294],[121.823,31.302],[121.794,31.369],[121.838,31.375]]],[[[119.881,32.125],[119.901,32.082],[119.89,32.075],[119.859,32.102],[119.792,32.122],[119.791,32.165],[119.819,32.204],[119.75,32.228],[119.719,32.25],[119.716,32.273],[119.751,32.293],[119.785,32.292],[119.833,32.252],[119.881,32.125]]],[[[122.321,39.166],[122.383,39.208],[122.403,39.214],[122.389,39.187],[122.403,39.159],[122.389,39.152],[122.334,39.146],[122.321,39.166]]],[[[122.636,39.234],[122.742,39.236],[122.726,39.21],[122.692,39.201],[122.698,39.221],[122.636,39.234]]],[[[122.684,39.262],[122.586,39.258],[122.533,39.272],[122.505,39.297],[122.537,39.298],[122.684,39.262]]],[[[121.423,39.475],[121.45,39.45],[121.416,39.44],[121.436,39.416],[121.422,39.374],[121.337,39.377],[121.382,39.434],[121.341,39.44],[121.296,39.391],[121.273,39.385],[121.258,39.4],[121.266,39.434],[121.311,39.448],[121.341,39.481],[121.423,39.475]]],[[[122.964,39.515],[122.968,39.541],[122.99,39.55],[123.04,39.53],[123.006,39.497],[122.964,39.515]]],[[[110.596,20.959],[110.632,20.937],[110.589,20.883],[110.548,20.918],[110.596,20.959]]],[[[110.548,21.037],[110.517,20.938],[110.493,20.978],[110.441,21.006],[110.363,21.006],[110.267,20.973],[110.246,20.986],[110.265,21.004],[110.246,21.028],[110.287,21.034],[110.271,21.045],[110.273,21.061],[110.31,21.053],[110.335,21.069],[110.308,21.061],[110.287,21.074],[110.343,21.075],[110.39,21.096],[110.418,21.041],[110.432,21.057],[110.526,21.082],[110.548,21.037]]],[[[110.617,21.191],[110.565,21.113],[110.543,21.105],[110.521,21.112],[110.479,21.164],[110.479,21.15],[110.461,21.151],[110.445,21.166],[110.452,21.178],[110.418,21.178],[110.453,21.201],[110.5,21.206],[110.463,21.191],[110.493,21.184],[110.55,21.202],[110.569,21.191],[110.548,21.157],[110.594,21.203],[110.617,21.191]]],[[[118.093,24.556],[118.181,24.535],[118.189,24.503],[118.154,24.437],[118.092,24.438],[118.07,24.46],[118.103,24.48],[118.106,24.494],[118.082,24.482],[118.072,24.498],[118.093,24.556]]],[[[119.847,25.536],[119.819,25.546],[119.799,25.516],[119.847,25.461],[119.772,25.451],[119.757,25.405],[119.693,25.438],[119.71,25.488],[119.668,25.488],[119.686,25.508],[119.749,25.503],[119.778,25.522],[119.726,25.525],[119.716,25.536],[119.727,25.591],[119.703,25.577],[119.693,25.594],[119.73,25.646],[119.764,25.659],[119.782,25.659],[119.776,25.636],[119.792,25.605],[119.813,25.609],[119.833,25.591],[119.817,25.58],[119.875,25.557],[119.847,25.536]]],[[[121.958,29.12],[121.925,29.063],[121.889,29.072],[121.9,29.094],[121.872,29.127],[121.881,29.16],[121.927,29.167],[121.952,29.152],[121.958,29.12]]],[[[122.143,29.733],[122.187,29.673],[122.163,29.655],[122.17,29.675],[122.127,29.669],[122.093,29.726],[122.045,29.717],[122.033,29.731],[122.057,29.768],[122.107,29.79],[122.143,29.733]]],[[[122.395,29.884],[122.383,29.865],[122.395,29.833],[122.377,29.839],[122.357,29.862],[122.367,29.896],[122.325,29.928],[122.335,29.961],[122.359,29.946],[122.407,29.953],[122.395,29.922],[122.408,29.9],[122.395,29.884]]],[[[121.882,30.076],[121.909,30.045],[121.903,30.002],[121.872,29.977],[121.827,30.004],[121.848,30.083],[121.882,30.076]]],[[[122.327,30.024],[122.294,29.934],[122.185,29.994],[122.077,30.018],[122.011,30.0],[122.012,30.032],[121.973,30.06],[121.981,30.09],[121.963,30.142],[122.087,30.148],[122.256,30.068],[122.29,30.067],[122.327,30.024]]],[[[121.844,31.608],[121.98,31.54],[121.987,31.504],[121.978,31.478],[121.851,31.439],[121.685,31.507],[121.572,31.529],[121.517,31.568],[121.314,31.656],[121.286,31.704],[121.176,31.784],[121.219,31.829],[121.264,31.841],[121.424,31.796],[121.663,31.652],[121.844,31.608]]],[[[111.197,15.775],[111.194,15.776],[111.193,15.778],[111.196,15.786],[111.199,15.789],[111.208,15.789],[111.209,15.786],[111.208,15.782],[111.205,15.779],[111.197,15.775]]],[[[111.763,16.043],[111.753,16.045],[111.753,16.047],[111.761,16.049],[111.766,16.045],[111.763,16.043]]],[[[109.101,21.021],[109.1,21.061],[109.123,21.065],[109.136,21.051],[109.101,21.021]]],[[[120.748,37.939],[120.759,37.908],[120.755,37.897],[120.737,37.905],[120.722,37.919],[120.727,37.948],[120.748,37.939]]],[[[120.607,37.98],[120.626,37.973],[120.618,37.947],[120.607,37.98]]],[[[120.72,37.981],[120.72,37.964],[120.695,37.975],[120.69,37.991],[120.72,37.981]]],[[[120.76,38.17],[120.773,38.16],[120.755,38.158],[120.743,38.188],[120.76,38.17]]],[[[120.806,38.288],[120.807,38.305],[120.834,38.313],[120.806,38.288]]],[[[120.914,38.384],[120.907,38.393],[120.925,38.387],[120.914,38.384]]],[[[123.181,39.092],[123.196,39.052],[123.161,39.029],[123.145,39.043],[123.153,39.062],[123.165,39.066],[123.144,39.081],[123.181,39.092]]],[[[111.6,16.527],[111.601,16.532],[111.603,16.533],[111.606,16.534],[111.608,16.532],[111.61,16.528],[111.609,16.527],[111.606,16.524],[111.603,16.525],[111.6,16.527]]],[[[112.735,16.658],[112.73,16.66],[112.725,16.666],[112.726,16.669],[112.729,16.669],[112.733,16.666],[112.737,16.66],[112.735,16.658]]],[[[112.333,16.825],[112.327,16.83],[112.326,16.833],[112.328,16.837],[112.331,16.838],[112.335,16.833],[112.337,16.828],[112.333,16.825]]],[[[112.334,16.933],[112.337,16.932],[112.338,16.931],[112.341,16.927],[112.341,16.924],[112.335,16.924],[112.334,16.926],[112.334,16.933]]],[[[110.471,20.647],[110.476,20.596],[110.457,20.587],[110.427,20.643],[110.418,20.655],[110.437,20.668],[110.471,20.647]]],[[[113.278,21.925],[113.268,21.886],[113.235,21.893],[113.222,21.914],[113.232,21.934],[113.258,21.947],[113.278,21.925]]],[[[113.772,22.0],[113.764,21.967],[113.739,21.986],[113.736,21.997],[113.772,22.0]]],[[[114.307,22.057],[114.222,22.022],[114.207,22.026],[114.217,22.032],[114.283,22.053],[114.304,22.069],[114.307,22.057]]],[[[113.473,22.099],[113.472,22.114],[113.519,22.127],[113.533,22.12],[113.527,22.106],[113.548,22.093],[113.539,22.082],[113.485,22.071],[113.47,22.078],[113.473,22.099]]],[[[113.623,22.44],[113.658,22.432],[113.642,22.4],[113.612,22.398],[113.623,22.44]]],[[[113.547,22.742],[113.573,22.701],[113.636,22.656],[113.645,22.625],[113.628,22.596],[113.477,22.72],[113.477,22.731],[113.547,22.742]]],[[[113.529,22.96],[113.554,22.911],[113.545,22.88],[113.51,22.921],[113.506,22.952],[113.515,22.969],[113.529,22.96]]],[[[116.996,23.564],[117.009,23.555],[116.988,23.524],[116.971,23.515],[116.937,23.526],[116.996,23.564]]],[[[119.551,25.209],[119.568,25.205],[119.529,25.165],[119.513,25.199],[119.449,25.214],[119.447,25.236],[119.47,25.252],[119.512,25.213],[119.551,25.209]]],[[[119.347,25.567],[119.335,25.438],[119.297,25.423],[119.288,25.444],[119.282,25.483],[119.305,25.543],[119.332,25.571],[119.347,25.567]]],[[[119.627,26.108],[119.639,26.071],[119.565,26.08],[119.554,26.096],[119.575,26.12],[119.599,26.128],[119.627,26.108]]],[[[120.327,26.94],[120.322,26.962],[120.358,26.966],[120.386,26.935],[120.353,26.924],[120.327,26.94]]],[[[121.074,27.479],[121.103,27.452],[121.069,27.447],[121.046,27.465],[121.074,27.479]]],[[[121.182,27.865],[121.189,27.848],[121.173,27.841],[121.171,27.819],[121.138,27.825],[121.096,27.828],[121.182,27.865]]],[[[121.049,27.951],[121.04,27.958],[121.065,27.981],[121.127,27.977],[121.139,27.957],[121.126,27.951],[121.049,27.951]]],[[[121.862,29.13],[121.867,29.116],[121.842,29.095],[121.793,29.119],[121.79,29.15],[121.862,29.13]]],[[[122.305,29.817],[122.308,29.776],[122.238,29.824],[122.232,29.836],[122.271,29.847],[122.312,29.829],[122.305,29.817]]],[[[121.972,29.945],[121.992,29.908],[121.946,29.904],[121.934,29.921],[121.96,29.953],[121.972,29.945]]],[[[122.346,30.242],[122.278,30.236],[122.332,30.274],[122.408,30.266],[122.409,30.244],[122.396,30.239],[122.381,30.264],[122.346,30.242]]],[[[122.529,30.721],[122.525,30.702],[122.427,30.704],[122.43,30.743],[122.473,30.717],[122.529,30.721]]],[[[121.762,31.374],[121.782,31.342],[121.766,31.321],[121.584,31.441],[121.691,31.419],[121.762,31.374]]],[[[118.633,39.075],[118.649,39.045],[118.594,38.972],[118.514,38.919],[118.48,38.935],[118.491,38.943],[118.471,38.971],[118.469,39.006],[118.488,39.05],[118.526,39.047],[118.56,39.003],[118.578,39.009],[118.629,39.049],[118.615,39.068],[118.633,39.075]]],[[[111.68,16.578],[111.679,16.581],[111.682,16.58],[111.68,16.578]]],[[[128.365,38.624],[128.632,38.145],[128.924,37.802],[129.064,37.679],[129.073,37.613],[129.109,37.597],[129.148,37.505],[129.19,37.469],[129.283,37.324],[129.331,37.282],[129.379,37.13],[129.43,37.073],[129.413,37.018],[129.474,36.731],[129.423,36.617],[129.447,36.493],[129.441,36.408],[129.387,36.323],[129.382,36.202],[129.431,36.097],[129.381,36.041],[129.453,35.993],[129.555,36.082],[129.571,36.072],[129.587,36.017],[129.536,35.939],[129.498,35.748],[129.443,35.636],[129.467,35.6],[129.455,35.513],[129.413,35.472],[129.4,35.513],[129.374,35.533],[129.365,35.513],[129.387,35.502],[129.392,35.476],[129.358,35.452],[129.365,35.407],[129.347,35.382],[129.36,35.354],[129.269,35.317],[129.256,35.247],[129.194,35.156],[129.12,35.15],[129.129,35.114],[129.101,35.092],[129.064,35.121],[129.022,35.06],[128.997,35.076],[129.0,35.046],[128.958,35.05],[128.958,35.137],[128.918,35.082],[128.905,35.081],[128.898,35.121],[128.882,35.081],[128.792,35.083],[128.781,35.111],[128.762,35.079],[128.728,35.105],[128.7,35.096],[128.696,35.144],[128.68,35.116],[128.638,35.15],[128.618,35.143],[128.602,35.214],[128.578,35.179],[128.627,35.091],[128.625,35.068],[128.652,35.061],[128.604,35.057],[128.58,35.088],[128.478,35.099],[128.481,35.075],[128.389,35.049],[128.371,35.014],[128.488,35.051],[128.492,34.996],[128.42,34.983],[128.441,34.96],[128.433,34.891],[128.451,34.886],[128.461,34.904],[128.474,34.891],[128.435,34.843],[128.383,34.839],[128.383,34.855],[128.416,34.863],[128.341,34.873],[128.324,34.897],[128.358,34.91],[128.335,34.947],[128.302,34.908],[128.224,34.938],[128.207,34.891],[128.139,34.892],[128.121,34.9],[128.118,34.924],[128.056,34.932],[128.054,35.036],[128.069,35.082],[128.025,35.036],[128.001,35.034],[128.019,34.999],[128.007,34.992],[127.954,34.979],[127.926,35.02],[127.912,34.962],[127.891,34.947],[127.744,34.96],[127.719,34.99],[127.709,34.94],[127.641,34.899],[127.592,34.946],[127.576,34.897],[127.646,34.816],[127.7,34.842],[127.776,34.849],[127.75,34.737],[127.706,34.716],[127.656,34.731],[127.624,34.698],[127.641,34.618],[127.561,34.662],[127.556,34.685],[127.584,34.746],[127.556,34.801],[127.535,34.808],[127.521,34.89],[127.484,34.84],[127.365,34.824],[127.426,34.801],[127.358,34.76],[127.395,34.757],[127.406,34.7],[127.466,34.662],[127.488,34.637],[127.452,34.637],[127.495,34.623],[127.504,34.591],[127.452,34.575],[127.392,34.602],[127.349,34.586],[127.358,34.554],[127.418,34.555],[127.439,34.541],[127.375,34.485],[127.357,34.492],[127.328,34.474],[127.344,34.445],[127.316,34.445],[127.223,34.547],[127.172,34.528],[127.179,34.513],[127.125,34.541],[127.13,34.564],[127.213,34.637],[127.193,34.575],[127.247,34.584],[127.261,34.63],[127.241,34.671],[127.275,34.705],[127.314,34.652],[127.358,34.698],[127.332,34.741],[127.291,34.721],[127.248,34.767],[127.2,34.691],[127.136,34.688],[127.01,34.612],[126.987,34.554],[126.994,34.541],[126.939,34.496],[126.941,34.455],[126.896,34.45],[126.898,34.418],[126.81,34.451],[126.807,34.569],[126.778,34.586],[126.755,34.558],[126.766,34.523],[126.735,34.515],[126.761,34.479],[126.709,34.45],[126.727,34.433],[126.69,34.436],[126.682,34.414],[126.634,34.396],[126.603,34.3],[126.521,34.294],[126.527,34.341],[126.48,34.349],[126.518,34.414],[126.476,34.433],[126.484,34.47],[126.466,34.472],[126.49,34.509],[126.542,34.513],[126.514,34.534],[126.54,34.563],[126.391,34.534],[126.346,34.585],[126.325,34.57],[126.295,34.589],[126.302,34.609],[126.323,34.609],[126.271,34.642],[126.29,34.75],[126.32,34.748],[126.357,34.698],[126.344,34.678],[126.37,34.609],[126.465,34.585],[126.473,34.602],[126.435,34.607],[126.413,34.63],[126.416,34.653],[126.386,34.636],[126.379,34.711],[126.448,34.706],[126.453,34.671],[126.536,34.623],[126.519,34.65],[126.532,34.653],[126.624,34.63],[126.555,34.664],[126.563,34.671],[126.508,34.718],[126.364,34.749],[126.392,34.769],[126.46,34.779],[126.535,34.746],[126.544,34.796],[126.638,34.788],[126.631,34.801],[126.665,34.808],[126.65,34.822],[126.576,34.822],[126.589,34.883],[126.568,34.901],[126.542,34.883],[126.549,34.849],[126.513,34.782],[126.487,34.787],[126.501,34.808],[126.487,34.814],[126.384,34.786],[126.37,34.801],[126.409,34.844],[126.409,34.874],[126.425,34.891],[126.402,34.915],[126.398,34.951],[126.436,34.981],[126.4,34.985],[126.371,34.968],[126.377,34.938],[126.363,34.927],[126.315,34.938],[126.329,34.945],[126.302,34.973],[126.349,34.973],[126.346,34.994],[126.374,35.017],[126.321,35.083],[126.302,35.089],[126.309,35.066],[126.288,35.053],[126.254,35.123],[126.289,35.139],[126.315,35.116],[126.343,35.157],[126.345,35.096],[126.365,35.074],[126.411,35.061],[126.407,35.039],[126.425,35.02],[126.452,35.1],[126.414,35.12],[126.371,35.174],[126.377,35.212],[126.364,35.239],[126.309,35.233],[126.377,35.253],[126.357,35.26],[126.38,35.284],[126.381,35.327],[126.411,35.37],[126.459,35.345],[126.418,35.394],[126.493,35.525],[126.594,35.542],[126.643,35.573],[126.692,35.534],[126.67,35.589],[126.513,35.577],[126.464,35.602],[126.468,35.64],[126.597,35.714],[126.625,35.746],[126.629,35.775],[126.662,35.793],[126.733,35.792],[126.782,35.76],[126.791,35.791],[126.703,35.848],[126.729,35.865],[126.797,35.863],[126.837,35.893],[126.81,35.912],[126.733,35.886],[126.612,35.89],[126.609,35.931],[126.57,35.946],[126.526,35.94],[126.521,35.971],[126.744,35.99],[126.849,36.036],[126.871,36.062],[126.692,36.0],[126.631,36.076],[126.645,36.085],[126.589,36.131],[126.552,36.131],[126.529,36.154],[126.493,36.131],[126.497,36.16],[126.531,36.174],[126.603,36.172],[126.535,36.22],[126.583,36.295],[126.514,36.323],[126.583,36.353],[126.576,36.366],[126.521,36.374],[126.501,36.391],[126.514,36.398],[126.499,36.42],[126.617,36.473],[126.559,36.473],[126.523,36.441],[126.498,36.448],[126.483,36.497],[126.514,36.529],[126.47,36.54],[126.458,36.596],[126.512,36.603],[126.52,36.626],[126.484,36.65],[126.508,36.67],[126.475,36.688],[126.477,36.717],[126.501,36.72],[126.48,36.747],[126.438,36.716],[126.444,36.638],[126.424,36.607],[126.367,36.629],[126.378,36.703],[126.37,36.732],[126.343,36.74],[126.324,36.7],[126.302,36.699],[126.343,36.61],[126.295,36.583],[126.289,36.61],[126.302,36.634],[126.273,36.673],[126.274,36.72],[126.229,36.685],[126.178,36.673],[126.157,36.702],[126.203,36.706],[126.213,36.727],[126.158,36.761],[126.133,36.704],[126.128,36.761],[126.166,36.816],[126.185,36.781],[126.213,36.781],[126.192,36.809],[126.221,36.802],[126.24,36.816],[126.199,36.823],[126.213,36.857],[126.192,36.886],[126.234,36.904],[126.23,36.873],[126.275,36.875],[126.286,36.961],[126.309,36.967],[126.323,36.883],[126.302,36.857],[126.309,36.829],[126.283,36.804],[126.291,36.789],[126.328,36.805],[126.357,36.789],[126.329,36.847],[126.339,36.857],[126.365,36.835],[126.405,36.857],[126.377,36.877],[126.401,36.881],[126.419,36.922],[126.411,36.939],[126.354,36.955],[126.376,36.975],[126.336,36.987],[126.353,37.0],[126.391,36.99],[126.391,37.008],[126.445,37.003],[126.453,36.99],[126.432,36.962],[126.439,36.946],[126.469,36.958],[126.479,36.936],[126.466,36.867],[126.484,36.841],[126.519,36.948],[126.583,36.898],[126.559,36.942],[126.493,36.997],[126.505,37.007],[126.55,36.973],[126.573,36.984],[126.512,37.016],[126.501,37.055],[126.626,36.996],[126.631,36.912],[126.646,36.925],[126.649,36.966],[126.682,36.995],[126.758,36.982],[126.796,36.956],[126.782,36.891],[126.813,36.917],[126.83,36.91],[126.83,36.839],[126.849,36.788],[126.83,36.775],[126.851,36.754],[126.872,36.804],[126.863,36.829],[126.905,36.822],[126.86,36.87],[126.99,36.919],[127.007,36.953],[126.994,36.967],[127.042,36.994],[126.982,36.98],[126.969,36.932],[126.913,36.93],[126.838,36.976],[126.824,37.003],[126.884,37.008],[126.871,37.021],[126.911,37.014],[126.883,37.07],[126.89,37.096],[126.87,37.091],[126.849,37.037],[126.755,37.049],[126.764,37.118],[126.794,37.139],[126.864,37.15],[126.865,37.179],[126.83,37.159],[126.807,37.165],[126.802,37.185],[126.714,37.128],[126.686,37.13],[126.707,37.165],[126.668,37.162],[126.665,37.175],[126.719,37.213],[126.68,37.218],[126.658,37.254],[126.768,37.254],[126.782,37.22],[126.819,37.274],[126.871,37.268],[126.852,37.286],[126.733,37.306],[126.69,37.332],[126.717,37.384],[126.665,37.389],[126.64,37.364],[126.615,37.38],[126.639,37.414],[126.596,37.44],[126.595,37.472],[126.644,37.504],[126.601,37.507],[126.604,37.549],[126.561,37.607],[126.535,37.768],[126.662,37.758],[126.661,37.672],[126.755,37.638],[126.679,37.686],[126.701,37.743],[126.685,37.794],[126.7,37.83],[126.667,37.828],[126.666,37.938],[126.762,37.979],[126.847,38.082],[126.92,38.135],[126.972,38.219],[127.09,38.286],[127.157,38.307],[127.377,38.319],[127.472,38.296],[127.754,38.325],[127.801,38.294],[128.04,38.304],[128.172,38.356],[128.226,38.4],[128.281,38.484],[128.281,38.584],[128.365,38.624]]],[[[126.405,36.459],[126.432,36.408],[126.364,36.411],[126.378,36.446],[126.343,36.438],[126.364,36.473],[126.328,36.471],[126.315,36.582],[126.36,36.609],[126.374,36.592],[126.364,36.567],[126.379,36.518],[126.405,36.493],[126.384,36.487],[126.405,36.48],[126.405,36.459]]],[[[126.295,37.802],[126.333,37.8],[126.336,37.774],[126.234,37.761],[126.22,37.771],[126.246,37.812],[126.295,37.802]]],[[[126.946,33.478],[126.939,33.431],[126.874,33.373],[126.841,33.31],[126.78,33.306],[126.742,33.28],[126.641,33.265],[126.566,33.233],[126.333,33.238],[126.27,33.198],[126.171,33.269],[126.161,33.301],[126.196,33.367],[126.311,33.464],[126.485,33.521],[126.792,33.564],[126.898,33.519],[126.932,33.465],[126.946,33.478]]],[[[127.173,34.484],[127.234,34.48],[127.242,34.445],[127.21,34.424],[127.141,34.424],[127.117,34.438],[127.124,34.455],[127.111,34.465],[127.173,34.484]]],[[[126.38,34.498],[126.346,34.409],[126.309,34.424],[126.305,34.402],[126.198,34.356],[126.145,34.355],[126.153,34.388],[126.124,34.403],[126.124,34.382],[126.103,34.403],[126.144,34.463],[126.172,34.465],[126.227,34.528],[126.238,34.516],[126.268,34.522],[126.274,34.537],[126.241,34.566],[126.248,34.575],[126.28,34.568],[126.322,34.534],[126.349,34.547],[126.38,34.498]]],[[[127.782,34.685],[127.817,34.631],[127.808,34.588],[127.787,34.579],[127.74,34.614],[127.742,34.644],[127.768,34.666],[127.776,34.691],[127.763,34.713],[127.797,34.714],[127.782,34.685]]],[[[125.989,34.713],[126.003,34.685],[125.977,34.656],[125.96,34.66],[125.916,34.688],[125.977,34.728],[125.989,34.713]]],[[[126.007,34.781],[126.008,34.76],[125.952,34.759],[125.93,34.723],[125.898,34.726],[125.894,34.762],[125.913,34.777],[125.996,34.791],[126.007,34.781]]],[[[126.056,34.914],[126.06,34.927],[126.081,34.923],[126.088,34.883],[126.069,34.863],[126.04,34.866],[125.987,34.869],[126.028,34.91],[126.056,34.914]]],[[[128.07,34.815],[128.056,34.698],[127.975,34.7],[127.954,34.76],[127.938,34.767],[127.906,34.713],[127.877,34.717],[127.858,34.76],[127.829,34.869],[127.902,34.94],[127.938,34.914],[127.906,34.869],[127.92,34.835],[127.962,34.807],[128.07,34.815]]],[[[128.749,34.869],[128.743,34.845],[128.721,34.842],[128.742,34.791],[128.686,34.808],[128.663,34.77],[128.657,34.757],[128.694,34.736],[128.678,34.725],[128.584,34.705],[128.618,34.726],[128.599,34.74],[128.605,34.767],[128.573,34.753],[128.56,34.782],[128.592,34.791],[128.605,34.835],[128.591,34.842],[128.529,34.808],[128.492,34.85],[128.495,34.88],[128.574,34.91],[128.646,34.891],[128.616,34.922],[128.611,34.955],[128.694,34.986],[128.682,35.005],[128.703,35.033],[128.725,35.019],[128.719,34.966],[128.734,34.935],[128.714,34.876],[128.744,34.888],[128.749,34.869]]],[[[126.111,35.051],[126.056,35.061],[126.069,35.102],[126.104,35.12],[126.129,35.143],[126.165,35.144],[126.128,35.121],[126.145,35.082],[126.111,35.051]]],[[[126.563,37.514],[126.583,37.49],[126.507,37.466],[126.443,37.421],[126.399,37.445],[126.365,37.442],[126.359,37.474],[126.473,37.499],[126.515,37.534],[126.563,37.514]]],[[[130.904,37.546],[130.921,37.536],[130.919,37.51],[130.897,37.463],[130.827,37.471],[130.811,37.487],[130.814,37.523],[130.904,37.546]]],[[[126.357,37.695],[126.381,37.669],[126.35,37.657],[126.282,37.699],[126.309,37.742],[126.324,37.746],[126.357,37.695]]],[[[126.508,37.597],[126.476,37.611],[126.41,37.602],[126.37,37.631],[126.417,37.652],[126.367,37.727],[126.37,37.785],[126.383,37.799],[126.425,37.824],[126.516,37.767],[126.514,37.724],[126.542,37.631],[126.508,37.597]]],[[[124.733,37.98],[124.742,37.955],[124.728,37.947],[124.678,37.953],[124.7,37.937],[124.685,37.92],[124.644,37.925],[124.614,37.945],[124.624,37.98],[124.733,37.98]]],[[[127.309,34.02],[127.323,34.006],[127.296,34.014],[127.278,34.045],[127.296,34.061],[127.309,34.02]]],[[[127.532,34.451],[127.536,34.435],[127.495,34.414],[127.452,34.453],[127.458,34.473],[127.487,34.461],[127.51,34.47],[127.532,34.451]]],[[[127.783,34.507],[127.792,34.492],[127.771,34.488],[127.728,34.517],[127.708,34.534],[127.748,34.551],[127.783,34.507]]],[[[126.1,34.597],[126.099,34.559],[126.058,34.533],[126.032,34.539],[126.054,34.549],[126.031,34.556],[126.081,34.581],[126.06,34.621],[126.1,34.597]]],[[[126.038,34.569],[126.021,34.571],[126.017,34.606],[126.029,34.634],[126.041,34.611],[126.06,34.584],[126.038,34.569]]],[[[125.446,34.688],[125.459,34.687],[125.399,34.632],[125.393,34.66],[125.413,34.692],[125.446,34.688]]],[[[126.174,34.733],[126.172,34.704],[126.138,34.723],[126.111,34.718],[126.07,34.77],[126.164,34.755],[126.174,34.733]]],[[[126.169,34.792],[126.146,34.762],[126.105,34.782],[126.093,34.788],[126.102,34.794],[126.149,34.808],[126.169,34.792]]],[[[126.079,34.823],[126.067,34.851],[126.113,34.853],[126.123,34.879],[126.152,34.871],[126.116,34.803],[126.096,34.799],[126.079,34.823]]],[[[128.073,34.845],[128.082,34.836],[128.072,34.833],[127.972,34.846],[127.964,34.86],[127.993,34.903],[128.018,34.917],[128.023,34.906],[128.013,34.869],[128.046,34.894],[128.073,34.845]]],[[[126.246,34.916],[126.225,34.913],[126.23,34.935],[126.253,34.933],[126.246,34.916]]],[[[126.178,35.048],[126.172,35.024],[126.134,35.04],[126.137,35.057],[126.178,35.048]]],[[[128.843,35.022],[128.827,34.992],[128.81,35.033],[128.804,35.056],[128.836,35.06],[128.843,35.022]]],[[[126.258,35.571],[126.252,35.587],[126.276,35.613],[126.309,35.611],[126.258,35.571]]],[[[126.1,37.228],[126.089,37.23],[126.105,37.268],[126.152,37.239],[126.155,37.226],[126.133,37.212],[126.1,37.228]]],[[[126.484,37.279],[126.498,37.261],[126.458,37.231],[126.436,37.238],[126.435,37.264],[126.484,37.279]]],[[[126.614,37.255],[126.614,37.233],[126.539,37.198],[126.56,37.239],[126.555,37.266],[126.541,37.283],[126.573,37.288],[126.578,37.271],[126.614,37.255]]],[[[125.688,37.679],[125.706,37.672],[125.688,37.652],[125.688,37.679]]],[[[124.716,37.847],[124.714,37.81],[124.685,37.8],[124.677,37.825],[124.716,37.847]]],[[[125.128,34.049],[125.092,34.072],[125.095,34.09],[125.113,34.093],[125.136,34.059],[125.128,34.049]]],[[[126.599,34.169],[126.614,34.153],[126.582,34.157],[126.552,34.134],[126.518,34.127],[126.515,34.169],[126.548,34.179],[126.599,34.169]]],[[[126.672,34.153],[126.665,34.119],[126.636,34.142],[126.645,34.197],[126.671,34.19],[126.672,34.153]]],[[[126.909,34.198],[126.925,34.185],[126.914,34.158],[126.86,34.162],[126.849,34.174],[126.868,34.207],[126.909,34.198]]],[[[126.612,34.218],[126.607,34.188],[126.584,34.176],[126.55,34.191],[126.554,34.207],[126.56,34.235],[126.612,34.218]]],[[[126.089,34.308],[126.085,34.284],[126.049,34.28],[126.022,34.296],[126.026,34.311],[126.089,34.308]]],[[[126.854,34.309],[126.759,34.333],[126.803,34.339],[126.838,34.354],[126.893,34.341],[126.877,34.312],[126.854,34.309]]],[[[127.092,34.345],[127.039,34.313],[127.049,34.331],[127.018,34.352],[126.991,34.356],[127.025,34.381],[127.046,34.358],[127.077,34.359],[127.092,34.345]]],[[[126.764,34.309],[126.768,34.289],[126.732,34.289],[126.689,34.301],[126.696,34.321],[126.664,34.323],[126.645,34.337],[126.642,34.373],[126.654,34.395],[126.688,34.402],[126.722,34.381],[126.764,34.309]]],[[[126.762,34.383],[126.768,34.411],[126.802,34.436],[126.835,34.438],[126.854,34.407],[126.861,34.393],[126.825,34.395],[126.776,34.355],[126.762,34.383]]],[[[128.295,34.64],[128.282,34.62],[128.236,34.61],[128.238,34.626],[128.225,34.633],[128.233,34.651],[128.271,34.632],[128.295,34.64]]],[[[128.386,34.82],[128.438,34.82],[128.423,34.763],[128.395,34.779],[128.369,34.797],[128.38,34.81],[128.332,34.826],[128.352,34.835],[128.386,34.82]]],[[[128.24,34.836],[128.261,34.815],[128.229,34.799],[128.207,34.821],[128.24,34.836]]],[[[126.341,34.864],[126.36,34.859],[126.362,34.837],[126.342,34.822],[126.338,34.841],[126.306,34.856],[126.237,34.848],[126.236,34.86],[126.279,34.873],[126.297,34.887],[126.286,34.913],[126.297,34.918],[126.345,34.896],[126.318,34.876],[126.341,34.864]]],[[[126.234,35.047],[126.175,35.068],[126.159,35.094],[126.178,35.106],[126.236,35.098],[126.219,35.077],[126.249,35.063],[126.265,35.034],[126.243,35.027],[126.234,35.047]]],[[[131.861,37.244],[131.863,37.243],[131.862,37.242],[131.86,37.242],[131.861,37.244]]],[[[128.365,38.624],[128.281,38.584],[128.281,38.484],[128.226,38.4],[128.172,38.356],[128.04,38.304],[127.801,38.294],[127.754,38.325],[127.472,38.296],[127.377,38.319],[127.157,38.307],[127.09,38.286],[126.972,38.219],[126.92,38.135],[126.847,38.082],[126.762,37.979],[126.666,37.938],[126.667,37.828],[126.652,37.799],[126.593,37.774],[126.437,37.848],[126.398,37.892],[126.26,37.845],[126.178,37.841],[126.148,37.819],[126.165,37.768],[126.158,37.733],[126.11,37.741],[126.087,37.8],[126.063,37.802],[126.056,37.871],[126.013,37.854],[126.001,37.886],[125.959,37.912],[125.944,37.902],[125.973,37.874],[125.986,37.823],[125.922,37.845],[125.835,37.944],[125.805,37.952],[125.799,37.993],[125.597,38.032],[125.578,38.009],[125.597,37.992],[125.641,37.974],[125.675,37.978],[125.678,37.953],[125.719,37.953],[125.699,37.925],[125.74,37.925],[125.685,37.899],[125.631,37.925],[125.641,37.856],[125.623,37.837],[125.644,37.823],[125.609,37.806],[125.62,37.765],[125.584,37.768],[125.571,37.787],[125.529,37.773],[125.528,37.796],[125.475,37.731],[125.385,37.716],[125.348,37.676],[125.335,37.686],[125.364,37.761],[125.39,37.755],[125.445,37.774],[125.377,37.782],[125.39,37.796],[125.456,37.823],[125.524,37.818],[125.528,37.843],[125.497,37.84],[125.479,37.858],[125.51,37.894],[125.446,37.92],[125.424,37.912],[125.432,37.899],[125.384,37.892],[125.428,37.874],[125.445,37.843],[125.4,37.865],[125.349,37.864],[125.377,37.843],[125.308,37.809],[125.301,37.823],[125.24,37.823],[125.308,37.878],[125.257,37.915],[125.26,37.933],[125.177,37.868],[125.1,37.875],[125.013,37.906],[125.014,37.94],[124.98,37.925],[124.992,37.953],[125.062,37.979],[125.134,37.96],[125.175,37.97],[125.178,37.988],[125.155,37.98],[125.115,38.002],[125.107,38.035],[125.202,38.049],[125.225,38.021],[125.246,38.02],[125.253,38.054],[125.274,38.062],[125.265,38.078],[125.141,38.098],[125.014,38.062],[124.885,38.132],[124.865,38.107],[124.794,38.098],[124.677,38.115],[124.674,38.137],[124.765,38.156],[124.773,38.176],[124.822,38.186],[124.856,38.227],[124.895,38.222],[124.921,38.189],[124.993,38.227],[124.915,38.229],[124.872,38.258],[124.88,38.345],[124.947,38.451],[124.972,38.462],[124.973,38.44],[125.016,38.498],[124.984,38.592],[125.038,38.591],[125.058,38.568],[125.103,38.594],[125.128,38.58],[125.137,38.625],[125.118,38.645],[125.123,38.666],[125.157,38.632],[125.18,38.635],[125.18,38.67],[125.203,38.653],[125.267,38.67],[125.301,38.657],[125.369,38.695],[125.442,38.686],[125.463,38.707],[125.507,38.686],[125.521,38.653],[125.545,38.679],[125.61,38.631],[125.658,38.631],[125.631,38.659],[125.589,38.666],[125.528,38.721],[125.479,38.728],[125.448,38.777],[125.411,38.755],[125.434,38.737],[125.419,38.729],[125.389,38.717],[125.356,38.735],[125.341,38.717],[125.301,38.735],[125.308,38.707],[125.278,38.703],[125.243,38.728],[125.267,38.755],[125.241,38.793],[125.225,38.796],[125.217,38.74],[125.188,38.739],[125.137,38.804],[125.152,38.892],[125.199,38.986],[125.271,39.081],[125.335,39.083],[125.284,39.09],[125.287,39.152],[125.344,39.169],[125.329,39.193],[125.344,39.213],[125.411,39.214],[125.394,39.246],[125.445,39.311],[125.416,39.32],[125.405,39.365],[125.424,39.357],[125.459,39.385],[125.357,39.399],[125.384,39.44],[125.343,39.434],[125.346,39.46],[125.397,39.502],[125.414,39.539],[125.45,39.558],[125.445,39.584],[125.286,39.521],[125.21,39.573],[125.225,39.591],[125.158,39.591],[125.171,39.564],[125.117,39.566],[125.098,39.603],[125.048,39.604],[124.958,39.662],[124.938,39.646],[124.902,39.662],[124.882,39.704],[124.771,39.742],[124.746,39.783],[124.745,39.691],[124.757,39.688],[124.73,39.665],[124.744,39.644],[124.695,39.638],[124.637,39.59],[124.611,39.629],[124.645,39.669],[124.647,39.698],[124.624,39.694],[124.585,39.724],[124.589,39.766],[124.562,39.787],[124.564,39.814],[124.418,39.825],[124.397,39.866],[124.363,39.872],[124.322,39.913],[124.37,39.94],[124.383,40.003],[124.406,40.028],[124.5,40.023],[124.41,40.036],[124.37,40.098],[124.549,40.221],[124.571,40.252],[124.643,40.294],[124.712,40.31],[124.741,40.37],[124.801,40.394],[124.896,40.484],[124.935,40.456],[125.041,40.461],[125.015,40.508],[125.025,40.534],[125.256,40.615],[125.293,40.649],[125.413,40.632],[125.419,40.667],[125.453,40.673],[125.469,40.713],[125.546,40.726],[125.572,40.785],[125.61,40.761],[125.683,40.769],[125.645,40.811],[125.706,40.86],[125.761,40.886],[125.832,40.871],[125.902,40.899],[125.95,40.883],[126.008,40.899],[126.01,40.914],[125.981,40.914],[126.046,40.945],[126.076,40.997],[126.104,41.009],[126.138,41.057],[126.124,41.076],[126.275,41.153],[126.441,41.348],[126.473,41.367],[126.501,41.366],[126.488,41.344],[126.522,41.352],[126.501,41.434],[126.577,41.562],[126.567,41.614],[126.618,41.666],[126.669,41.667],[126.728,41.701],[126.679,41.736],[126.727,41.737],[126.789,41.696],[126.809,41.73],[126.865,41.747],[126.887,41.785],[126.93,41.801],[126.946,41.766],[127.043,41.733],[127.077,41.681],[127.049,41.678],[127.059,41.643],[127.105,41.626],[127.097,41.612],[127.18,41.585],[127.105,41.537],[127.135,41.522],[127.156,41.531],[127.18,41.517],[127.207,41.546],[127.245,41.528],[127.281,41.531],[127.29,41.519],[127.269,41.505],[127.305,41.495],[127.543,41.491],[127.559,41.458],[127.638,41.43],[127.663,41.447],[127.849,41.431],[127.881,41.461],[127.944,41.471],[127.974,41.45],[128.001,41.471],[128.015,41.413],[128.051,41.421],[128.047,41.399],[128.064,41.388],[128.104,41.4],[128.118,41.393],[128.104,41.379],[128.146,41.376],[128.186,41.404],[128.303,41.583],[128.251,41.66],[128.159,41.712],[128.091,41.842],[128.048,41.864],[128.02,41.965],[128.035,41.994],[128.262,42.033],[128.502,41.996],[128.564,42.001],[128.608,42.03],[128.709,42.03],[128.721,42.048],[128.903,42.026],[128.94,42.035],[128.964,42.089],[129.027,42.102],[129.065,42.154],[129.12,42.149],[129.211,42.22],[129.209,42.235],[129.181,42.243],[129.228,42.298],[129.194,42.318],[129.236,42.324],[129.236,42.374],[129.304,42.39],[129.327,42.427],[129.352,42.421],[129.34,42.445],[129.386,42.428],[129.434,42.441],[129.535,42.37],[129.588,42.411],[129.592,42.448],[129.703,42.442],[129.729,42.476],[129.737,42.585],[129.763,42.606],[129.742,42.629],[129.777,42.647],[129.788,42.677],[129.758,42.704],[129.757,42.735],[129.852,42.962],[129.907,42.976],[129.88,42.996],[129.934,43.008],[130.008,42.961],[130.121,42.982],[130.13,42.959],[130.099,42.922],[130.239,42.902],[130.256,42.867],[130.243,42.743],[130.263,42.709],[130.325,42.65],[130.428,42.599],[130.431,42.562],[130.453,42.549],[130.468,42.555],[130.455,42.585],[130.468,42.6],[130.501,42.611],[130.517,42.599],[130.531,42.53],[130.576,42.446],[130.646,42.401],[130.663,42.321],[130.7,42.295],[130.598,42.263],[130.595,42.298],[130.51,42.336],[130.466,42.335],[130.469,42.322],[130.44,42.309],[130.407,42.325],[130.384,42.291],[130.386,42.271],[130.406,42.261],[130.401,42.242],[130.368,42.256],[130.37,42.232],[130.307,42.183],[130.316,42.219],[130.294,42.237],[130.202,42.174],[130.199,42.101],[130.174,42.099],[130.159,42.073],[130.12,42.09],[130.073,42.078],[130.034,41.996],[130.015,42.014],[129.982,41.983],[130.003,41.962],[129.975,41.942],[129.965,41.899],[129.897,41.904],[129.885,41.824],[129.852,41.765],[129.813,41.778],[129.775,41.759],[129.741,41.684],[129.691,41.65],[129.649,41.549],[129.659,41.465],[129.715,41.42],[129.736,41.421],[129.758,41.393],[129.806,41.376],[129.759,41.293],[129.712,41.123],[129.728,41.085],[129.728,40.979],[129.765,40.944],[129.717,40.835],[129.698,40.846],[129.572,40.84],[129.518,40.795],[129.427,40.781],[129.352,40.745],[129.303,40.674],[129.27,40.708],[129.233,40.706],[129.206,40.676],[129.173,40.569],[129.078,40.473],[128.976,40.46],[128.861,40.372],[128.752,40.335],[128.688,40.331],[128.67,40.311],[128.636,40.313],[128.616,40.271],[128.668,40.24],[128.665,40.201],[128.629,40.18],[128.589,40.187],[128.435,40.104],[128.365,40.097],[128.328,40.028],[128.302,40.033],[128.263,40.077],[128.228,40.056],[128.234,40.029],[128.155,40.016],[128.007,40.045],[127.998,40.02],[127.94,39.975],[127.907,39.984],[127.875,39.893],[127.782,39.885],[127.794,39.866],[127.696,39.848],[127.663,39.807],[127.624,39.831],[127.521,39.747],[127.504,39.716],[127.512,39.649],[127.553,39.637],[127.575,39.595],[127.52,39.51],[127.562,39.316],[127.543,39.302],[127.522,39.316],[127.542,39.371],[127.495,39.433],[127.378,39.379],[127.426,39.357],[127.468,39.364],[127.473,39.348],[127.426,39.33],[127.392,39.342],[127.372,39.24],[127.393,39.202],[127.452,39.166],[127.491,39.195],[127.532,39.146],[127.607,39.152],[127.676,39.118],[127.759,39.117],[127.889,38.961],[127.914,38.964],[127.926,38.934],[127.962,38.918],[128.015,38.858],[128.091,38.844],[128.21,38.728],[128.283,38.755],[128.36,38.679],[128.365,38.624]]],[[[124.927,39.605],[124.91,39.594],[124.934,39.551],[124.819,39.495],[124.857,39.528],[124.843,39.538],[124.88,39.612],[124.927,39.605]]],[[[124.883,38.529],[124.904,38.494],[124.822,38.522],[124.799,38.508],[124.79,38.517],[124.794,38.534],[124.844,38.555],[124.883,38.529]]],[[[125.329,37.767],[125.247,37.7],[125.221,37.704],[125.264,37.737],[125.329,37.767]]],[[[125.148,37.786],[125.141,37.8],[125.191,37.815],[125.148,37.786]]],[[[125.03,37.836],[125.042,37.817],[124.998,37.813],[125.028,37.819],[125.03,37.836]]],[[[124.688,39.527],[124.708,39.53],[124.698,39.503],[124.68,39.508],[124.688,39.527]]],[[[124.687,39.545],[124.6,39.536],[124.614,39.553],[124.691,39.57],[124.687,39.545]]],[[[124.596,39.43],[124.593,39.447],[124.615,39.447],[124.619,39.433],[124.596,39.43]]],[[[124.215,39.807],[124.227,39.821],[124.243,39.807],[124.226,39.791],[124.215,39.807]]],[[[116.684,49.823],[116.038,48.87],[116.048,48.8],[116.028,48.767],[115.8,48.53],[115.787,48.493],[115.809,48.274],[115.8,48.242],[115.514,48.132],[115.576,47.91],[115.853,47.706],[115.915,47.684],[115.973,47.709],[116.084,47.807],[116.244,47.863],[116.5,47.836],[116.822,47.876],[117.07,47.81],[117.317,47.654],[117.361,47.651],[117.436,47.73],[117.527,47.786],[117.767,47.993],[117.815,48.005],[117.973,47.998],[118.182,48.028],[118.28,47.998],[118.473,47.989],[118.542,47.966],[118.767,47.756],[119.083,47.662],[119.134,47.528],[119.31,47.476],[119.318,47.462],[119.282,47.415],[119.321,47.407],[119.476,47.309],[119.525,47.251],[119.587,47.238],[119.7,47.16],[119.754,47.094],[119.77,46.993],[119.852,46.911],[119.896,46.899],[119.881,46.873],[119.903,46.842],[119.883,46.753],[119.907,46.718],[119.854,46.66],[119.782,46.656],[119.74,46.613],[119.68,46.592],[119.623,46.616],[119.501,46.628],[119.317,46.612],[119.037,46.669],[118.967,46.74],[118.891,46.714],[118.867,46.758],[118.847,46.765],[118.816,46.758],[118.754,46.691],[118.72,46.677],[118.609,46.706],[118.552,46.686],[118.473,46.686],[118.336,46.722],[118.269,46.723],[118.169,46.678],[118.084,46.668],[118.006,46.627],[117.901,46.608],[117.798,46.52],[117.673,46.516],[117.625,46.536],[117.568,46.604],[117.51,46.578],[117.394,46.571],[117.413,46.525],[117.369,46.476],[117.337,46.357],[116.958,46.366],[116.815,46.387],[116.722,46.329],[116.568,46.291],[116.525,46.227],[116.357,46.106],[116.213,45.908],[116.207,45.881],[116.252,45.803],[116.17,45.709],[116.095,45.677],[116.002,45.676],[115.667,45.454],[115.337,45.395],[115.126,45.394],[114.939,45.374],[114.703,45.427],[114.534,45.386],[114.502,45.303],[114.419,45.201],[114.149,45.03],[114.089,44.962],[114.017,44.927],[113.889,44.908],[113.672,44.768],[113.605,44.74],[113.532,44.745],[113.473,44.771],[113.105,44.794],[112.748,44.865],[112.586,44.924],[112.524,44.993],[112.413,45.066],[112.108,45.067],[111.958,45.085],[111.927,45.061],[111.843,45.04],[111.739,44.966],[111.551,44.693],[111.538,44.583],[111.424,44.448],[111.397,44.387],[111.411,44.326],[111.491,44.283],[111.504,44.226],[111.544,44.157],[111.634,44.066],[111.839,43.939],[111.944,43.786],[111.933,43.697],[111.846,43.667],[111.754,43.663],[111.568,43.503],[111.401,43.476],[111.339,43.438],[110.973,43.316],[110.68,43.058],[110.608,42.945],[110.449,42.837],[110.407,42.769],[110.14,42.683],[110.06,42.638],[109.913,42.629],[109.667,42.549],[109.485,42.449],[109.253,42.426],[108.961,42.448],[108.797,42.398],[108.536,42.435],[108.32,42.433],[108.177,42.454],[106.768,42.287],[105.869,41.993],[105.358,41.786],[105.201,41.743],[105.015,41.596],[104.974,41.586],[104.892,41.645],[104.505,41.657],[104.501,41.871],[103.691,41.759],[103.073,42.005],[102.034,42.185],[101.974,42.208],[101.886,42.278],[101.735,42.461],[101.638,42.515],[101.525,42.537],[101.411,42.545],[101.219,42.53],[100.017,42.677],[99.474,42.564],[97.193,42.787],[96.358,42.724],[96.319,42.91],[95.874,43.247],[95.833,43.409],[95.692,43.631],[95.589,43.869],[95.535,43.958],[95.51,43.979],[95.319,44.017],[95.323,44.158],[95.398,44.281],[95.037,44.255],[94.698,44.343],[94.588,44.436],[94.43,44.504],[94.338,44.512],[94.277,44.59],[94.182,44.661],[94.059,44.651],[93.927,44.673],[93.714,44.875],[93.525,44.951],[93.421,44.955],[93.341,44.985],[93.244,44.982],[93.166,45.008],[92.945,45.006],[92.848,45.039],[92.475,44.997],[92.285,45.02],[92.219,45.01],[92.043,45.075],[91.663,45.06],[91.534,45.071],[91.438,45.146],[91.367,45.114],[91.249,45.13],[91.184,45.154],[91.135,45.198],[91.057,45.218],[90.975,45.215],[90.873,45.186],[90.858,45.215],[90.867,45.254],[90.797,45.293],[90.753,45.421],[90.651,45.493],[90.711,45.752],[90.919,45.95],[90.986,45.993],[91.002,46.022],[90.996,46.114],[90.949,46.168],[90.896,46.302],[90.936,46.344],[91.047,46.566],[90.996,46.595],[91.016,46.703],[91.005,46.74],[90.925,46.813],[90.936,46.864],[90.885,46.945],[90.828,46.982],[90.742,46.992],[90.712,47.015],[90.469,47.309],[90.487,47.378],[90.448,47.404],[90.441,47.493],[90.382,47.538],[90.327,47.623],[90.345,47.659],[90.163,47.71],[90.083,47.756],[90.052,47.811],[90.064,47.851],[90.045,47.88],[89.947,47.883],[89.934,47.844],[89.889,47.824],[89.751,47.824],[89.723,47.878],[89.655,47.9],[89.627,47.944],[89.583,47.962],[89.572,48.02],[89.542,48.031],[89.425,48.022],[89.354,48.039],[89.219,47.977],[89.046,47.993],[88.917,48.106],[88.805,48.106],[88.709,48.166],[88.636,48.176],[88.596,48.198],[88.561,48.268],[88.565,48.343],[88.503,48.393],[88.417,48.394],[88.305,48.469],[88.236,48.493],[88.166,48.494],[88.063,48.543],[88.017,48.54],[87.952,48.575],[87.943,48.599],[88.055,48.673],[88.059,48.708],[87.975,48.756],[87.908,48.759],[87.821,48.788],[87.796,48.84],[87.738,48.869],[87.736,48.887],[87.757,48.92],[87.873,48.968],[87.872,49.004],[87.822,49.029],[87.836,49.101],[87.816,49.166],[87.957,49.169],[88.144,49.271],[88.148,49.297],[88.116,49.357],[88.175,49.444],[88.379,49.476],[88.539,49.467],[88.616,49.493],[88.696,49.447],[88.871,49.436],[88.855,49.474],[88.859,49.527],[88.889,49.542],[88.975,49.456],[89.161,49.503],[89.216,49.545],[89.178,49.598],[89.187,49.622],[89.216,49.634],[89.339,49.581],[89.372,49.582],[89.442,49.644],[89.702,49.72],[89.713,49.735],[89.702,49.753],[89.626,49.788],[89.644,49.819],[89.615,49.842],[89.624,49.903],[89.668,49.927],[89.866,49.943],[89.969,49.967],[89.996,49.993],[90.021,50.071],[90.223,50.114],[90.344,50.175],[90.425,50.187],[90.475,50.215],[90.684,50.216],[90.713,50.238],[90.727,50.292],[90.84,50.321],[91.012,50.425],[91.13,50.426],[91.26,50.467],[91.416,50.461],[91.475,50.536],[91.576,50.562],[91.653,50.64],[91.75,50.684],[91.9,50.707],[92.159,50.689],[92.243,50.72],[92.294,50.791],[92.302,50.843],[92.361,50.868],[92.4,50.851],[92.443,50.786],[92.555,50.743],[92.612,50.688],[92.65,50.674],[92.735,50.705],[92.76,50.771],[92.796,50.788],[92.921,50.792],[92.962,50.778],[92.973,50.694],[93.011,50.623],[93.105,50.599],[93.422,50.609],[93.536,50.585],[94.259,50.558],[94.328,50.404],[94.332,50.301],[94.354,50.224],[94.392,50.186],[94.492,50.152],[94.509,50.11],[94.603,50.02],[94.922,50.046],[94.981,50.025],[95.028,49.963],[95.076,49.946],[95.355,49.948],[95.501,49.887],[95.584,49.937],[95.721,49.959],[95.788,50.012],[95.828,50.02],[95.867,50.015],[95.923,49.945],[95.946,49.939],[96.056,49.999],[96.236,49.949],[96.346,49.889],[96.503,49.922],[96.585,49.858],[96.702,49.914],[96.969,49.887],[97.057,49.813],[97.12,49.794],[97.153,49.75],[97.302,49.726],[97.391,49.749],[97.574,49.848],[97.581,49.878],[97.567,49.917],[97.756,49.961],[97.83,49.923],[97.906,49.973],[98.048,50.023],[98.106,50.064],[98.262,50.284],[98.266,50.401],[98.298,50.46],[98.293,50.519],[98.251,50.551],[98.136,50.571],[98.038,50.623],[97.944,50.774],[97.947,50.796],[97.99,50.836],[97.985,50.847],[97.836,50.941],[97.809,50.97],[97.806,51.001],[97.87,51.087],[97.929,51.215],[97.923,51.318],[98.04,51.457],[98.111,51.485],[98.22,51.475],[98.234,51.517],[98.228,51.583],[98.332,51.718],[98.619,51.781],[98.683,51.819],[98.777,51.93],[98.8,51.993],[98.847,52.039],[98.856,52.107],[98.886,52.129],[98.962,52.113],[98.995,52.058],[99.233,51.994],[99.324,51.934],[99.557,51.891],[99.71,51.881],[99.918,51.749],[100.006,51.732],[100.511,51.727],[101.117,51.528],[101.242,51.515],[101.35,51.45],[101.526,51.476],[101.644,51.45],[101.724,51.451],[101.822,51.414],[101.902,51.417],[101.974,51.387],[102.075,51.375],[102.193,51.307],[102.135,51.24],[102.15,51.185],[102.147,51.098],[102.23,50.979],[102.215,50.938],[102.239,50.912],[102.203,50.829],[102.217,50.799],[102.308,50.748],[102.329,50.719],[102.276,50.65],[102.272,50.621],[102.303,50.564],[102.328,50.546],[102.472,50.525],[102.513,50.504],[102.587,50.415],[102.618,50.399],[102.763,50.375],[102.927,50.303],[103.13,50.309],[103.202,50.297],[103.277,50.198],[103.439,50.193],[103.601,50.134],[103.668,50.131],[103.785,50.186],[104.04,50.141],[104.122,50.148],[104.198,50.17],[104.269,50.229],[104.406,50.301],[104.61,50.314],[104.672,50.348],[104.79,50.353],[104.902,50.39],[105.106,50.39],[105.241,50.458],[105.329,50.476],[105.639,50.422],[105.779,50.429],[105.985,50.4],[106.039,50.371],[106.056,50.334],[106.135,50.327],[106.222,50.292],[106.44,50.328],[106.657,50.327],[106.788,50.292],[106.974,50.196],[107.057,50.074],[107.192,50.006],[107.225,49.997],[107.305,50.01],[107.364,49.976],[107.729,49.972],[107.808,49.944],[107.947,49.933],[107.953,49.897],[107.93,49.851],[107.956,49.746],[107.927,49.67],[108.016,49.656],[108.005,49.618],[108.016,49.602],[108.106,49.554],[108.236,49.532],[108.335,49.436],[108.538,49.327],[108.93,49.349],[109.033,49.328],[109.161,49.347],[109.287,49.339],[109.411,49.303],[109.451,49.306],[109.474,49.269],[109.516,49.256],[109.729,49.266],[109.818,49.228],[110.181,49.162],[110.268,49.177],[110.371,49.242],[110.451,49.195],[110.604,49.145],[110.731,49.138],[110.966,49.207],[111.139,49.292],[111.274,49.323],[111.338,49.365],[111.479,49.343],[111.661,49.396],[112.03,49.412],[112.473,49.534],[112.584,49.526],[112.701,49.491],[112.777,49.501],[112.947,49.576],[113.061,49.596],[113.087,49.687],[113.183,49.802],[113.58,50.02],[113.752,50.079],[113.85,50.081],[113.973,50.161],[114.055,50.184],[114.2,50.256],[114.286,50.277],[114.473,50.234],[114.66,50.251],[114.754,50.236],[114.997,50.144],[115.063,50.078],[115.21,49.972],[115.388,49.891],[115.578,49.894],[115.716,49.878],[116.054,49.998],[116.218,50.014],[116.575,49.922],[116.684,49.823]]],[[[87.816,49.166],[87.506,49.121],[87.476,49.088],[87.4,49.071],[87.324,49.085],[87.272,49.205],[87.19,49.238],[87.025,49.249],[87.013,49.281],[86.913,49.339],[86.905,49.352],[86.933,49.39],[86.814,49.45],[86.824,49.509],[86.733,49.551],[86.643,49.547],[86.592,49.587],[86.647,49.654],[86.776,49.695],[86.741,49.723],[86.76,49.768],[86.748,49.783],[86.685,49.778],[86.61,49.796],[86.565,49.743],[86.473,49.708],[86.475,49.671],[86.272,49.584],[86.177,49.463],[86.112,49.52],[86.07,49.526],[85.98,49.483],[85.946,49.481],[85.931,49.493],[85.941,49.56],[85.881,49.563],[85.809,49.537],[85.747,49.573],[85.673,49.56],[85.615,49.617],[85.476,49.583],[85.384,49.616],[85.263,49.582],[85.224,49.596],[85.195,49.626],[85.185,49.705],[85.082,49.8],[85.056,49.873],[84.955,49.907],[84.955,49.99],[85.025,50.004],[85.028,50.021],[84.987,50.067],[84.91,50.095],[84.839,50.081],[84.791,50.133],[84.72,50.137],[84.642,50.185],[84.536,50.191],[84.441,50.245],[84.369,50.212],[84.331,50.213],[84.304,50.243],[84.25,50.26],[84.239,50.345],[84.177,50.439],[84.196,50.511],[84.102,50.629],[83.976,50.686],[83.95,50.718],[83.951,50.78],[83.883,50.812],[83.82,50.868],[83.713,50.882],[83.61,50.932],[83.498,50.945],[83.434,50.993],[83.108,50.993],[83.058,50.917],[82.976,50.882],[82.726,50.901],[82.7,50.881],[82.698,50.811],[82.673,50.79],[82.476,50.714],[82.408,50.748],[82.328,50.752],[82.288,50.737],[82.256,50.745],[82.199,50.709],[82.147,50.702],[82.096,50.708],[81.945,50.769],[81.822,50.766],[81.744,50.785],[81.674,50.736],[81.46,50.73],[81.419,50.762],[81.466,50.834],[81.416,50.89],[81.401,50.959],[81.277,50.963],[81.104,50.937],[81.052,50.956],[81.147,51.136],[81.152,51.187],[81.113,51.196],[81.07,51.172],[81.022,51.177],[80.924,51.216],[80.906,51.284],[80.882,51.285],[80.843,51.258],[80.683,51.302],[80.632,51.278],[80.599,51.209],[80.452,51.208],[80.422,51.188],[80.411,51.105],[80.452,51.073],[80.464,51.044],[80.439,50.958],[80.36,50.919],[80.267,50.916],[80.181,50.876],[80.143,50.817],[80.102,50.822],[80.049,50.852],[80.015,50.839],[80.086,50.752],[80.021,50.767],[79.967,50.81],[79.47,51.493],[79.043,51.993],[78.476,52.638],[77.867,53.272],[77.613,53.443],[76.526,53.961],[76.495,53.992],[76.476,54.042],[76.377,54.154],[76.476,54.164],[76.665,54.134],[76.762,54.203],[76.838,54.297],[76.834,54.346],[76.753,54.377],[76.805,54.41],[76.904,54.433],[76.91,54.455],[76.896,54.464],[76.782,54.439],[76.673,54.436],[76.652,54.422],[76.641,54.367],[76.623,54.356],[76.562,54.356],[76.476,54.323],[76.433,54.317],[76.234,54.347],[76.177,54.307],[76.184,54.252],[75.64,54.099],[75.429,54.09],[75.361,54.06],[75.434,53.987],[75.028,53.808],[74.888,53.836],[74.772,53.831],[74.735,53.765],[74.654,53.748],[74.616,53.681],[74.453,53.685],[74.438,53.673],[74.421,53.603],[74.457,53.57],[74.388,53.462],[74.27,53.515],[74.27,53.553],[74.25,53.557],[74.223,53.595],[74.148,53.598],[74.119,53.57],[74.077,53.566],[74.063,53.573],[74.058,53.625],[73.904,53.639],[73.788,53.595],[73.653,53.609],[73.641,53.563],[73.583,53.559],[73.547,53.507],[73.411,53.43],[73.347,53.459],[73.391,53.52],[73.231,53.572],[73.259,53.606],[73.225,53.63],[73.23,53.662],[73.307,53.686],[73.331,53.775],[73.347,53.788],[73.438,53.809],[73.391,53.828],[73.432,53.865],[73.485,53.875],[73.634,53.857],[73.683,53.874],[73.741,54.058],[73.685,54.048],[73.67,54.076],[73.602,54.071],[73.589,54.066],[73.604,54.035],[73.587,54.019],[73.528,54.011],[73.518,53.956],[73.482,53.945],[73.393,53.974],[73.36,53.938],[73.063,53.979],[73.024,54.034],[72.977,54.048],[72.968,54.104],[72.942,54.122],[72.624,54.135],[72.573,54.129],[72.527,54.1],[72.503,54.051],[72.632,54.054],[72.656,54.043],[72.695,53.993],[72.7,53.958],[72.674,53.951],[72.557,53.977],[72.477,53.913],[72.392,53.908],[72.373,53.936],[72.419,54.016],[72.364,54.06],[72.358,54.093],[72.408,54.09],[72.423,54.109],[72.467,54.11],[72.483,54.136],[72.299,54.178],[72.333,54.224],[72.324,54.253],[72.279,54.263],[72.253,54.303],[72.185,54.357],[72.043,54.378],[72.025,54.371],[72.027,54.355],[72.103,54.312],[72.072,54.263],[72.067,54.222],[72.17,54.197],[72.187,54.179],[72.19,54.152],[72.155,54.128],[72.1,54.132],[72.019,54.215],[71.984,54.232],[71.762,54.248],[71.715,54.211],[71.709,54.132],[71.647,54.109],[71.574,54.129],[71.477,54.11],[71.453,54.181],[71.321,54.201],[71.218,54.116],[71.161,54.102],[71.097,54.165],[71.044,54.186],[71.052,54.263],[70.977,54.27],[70.971,54.305],[71.003,54.333],[71.116,54.312],[71.191,54.318],[71.198,54.4],[71.166,54.417],[71.171,54.451],[71.145,54.481],[71.141,54.564],[71.148,54.591],[71.252,54.625],[71.265,54.662],[71.201,54.724],[71.097,54.733],[71.006,54.774],[70.99,54.849],[70.946,54.888],[70.974,54.947],[70.957,54.973],[70.977,55.078],[70.96,55.106],[70.793,55.233],[70.789,55.265],[70.82,55.294],[70.721,55.313],[70.666,55.309],[70.561,55.27],[70.441,55.283],[70.388,55.23],[70.382,55.206],[70.285,55.183],[70.214,55.132],[70.059,55.187],[69.94,55.2],[69.802,55.292],[69.674,55.334],[69.477,55.349],[69.335,55.385],[69.186,55.326],[69.123,55.398],[68.927,55.434],[68.902,55.412],[68.918,55.371],[68.977,55.347],[68.971,55.279],[68.923,55.276],[68.846,55.337],[68.701,55.36],[68.676,55.273],[68.614,55.243],[68.605,55.196],[68.477,55.183],[68.377,55.195],[68.306,55.181],[68.262,55.194],[68.177,55.171],[68.207,55.154],[68.191,55.125],[68.308,55.073],[68.304,55.053],[68.235,55.039],[68.166,54.956],[68.01,54.943],[67.882,54.97],[67.817,54.952],[67.698,54.868],[67.623,54.854],[67.311,54.86],[67.213,54.797],[67.099,54.792],[66.977,54.764],[66.782,54.758],[66.7,54.719],[66.447,54.711],[65.977,54.612],[65.961,54.628],[65.952,54.694],[65.933,54.703],[65.827,54.673],[65.744,54.601],[65.45,54.627],[65.449,54.557],[65.342,54.561],[65.198,54.516],[65.202,54.473],[65.181,54.449],[65.213,54.343],[65.184,54.31],[65.085,54.309],[64.978,54.387],[64.911,54.403],[64.72,54.334],[64.653,54.347],[64.579,54.386],[64.511,54.365],[64.467,54.372],[64.433,54.352],[64.294,54.353],[64.177,54.321],[64.094,54.324],[64.06,54.304],[64.004,54.32],[63.979,54.296],[64.025,54.255],[64.008,54.229],[63.897,54.194],[63.709,54.25],[63.545,54.206],[63.478,54.204],[63.368,54.163],[63.157,54.18],[63.11,54.158],[63.127,54.11],[63.085,54.086],[62.985,54.093],[62.902,54.078],[62.812,54.095],[62.581,54.054],[62.551,54.027],[62.587,53.97],[62.532,53.93],[62.545,53.884],[62.525,53.872],[62.39,53.942],[62.4,53.974],[62.444,53.992],[62.446,54.015],[62.413,54.027],[62.003,54.017],[62.004,53.932],[61.856,53.943],[61.836,53.951],[61.821,53.993],[61.791,54.001],[61.742,53.982],[61.62,53.993],[61.611,53.96],[61.582,53.948],[61.556,53.961],[61.553,53.993],[61.479,54.003],[61.418,54.056],[61.338,54.063],[61.25,54.021],[61.194,54.018],[61.231,53.943],[61.211,53.908],[61.176,53.917],[61.145,53.95],[60.996,53.941],[60.972,53.916],[60.978,53.883],[61.085,53.875],[61.202,53.82],[61.199,53.797],[61.127,53.747],[61.107,53.712],[61.052,53.703],[61.043,53.654],[61.008,53.636],[60.905,53.657],[60.88,53.633],[60.907,53.614],[61.096,53.599],[61.14,53.563],[61.281,53.542],[61.316,53.545],[61.361,53.583],[61.503,53.589],[61.528,53.572],[61.555,53.506],[61.412,53.436],[61.353,53.45],[61.288,53.503],[61.235,53.503],[61.218,53.493],[61.201,53.436],[61.137,53.373],[61.134,53.348],[61.163,53.299],[61.203,53.276],[61.38,53.262],[61.514,53.209],[61.643,53.243],[61.764,53.169],[62.051,53.125],[62.083,53.113],[62.116,53.065],[62.094,52.992],[62.035,52.953],[61.959,52.935],[61.82,52.978],[61.675,52.974],[61.606,52.948],[61.448,53.021],[61.349,52.985],[61.287,52.985],[61.19,53.013],[61.089,52.978],[60.975,52.971],[61.058,52.922],[60.885,52.825],[60.829,52.772],[60.696,52.735],[60.673,52.672],[60.724,52.626],[60.803,52.628],[60.815,52.522],[60.936,52.489],[60.961,52.402],[61.04,52.335],[60.897,52.255],[60.781,52.221],[60.672,52.144],[60.507,52.152],[60.426,52.13],[60.203,51.993],[60.003,51.993],[59.986,51.952],[60.061,51.859],[60.118,51.864],[60.138,51.889],[60.274,51.833],[60.452,51.805],[60.476,51.776],[60.44,51.754],[60.437,51.728],[60.356,51.692],[60.355,51.671],[60.376,51.663],[60.485,51.651],[60.515,51.618],[60.937,51.611],[60.945,51.544],[61.029,51.483],[61.305,51.453],[61.356,51.46],[61.474,51.426],[61.563,51.296],[61.664,51.258],[61.567,51.234],[61.534,51.206],[61.427,50.833],[61.372,50.782],[60.718,50.653],[60.3,50.685],[60.177,50.742],[60.136,50.844],[60.021,50.854],[59.962,50.83],[59.915,50.746],[59.915,50.674],[59.816,50.563],[59.775,50.534],[59.622,50.524],[59.523,50.475],[59.466,50.507],[59.452,50.537],[59.478,50.552],[59.56,50.554],[59.563,50.58],[59.438,50.631],[59.273,50.616],[59.197,50.663],[58.926,50.678],[58.812,50.725],[58.748,50.795],[58.664,50.79],[58.647,50.801],[58.641,50.863],[58.571,50.864],[58.55,50.893],[58.554,50.925],[58.596,50.962],[58.595,51.023],[58.52,51.062],[58.378,51.071],[58.366,51.109],[58.308,51.15],[58.224,51.123],[58.191,51.066],[58.168,51.055],[58.114,51.065],[58.077,51.098],[57.96,51.077],[57.912,51.103],[57.769,51.12],[57.734,51.074],[57.737,50.938],[57.722,50.909],[57.689,50.897],[57.556,50.919],[57.468,50.858],[57.418,50.862],[57.334,50.897],[57.273,50.997],[57.197,51.017],[57.181,51.073],[57.154,51.1],[57.072,51.07],[56.865,51.052],[56.76,51.08],[56.716,51.072],[56.68,51.05],[56.71,50.982],[56.688,50.969],[56.597,50.984],[56.508,51.066],[56.478,51.073],[56.421,51.034],[56.432,50.976],[56.35,50.948],[56.336,50.896],[56.315,50.884],[56.158,50.906],[56.1,50.748],[56.079,50.725],[55.66,50.53],[55.57,50.588],[55.524,50.601],[55.468,50.657],[55.348,50.651],[55.305,50.665],[55.084,50.797],[55.061,50.823],[55.063,50.862],[55.048,50.884],[54.894,50.912],[54.812,50.972],[54.686,51.024],[54.638,51.028],[54.534,51.003],[54.525,50.991],[54.546,50.953],[54.503,50.928],[54.638,50.886],[54.652,50.846],[54.627,50.812],[54.65,50.786],[54.639,50.707],[54.676,50.603],[54.591,50.542],[54.499,50.523],[54.436,50.548],[54.38,50.619],[54.422,50.769],[54.485,50.825],[54.479,50.853],[54.276,50.904],[54.145,50.993],[54.112,51.096],[54.018,51.119],[53.994,51.153],[53.936,51.186],[53.858,51.185],[53.674,51.22],[53.594,51.289],[53.593,51.339],[53.574,51.353],[53.618,51.372],[53.61,51.388],[53.453,51.442],[53.407,51.484],[53.346,51.503],[53.214,51.495],[53.166,51.515],[53.149,51.505],[53.157,51.487],[53.037,51.49],[52.944,51.453],[52.883,51.467],[52.897,51.485],[52.821,51.487],[52.78,51.508],[52.669,51.455],[52.546,51.46],[52.479,51.505],[52.445,51.58],[52.378,51.66],[52.335,51.764],[52.308,51.775],[52.258,51.724],[52.148,51.716],[52.092,51.659],[51.869,51.673],[51.765,51.593],[51.782,51.493],[51.693,51.454],[51.647,51.451],[51.624,51.481],[51.62,51.519],[51.584,51.535],[51.56,51.535],[51.515,51.493],[51.462,51.475],[51.304,51.472],[51.237,51.536],[51.359,51.561],[51.381,51.587],[51.372,51.63],[51.288,51.643],[51.234,51.685],[51.17,51.669],[50.925,51.68],[50.839,51.746],[50.767,51.759],[50.744,51.742],[50.747,51.709],[50.795,51.626],[50.791,51.597],[50.72,51.567],[50.671,51.568],[50.659,51.576],[50.694,51.611],[50.582,51.635],[50.576,51.588],[50.525,51.566],[50.527,51.47],[50.479,51.454],[50.457,51.427],[50.36,51.413],[50.376,51.397],[50.338,51.372],[50.349,51.323],[50.325,51.303],[50.207,51.266],[49.987,51.23],[49.779,51.102],[49.437,51.112],[49.347,50.964],[49.424,50.882],[49.408,50.848],[49.369,50.827],[49.144,50.782],[49.013,50.683],[48.83,50.596],[48.74,50.598],[48.609,50.648],[48.568,50.637],[48.573,50.617],[48.648,50.602],[48.673,50.58],[48.674,50.478],[48.701,50.335],[48.789,50.173],[48.783,50.111],[48.852,50.097],[48.874,50.07],[48.886,50.02],[48.785,49.933],[48.479,49.843],[48.43,49.81],[48.303,49.867],[48.239,49.865],[48.2,49.925],[48.142,49.964],[48.075,50.105],[48.025,50.131],[47.993,50.182],[47.808,50.32],[47.599,50.453],[47.557,50.453],[47.47,50.412],[47.392,50.323],[47.323,50.304],[47.295,50.275],[47.322,50.237],[47.265,50.186],[47.273,50.158],[47.328,50.109],[47.329,50.073],[47.309,50.045],[47.177,49.947],[46.959,49.884],[46.923,49.861],[46.9,49.82],[46.775,49.333],[46.979,49.244],[47.029,49.201],[47.04,49.15],[47.021,49.097],[46.93,49.004],[46.754,48.914],[46.478,48.411],[47.099,48.265],[47.112,48.242],[47.075,48.205],[47.116,48.154],[47.104,48.101],[47.192,48.072],[47.137,48.027],[47.044,47.986],[47.159,47.872],[47.125,47.832],[47.124,47.808],[47.36,47.683],[47.383,47.705],[47.389,47.812],[47.412,47.836],[47.65,47.766],[48.044,47.77],[48.174,47.713],[48.411,47.446],[48.525,47.41],[48.697,47.101],[49.006,46.769],[48.917,46.703],[48.764,46.683],[48.74,46.691],[48.677,46.758],[48.618,46.77],[48.557,46.762],[48.506,46.733],[48.455,46.661],[48.53,46.638],[48.563,46.591],[48.539,46.568],[48.705,46.55],[48.82,46.479],[48.918,46.474],[49.033,46.405],[49.227,46.328],[49.306,46.263],[49.282,46.25],[49.16,46.292],[49.142,46.31],[49.168,46.328],[49.15,46.336],[49.076,46.286],[49.059,46.252],[49.105,46.241],[49.115,46.151],[49.069,46.192],[49.042,46.196],[48.935,46.142],[48.955,46.108],[48.932,46.085],[48.899,46.148],[48.88,46.156],[48.887,46.108],[48.839,46.149],[48.874,46.078],[48.86,46.074],[48.819,46.125],[48.791,46.128],[48.828,46.088],[48.818,46.056],[48.782,46.097],[48.714,46.13],[48.702,46.115],[48.679,46.12],[48.664,46.09],[48.627,46.087],[48.688,46.067],[48.729,46.02],[48.647,45.971],[48.655,45.957],[48.699,45.973],[48.752,45.966],[48.742,45.914],[48.791,45.841],[48.765,45.852],[48.721,45.838],[48.716,45.814],[48.687,45.849],[48.71,45.882],[48.63,45.91],[48.594,45.958],[48.555,45.967],[48.51,45.941],[48.466,45.94],[48.394,45.868],[48.365,45.876],[48.363,45.858],[48.414,45.844],[48.399,45.835],[48.289,45.837],[48.277,45.786],[48.221,45.765],[48.243,45.71],[48.18,45.74],[48.148,45.743],[48.134,45.724],[48.079,45.752],[48.007,45.701],[47.969,45.732],[47.897,45.694],[47.859,45.724],[47.835,45.66],[47.852,45.642],[47.818,45.608],[47.752,45.691],[47.665,45.708],[47.619,45.759],[47.56,45.772],[47.555,45.744],[47.592,45.745],[47.626,45.709],[47.609,45.639],[47.661,45.622],[47.646,45.592],[47.654,45.559],[47.615,45.57],[47.586,45.626],[47.541,45.666],[47.482,45.669],[47.433,45.694],[47.455,45.717],[47.503,45.717],[47.385,45.75],[47.428,45.676],[47.551,45.628],[47.572,45.567],[47.542,45.537],[47.509,45.571],[47.51,45.594],[47.494,45.585],[47.538,45.506],[47.501,45.48],[47.497,45.43],[47.381,45.411],[47.46,45.391],[47.384,45.299],[47.37,45.186],[47.297,45.187],[47.201,44.97],[47.166,44.967],[47.146,44.929],[47.099,44.956],[47.112,44.87],[47.078,44.785],[47.024,44.843],[47.003,44.922],[46.989,44.915],[46.984,44.893],[47.01,44.83],[46.962,44.765],[46.924,44.772],[46.868,44.74],[46.831,44.696],[46.792,44.706],[46.746,44.654],[46.722,44.655],[46.708,44.57],[46.723,44.549],[46.68,44.528],[46.701,44.446],[46.759,44.401],[46.852,44.398],[47.026,44.36],[47.055,44.328],[47.078,44.264],[47.122,44.223],[47.18,44.203],[47.222,44.231],[47.246,44.212],[47.29,44.093],[47.358,44.021],[47.433,43.876],[47.462,43.86],[47.441,43.819],[47.483,43.825],[47.503,43.781],[47.445,43.738],[47.434,43.716],[47.455,43.689],[47.394,43.606],[47.366,43.621],[47.38,43.56],[47.405,43.544],[47.404,43.511],[47.424,43.504],[47.448,43.518],[47.465,43.552],[47.478,43.644],[47.507,43.686],[47.503,43.715],[47.534,43.776],[47.544,43.865],[47.596,43.901],[47.702,43.874],[47.644,43.83],[47.602,43.766],[47.491,43.463],[47.493,43.296],[47.51,43.292],[47.57,43.334],[47.586,43.3],[47.565,43.268],[47.486,43.213],[47.482,43.127],[47.455,43.1],[47.462,43.021],[47.53,42.962],[47.59,42.943],[47.622,42.905],[47.698,42.867],[47.727,42.663],[47.752,42.637],[47.868,42.585],[47.993,42.42],[48.096,42.35],[48.222,42.175],[48.304,42.103],[48.387,41.937],[48.416,41.915],[48.553,41.876],[48.579,41.845],[48.455,41.714],[48.413,41.628],[48.37,41.58],[48.202,41.493],[48.054,41.461],[48.002,41.362],[47.953,41.356],[47.892,41.283],[47.899,41.229],[47.871,41.208],[47.744,41.193],[47.622,41.229],[47.547,41.206],[47.501,41.246],[47.376,41.259],[47.268,41.303],[47.241,41.339],[47.239,41.416],[47.159,41.504],[47.141,41.552],[47.107,41.57],[47.027,41.557],[47.004,41.605],[46.916,41.681],[46.902,41.713],[46.835,41.73],[46.769,41.776],[46.741,41.851],[46.568,41.787],[46.544,41.815],[46.544,41.874],[46.526,41.882],[46.431,41.89],[46.382,41.925],[46.294,41.939],[46.224,41.993],[46.099,41.985],[46.058,42.02],[45.934,42.028],[45.881,42.102],[45.812,42.115],[45.631,42.201],[45.621,42.224],[45.736,42.448],[45.74,42.471],[45.699,42.508],[45.537,42.541],[45.356,42.52],[45.323,42.53],[45.283,42.586],[45.184,42.675],[45.123,42.702],[45.03,42.689],[44.903,42.753],[44.859,42.76],[44.773,42.61],[44.736,42.678],[44.679,42.724],[44.601,42.749],[44.508,42.75],[44.361,42.704],[44.272,42.702],[44.197,42.629],[44.055,42.615],[43.94,42.552],[43.885,42.579],[43.751,42.599],[43.723,42.625],[43.726,42.654],[43.812,42.717],[43.801,42.746],[43.663,42.78],[43.586,42.836],[43.517,42.86],[43.156,42.942],[42.999,43.042],[43.0,43.099],[42.915,43.122],[42.83,43.169],[42.674,43.166],[42.615,43.137],[42.423,43.229],[42.355,43.236],[42.185,43.225],[42.043,43.181],[41.919,43.206],[41.578,43.215],[41.506,43.26],[41.413,43.291],[41.381,43.335],[41.279,43.333],[41.147,43.38],[41.012,43.375],[40.875,43.456],[40.74,43.495],[40.652,43.539],[40.52,43.505],[40.233,43.576],[40.164,43.576],[40.073,43.551],[39.986,43.389],[39.963,43.393],[39.91,43.426],[39.868,43.496],[39.718,43.568],[39.691,43.614],[39.619,43.645],[39.458,43.771],[39.329,43.896],[39.116,44.024],[39.012,44.1],[38.978,44.148],[38.856,44.185],[38.758,44.274],[38.595,44.332],[38.217,44.387],[38.178,44.406],[38.108,44.497],[38.063,44.524],[38.056,44.559],[37.985,44.564],[37.928,44.606],[37.936,44.634],[37.875,44.689],[37.778,44.73],[37.822,44.668],[37.8,44.635],[37.737,44.636],[37.632,44.669],[37.577,44.655],[37.499,44.668],[37.371,44.748],[37.292,44.868],[37.311,44.891],[37.306,44.91],[37.192,44.991],[36.84,45.109],[36.702,45.104],[36.641,45.128],[36.577,45.194],[36.73,45.206],[36.962,45.283],[36.97,45.303],[36.947,45.32],[36.789,45.292],[36.758,45.354],[36.776,45.365],[36.803,45.313],[36.812,45.347],[36.848,45.367],[36.782,45.388],[36.728,45.372],[36.668,45.326],[36.705,45.391],[36.833,45.443],[37.139,45.336],[37.114,45.313],[37.107,45.272],[37.066,45.261],[37.078,45.239],[37.237,45.255],[37.254,45.277],[37.319,45.272],[37.274,45.294],[37.174,45.3],[37.159,45.326],[37.348,45.328],[37.381,45.306],[37.519,45.369],[37.505,45.334],[37.543,45.347],[37.601,45.331],[37.608,45.313],[37.567,45.3],[37.591,45.289],[37.635,45.334],[37.652,45.313],[37.729,45.302],[37.738,45.311],[37.7,45.339],[37.758,45.402],[37.717,45.389],[37.723,45.415],[37.703,45.457],[37.744,45.45],[37.686,45.484],[37.7,45.563],[37.649,45.585],[37.635,45.608],[37.623,45.601],[37.636,45.571],[37.662,45.567],[37.635,45.553],[37.655,45.508],[37.642,45.504],[37.641,45.456],[37.619,45.418],[37.586,45.432],[37.595,45.635],[37.626,45.668],[37.631,45.649],[37.615,45.642],[37.671,45.61],[37.682,45.628],[37.703,45.622],[37.667,45.669],[37.829,45.753],[37.94,46.02],[38.038,46.057],[38.098,46.058],[38.032,46.025],[38.074,46.025],[38.042,45.961],[38.08,45.946],[38.073,45.909],[38.001,45.833],[38.04,45.816],[38.06,45.827],[38.05,45.855],[38.163,46.06],[38.167,46.121],[38.249,46.142],[38.427,46.038],[38.56,46.033],[38.571,46.105],[38.3,46.219],[38.271,46.274],[38.123,46.378],[38.068,46.401],[37.991,46.402],[37.978,46.382],[38.019,46.368],[37.995,46.354],[37.905,46.411],[37.827,46.477],[37.755,46.646],[37.731,46.67],[37.852,46.623],[37.982,46.617],[38.037,46.629],[38.123,46.686],[38.214,46.696],[38.272,46.732],[38.314,46.676],[38.462,46.647],[38.575,46.654],[38.598,46.678],[38.586,46.696],[38.513,46.732],[38.428,46.745],[38.389,46.732],[38.378,46.708],[38.368,46.755],[38.403,46.78],[38.403,46.821],[38.435,46.847],[38.475,46.862],[38.553,46.848],[38.691,46.864],[38.804,46.894],[38.866,46.943],[38.937,46.947],[39.075,47.033],[39.115,47.013],[39.153,47.026],[39.28,47.013],[39.304,47.085],[39.389,47.115],[39.329,47.128],[39.28,47.088],[39.262,47.108],[39.273,47.136],[39.249,47.148],[39.256,47.19],[39.282,47.205],[39.264,47.261],[39.088,47.286],[39.013,47.254],[38.945,47.253],[38.932,47.185],[38.847,47.164],[38.553,47.136],[38.568,47.115],[38.517,47.119],[38.478,47.142],[38.56,47.218],[38.776,47.246],[38.821,47.276],[38.81,47.288],[38.783,47.259],[38.553,47.23],[38.428,47.134],[38.217,47.103],[38.201,47.131],[38.203,47.192],[38.285,47.241],[38.301,47.276],[38.276,47.292],[38.201,47.291],[38.191,47.317],[38.258,47.393],[38.26,47.493],[38.319,47.591],[38.353,47.607],[38.562,47.627],[38.662,47.683],[38.735,47.677],[38.771,47.781],[38.831,47.848],[38.877,47.861],[39.039,47.857],[39.114,47.829],[39.32,47.846],[39.392,47.823],[39.57,47.831],[39.701,47.812],[39.759,47.833],[39.796,47.961],[39.76,48.015],[39.843,48.036],[39.829,48.077],[39.843,48.12],[39.894,48.183],[39.978,48.235],[39.993,48.273],[39.957,48.293],[39.885,48.279],[39.816,48.308],[39.924,48.376],[39.845,48.484],[39.842,48.499],[39.87,48.51],[39.835,48.573],[39.69,48.594],[39.632,48.587],[39.703,48.747],[39.779,48.808],[39.824,48.816],[39.975,48.79],[40.039,48.83],[40.054,48.869],[40.009,48.888],[39.95,48.853],[39.908,48.878],[39.759,48.895],[39.674,48.97],[39.681,49.02],[39.919,49.048],[39.952,49.125],[40.142,49.246],[40.16,49.334],[40.062,49.426],[40.035,49.487],[40.054,49.52],[40.126,49.559],[40.131,49.58],[39.998,49.608],[39.889,49.553],[39.802,49.542],[39.623,49.613],[39.558,49.724],[39.444,49.75],[39.328,49.726],[39.261,49.745],[39.183,49.859],[39.156,49.874],[39.117,49.864],[39.049,49.811],[38.937,49.803],[38.852,49.866],[38.748,49.885],[38.687,49.914],[38.665,49.965],[38.498,49.948],[38.356,49.981],[38.3,50.061],[38.174,50.06],[38.166,49.941],[38.119,49.919],[38.067,49.927],[38.0,49.9],[37.916,50.003],[37.728,50.079],[37.597,50.197],[37.599,50.291],[37.48,50.34],[37.435,50.425],[37.415,50.432],[37.285,50.415],[37.197,50.362],[37.052,50.335],[36.914,50.339],[36.849,50.324],[36.683,50.261],[36.636,50.214],[36.594,50.204],[36.535,50.22],[36.536,50.268],[36.41,50.305],[36.316,50.275],[36.269,50.281],[36.169,50.384],[36.106,50.421],[35.837,50.423],[35.738,50.382],[35.697,50.345],[35.611,50.352],[35.57,50.376],[35.541,50.45],[35.446,50.476],[35.425,50.5],[35.378,50.622],[35.392,50.646],[35.469,50.669],[35.445,50.688],[35.438,50.762],[35.379,50.797],[35.378,50.834],[35.341,50.876],[35.342,50.916],[35.285,50.944],[35.278,50.993],[35.333,51.0],[35.355,51.026],[35.309,51.047],[35.173,51.041],[35.144,51.058],[35.079,51.208],[34.946,51.214],[34.818,51.175],[34.675,51.168],[34.643,51.181],[34.608,51.234],[34.513,51.23],[34.372,51.257],[34.282,51.226],[34.186,51.249],[34.284,51.301],[34.309,51.335],[34.3,51.368],[34.247,51.363],[34.186,51.394],[34.187,51.408],[34.217,51.417],[34.224,51.515],[34.153,51.584],[34.14,51.621],[34.08,51.643],[34.089,51.667],[34.376,51.709],[34.414,51.736],[34.413,51.778],[34.386,51.818],[34.295,51.874],[34.234,51.878],[34.228,51.899],[34.146,51.952],[34.096,51.952],[34.101,51.993],[34.063,52.05],[34.065,52.159],[34.022,52.198],[33.958,52.225],[33.804,52.355],[33.688,52.356],[33.51,52.288],[33.493,52.303],[33.499,52.341],[33.481,52.358],[33.419,52.338],[33.359,52.358],[33.183,52.367],[33.08,52.306],[33.03,52.304],[32.909,52.241],[32.844,52.262],[32.725,52.252],[32.528,52.316],[32.481,52.307],[32.394,52.327],[32.354,52.322],[32.34,52.287],[32.367,52.247],[32.328,52.219],[32.307,52.141],[32.278,52.103],[32.233,52.081],[32.096,52.041],[31.981,52.048],[31.91,52.029],[31.892,52.036],[31.882,52.086],[31.859,52.1],[31.764,52.101],[31.763,52.15],[31.682,52.202],[31.699,52.251],[31.631,52.265],[31.567,52.311],[31.603,52.341],[31.608,52.372],[31.583,52.403],[31.588,52.483],[31.551,52.512],[31.576,52.525],[31.559,52.541],[31.611,52.536],[31.629,52.548],[31.579,52.578],[31.481,52.682],[31.57,52.725],[31.561,52.787],[31.524,52.812],[31.505,52.849],[31.388,52.888],[31.323,52.977],[31.247,53.014],[31.319,53.076],[31.364,53.089],[31.36,53.134],[31.379,53.182],[31.416,53.2],[31.536,53.195],[31.594,53.211],[31.739,53.193],[31.77,53.169],[31.796,53.112],[31.931,53.088],[32.01,53.1],[32.117,53.081],[32.201,53.098],[32.216,53.126],[32.268,53.125],[32.353,53.18],[32.424,53.204],[32.479,53.275],[32.456,53.278],[32.455,53.3],[32.569,53.299],[32.596,53.308],[32.58,53.324],[32.717,53.335],[32.704,53.366],[32.72,53.439],[32.701,53.462],[32.647,53.458],[32.65,53.488],[32.577,53.486],[32.554,53.511],[32.429,53.562],[32.399,53.635],[32.49,53.677],[32.442,53.714],[32.372,53.714],[32.29,53.761],[32.084,53.81],[31.873,53.777],[31.745,53.795],[31.81,53.883],[31.838,53.962],[31.847,53.992],[31.823,54.053],[31.771,54.049],[31.737,54.094],[31.506,54.144],[31.325,54.229],[31.299,54.273],[31.285,54.347],[31.249,54.377],[31.209,54.448],[31.065,54.492],[31.168,54.622],[31.105,54.668],[30.999,54.671],[30.981,54.706],[30.771,54.786],[30.768,54.83],[30.826,54.877],[30.815,54.928],[30.917,54.954],[30.936,54.973],[30.907,55.013],[30.913,55.025],[31.006,55.023],[30.97,55.101],[30.984,55.131],[30.959,55.144],[30.96,55.163],[30.887,55.205],[30.857,55.253],[30.794,55.286],[30.811,55.323],[30.918,55.388],[30.919,55.408],[30.881,55.451],[30.919,55.492],[30.899,55.499],[30.92,55.534],[30.913,55.572],[30.886,55.6],[30.848,55.611],[30.742,55.594],[30.694,55.652],[30.596,55.665],[30.584,55.679],[30.587,55.718],[30.481,55.754],[30.469,55.794],[30.271,55.831],[30.218,55.855],[30.106,55.822],[29.988,55.847],[29.908,55.843],[29.869,55.831],[29.806,55.771],[29.684,55.771],[29.481,55.681],[29.351,55.766],[29.348,55.803],[29.384,55.88],[29.444,55.907],[29.377,55.954],[29.224,55.978],[29.145,56.012],[29.031,56.024],[28.86,55.976],[28.833,55.961],[28.831,55.938],[28.732,55.947],[28.706,55.96],[28.681,56.027],[28.621,56.083],[28.538,56.098],[28.39,56.089],[28.333,56.05],[28.29,56.047],[28.149,56.142],[28.217,56.271],[28.167,56.37],[28.164,56.438],[28.093,56.502],[28.132,56.536],[28.011,56.588],[27.981,56.687],[27.865,56.743],[27.919,56.806],[27.914,56.82],[27.831,56.864],[27.786,56.871],[27.661,56.839],[27.628,56.844],[27.715,56.957],[27.751,57.042],[27.745,57.068],[27.682,57.104],[27.824,57.159],[27.841,57.211],[27.84,57.291],[27.641,57.389],[27.511,57.43],[27.528,57.528],[27.353,57.528],[27.328,57.583],[27.382,57.603],[27.377,57.657],[27.391,57.68],[27.508,57.715],[27.502,57.773],[27.554,57.795],[27.525,57.807],[27.701,57.825],[27.799,57.861],[27.774,57.891],[27.665,57.918],[27.675,57.968],[27.669,57.992],[27.632,58.004],[27.63,58.088],[27.495,58.221],[27.483,58.269],[27.494,58.32],[27.555,58.395],[27.411,58.755],[27.478,58.875],[27.713,58.992],[27.842,59.161],[27.891,59.258],[27.882,59.276],[27.96,59.306],[28.077,59.305],[28.097,59.319],[28.001,59.334],[28.158,59.364],[28.182,59.356],[28.186,59.375],[28.138,59.4],[28.105,59.439],[28.019,59.482],[28.073,59.578],[28.0,59.681],[28.007,59.758],[28.087,59.799],[28.124,59.792],[28.185,59.759],[28.224,59.691],[28.375,59.666],[28.418,59.708],[28.428,59.813],[28.476,59.852],[28.536,59.86],[28.718,59.787],[28.767,59.8],[28.833,59.787],[28.884,59.817],[28.976,59.831],[29.034,59.887],[28.98,59.93],[29.014,59.93],[29.089,59.98],[29.161,60.003],[29.804,59.94],[29.863,59.918],[30.162,59.868],[30.216,59.907],[30.224,59.933],[30.207,59.944],[30.246,59.975],[30.21,60.001],[30.001,60.012],[29.948,60.03],[29.932,60.066],[29.891,60.101],[29.9,60.134],[29.849,60.167],[29.701,60.201],[29.525,60.201],[29.418,60.169],[29.052,60.184],[28.987,60.217],[28.922,60.28],[28.86,60.295],[28.799,60.369],[28.788,60.341],[28.746,60.342],[28.617,60.382],[28.439,60.56],[28.507,60.56],[28.544,60.51],[28.684,60.456],[28.703,60.461],[28.699,60.5],[28.661,60.535],[28.664,60.614],[28.685,60.615],[28.645,60.67],[28.655,60.682],[28.713,60.67],[28.735,60.693],[28.722,60.721],[28.69,60.738],[28.574,60.683],[28.401,60.665],[28.383,60.624],[28.322,60.621],[28.343,60.594],[28.286,60.598],[28.216,60.548],[28.158,60.553],[28.137,60.533],[28.034,60.526],[27.9,60.528],[27.871,60.54],[27.863,60.567],[27.816,60.528],[27.794,60.533],[28.148,60.758],[28.244,60.792],[28.336,60.859],[28.526,60.95],[28.615,60.962],[28.798,61.097],[29.203,61.246],[29.318,61.338],[29.463,61.414],[29.517,61.475],[29.635,61.511],[29.779,61.593],[29.842,61.66],[29.978,61.728],[30.34,61.992],[30.607,62.151],[30.648,62.193],[30.926,62.302],[30.981,62.359],[31.123,62.435],[31.169,62.476],[31.244,62.503],[31.284,62.573],[31.363,62.652],[31.441,62.789],[31.57,62.906],[31.536,62.92],[31.481,62.986],[31.263,63.101],[31.226,63.196],[31.204,63.213],[30.975,63.289],[30.821,63.376],[30.461,63.473],[30.38,63.532],[30.242,63.582],[30.001,63.715],[29.981,63.742],[30.202,63.793],[30.266,63.831],[30.329,63.896],[30.552,64.022],[30.58,64.051],[30.586,64.085],[30.533,64.163],[30.558,64.22],[30.446,64.251],[30.321,64.318],[30.093,64.361],[30.032,64.397],[30.07,64.472],[29.991,64.504],[29.955,64.569],[30.136,64.615],[30.181,64.643],[30.188,64.662],[30.171,64.682],[30.109,64.72],[30.119,64.768],[30.063,64.784],[29.78,64.796],[29.698,64.839],[29.634,64.907],[29.588,64.991],[29.598,65.034],[29.668,65.078],[29.82,65.094],[29.85,65.122],[29.808,65.135],[29.839,65.167],[29.833,65.205],[29.627,65.215],[29.58,65.235],[29.72,65.329],[29.726,65.492],[29.839,65.565],[29.703,65.629],[30.003,65.678],[30.099,65.656],[30.114,65.666],[30.112,65.712],[30.075,65.823],[29.958,65.974],[29.9,66.108],[29.651,66.288],[29.57,66.378],[29.524,66.491],[29.409,66.568],[29.322,66.68],[29.089,66.838],[29.052,66.908],[29.1,66.991],[29.429,67.233],[29.491,67.263],[29.52,67.298],[29.916,67.508],[29.96,67.572],[29.978,67.662],[30.009,67.686],[29.651,67.824],[29.331,68.073],[28.69,68.183],[28.461,68.491],[28.448,68.53],[28.716,68.728],[28.801,68.835],[28.728,68.865],[28.444,68.866],[28.413,68.88],[28.41,68.899],[28.833,68.984],[28.974,69.034],[29.12,69.047],[29.24,69.115],[29.302,69.201],[29.335,69.277],[29.377,69.302],[29.604,69.315],[29.751,69.357],[29.901,69.358],[29.967,69.373],[30.123,69.442],[30.155,69.506],[30.225,69.541],[30.22,69.6],[30.119,69.635],[30.231,69.637],[30.512,69.536],[30.853,69.527],[30.898,69.544],[30.927,69.578],[30.928,69.672],[30.884,69.702],[30.877,69.738],[30.844,69.766],[30.841,69.806],[31.214,69.756],[31.283,69.76],[31.395,69.724],[31.409,69.716],[31.401,69.688],[31.297,69.613],[31.354,69.627],[31.478,69.698],[31.811,69.688],[31.798,69.704],[31.701,69.737],[31.728,69.77],[31.711,69.827],[31.754,69.854],[31.848,69.853],[32.029,69.782],[32.099,69.792],[32.092,69.816],[31.981,69.873],[31.981,69.901],[31.913,69.936],[31.962,69.97],[32.054,69.964],[32.267,69.876],[32.358,69.88],[32.488,69.851],[32.523,69.832],[32.504,69.821],[32.523,69.803],[32.625,69.783],[32.727,69.792],[32.92,69.78],[33.049,69.74],[33.12,69.744],[33.133,69.729],[33.107,69.649],[33.036,69.618],[32.872,69.583],[32.437,69.65],[32.371,69.64],[32.17,69.655],[32.16,69.668],[32.18,69.705],[32.174,69.729],[32.147,69.751],[32.112,69.753],[32.119,69.708],[32.102,69.674],[31.968,69.654],[32.056,69.637],[32.064,69.619],[32.016,69.58],[32.016,69.564],[32.133,69.598],[32.288,69.574],[32.399,69.584],[32.434,69.564],[32.392,69.537],[32.502,69.517],[32.486,69.503],[32.42,69.503],[32.365,69.469],[32.194,69.435],[32.238,69.422],[32.289,69.431],[32.42,69.465],[32.455,69.493],[32.528,69.489],[32.537,69.51],[32.604,69.484],[32.687,69.503],[32.878,69.491],[32.899,69.482],[32.792,69.443],[32.77,69.414],[32.893,69.462],[33.085,69.476],[32.862,69.365],[32.804,69.304],[32.823,69.301],[32.895,69.315],[32.953,69.378],[32.989,69.394],[33.318,69.451],[33.362,69.435],[33.448,69.447],[33.524,69.428],[33.505,69.404],[33.414,69.373],[33.496,69.38],[33.376,69.308],[33.261,69.291],[33.235,69.27],[33.448,69.288],[33.476,69.27],[33.297,69.229],[33.406,69.23],[33.406,69.209],[33.512,69.225],[33.544,69.209],[33.512,69.184],[33.318,69.119],[33.061,69.083],[33.016,69.039],[33.023,68.955],[33.064,69.058],[33.113,69.075],[33.427,69.105],[33.455,69.141],[33.576,69.199],[33.572,69.304],[33.62,69.328],[33.724,69.337],[33.74,69.323],[33.722,69.304],[33.779,69.317],[33.873,69.311],[33.852,69.339],[34.421,69.311],[34.414,69.293],[34.447,69.284],[34.606,69.27],[34.662,69.249],[34.982,69.229],[34.956,69.195],[34.973,69.193],[35.031,69.222],[35.087,69.226],[35.141,69.215],[35.144,69.191],[35.169,69.181],[35.264,69.215],[35.247,69.236],[35.147,69.27],[35.183,69.28],[35.33,69.276],[35.874,69.195],[35.995,69.167],[36.055,69.128],[36.25,69.111],[36.274,69.098],[36.265,69.078],[36.312,69.058],[36.518,69.03],[36.729,68.98],[36.764,68.955],[36.842,68.945],[37.044,68.874],[37.21,68.845],[37.243,68.809],[37.355,68.79],[37.454,68.745],[37.681,68.713],[37.946,68.601],[38.04,68.544],[38.067,68.51],[38.176,68.495],[38.217,68.461],[38.33,68.442],[38.391,68.399],[38.389,68.343],[38.424,68.338],[38.444,68.359],[38.765,68.291],[38.51,68.365],[38.537,68.378],[38.589,68.36],[38.615,68.365],[38.598,68.382],[38.639,68.385],[38.794,68.329],[38.926,68.311],[38.952,68.287],[38.931,68.277],[38.954,68.266],[39.359,68.15],[39.521,68.076],[39.608,68.063],[39.86,68.047],[39.795,68.118],[39.71,68.169],[39.793,68.165],[39.913,68.123],[39.945,68.067],[40.004,68.02],[40.058,68.01],[40.149,67.958],[40.304,67.902],[40.352,67.906],[40.411,67.875],[40.404,67.853],[40.322,67.845],[40.467,67.761],[40.538,67.755],[40.568,67.783],[40.564,67.807],[40.655,67.815],[40.684,67.781],[40.801,67.728],[40.923,67.735],[41.017,67.698],[41.054,67.653],[41.052,67.619],[40.989,67.564],[41.014,67.536],[40.999,67.467],[41.087,67.46],[41.15,67.423],[41.133,67.309],[41.109,67.254],[41.243,67.213],[41.308,67.235],[41.34,67.224],[41.363,67.204],[41.336,67.16],[41.39,67.125],[41.343,67.087],[41.36,67.014],[41.267,66.988],[41.305,66.95],[41.178,66.81],[40.745,66.597],[40.705,66.528],[40.602,66.497],[40.566,66.456],[40.444,66.406],[40.309,66.382],[40.085,66.289],[39.704,66.207],[39.465,66.18],[39.344,66.135],[39.064,66.104],[38.972,66.111],[38.554,66.055],[37.927,66.089],[37.656,66.123],[37.273,66.23],[36.887,66.285],[36.406,66.295],[36.275,66.321],[35.77,66.361],[35.671,66.387],[35.558,66.387],[35.381,66.418],[35.314,66.457],[35.181,66.481],[34.888,66.6],[34.804,66.614],[34.565,66.543],[34.48,66.538],[34.434,66.547],[34.356,66.63],[34.393,66.646],[34.503,66.638],[34.522,66.657],[34.47,66.646],[34.175,66.687],[34.13,66.669],[34.092,66.672],[34.161,66.735],[34.141,66.774],[34.069,66.702],[33.947,66.685],[33.886,66.714],[33.87,66.715],[33.859,66.694],[33.833,66.696],[33.764,66.767],[33.67,66.805],[33.642,66.801],[33.592,66.831],[33.606,66.79],[33.524,66.831],[33.52,66.802],[33.626,66.748],[33.524,66.782],[33.572,66.742],[33.489,66.769],[33.558,66.728],[33.517,66.724],[33.101,66.858],[32.843,66.976],[32.805,67.01],[32.802,67.049],[32.817,67.063],[32.969,67.091],[32.93,67.1],[32.772,67.093],[32.636,67.133],[32.454,67.135],[32.383,67.16],[32.074,67.142],[31.91,67.168],[31.851,67.153],[31.927,67.153],[31.913,67.125],[32.262,67.125],[32.358,67.07],[32.29,67.078],[32.314,67.06],[32.419,67.054],[32.503,67.03],[32.55,67.0],[32.552,66.977],[32.507,66.949],[32.392,66.954],[32.496,66.933],[32.475,66.927],[32.478,66.91],[32.42,66.886],[32.545,66.883],[32.653,66.842],[32.676,66.828],[32.667,66.81],[32.705,66.796],[32.907,66.776],[32.935,66.742],[32.919,66.737],[32.77,66.742],[32.975,66.691],[33.183,66.692],[33.309,66.655],[33.324,66.646],[33.319,66.629],[33.121,66.65],[33.066,66.598],[32.865,66.598],[32.901,66.575],[33.105,66.577],[33.092,66.584],[33.106,66.594],[33.206,66.599],[33.22,66.616],[33.26,66.618],[33.423,66.592],[33.469,66.556],[33.537,66.536],[33.499,66.523],[33.193,66.579],[33.153,66.57],[33.187,66.556],[33.073,66.557],[32.941,66.528],[33.047,66.506],[33.229,66.533],[33.297,66.519],[33.307,66.498],[33.355,66.48],[33.509,66.464],[33.602,66.502],[33.623,66.491],[33.634,66.474],[33.585,66.46],[33.705,66.444],[33.735,66.426],[33.516,66.406],[33.643,66.378],[33.675,66.357],[33.629,66.344],[33.388,66.344],[33.311,66.317],[33.599,66.33],[33.635,66.321],[33.62,66.309],[33.871,66.267],[33.9,66.229],[33.972,66.251],[34.103,66.247],[34.167,66.221],[34.149,66.197],[34.161,66.185],[34.33,66.165],[34.553,66.094],[34.57,66.068],[34.723,65.988],[34.661,65.953],[34.716,65.933],[34.695,65.909],[34.778,65.92],[34.852,65.9],[34.866,65.878],[34.825,65.843],[34.839,65.828],[34.9,65.824],[34.871,65.774],[34.969,65.728],[34.925,65.702],[34.9,65.706],[34.689,65.81],[34.689,65.728],[34.757,65.713],[34.695,65.686],[34.74,65.662],[34.777,65.597],[34.737,65.583],[34.74,65.544],[34.633,65.487],[34.669,65.479],[34.682,65.453],[34.511,65.456],[34.492,65.441],[34.511,65.412],[34.366,65.419],[34.393,65.398],[34.297,65.385],[34.463,65.364],[34.478,65.349],[34.462,65.316],[34.48,65.281],[34.64,65.241],[34.606,65.227],[34.647,65.224],[34.682,65.2],[34.682,65.183],[34.627,65.172],[34.675,65.152],[34.663,65.127],[34.774,65.1],[34.747,65.066],[34.754,65.055],[34.816,65.043],[34.799,65.021],[34.702,64.98],[34.778,64.967],[34.841,64.919],[34.873,64.918],[34.892,64.875],[34.942,64.858],[34.872,64.802],[34.757,64.774],[34.812,64.754],[34.975,64.771],[35.009,64.743],[34.855,64.714],[34.832,64.698],[34.913,64.662],[34.978,64.612],[34.847,64.56],[34.743,64.556],[34.928,64.525],[35.009,64.494],[34.997,64.472],[34.956,64.452],[35.014,64.423],[35.161,64.38],[35.307,64.372],[35.322,64.362],[35.306,64.343],[35.349,64.296],[35.411,64.287],[35.589,64.322],[35.618,64.34],[35.566,64.406],[35.583,64.411],[35.639,64.384],[35.811,64.342],[35.895,64.296],[35.888,64.268],[35.949,64.24],[35.977,64.199],[36.006,64.193],[36.06,64.218],[36.227,64.136],[36.235,64.125],[36.21,64.103],[36.222,64.075],[36.284,64.046],[36.265,64.024],[36.292,64.01],[36.42,63.996],[36.48,63.972],[36.578,63.969],[36.703,63.925],[36.792,63.938],[36.857,63.911],[36.936,63.932],[37.011,63.897],[37.169,63.895],[37.213,63.88],[37.291,63.818],[37.438,63.792],[37.534,63.801],[37.608,63.816],[37.614,63.881],[37.657,63.899],[37.829,63.902],[37.985,63.946],[38.074,64.017],[38.086,64.059],[38.046,64.148],[37.902,64.24],[37.923,64.258],[38.005,64.275],[38.026,64.295],[38.02,64.309],[37.909,64.343],[37.957,64.364],[37.833,64.358],[37.797,64.377],[37.806,64.425],[37.749,64.442],[37.687,64.431],[37.63,64.377],[37.473,64.382],[37.339,64.34],[37.122,64.395],[36.835,64.593],[36.744,64.681],[36.644,64.719],[36.56,64.717],[36.516,64.769],[36.528,64.792],[36.504,64.836],[36.573,64.83],[36.495,64.851],[36.44,64.917],[36.466,64.934],[36.537,64.928],[36.569,64.902],[36.631,64.904],[36.655,64.928],[36.807,64.959],[36.803,64.994],[36.867,65.076],[36.864,65.113],[36.818,65.131],[36.82,65.147],[37.008,65.173],[37.217,65.14],[37.565,65.048],[37.673,65.036],[37.706,65.017],[37.718,64.959],[37.795,64.921],[38.046,64.854],[38.385,64.845],[38.368,64.809],[38.403,64.774],[38.294,64.804],[38.245,64.781],[38.067,64.781],[38.036,64.762],[38.045,64.744],[38.126,64.696],[38.04,64.658],[38.048,64.646],[38.163,64.672],[38.186,64.723],[38.275,64.732],[38.339,64.758],[38.473,64.743],[38.492,64.768],[38.416,64.802],[38.419,64.819],[38.448,64.818],[38.512,64.788],[38.922,64.733],[39.142,64.662],[39.331,64.64],[39.342,64.623],[39.567,64.545],[39.736,64.555],[39.76,64.562],[39.747,64.576],[39.767,64.581],[39.924,64.603],[39.903,64.624],[39.786,64.597],[39.81,64.659],[39.85,64.676],[40.063,64.622],[40.182,64.559],[40.359,64.562],[40.517,64.541],[40.533,64.559],[40.528,64.578],[40.472,64.636],[40.411,64.737],[40.415,64.755],[40.451,64.768],[40.52,64.754],[40.517,64.774],[40.437,64.809],[40.366,64.939],[40.297,64.984],[40.273,65.021],[40.114,65.075],[39.872,65.277],[39.741,65.357],[39.712,65.402],[39.709,65.448],[39.749,65.552],[39.827,65.607],[40.28,65.73],[40.472,65.813],[40.71,65.972],[41.343,66.063],[41.555,66.152],[41.644,66.173],[41.643,66.189],[41.858,66.296],[42.156,66.526],[42.365,66.511],[42.645,66.453],[42.66,66.426],[42.549,66.385],[43.252,66.437],[43.302,66.426],[43.367,66.347],[43.406,66.332],[43.555,66.324],[43.655,66.285],[43.693,66.237],[43.665,66.218],[43.467,66.17],[43.389,66.117],[43.302,66.102],[43.288,66.09],[43.336,66.067],[43.353,66.041],[43.451,66.037],[43.515,65.974],[43.522,66.036],[43.501,66.053],[43.382,66.072],[43.411,66.098],[43.48,66.131],[43.636,66.152],[43.693,66.183],[43.836,66.186],[44.046,66.081],[44.049,66.056],[44.028,66.029],[44.041,65.994],[44.18,65.864],[44.191,65.905],[44.125,65.988],[44.159,66.087],[44.084,66.159],[44.079,66.207],[44.096,66.262],[44.152,66.357],[44.21,66.402],[44.236,66.447],[44.36,66.508],[44.395,66.622],[44.43,66.644],[44.563,66.666],[44.551,66.678],[44.488,66.676],[44.364,66.782],[44.377,66.805],[44.466,66.82],[44.488,66.844],[44.482,66.894],[44.522,66.919],[44.499,66.921],[44.41,67.012],[44.303,67.056],[44.378,67.104],[44.287,67.088],[44.096,67.159],[43.815,67.177],[43.761,67.221],[43.767,67.278],[43.793,67.343],[44.003,67.576],[44.042,67.68],[44.084,67.687],[44.097,67.667],[44.145,67.679],[44.143,67.707],[44.07,67.714],[44.131,67.792],[44.125,67.817],[44.087,67.841],[44.087,67.885],[44.2,67.893],[44.268,67.927],[44.125,67.934],[44.138,67.975],[44.214,67.989],[44.138,67.995],[44.335,68.057],[44.412,68.063],[44.308,68.066],[44.181,68.036],[44.175,68.086],[44.244,68.256],[44.228,68.297],[44.16,68.336],[43.326,68.614],[43.274,68.658],[43.317,68.667],[43.477,68.669],[43.985,68.551],[44.239,68.537],[44.51,68.554],[45.306,68.545],[45.582,68.514],[45.944,68.446],[45.972,68.389],[46.016,68.365],[46.029,68.324],[46.276,68.214],[46.366,68.21],[46.535,68.133],[46.461,68.112],[46.54,68.108],[46.558,68.016],[46.639,67.968],[46.703,67.892],[46.722,67.845],[46.698,67.816],[46.375,67.819],[46.004,67.768],[45.35,67.73],[45.31,67.713],[45.303,67.694],[45.347,67.685],[45.351,67.663],[45.338,67.615],[45.315,67.592],[45.166,67.584],[45.028,67.532],[44.919,67.441],[44.927,67.422],[44.912,67.372],[44.952,67.321],[45.055,67.284],[45.309,67.212],[45.509,67.186],[45.594,67.158],[45.666,67.063],[45.785,66.968],[45.824,66.899],[45.964,66.867],[46.025,66.833],[46.301,66.84],[46.489,66.878],[46.578,66.873],[46.599,66.838],[46.534,66.827],[46.481,66.784],[46.379,66.748],[46.407,66.746],[46.583,66.815],[46.927,66.845],[47.41,66.929],[47.559,66.905],[47.576,66.892],[47.572,66.864],[47.581,66.87],[47.607,66.892],[47.591,66.919],[47.607,66.946],[47.726,67.001],[47.742,67.031],[47.75,67.121],[47.689,67.196],[47.787,67.252],[47.77,67.338],[47.793,67.361],[47.908,67.402],[47.948,67.444],[47.921,67.489],[47.825,67.56],[47.815,67.581],[47.846,67.601],[48.052,67.652],[48.099,67.639],[48.071,67.59],[48.093,67.592],[48.256,67.683],[48.36,67.689],[48.487,67.664],[48.7,67.716],[48.744,67.7],[48.702,67.694],[48.925,67.688],[48.997,67.667],[48.962,67.653],[48.994,67.643],[49.107,67.639],[49.045,67.653],[49.059,67.674],[48.86,67.735],[48.778,67.727],[48.771,67.742],[48.805,67.774],[48.794,67.831],[48.586,67.934],[48.669,67.935],[48.843,67.865],[48.971,67.851],[49.133,67.863],[49.655,67.981],[49.973,68.088],[50.018,68.091],[49.983,68.061],[49.882,68.04],[49.847,68.016],[50.001,68.058],[50.099,68.124],[50.201,68.169],[50.435,68.221],[50.642,68.3],[50.779,68.379],[50.896,68.342],[51.059,68.351],[51.125,68.376],[51.336,68.401],[51.423,68.431],[51.511,68.422],[51.569,68.436],[51.587,68.448],[51.532,68.454],[51.561,68.483],[51.703,68.489],[52.06,68.544],[52.177,68.582],[52.217,68.585],[52.205,68.56],[52.128,68.523],[52.046,68.51],[52.059,68.485],[52.177,68.504],[52.294,68.5],[52.361,68.475],[52.3,68.474],[52.286,68.461],[52.296,68.424],[52.159,68.399],[52.136,68.379],[52.249,68.318],[52.402,68.338],[52.574,68.41],[52.677,68.423],[52.731,68.474],[52.704,68.503],[52.567,68.537],[52.535,68.576],[52.491,68.592],[52.499,68.62],[52.624,68.629],[52.648,68.648],[52.634,68.659],[52.495,68.64],[52.411,68.586],[52.279,68.598],[52.328,68.633],[53.25,68.878],[53.437,68.918],[53.879,68.974],[54.348,69.012],[54.527,69.01],[54.557,68.993],[54.356,68.959],[53.595,68.907],[53.666,68.866],[53.732,68.866],[53.691,68.886],[53.728,68.897],[53.958,68.877],[54.026,68.845],[53.865,68.798],[53.829,68.764],[53.838,68.713],[53.818,68.689],[53.72,68.657],[53.755,68.61],[53.904,68.507],[53.944,68.406],[53.932,68.391],[53.863,68.386],[53.804,68.345],[53.656,68.408],[53.609,68.413],[53.574,68.4],[53.632,68.386],[53.691,68.345],[53.661,68.332],[53.44,68.373],[53.375,68.341],[53.327,68.351],[53.232,68.297],[53.211,68.269],[53.327,68.242],[53.472,68.26],[53.808,68.251],[53.875,68.224],[53.993,68.221],[54.088,68.246],[54.185,68.321],[54.219,68.318],[54.182,68.281],[54.177,68.236],[54.203,68.21],[54.24,68.211],[54.504,68.312],[54.563,68.288],[54.65,68.194],[54.691,68.176],[54.832,68.173],[54.864,68.185],[54.924,68.253],[54.917,68.283],[54.856,68.324],[54.908,68.329],[54.937,68.398],[54.997,68.439],[55.068,68.446],[55.109,68.482],[55.189,68.491],[55.229,68.524],[55.393,68.564],[55.7,68.577],[55.997,68.66],[56.202,68.62],[56.504,68.628],[56.521,68.619],[56.493,68.585],[56.569,68.636],[56.63,68.642],[56.848,68.572],[57.092,68.548],[57.33,68.565],[57.414,68.597],[57.448,68.644],[57.604,68.742],[57.93,68.751],[57.981,68.794],[57.95,68.818],[57.957,68.846],[58.171,68.889],[58.245,68.888],[58.204,68.832],[58.264,68.781],[58.378,68.756],[58.337,68.736],[58.424,68.743],[58.439,68.763],[58.285,68.8],[58.287,68.825],[58.254,68.842],[58.273,68.86],[58.282,68.903],[58.879,69.003],[59.224,69.0],[59.242,68.989],[59.218,68.983],[58.97,68.965],[58.892,68.934],[59.105,68.903],[59.423,68.757],[59.419,68.718],[59.398,68.701],[59.269,68.715],[59.202,68.706],[59.118,68.642],[59.056,68.62],[59.07,68.569],[59.119,68.532],[59.072,68.459],[59.087,68.417],[59.675,68.336],[59.857,68.381],[59.964,68.466],[59.929,68.538],[59.763,68.639],[59.774,68.668],[59.811,68.688],[59.911,68.72],[60.084,68.687],[60.467,68.722],[60.556,68.745],[60.702,68.815],[60.755,68.866],[60.819,68.894],[60.969,68.907],[60.907,68.927],[60.938,68.963],[60.948,69.003],[60.934,69.078],[60.903,69.122],[60.777,69.177],[60.722,69.174],[60.722,69.133],[60.742,69.119],[60.711,69.106],[60.591,69.133],[60.59,69.256],[60.542,69.316],[60.434,69.366],[60.414,69.408],[60.311,69.454],[60.215,69.531],[60.215,69.555],[60.139,69.578],[60.153,69.626],[60.233,69.665],[60.654,69.673],[60.667,69.695],[60.633,69.725],[60.709,69.729],[60.722,69.743],[60.684,69.784],[60.706,69.824],[60.77,69.849],[60.927,69.867],[61.044,69.845],[61.105,69.866],[61.159,69.833],[61.302,69.825],[61.409,69.791],[61.771,69.762],[62.631,69.742],[63.41,69.671],[64.128,69.55],[64.548,69.452],[64.724,69.383],[65.004,69.304],[64.962,69.283],[64.831,69.294],[64.834,69.277],[64.786,69.237],[64.806,69.222],[64.766,69.183],[64.762,69.163],[64.786,69.147],[64.932,69.197],[64.943,69.209],[64.916,69.243],[64.923,69.261],[65.068,69.268],[65.419,69.177],[65.865,69.133],[65.903,69.113],[65.883,69.106],[65.754,69.107],[65.734,69.113],[65.745,69.127],[65.677,69.119],[65.646,69.131],[65.635,69.127],[65.69,69.085],[66.114,69.037],[66.329,68.964],[66.678,68.896],[66.991,68.876],[67.09,68.856],[67.129,68.839],[67.046,68.818],[67.04,68.797],[67.143,68.756],[67.196,68.707],[67.33,68.697],[67.584,68.603],[67.808,68.503],[67.705,68.516],[67.793,68.479],[68.135,68.423],[68.246,68.355],[68.259,68.334],[68.203,68.295],[68.205,68.269],[68.184,68.242],[68.263,68.249],[68.282,68.224],[68.26,68.201],[68.288,68.188],[68.481,68.249],[68.486,68.269],[68.548,68.304],[68.651,68.318],[68.589,68.332],[68.565,68.35],[68.561,68.373],[68.76,68.504],[68.924,68.637],[69.01,68.767],[69.013,68.806],[69.069,68.823],[69.109,68.879],[69.0,68.879],[68.946,68.893],[68.951,68.903],[69.088,68.916],[69.131,68.927],[69.061,68.927],[69.097,68.941],[69.219,68.962],[69.013,68.948],[69.027,68.962],[68.999,68.965],[68.788,68.916],[68.686,68.918],[68.458,68.985],[68.376,69.068],[68.125,69.222],[68.026,69.319],[68.02,69.335],[68.04,69.359],[68.105,69.397],[68.088,69.421],[68.107,69.549],[68.031,69.541],[68.014,69.514],[68.04,69.49],[67.824,69.511],[67.629,69.591],[67.459,69.627],[67.315,69.63],[67.102,69.693],[67.017,69.703],[66.971,69.688],[67.002,69.674],[67.0,69.653],[66.855,69.637],[66.958,69.537],[66.887,69.537],[66.796,69.586],[66.784,69.623],[66.795,69.711],[66.769,69.762],[66.885,70.013],[66.938,70.051],[66.978,70.058],[67.006,70.03],[66.965,69.996],[66.985,69.97],[67.143,69.983],[67.252,70.021],[67.328,70.106],[67.279,70.106],[67.286,70.154],[67.272,70.189],[67.252,70.195],[67.265,70.145],[67.243,70.145],[67.165,70.172],[67.094,70.221],[67.164,70.305],[67.193,70.382],[67.219,70.409],[67.266,70.415],[67.255,70.456],[67.293,70.477],[67.215,70.524],[67.277,70.66],[67.327,70.717],[67.334,70.758],[67.257,70.826],[67.138,70.842],[67.04,70.816],[66.689,70.77],[66.668,70.828],[66.608,70.881],[66.771,70.96],[66.833,71.013],[66.841,71.059],[66.889,71.079],[66.82,71.101],[66.8,71.093],[66.806,71.075],[66.738,71.052],[66.772,71.024],[66.69,71.001],[66.643,71.009],[66.616,71.032],[66.62,71.058],[66.811,71.161],[66.845,71.226],[66.912,71.295],[67.033,71.298],[67.588,71.415],[67.586,71.432],[67.605,71.442],[67.947,71.528],[68.255,71.688],[68.305,71.696],[68.349,71.675],[68.308,71.717],[68.469,71.826],[68.513,71.902],[68.556,71.923],[68.561,71.976],[68.644,72.033],[68.685,72.152],[68.733,72.21],[68.754,72.267],[68.774,72.278],[68.768,72.293],[68.822,72.326],[68.852,72.467],[68.917,72.484],[68.869,72.532],[68.916,72.565],[68.977,72.656],[69.054,72.662],[68.993,72.675],[68.976,72.696],[69.232,72.805],[69.305,72.884],[69.302,72.93],[69.354,72.953],[69.465,72.975],[69.774,72.973],[69.795,72.964],[69.798,72.944],[69.774,72.936],[69.557,72.914],[69.562,72.889],[69.588,72.878],[70.172,72.9],[70.655,72.889],[71.033,72.907],[71.267,72.895],[71.563,72.916],[71.674,72.885],[71.983,72.848],[72.008,72.834],[71.817,72.812],[71.886,72.797],[72.131,72.832],[72.297,72.794],[72.496,72.788],[72.837,72.71],[72.721,72.703],[72.742,72.676],[72.81,72.655],[72.731,72.617],[72.731,72.597],[72.782,72.544],[72.845,72.52],[72.799,72.481],[72.799,72.413],[72.85,72.324],[72.884,72.307],[72.874,72.281],[72.743,72.206],[72.708,72.114],[72.577,72.045],[72.56,71.979],[72.522,71.922],[72.485,71.898],[72.351,71.864],[72.32,71.823],[72.363,71.736],[72.345,71.708],[72.234,71.685],[72.209,71.615],[72.167,71.599],[72.029,71.572],[71.974,71.58],[71.838,71.532],[71.803,71.48],[71.839,71.431],[72.106,71.29],[72.636,71.132],[72.676,71.09],[72.634,71.052],[72.632,71.011],[72.827,70.888],[72.837,70.86],[72.781,70.756],[72.775,70.695],[72.688,70.634],[72.683,70.617],[72.694,70.593],[72.775,70.538],[72.758,70.472],[72.771,70.425],[72.612,70.384],[72.436,70.286],[72.434,70.266],[72.467,70.24],[72.599,70.193],[72.622,70.162],[72.574,70.096],[72.492,70.041],[72.519,70.02],[72.525,69.986],[72.649,69.905],[72.692,69.837],[72.65,69.748],[72.56,69.689],[72.553,69.664],[72.502,69.647],[72.562,69.604],[72.627,69.511],[72.638,69.441],[72.488,69.414],[72.613,69.359],[72.648,69.292],[72.528,69.235],[72.478,69.177],[72.48,69.13],[72.528,69.072],[72.577,68.94],[72.692,68.864],[72.852,68.798],[73.075,68.747],[73.539,68.581],[73.635,68.517],[73.646,68.458],[73.605,68.432],[73.59,68.452],[73.605,68.482],[73.579,68.493],[73.534,68.482],[73.454,68.444],[73.398,68.361],[73.091,68.214],[73.137,68.166],[73.132,68.146],[73.081,68.12],[73.073,68.09],[73.19,67.992],[73.204,67.957],[73.195,67.85],[73.072,67.816],[73.084,67.783],[73.151,67.732],[73.114,67.69],[73.084,67.722],[73.039,67.729],[72.892,67.685],[72.899,67.659],[72.852,67.635],[72.581,67.62],[72.547,67.591],[72.553,67.537],[72.533,67.52],[72.392,67.467],[72.454,67.401],[72.403,67.328],[72.255,67.31],[72.191,67.333],[72.048,67.303],[72.052,67.268],[72.214,67.224],[72.226,67.159],[72.175,67.162],[72.154,67.196],[72.128,67.207],[72.119,67.191],[72.139,67.16],[71.913,67.132],[72.015,67.111],[71.994,67.107],[72.007,67.077],[71.995,67.056],[71.944,67.043],[71.873,66.991],[71.795,66.974],[71.748,66.916],[71.625,66.946],[71.522,66.919],[71.394,66.975],[71.302,66.954],[71.428,66.927],[71.453,66.906],[71.391,66.906],[71.515,66.878],[71.489,66.857],[71.481,66.827],[71.55,66.782],[71.518,66.763],[71.584,66.732],[71.597,66.697],[71.556,66.68],[71.577,66.659],[71.391,66.642],[71.35,66.659],[71.385,66.687],[71.295,66.638],[71.165,66.659],[71.234,66.625],[71.057,66.625],[71.042,66.605],[71.124,66.584],[71.08,66.569],[70.939,66.584],[70.994,66.556],[70.98,66.536],[70.689,66.515],[70.413,66.563],[70.319,66.594],[70.295,66.638],[70.466,66.68],[70.6,66.693],[70.636,66.721],[70.68,66.716],[70.735,66.748],[70.741,66.758],[70.723,66.762],[70.575,66.76],[70.535,66.742],[70.617,66.742],[70.466,66.721],[70.542,66.7],[70.316,66.68],[70.173,66.707],[70.153,66.727],[70.178,66.742],[70.067,66.76],[69.993,66.8],[69.936,66.863],[69.898,66.872],[69.882,66.861],[69.884,66.837],[69.837,66.816],[69.74,66.81],[69.603,66.838],[69.577,66.83],[69.637,66.797],[69.598,66.789],[69.398,66.83],[69.302,66.817],[69.131,66.831],[68.965,66.81],[68.997,66.787],[69.104,66.771],[69.118,66.733],[69.103,66.669],[69.113,66.619],[69.206,66.569],[69.386,66.513],[69.729,66.484],[69.903,66.415],[70.27,66.362],[70.363,66.334],[71.146,66.366],[71.429,66.356],[71.679,66.324],[71.833,66.235],[71.919,66.251],[71.99,66.231],[72.043,66.247],[72.076,66.236],[72.261,66.296],[72.306,66.289],[72.347,66.306],[72.376,66.341],[72.398,66.413],[72.367,66.471],[72.412,66.509],[72.382,66.517],[72.289,66.501],[72.318,66.528],[72.45,66.567],[72.474,66.611],[72.942,66.657],[72.995,66.707],[72.988,66.728],[73.003,66.739],[73.492,66.823],[73.657,66.942],[73.797,66.964],[73.869,67.001],[73.874,67.053],[73.92,67.078],[73.892,67.119],[73.951,67.211],[73.953,67.231],[73.9,67.296],[74.098,67.432],[74.73,67.686],[74.792,67.797],[74.825,67.94],[74.757,68.057],[74.725,68.152],[74.58,68.262],[74.37,68.351],[74.332,68.386],[74.458,68.506],[74.468,68.535],[74.413,68.62],[74.454,68.694],[74.514,68.736],[74.628,68.775],[75.191,68.875],[75.621,68.9],[75.82,68.944],[76.113,68.978],[76.376,68.994],[76.582,68.975],[76.609,68.966],[76.691,68.873],[76.696,68.858],[76.619,68.805],[76.663,68.763],[77.007,68.653],[77.114,68.567],[77.148,68.579],[77.1,68.592],[77.127,68.606],[77.326,68.523],[77.248,68.457],[77.285,68.428],[77.295,68.382],[77.246,68.339],[77.178,68.32],[77.162,68.294],[77.195,68.267],[77.357,68.233],[77.294,68.15],[77.217,68.105],[77.243,68.071],[77.241,68.044],[77.193,67.985],[77.305,67.91],[77.217,67.831],[77.141,67.851],[77.083,67.833],[77.072,67.824],[77.08,67.79],[77.676,67.617],[77.703,67.598],[77.685,67.564],[77.693,67.545],[77.86,67.577],[77.904,67.558],[77.957,67.568],[78.047,67.544],[78.234,67.585],[78.366,67.555],[78.497,67.557],[78.603,67.586],[78.741,67.592],[78.96,67.557],[79.053,67.571],[78.98,67.611],[78.822,67.616],[78.812,67.634],[78.868,67.653],[78.751,67.653],[78.623,67.605],[78.565,67.604],[78.463,67.633],[78.573,67.633],[78.616,67.65],[78.61,67.663],[78.58,67.674],[78.484,67.667],[78.438,67.703],[78.422,67.7],[78.4,67.637],[78.327,67.68],[78.252,67.659],[78.185,67.669],[78.113,67.657],[78.012,67.694],[77.874,67.685],[77.86,67.691],[77.872,67.705],[77.949,67.728],[77.852,67.731],[77.776,67.778],[77.758,67.776],[77.738,67.74],[77.619,67.734],[77.494,67.751],[77.459,67.786],[77.479,67.907],[77.586,67.948],[77.525,67.945],[77.47,67.995],[77.504,68.028],[77.504,68.085],[77.537,68.129],[77.709,68.222],[78.103,68.248],[78.173,68.274],[78.112,68.312],[78.09,68.36],[77.959,68.398],[77.909,68.469],[77.956,68.495],[77.928,68.519],[77.895,68.529],[77.787,68.515],[77.768,68.571],[77.715,68.621],[77.744,68.677],[77.744,68.715],[77.692,68.817],[77.683,68.886],[77.647,68.911],[77.409,68.926],[77.233,68.99],[76.929,69.009],[76.829,69.085],[76.731,69.131],[76.622,69.154],[76.548,69.13],[76.428,69.144],[76.161,69.199],[76.042,69.239],[75.801,69.234],[75.509,69.261],[75.129,69.157],[75.092,69.133],[75.154,69.119],[75.107,69.104],[74.941,69.106],[74.773,69.081],[74.509,69.133],[74.314,69.146],[73.961,69.084],[73.835,69.117],[73.759,69.169],[73.757,69.199],[73.85,69.315],[73.9,69.421],[73.859,69.482],[73.755,69.565],[73.563,69.684],[73.516,69.746],[73.535,69.776],[73.66,69.86],[73.656,69.893],[73.705,69.955],[73.711,70.019],[73.765,70.079],[73.756,70.11],[73.692,70.138],[73.708,70.161],[74.007,70.305],[74.077,70.383],[74.197,70.435],[74.316,70.52],[74.339,70.582],[74.318,70.668],[74.261,70.716],[73.928,70.855],[73.896,70.973],[73.704,71.071],[73.655,71.153],[73.556,71.255],[73.339,71.339],[73.033,71.406],[73.022,71.429],[73.365,71.583],[73.499,71.665],[73.525,71.706],[73.47,71.773],[73.526,71.822],[73.939,71.914],[74.25,71.96],[74.332,71.956],[74.928,72.098],[74.995,72.138],[75.076,72.21],[75.111,72.346],[75.109,72.404],[75.055,72.565],[75.059,72.595],[75.0,72.674],[74.748,72.808],[74.775,72.829],[75.037,72.882],[75.191,72.834],[75.319,72.819],[75.502,72.767],[75.531,72.741],[75.456,72.71],[75.407,72.724],[75.338,72.683],[75.421,72.697],[75.487,72.645],[75.653,72.599],[75.708,72.566],[75.702,72.547],[75.597,72.547],[75.562,72.525],[75.556,72.498],[75.623,72.412],[75.626,72.382],[75.683,72.34],[75.667,72.333],[75.755,72.306],[75.742,72.266],[75.594,72.215],[75.518,72.153],[75.517,72.076],[75.414,72.031],[75.439,71.985],[75.354,71.958],[75.285,71.96],[75.254,71.942],[75.284,71.894],[75.224,71.842],[75.236,71.826],[75.22,71.81],[75.228,71.777],[75.258,71.768],[75.263,71.743],[75.287,71.729],[75.492,71.666],[75.506,71.652],[75.491,71.639],[75.392,71.618],[75.533,71.542],[75.434,71.502],[75.426,71.49],[75.442,71.462],[75.242,71.454],[75.228,71.405],[75.263,71.366],[75.343,71.335],[75.734,71.265],[76.017,71.237],[76.108,71.204],[76.126,71.203],[76.12,71.22],[76.15,71.229],[76.889,71.19],[76.914,71.182],[76.882,71.16],[76.894,71.127],[76.918,71.113],[76.914,71.072],[76.963,71.113],[76.929,71.161],[77.005,71.184],[77.382,71.159],[77.558,71.174],[77.838,71.125],[77.886,71.089],[77.9,71.01],[77.949,70.976],[78.279,70.942],[78.411,70.895],[78.598,70.928],[78.769,70.914],[78.881,70.922],[78.929,70.948],[78.965,70.929],[79.04,70.937],[79.054,70.962],[79.018,70.969],[79.115,71.004],[79.074,71.024],[78.968,70.987],[78.845,71.013],[78.786,70.991],[78.902,70.976],[78.758,70.935],[78.565,70.963],[78.442,70.914],[78.435,70.95],[78.488,71.012],[78.463,71.024],[78.56,71.045],[78.498,71.079],[78.525,71.093],[78.497,71.115],[78.346,71.1],[78.376,71.076],[78.498,71.045],[78.364,71.057],[78.238,71.11],[78.234,71.123],[78.289,71.164],[78.311,71.208],[78.313,71.226],[78.279,71.259],[78.022,71.279],[77.928,71.257],[77.901,71.313],[77.99,71.346],[78.011,71.367],[77.988,71.375],[77.734,71.311],[77.751,71.292],[77.712,71.281],[77.515,71.329],[77.436,71.333],[77.525,71.305],[77.492,71.301],[77.232,71.362],[77.104,71.424],[76.713,71.463],[76.581,71.529],[76.272,71.573],[76.249,71.597],[76.268,71.63],[76.264,71.653],[76.162,71.735],[76.08,71.863],[75.997,71.908],[76.354,71.999],[76.878,72.05],[77.027,72.021],[77.585,71.831],[77.727,71.827],[78.11,71.88],[78.197,71.922],[78.226,71.983],[77.986,72.11],[77.713,72.115],[77.511,72.062],[77.387,72.092],[77.377,72.11],[77.491,72.175],[77.442,72.21],[77.474,72.222],[77.668,72.193],[77.741,72.216],[77.879,72.3],[78.088,72.359],[78.125,72.385],[78.232,72.364],[78.426,72.393],[78.504,72.382],[78.498,72.408],[79.017,72.377],[79.391,72.386],[79.514,72.362],[79.785,72.265],[80.01,72.208],[80.474,72.152],[80.835,72.083],[80.852,72.069],[80.821,72.025],[80.732,72.045],[80.814,72.08],[80.686,72.079],[80.632,72.046],[80.647,72.034],[81.25,71.859],[81.279,71.796],[81.342,71.764],[81.547,71.742],[81.737,71.7],[82.194,71.708],[82.499,71.755],[82.867,71.786],[83.019,71.729],[83.153,71.74],[83.252,71.726],[83.32,71.683],[83.305,71.658],[83.136,71.572],[83.05,71.562],[83.012,71.529],[82.985,71.463],[83.048,71.415],[82.82,71.391],[82.273,71.279],[82.259,71.253],[82.28,71.223],[82.279,71.188],[82.332,71.144],[82.353,71.096],[82.314,71.059],[82.203,71.016],[82.208,70.987],[82.307,70.908],[82.301,70.896],[82.33,70.874],[82.324,70.846],[82.349,70.818],[82.417,70.777],[82.369,70.743],[82.235,70.696],[82.192,70.657],[82.187,70.622],[82.1,70.589],[82.082,70.565],[82.153,70.518],[82.153,70.476],[82.203,70.349],[82.233,70.318],[82.24,70.277],[82.349,70.202],[82.327,70.25],[82.287,70.29],[82.252,70.376],[82.225,70.48],[82.24,70.497],[82.157,70.572],[82.297,70.604],[82.465,70.613],[82.472,70.63],[82.434,70.667],[82.431,70.695],[82.483,70.708],[82.502,70.753],[82.554,70.762],[82.479,70.805],[82.569,70.853],[82.582,70.87],[82.579,70.911],[82.688,70.962],[82.735,70.966],[82.843,70.952],[82.877,70.917],[82.897,70.94],[82.876,70.997],[82.902,71.001],[82.932,70.954],[82.967,70.934],[83.134,70.882],[83.137,70.764],[83.065,70.693],[83.057,70.597],[82.993,70.572],[83.053,70.5],[83.011,70.427],[82.876,70.373],[82.664,70.26],[82.651,70.23],[82.671,70.189],[82.644,70.181],[82.776,70.142],[82.883,70.089],[83.111,70.069],[83.177,70.083],[83.186,70.092],[83.158,70.099],[83.182,70.11],[83.183,70.139],[83.13,70.209],[83.065,70.233],[83.014,70.287],[82.952,70.325],[83.013,70.335],[83.337,70.313],[83.534,70.332],[83.534,70.353],[83.646,70.399],[83.775,70.477],[83.745,70.503],[83.764,70.547],[83.757,70.569],[83.603,70.703],[83.602,70.77],[83.541,70.791],[83.476,70.918],[83.383,70.976],[83.399,71.003],[83.382,71.033],[83.316,71.066],[83.169,71.082],[83.116,71.113],[83.257,71.117],[83.21,71.189],[83.148,71.245],[83.266,71.286],[83.376,71.37],[83.382,71.465],[83.563,71.51],[83.631,71.576],[83.619,71.631],[83.548,71.669],[83.527,71.703],[83.411,71.751],[83.416,71.808],[83.361,71.841],[83.162,71.884],[82.97,71.898],[82.787,71.905],[82.678,71.879],[82.641,71.902],[82.624,71.942],[82.471,72.021],[82.185,72.093],[82.3,72.134],[82.307,72.183],[82.286,72.233],[82.219,72.257],[82.198,72.282],[81.944,72.293],[81.862,72.317],[81.586,72.351],[81.208,72.355],[80.834,72.474],[80.704,72.545],[80.834,72.621],[80.686,72.646],[80.634,72.704],[80.632,72.734],[80.773,72.806],[80.842,72.922],[80.814,72.974],[80.764,73.008],[80.75,73.038],[80.437,73.101],[80.595,73.115],[80.569,73.142],[80.327,73.183],[80.231,73.176],[80.322,73.203],[80.467,73.203],[80.563,73.222],[80.568,73.238],[80.528,73.281],[80.273,73.31],[80.255,73.33],[80.321,73.355],[80.35,73.383],[80.429,73.372],[80.485,73.419],[80.587,73.436],[80.61,73.449],[80.623,73.486],[80.677,73.505],[80.634,73.514],[80.54,73.487],[80.506,73.498],[80.513,73.567],[80.536,73.581],[80.832,73.572],[81.254,73.605],[81.53,73.648],[81.957,73.663],[83.484,73.655],[83.728,73.695],[84.366,73.71],[84.572,73.753],[84.793,73.765],[85.008,73.71],[85.427,73.712],[85.494,73.738],[85.472,73.76],[85.481,73.769],[85.604,73.822],[85.868,73.824],[86.016,73.867],[86.783,73.902],[87.08,73.872],[87.104,73.845],[87.027,73.784],[86.863,73.765],[86.723,73.706],[86.52,73.672],[86.396,73.625],[86.116,73.588],[85.787,73.481],[85.785,73.456],[85.803,73.403],[85.797,73.365],[85.833,73.332],[86.234,73.255],[86.247,73.224],[86.329,73.181],[86.523,73.163],[86.663,73.122],[86.713,73.084],[86.734,73.033],[86.782,73.001],[86.765,73.084],[86.623,73.166],[86.49,73.185],[86.378,73.244],[86.25,73.277],[85.894,73.34],[85.852,73.375],[85.858,73.423],[85.844,73.44],[85.882,73.496],[86.204,73.558],[86.773,73.584],[86.845,73.606],[87.165,73.611],[87.344,73.704],[87.249,73.691],[87.281,73.73],[87.617,73.824],[87.664,73.891],[87.611,73.914],[87.545,73.914],[87.531,73.907],[87.517,73.85],[87.454,73.825],[87.296,73.841],[87.167,73.897],[87.145,73.931],[87.043,73.992],[86.94,74.033],[86.997,74.05],[87.257,74.039],[87.366,74.011],[87.42,74.012],[87.362,74.048],[87.291,74.063],[86.896,74.07],[86.851,74.088],[86.865,74.108],[86.724,74.132],[86.803,74.184],[86.663,74.236],[86.506,74.255],[86.02,74.263],[85.949,74.293],[85.96,74.321],[85.906,74.355],[85.937,74.368],[86.159,74.358],[86.305,74.318],[86.308,74.339],[86.282,74.348],[86.255,74.389],[86.072,74.408],[86.049,74.416],[86.07,74.424],[86.201,74.431],[86.254,74.42],[86.475,74.458],[86.591,74.437],[86.639,74.41],[86.598,74.396],[86.624,74.388],[86.954,74.389],[86.886,74.351],[86.717,74.325],[86.699,74.307],[86.833,74.302],[86.949,74.343],[86.991,74.296],[86.968,74.28],[87.021,74.273],[87.05,74.306],[87.002,74.355],[87.016,74.367],[87.262,74.355],[87.08,74.39],[87.06,74.402],[87.088,74.426],[87.079,74.442],[86.796,74.424],[86.769,74.444],[86.707,74.451],[86.687,74.478],[86.535,74.512],[86.782,74.561],[86.491,74.567],[86.194,74.622],[85.74,74.636],[85.865,74.671],[85.834,74.687],[85.842,74.701],[85.9,74.723],[86.016,74.715],[86.101,74.736],[86.125,74.773],[86.028,74.814],[86.091,74.821],[86.367,74.775],[86.378,74.759],[86.213,74.766],[86.321,74.708],[86.474,74.725],[86.639,74.697],[86.605,74.663],[86.687,74.656],[86.667,74.643],[86.692,74.622],[86.842,74.63],[86.958,74.609],[86.965,74.625],[86.903,74.654],[86.954,74.684],[86.795,74.685],[86.762,74.704],[86.914,74.758],[87.064,74.725],[87.082,74.773],[87.036,74.8],[87.061,74.84],[87.097,74.862],[87.386,74.944],[87.173,74.985],[87.27,75.012],[87.426,75.006],[87.48,74.987],[87.434,74.965],[87.445,74.953],[87.574,74.93],[87.598,74.937],[87.564,74.965],[87.666,74.978],[87.706,75.005],[87.68,75.013],[87.79,75.026],[87.732,75.039],[87.365,75.04],[87.268,75.073],[87.035,75.093],[86.919,75.076],[86.899,75.088],[86.919,75.111],[87.025,75.164],[87.201,75.169],[87.588,75.143],[87.953,75.1],[88.083,75.144],[88.117,75.146],[88.139,75.129],[88.169,75.15],[88.307,75.176],[88.326,75.235],[88.371,75.255],[88.518,75.283],[88.626,75.267],[88.55,75.314],[88.612,75.344],[88.818,75.362],[88.77,75.376],[88.925,75.412],[89.085,75.403],[89.056,75.426],[89.007,75.434],[88.757,75.417],[89.132,75.453],[89.246,75.507],[89.394,75.465],[89.395,75.449],[89.704,75.444],[89.723,75.451],[89.624,75.477],[89.613,75.492],[89.636,75.505],[90.058,75.52],[90.036,75.543],[89.915,75.561],[89.954,75.578],[90.599,75.612],[90.887,75.671],[90.944,75.626],[90.978,75.62],[91.128,75.666],[91.195,75.664],[91.186,75.643],[91.217,75.632],[91.451,75.65],[91.58,75.638],[91.642,75.654],[91.641,75.684],[91.621,75.698],[91.7,75.736],[91.812,75.717],[92.226,75.754],[92.371,75.74],[92.516,75.773],[93.55,75.853],[94.053,75.915],[94.163,75.944],[94.144,75.955],[94.053,75.931],[93.74,75.9],[93.594,75.917],[93.603,75.939],[93.546,75.953],[93.448,75.909],[93.494,75.895],[93.419,75.873],[93.32,75.937],[93.258,75.952],[93.32,75.972],[93.277,75.982],[92.964,75.931],[93.108,75.911],[93.071,75.889],[92.888,75.896],[92.902,75.913],[92.884,75.934],[92.827,75.965],[92.929,75.993],[92.914,76.029],[92.929,76.034],[92.924,76.053],[92.952,76.067],[93.041,76.071],[93.101,76.024],[93.231,76.054],[93.219,76.071],[93.121,76.096],[93.43,76.107],[93.334,76.068],[93.422,76.047],[93.388,76.021],[93.427,76.012],[93.532,76.047],[93.704,76.062],[93.765,76.04],[93.999,76.054],[93.935,76.08],[93.882,76.074],[93.784,76.103],[93.674,76.099],[93.636,76.123],[93.686,76.132],[94.102,76.123],[94.201,76.105],[94.374,76.121],[94.395,76.109],[94.382,76.096],[94.472,76.075],[94.437,76.062],[94.459,76.052],[94.595,76.064],[94.615,76.075],[94.587,76.085],[94.604,76.1],[94.739,76.116],[94.71,76.139],[94.54,76.15],[94.573,76.16],[94.835,76.15],[94.932,76.112],[95.055,76.112],[95.153,76.132],[95.255,76.123],[95.39,76.164],[95.873,76.138],[95.975,76.114],[96.137,76.107],[96.193,76.08],[96.038,76.081],[95.993,76.062],[96.075,76.047],[95.979,76.034],[96.013,76.003],[96.005,75.993],[95.851,75.974],[95.711,75.907],[95.575,75.889],[95.74,75.856],[95.821,75.917],[95.937,75.949],[96.309,75.959],[96.342,75.972],[96.266,75.993],[96.519,76.016],[96.548,76.006],[96.5,75.978],[96.639,75.985],[96.665,75.965],[96.438,75.876],[96.461,75.872],[96.686,75.907],[96.835,75.889],[96.831,75.915],[96.863,75.928],[96.938,75.936],[97.003,75.975],[97.251,76.043],[97.397,76.047],[97.199,75.993],[97.199,75.976],[97.247,75.958],[97.185,75.931],[97.312,75.935],[97.342,75.944],[97.313,75.955],[97.317,75.965],[97.394,75.989],[97.824,75.988],[97.843,75.992],[97.821,76.019],[97.701,76.052],[97.548,76.054],[97.626,76.082],[97.799,76.095],[97.913,76.059],[98.161,76.091],[98.22,76.103],[98.019,76.105],[97.918,76.123],[97.971,76.144],[98.028,76.157],[98.118,76.148],[98.165,76.178],[98.404,76.184],[98.576,76.232],[98.816,76.267],[98.783,76.232],[98.713,76.205],[98.837,76.198],[98.933,76.225],[99.172,76.212],[99.235,76.224],[99.296,76.205],[99.2,76.178],[99.234,76.164],[99.09,76.164],[99.214,76.13],[99.574,76.155],[99.6,76.131],[99.468,76.109],[99.487,76.095],[99.576,76.081],[99.556,76.068],[99.571,76.064],[99.663,76.083],[99.755,76.049],[99.762,76.035],[99.745,76.01],[99.682,75.966],[99.692,75.914],[99.679,75.876],[99.615,75.837],[99.424,75.793],[99.571,75.78],[99.613,75.789],[99.713,75.862],[99.86,75.899],[99.902,75.927],[99.913,75.953],[99.9,75.976],[99.825,76.024],[99.878,76.096],[99.81,76.129],[99.798,76.156],[99.643,76.196],[99.615,76.255],[99.591,76.272],[99.395,76.28],[99.315,76.341],[99.265,76.352],[99.02,76.362],[99.02,76.399],[98.924,76.45],[98.82,76.478],[98.818,76.494],[98.849,76.517],[99.509,76.469],[100.23,76.492],[100.304,76.462],[100.693,76.507],[100.851,76.54],[101.057,76.486],[101.016,76.459],[101.316,76.484],[101.42,76.464],[101.738,76.45],[101.816,76.408],[101.86,76.401],[102.25,76.383],[102.174,76.415],[101.753,76.47],[101.564,76.473],[101.523,76.486],[101.551,76.492],[101.375,76.514],[101.036,76.52],[100.878,76.555],[101.037,76.582],[101.105,76.616],[101.091,76.63],[101.126,76.678],[101.112,76.684],[101.136,76.705],[101.126,76.733],[101.188,76.737],[101.235,76.767],[100.981,76.787],[100.864,76.838],[100.892,76.869],[100.858,76.873],[100.872,76.899],[100.934,76.952],[100.919,76.976],[101.05,76.993],[101.206,76.986],[101.235,77.006],[101.238,77.051],[101.166,77.061],[101.175,77.083],[101.207,77.099],[101.432,77.159],[101.584,77.222],[101.788,77.269],[102.037,77.363],[102.043,77.381],[102.076,77.391],[102.194,77.401],[102.229,77.38],[102.271,77.381],[102.569,77.501],[102.889,77.546],[102.92,77.555],[102.899,77.582],[103.197,77.659],[103.257,77.664],[103.356,77.62],[103.593,77.632],[104.023,77.733],[104.29,77.738],[104.326,77.73],[104.257,77.685],[104.289,77.673],[104.752,77.706],[104.808,77.635],[104.867,77.613],[104.982,77.589],[105.233,77.57],[105.334,77.541],[105.874,77.569],[105.833,77.541],[105.902,77.522],[105.923,77.5],[105.91,77.476],[105.984,77.438],[105.977,77.425],[106.171,77.402],[106.292,77.37],[106.22,77.356],[105.758,77.369],[105.724,77.341],[105.614,77.302],[105.435,77.274],[105.538,77.267],[105.456,77.24],[104.879,77.167],[104.608,77.16],[104.483,77.13],[104.346,77.135],[104.12,77.096],[104.298,77.089],[104.772,77.122],[104.873,77.091],[105.067,77.089],[105.195,77.111],[105.341,77.089],[105.613,77.115],[105.797,77.113],[105.928,77.144],[105.943,77.13],[105.888,77.096],[105.737,77.061],[105.785,77.041],[105.487,77.035],[105.435,77.0],[105.451,76.984],[105.895,76.995],[106.206,77.062],[106.466,77.04],[106.5,77.022],[106.665,77.002],[106.779,77.006],[106.649,77.034],[106.733,77.031],[106.83,77.055],[107.011,77.027],[106.97,77.014],[107.003,77.003],[107.286,77.021],[107.238,77.006],[107.256,76.993],[107.498,76.915],[107.266,76.891],[107.355,76.869],[107.225,76.858],[107.19,76.842],[107.286,76.836],[107.19,76.801],[107.08,76.808],[107.059,76.789],[107.06,76.764],[106.926,76.713],[106.724,76.719],[106.789,76.685],[106.79,76.661],[106.612,76.56],[106.546,76.563],[106.553,76.589],[106.511,76.6],[106.397,76.604],[106.367,76.575],[106.381,76.575],[106.377,76.554],[106.4,76.535],[106.389,76.52],[106.449,76.504],[106.705,76.499],[106.82,76.469],[106.913,76.509],[107.036,76.507],[107.27,76.535],[107.592,76.505],[107.845,76.535],[107.985,76.623],[107.991,76.649],[107.902,76.671],[107.941,76.712],[107.916,76.719],[107.946,76.737],[108.225,76.739],[108.32,76.725],[108.286,76.705],[108.499,76.727],[108.685,76.716],[109.049,76.74],[109.198,76.731],[109.398,76.76],[109.431,76.739],[109.605,76.739],[109.629,76.727],[110.061,76.692],[110.359,76.756],[110.567,76.764],[110.618,76.759],[110.631,76.739],[110.665,76.73],[110.906,76.73],[110.945,76.739],[110.897,76.753],[111.018,76.768],[111.137,76.747],[111.069,76.719],[111.119,76.682],[111.21,76.709],[111.555,76.684],[111.487,76.671],[111.542,76.651],[111.446,76.63],[111.489,76.61],[111.665,76.621],[111.826,76.596],[112.199,76.472],[111.829,76.341],[112.257,76.454],[112.748,76.335],[112.658,76.322],[112.732,76.289],[112.74,76.267],[112.673,76.246],[112.693,76.232],[112.614,76.222],[112.527,76.246],[112.501,76.239],[112.633,76.193],[112.78,76.192],[112.858,76.144],[112.761,76.075],[112.592,76.055],[112.57,76.047],[112.602,76.041],[112.962,76.065],[113.029,76.086],[113.042,76.116],[112.987,76.144],[113.059,76.164],[113.147,76.163],[113.303,76.116],[113.256,76.159],[113.289,76.171],[113.025,76.21],[112.972,76.224],[112.932,76.26],[113.131,76.253],[113.259,76.266],[113.296,76.246],[113.227,76.225],[113.241,76.205],[113.359,76.211],[113.46,76.148],[113.44,76.087],[113.453,76.041],[113.549,76.021],[113.501,75.986],[113.556,75.972],[113.532,75.954],[113.44,75.944],[113.521,75.931],[113.563,75.896],[113.556,75.876],[113.481,75.856],[113.652,75.876],[113.617,75.924],[113.703,75.931],[113.76,75.918],[113.781,75.939],[113.858,75.911],[113.828,75.895],[113.89,75.854],[113.837,75.798],[113.837,75.774],[113.72,75.671],[113.72,75.619],[113.692,75.593],[113.572,75.566],[113.556,75.54],[113.426,75.54],[113.582,75.621],[113.617,75.656],[113.261,75.694],[113.068,75.683],[113.129,75.694],[113.138,75.711],[113.123,75.721],[112.559,75.851],[112.337,75.848],[112.459,75.823],[112.518,75.774],[112.665,75.772],[112.823,75.739],[112.871,75.711],[112.825,75.686],[112.748,75.698],[112.878,75.647],[112.859,75.615],[112.789,75.589],[112.814,75.557],[113.035,75.553],[112.993,75.589],[112.993,75.61],[113.267,75.651],[113.295,75.645],[113.309,75.616],[113.255,75.574],[113.291,75.551],[113.536,75.507],[113.638,75.524],[113.703,75.471],[113.72,75.41],[113.634,75.422],[113.549,75.406],[113.536,75.39],[113.654,75.384],[113.671,75.369],[113.615,75.292],[113.363,75.186],[113.012,75.068],[112.993,75.039],[112.88,74.993],[112.514,74.922],[112.147,74.878],[112.092,74.857],[112.097,74.828],[112.056,74.789],[111.953,74.772],[111.911,74.738],[111.953,74.731],[111.772,74.669],[111.466,74.697],[111.403,74.691],[111.117,74.608],[110.986,74.594],[111.052,74.579],[110.96,74.548],[110.815,74.539],[110.557,74.481],[110.332,74.496],[110.281,74.478],[110.352,74.471],[110.39,74.451],[110.363,74.418],[110.212,74.372],[110.0,74.374],[109.951,74.337],[109.798,74.314],[109.78,74.328],[109.561,74.314],[109.642,74.289],[109.728,74.287],[109.968,74.305],[109.977,74.288],[109.89,74.197],[109.481,74.077],[109.18,74.057],[108.996,74.016],[108.901,73.965],[108.822,73.956],[108.624,73.873],[108.551,73.812],[108.438,73.82],[108.492,73.773],[108.398,73.754],[108.067,73.635],[108.094,73.663],[108.037,73.677],[107.749,73.612],[107.375,73.635],[107.147,73.618],[107.101,73.574],[107.17,73.553],[106.882,73.444],[106.831,73.375],[106.785,73.341],[106.648,73.307],[106.498,73.326],[106.395,73.313],[106.232,73.323],[106.063,73.273],[106.046,73.255],[106.048,73.203],[106.009,73.155],[105.874,73.115],[105.853,73.095],[105.847,73.014],[105.834,73.002],[105.751,72.977],[105.628,72.902],[105.354,72.831],[105.29,72.8],[105.067,72.786],[105.073,72.765],[105.483,72.768],[105.676,72.815],[105.787,72.87],[105.931,72.889],[106.002,72.947],[106.036,72.953],[106.118,72.941],[106.137,72.911],[106.409,72.872],[106.558,72.867],[106.657,72.832],[106.823,72.826],[107.103,72.856],[106.971,72.883],[106.62,72.896],[106.224,72.977],[106.189,73.039],[106.181,73.108],[106.217,73.144],[106.282,73.153],[106.333,73.19],[106.776,73.141],[106.9,73.145],[107.036,73.182],[107.327,73.158],[107.493,73.173],[107.722,73.169],[107.834,73.183],[107.966,73.231],[108.092,73.246],[108.317,73.222],[108.375,73.232],[108.396,73.258],[108.365,73.276],[108.198,73.279],[108.241,73.301],[108.393,73.317],[108.539,73.311],[108.685,73.34],[108.923,73.35],[109.221,73.387],[109.253,73.403],[109.255,73.42],[109.205,73.444],[109.209,73.469],[109.417,73.416],[109.435,73.427],[109.431,73.452],[109.287,73.498],[109.18,73.51],[109.17,73.54],[109.194,73.552],[109.512,73.458],[109.714,73.453],[110.104,73.516],[110.157,73.546],[110.089,73.56],[110.124,73.58],[110.425,73.607],[110.397,73.615],[110.423,73.64],[110.471,73.649],[110.899,73.686],[110.925,73.704],[110.876,73.735],[110.918,73.766],[110.664,73.787],[110.287,73.706],[109.8,73.705],[109.752,73.683],[109.787,73.669],[109.737,73.662],[109.674,73.678],[109.541,73.764],[109.527,73.796],[109.536,73.821],[109.82,73.877],[109.887,73.961],[110.021,74.014],[110.3,74.019],[110.581,73.991],[110.959,73.909],[111.103,73.95],[111.068,73.98],[111.096,74.018],[111.126,74.03],[111.536,74.051],[111.582,74.026],[111.561,74.009],[111.35,73.986],[111.254,74.001],[111.198,73.978],[111.295,73.869],[111.436,73.813],[111.804,73.744],[112.147,73.708],[112.372,73.705],[112.821,73.747],[112.945,73.79],[112.959,73.807],[112.935,73.882],[112.823,73.957],[112.823,73.998],[112.847,73.995],[112.946,73.94],[113.131,73.882],[113.159,73.844],[113.277,73.754],[113.396,73.686],[113.428,73.634],[113.423,73.591],[113.293,73.57],[113.131,73.45],[113.206,73.426],[113.272,73.375],[113.498,73.336],[113.493,73.29],[113.508,73.244],[113.487,73.17],[113.521,73.104],[113.455,72.993],[113.487,72.964],[113.312,72.894],[113.118,72.861],[113.097,72.841],[113.105,72.822],[113.17,72.78],[113.177,72.733],[113.264,72.689],[113.497,72.645],[114.09,72.601],[114.042,72.621],[113.391,72.681],[113.238,72.735],[113.216,72.776],[113.158,72.823],[113.18,72.849],[113.258,72.879],[113.354,72.891],[113.517,72.953],[113.542,72.977],[113.519,73.017],[113.531,73.048],[113.601,73.104],[113.599,73.128],[113.529,73.183],[113.532,73.214],[113.562,73.253],[113.724,73.321],[113.853,73.314],[114.036,73.347],[113.99,73.361],[113.844,73.347],[113.775,73.356],[113.535,73.44],[113.467,73.505],[113.915,73.536],[114.109,73.6],[114.675,73.593],[114.854,73.609],[115.112,73.675],[115.413,73.71],[116.173,73.676],[116.603,73.675],[117.06,73.615],[117.444,73.589],[118.45,73.589],[118.791,73.556],[118.998,73.491],[118.883,73.452],[118.738,73.46],[118.707,73.444],[118.626,73.457],[118.576,73.486],[118.467,73.478],[118.433,73.45],[118.372,73.432],[118.346,73.403],[118.428,73.375],[118.373,73.34],[118.379,73.314],[118.353,73.282],[118.394,73.238],[118.462,73.209],[118.918,73.12],[119.088,73.106],[119.252,73.073],[119.367,73.079],[119.535,73.055],[119.593,73.003],[119.685,72.995],[119.723,72.959],[120.534,72.874],[120.573,72.889],[120.54,72.901],[119.842,72.957],[119.778,72.985],[119.764,73.008],[119.783,73.018],[120.231,72.986],[120.656,72.977],[120.825,72.947],[121.055,72.932],[121.388,72.976],[121.735,72.958],[121.791,72.977],[121.964,72.964],[121.924,72.926],[122.043,72.892],[122.423,72.875],[122.534,72.839],[122.732,72.827],[122.313,72.934],[122.321,72.95],[122.843,72.873],[122.953,72.892],[122.437,72.977],[122.505,72.991],[122.465,73.019],[122.614,73.031],[122.859,72.998],[122.89,72.959],[123.138,72.918],[123.191,72.922],[123.349,72.988],[123.314,73.026],[123.4,73.093],[123.42,73.1],[123.45,73.075],[123.468,73.08],[123.469,73.106],[123.397,73.122],[123.376,73.156],[123.401,73.174],[123.547,73.197],[123.513,73.176],[123.545,73.161],[123.664,73.17],[123.609,73.183],[123.671,73.203],[123.651,73.215],[123.539,73.22],[123.48,73.258],[123.501,73.258],[123.503,73.275],[123.396,73.293],[123.338,73.341],[123.332,73.351],[123.413,73.391],[123.25,73.393],[123.218,73.409],[123.307,73.426],[123.26,73.457],[123.282,73.464],[123.333,73.464],[123.397,73.432],[123.417,73.444],[123.361,73.484],[123.286,73.505],[123.294,73.519],[123.246,73.546],[123.266,73.564],[123.37,73.56],[123.314,73.594],[123.424,73.581],[123.376,73.622],[123.388,73.643],[123.37,73.663],[123.513,73.687],[123.591,73.717],[123.629,73.697],[123.574,73.676],[123.595,73.669],[123.562,73.643],[123.657,73.635],[123.602,73.615],[123.646,73.603],[123.886,73.624],[123.89,73.635],[123.974,73.627],[124.0,73.642],[123.921,73.669],[123.905,73.7],[123.903,73.717],[123.931,73.745],[123.877,73.773],[123.986,73.759],[124.055,73.724],[123.993,73.691],[124.06,73.685],[124.094,73.688],[124.13,73.719],[124.219,73.724],[124.239,73.735],[124.24,73.76],[124.306,73.775],[124.336,73.805],[124.383,73.806],[124.404,73.792],[124.37,73.786],[124.486,73.779],[124.612,73.737],[124.695,73.742],[124.692,73.717],[124.726,73.708],[124.856,73.724],[124.836,73.704],[124.851,73.698],[124.908,73.691],[124.93,73.667],[124.98,73.676],[124.987,73.628],[125.043,73.641],[125.059,73.66],[125.048,73.683],[125.127,73.688],[125.137,73.704],[125.165,73.669],[125.151,73.656],[125.212,73.649],[125.178,73.622],[125.214,73.616],[125.172,73.577],[125.198,73.551],[125.233,73.567],[125.246,73.544],[125.287,73.539],[125.334,73.552],[125.365,73.583],[125.366,73.569],[125.399,73.556],[125.44,73.574],[125.476,73.559],[125.453,73.546],[125.555,73.546],[125.652,73.525],[125.623,73.505],[125.644,73.498],[125.538,73.475],[125.521,73.457],[125.575,73.423],[125.563,73.409],[125.623,73.42],[125.63,73.434],[125.604,73.45],[125.639,73.458],[125.761,73.47],[125.802,73.452],[125.877,73.461],[125.816,73.491],[125.905,73.519],[125.918,73.54],[125.973,73.532],[125.957,73.469],[125.912,73.436],[125.941,73.428],[126.004,73.454],[126.021,73.478],[126.006,73.499],[126.014,73.509],[126.288,73.557],[126.405,73.512],[126.381,73.49],[126.391,73.464],[126.329,73.43],[126.296,73.452],[126.239,73.443],[126.171,73.459],[126.152,73.436],[126.208,73.429],[126.255,73.403],[126.158,73.381],[126.42,73.409],[126.453,73.395],[126.432,73.375],[126.494,73.372],[126.549,73.347],[126.59,73.296],[126.561,73.269],[126.565,73.233],[126.659,73.303],[126.563,73.381],[126.64,73.381],[126.659,73.389],[126.666,73.426],[126.73,73.444],[126.762,73.439],[126.785,73.391],[126.829,73.389],[126.843,73.409],[126.833,73.44],[126.932,73.43],[126.905,73.457],[126.918,73.504],[126.83,73.519],[126.897,73.539],[127.05,73.549],[127.451,73.491],[127.988,73.471],[127.899,73.436],[128.077,73.406],[127.96,73.347],[128.365,73.354],[128.303,73.316],[128.31,73.299],[128.235,73.265],[128.326,73.268],[128.439,73.236],[128.615,73.266],[128.893,73.217],[128.845,73.19],[128.961,73.19],[128.957,73.154],[128.851,73.156],[128.864,73.116],[128.777,73.071],[128.843,73.075],[128.933,73.113],[129.066,73.128],[129.226,73.098],[129.444,73.029],[129.479,72.979],[129.441,72.949],[129.36,72.94],[128.928,72.98],[128.291,72.909],[128.24,72.89],[128.214,72.861],[128.243,72.837],[128.228,72.819],[128.129,72.786],[128.356,72.794],[129.308,72.717],[129.358,72.703],[129.228,72.688],[129.194,72.669],[129.221,72.662],[129.198,72.655],[128.869,72.678],[128.663,72.71],[128.52,72.704],[128.479,72.725],[128.396,72.673],[127.905,72.667],[127.994,72.625],[128.188,72.568],[128.611,72.483],[128.839,72.465],[129.117,72.482],[129.258,72.464],[129.274,72.447],[129.242,72.416],[129.369,72.397],[129.489,72.354],[129.468,72.347],[129.501,72.332],[129.485,72.317],[129.34,72.305],[129.334,72.286],[129.358,72.278],[129.358,72.263],[129.522,72.249],[129.564,72.231],[129.545,72.217],[129.468,72.217],[129.242,72.134],[129.459,72.142],[129.489,72.128],[129.333,72.091],[129.22,72.086],[129.128,72.101],[129.048,72.077],[128.934,72.073],[128.775,72.148],[128.494,72.203],[128.494,72.22],[128.57,72.244],[128.529,72.259],[128.15,72.317],[127.859,72.429],[127.666,72.43],[127.864,72.332],[127.747,72.326],[127.78,72.306],[127.912,72.291],[128.103,72.234],[128.192,72.228],[128.249,72.205],[128.31,72.151],[128.442,72.1],[128.453,72.093],[128.443,72.042],[128.453,72.024],[128.489,72.021],[128.528,71.98],[128.624,71.963],[128.67,71.894],[128.664,71.863],[128.784,71.827],[128.927,71.739],[129.139,71.784],[129.184,71.809],[129.189,71.833],[129.097,71.908],[129.067,71.967],[129.023,72.004],[129.041,72.019],[129.287,71.883],[129.303,71.864],[129.295,71.832],[129.31,71.804],[129.544,71.723],[129.486,71.719],[129.305,71.761],[129.095,71.712],[128.908,71.708],[128.83,71.679],[128.82,71.658],[128.875,71.597],[129.146,71.613],[129.249,71.55],[129.236,71.497],[129.314,71.466],[129.392,71.347],[129.463,71.307],[129.653,71.261],[129.712,71.217],[129.719,71.171],[129.763,71.148],[129.708,71.11],[129.626,71.086],[129.866,71.11],[129.941,71.093],[129.92,71.066],[130.08,71.083],[130.16,71.052],[130.162,71.022],[130.222,70.994],[130.216,70.979],[130.167,70.969],[130.468,70.927],[130.496,70.887],[130.62,70.866],[130.699,70.888],[130.722,70.963],[130.769,70.978],[130.826,70.923],[130.843,70.88],[130.891,70.845],[130.888,70.763],[131.042,70.739],[131.226,70.75],[131.394,70.807],[131.546,70.887],[131.771,71.1],[131.761,71.135],[131.866,71.149],[131.868,71.173],[131.827,71.182],[131.851,71.208],[131.99,71.229],[132.188,71.216],[131.942,71.267],[131.949,71.293],[132.04,71.389],[132.092,71.498],[132.264,71.682],[132.539,71.884],[132.718,71.946],[132.914,71.948],[133.066,71.971],[133.179,71.958],[133.341,71.886],[133.354,71.834],[133.303,71.88],[133.156,71.94],[133.031,71.955],[132.939,71.935],[132.932,71.911],[132.796,71.911],[132.775,71.88],[132.813,71.831],[132.715,71.811],[132.715,71.777],[132.73,71.769],[132.985,71.72],[133.08,71.643],[133.1,71.607],[133.152,71.579],[133.426,71.49],[133.65,71.437],[133.909,71.399],[134.168,71.371],[134.489,71.377],[134.609,71.403],[134.745,71.361],[134.651,71.297],[134.669,71.264],[134.696,71.309],[134.77,71.367],[134.697,71.421],[134.778,71.429],[134.78,71.461],[134.81,71.482],[135.033,71.539],[135.119,71.516],[135.207,71.552],[135.32,71.531],[135.423,71.531],[135.411,71.548],[135.341,71.566],[135.422,71.593],[135.622,71.623],[135.985,71.635],[136.303,71.583],[136.444,71.576],[136.516,71.558],[136.513,71.518],[136.556,71.509],[136.547,71.477],[136.662,71.529],[136.775,71.523],[136.919,71.454],[137.268,71.393],[137.239,71.367],[137.284,71.36],[137.356,71.374],[137.403,71.354],[137.492,71.347],[137.445,71.313],[137.485,71.298],[137.403,71.285],[137.532,71.246],[137.616,71.247],[137.705,71.285],[137.671,71.251],[137.739,71.251],[137.692,71.221],[137.526,71.22],[137.766,71.168],[137.764,71.142],[137.813,71.12],[137.859,71.123],[137.91,71.149],[137.973,71.141],[137.945,71.127],[137.977,71.119],[138.074,71.134],[138.065,71.15],[137.994,71.191],[137.918,71.203],[137.842,71.182],[137.848,71.205],[137.739,71.229],[137.831,71.254],[137.969,71.225],[138.067,71.225],[138.104,71.249],[138.184,71.245],[138.24,71.278],[137.992,71.292],[137.996,71.302],[138.15,71.333],[138.267,71.313],[138.363,71.319],[138.305,71.339],[138.01,71.339],[137.931,71.361],[137.966,71.38],[137.887,71.367],[137.829,71.387],[138.015,71.474],[138.039,71.559],[138.099,71.581],[138.5,71.613],[138.404,71.58],[138.438,71.539],[138.577,71.552],[138.595,71.583],[138.555,71.607],[138.677,71.644],[138.756,71.643],[138.877,71.6],[139.045,71.569],[139.089,71.49],[139.158,71.449],[139.116,71.429],[139.192,71.415],[139.346,71.422],[139.443,71.495],[139.588,71.495],[139.718,71.457],[139.857,71.494],[140.033,71.472],[140.026,71.492],[139.98,71.504],[140.001,71.525],[139.836,71.59],[139.735,71.672],[139.699,71.765],[139.708,71.777],[139.692,71.792],[139.743,71.845],[139.809,71.861],[139.71,71.871],[139.574,71.933],[139.336,71.95],[139.428,71.963],[139.635,71.955],[139.682,71.97],[139.712,71.998],[139.702,72.059],[139.716,72.083],[139.832,72.138],[139.874,72.178],[140.028,72.149],[140.132,72.154],[140.219,72.186],[140.197,72.214],[139.561,72.232],[139.432,72.183],[139.556,72.175],[139.533,72.164],[139.257,72.179],[139.28,72.153],[139.35,72.134],[139.192,72.163],[139.096,72.227],[139.094,72.248],[139.167,72.328],[139.329,72.423],[139.384,72.429],[139.542,72.498],[139.845,72.503],[140.073,72.479],[140.577,72.496],[140.878,72.538],[140.934,72.568],[141.111,72.587],[140.933,72.601],[140.988,72.635],[140.98,72.642],[141.011,72.668],[141.013,72.691],[140.992,72.709],[140.664,72.809],[140.659,72.834],[140.583,72.867],[140.594,72.893],[140.726,72.899],[141.273,72.866],[141.39,72.843],[141.551,72.774],[142.232,72.702],[142.543,72.718],[143.091,72.689],[143.487,72.7],[143.707,72.667],[144.304,72.642],[144.569,72.609],[145.41,72.556],[145.714,72.496],[146.125,72.47],[146.41,72.427],[146.484,72.402],[146.854,72.354],[146.792,72.331],[145.688,72.364],[145.353,72.347],[145.277,72.395],[145.204,72.402],[145.17,72.421],[145.092,72.4],[145.036,72.427],[144.943,72.438],[144.851,72.424],[144.708,72.374],[144.521,72.225],[144.342,72.294],[144.263,72.292],[144.207,72.267],[144.105,72.278],[144.194,72.244],[144.211,72.222],[144.478,72.17],[144.623,72.181],[144.675,72.213],[144.752,72.233],[144.951,72.242],[145.069,72.264],[146.929,72.313],[146.893,72.271],[146.776,72.228],[146.495,72.066],[146.244,71.987],[145.973,71.856],[145.94,71.857],[145.942,71.888],[145.999,71.939],[145.987,71.967],[146.003,71.992],[145.993,72.03],[146.033,72.044],[146.107,72.039],[146.347,72.128],[146.237,72.155],[146.235,72.172],[146.079,72.17],[146.047,72.157],[146.066,72.123],[145.968,72.071],[145.935,72.1],[145.962,72.127],[145.942,72.155],[145.849,72.162],[145.839,72.183],[145.907,72.203],[145.88,72.219],[145.692,72.257],[145.613,72.244],[145.75,72.21],[145.723,72.162],[145.621,72.08],[145.674,72.033],[145.791,72.028],[145.818,71.963],[145.806,71.929],[145.748,71.91],[145.567,71.906],[145.329,71.871],[145.256,71.907],[145.022,71.954],[144.971,71.98],[144.956,71.935],[144.974,71.914],[145.216,71.843],[145.196,71.813],[145.102,71.801],[145.029,71.771],[144.927,71.783],[144.886,71.771],[144.921,71.743],[144.901,71.733],[144.893,71.675],[144.953,71.702],[144.986,71.7],[145.011,71.682],[145.003,71.675],[145.078,71.696],[145.181,71.675],[145.251,71.687],[145.333,71.661],[145.57,71.741],[145.73,71.73],[145.923,71.776],[146.036,71.786],[146.157,71.821],[146.259,71.879],[146.365,71.906],[146.384,71.939],[146.469,71.97],[146.619,72.075],[146.67,72.087],[147.105,72.306],[147.196,72.33],[147.33,72.324],[147.434,72.34],[147.665,72.326],[147.747,72.339],[148.402,72.311],[148.965,72.251],[149.611,72.148],[149.725,72.121],[149.951,72.0],[150.067,71.922],[150.074,71.894],[150.056,71.867],[149.67,71.771],[149.369,71.904],[149.286,71.881],[149.327,71.874],[149.304,71.855],[149.211,71.826],[149.149,71.771],[149.106,71.767],[148.834,71.812],[148.891,71.775],[149.039,71.758],[149.01,71.734],[149.005,71.703],[148.866,71.695],[148.827,71.675],[149.003,71.668],[149.102,71.703],[149.772,71.648],[149.953,71.67],[149.985,71.641],[150.102,71.595],[150.006,71.572],[150.012,71.6],[149.952,71.592],[149.939,71.574],[149.965,71.529],[149.868,71.497],[149.868,71.462],[150.117,71.516],[150.277,71.521],[150.327,71.511],[150.307,71.504],[150.327,71.499],[150.418,71.518],[150.635,71.515],[150.671,71.49],[150.67,71.466],[150.626,71.429],[150.554,71.403],[150.515,71.346],[150.21,71.28],[150.037,71.228],[150.03,71.216],[150.047,71.21],[150.145,71.221],[150.28,71.278],[150.409,71.285],[150.657,71.39],[150.739,71.394],[150.66,71.357],[150.626,71.298],[150.595,71.278],[150.825,71.367],[151.033,71.394],[151.145,71.366],[151.492,71.333],[151.591,71.31],[151.767,71.223],[151.753,71.21],[151.799,71.181],[151.906,71.142],[151.989,71.087],[152.104,71.05],[152.137,71.017],[152.134,70.998],[152.061,70.983],[151.657,70.991],[151.681,70.976],[151.969,70.945],[152.211,70.881],[152.505,70.848],[152.549,70.827],[152.541,70.791],[152.613,70.835],[152.99,70.835],[153.311,70.858],[153.327,70.861],[153.315,70.873],[153.348,70.883],[153.618,70.883],[153.664,70.861],[153.93,70.894],[154.239,70.965],[155.48,71.062],[155.522,71.045],[155.495,71.004],[155.53,70.976],[155.546,71.019],[155.605,71.066],[155.936,71.099],[157.586,71.075],[157.989,71.048],[158.369,70.981],[158.524,70.969],[159.238,70.829],[159.689,70.671],[159.843,70.582],[160.025,70.419],[160.094,70.31],[160.106,70.264],[160.088,70.238],[159.994,70.192],[159.938,70.128],[159.738,70.146],[159.689,70.134],[159.797,70.106],[159.915,70.099],[159.851,70.055],[159.863,69.993],[159.761,69.962],[159.692,69.911],[159.689,69.891],[159.763,69.839],[159.73,69.839],[159.801,69.807],[159.769,69.762],[159.862,69.79],[160.169,69.703],[160.189,69.702],[160.141,69.729],[160.256,69.719],[160.312,69.7],[160.319,69.654],[160.516,69.687],[160.848,69.635],[160.915,69.647],[161.006,69.577],[160.959,69.54],[160.921,69.462],[161.023,69.296],[161.004,69.246],[161.039,69.195],[161.036,69.163],[160.963,69.106],[161.059,69.07],[161.287,69.044],[161.39,69.006],[161.415,68.982],[161.394,68.943],[161.299,68.873],[161.279,68.831],[161.219,68.792],[161.21,68.692],[161.147,68.653],[161.107,68.605],[161.032,68.56],[160.758,68.564],[160.779,68.539],[160.821,68.527],[161.047,68.534],[161.134,68.561],[161.257,68.666],[161.347,68.701],[161.29,68.754],[161.319,68.79],[161.574,68.921],[161.559,69.03],[161.484,69.092],[161.48,69.123],[161.449,69.154],[161.466,69.182],[161.399,69.221],[161.463,69.287],[161.415,69.331],[161.484,69.345],[161.436,69.38],[161.6,69.428],[161.703,69.496],[161.768,69.506],[161.824,69.535],[161.946,69.528],[162.026,69.551],[162.015,69.573],[162.03,69.584],[162.196,69.626],[162.172,69.633],[162.19,69.65],[162.299,69.652],[162.328,69.68],[162.327,69.702],[162.408,69.677],[162.621,69.682],[162.769,69.654],[163.023,69.685],[163.165,69.721],[163.304,69.72],[163.478,69.688],[163.585,69.684],[163.773,69.694],[164.027,69.774],[164.108,69.759],[164.136,69.726],[164.237,69.683],[164.439,69.621],[164.834,69.567],[165.269,69.598],[165.675,69.596],[165.946,69.558],[166.075,69.523],[166.63,69.534],[166.693,69.515],[166.678,69.496],[166.894,69.496],[167.51,69.695],[167.674,69.772],[167.802,69.775],[167.938,69.722],[168.083,69.709],[167.978,69.683],[167.926,69.654],[168.22,69.568],[168.254,69.544],[168.24,69.462],[168.192,69.38],[168.233,69.336],[168.244,69.276],[168.288,69.243],[168.372,69.221],[168.658,69.214],[168.851,69.188],[169.152,69.106],[169.304,69.098],[169.371,69.077],[169.42,69.024],[169.435,68.887],[169.454,68.845],[169.524,68.805],[169.625,68.777],[170.351,68.828],[170.494,68.8],[170.625,68.749],[170.549,68.793],[170.536,68.811],[170.564,68.825],[170.459,68.832],[170.44,68.845],[170.449,68.863],[170.633,68.918],[170.66,68.914],[170.653,68.886],[170.728,68.822],[170.708,68.876],[170.715,68.91],[170.68,68.94],[170.894,68.993],[170.979,69.056],[171.05,69.028],[171.159,69.044],[171.028,69.055],[170.98,69.144],[170.9,69.171],[170.897,69.194],[170.93,69.234],[170.913,69.304],[170.859,69.347],[170.749,69.391],[170.732,69.457],[170.687,69.476],[170.668,69.54],[170.606,69.59],[170.51,69.602],[170.286,69.579],[170.18,69.585],[170.161,69.613],[170.232,69.689],[170.592,69.765],[170.55,69.804],[170.56,69.89],[170.523,69.938],[170.539,70.007],[170.529,70.03],[170.553,70.058],[170.557,70.092],[170.407,70.113],[170.432,70.134],[170.482,70.142],[170.611,70.116],[171.038,70.081],[171.316,70.073],[171.994,69.993],[172.647,69.972],[172.725,69.981],[172.791,69.963],[172.799,69.929],[172.861,69.903],[173.179,69.845],[173.236,69.819],[173.181,69.802],[173.198,69.783],[173.419,69.798],[173.479,69.836],[173.403,69.877],[173.254,69.919],[173.209,69.911],[173.173,69.881],[173.161,69.9],[173.176,69.914],[173.279,69.942],[173.461,69.949],[173.702,69.887],[173.675,69.88],[173.738,69.852],[173.778,69.853],[173.743,69.873],[173.788,69.884],[173.928,69.845],[174.004,69.88],[174.071,69.887],[174.329,69.887],[175.088,69.846],[175.716,69.881],[175.725,69.871],[175.53,69.856],[175.997,69.769],[176.143,69.782],[176.159,69.803],[176.146,69.84],[176.1,69.858],[175.844,69.861],[175.782,69.885],[176.128,69.894],[176.272,69.819],[176.282,69.802],[176.243,69.799],[176.231,69.787],[176.242,69.774],[176.504,69.754],[176.735,69.675],[177.162,69.616],[177.358,69.617],[177.643,69.57],[177.683,69.551],[177.641,69.559],[177.609,69.544],[177.771,69.531],[178.212,69.443],[178.3,69.462],[178.277,69.48],[178.3,69.487],[178.365,69.487],[178.773,69.415],[178.811,69.394],[178.993,69.359],[179.068,69.325],[178.897,69.321],[178.838,69.365],[178.7,69.366],[178.666,69.383],[178.654,69.317],[178.674,69.298],[178.746,69.284],[178.862,69.298],[178.986,69.283],[179.068,69.298],[179.261,69.272],[179.959,68.996],[179.848,69.01],[179.577,69.111],[179.548,69.113],[179.572,69.093],[179.651,69.065],[179.692,69.016],[179.774,68.989],[180,68.981],[180,65.066],[179.896,65.055],[179.78,65.018],[179.713,64.953],[179.479,64.823],[179.25,64.811],[179.171,64.793],[178.912,64.715],[178.758,64.641],[178.562,64.592],[178.514,64.59],[178.486,64.611],[178.719,64.648],[178.756,64.682],[178.75,64.692],[178.668,64.699],[178.568,64.679],[178.218,64.658],[178.273,64.669],[178.241,64.689],[178.084,64.689],[177.978,64.672],[177.927,64.707],[177.625,64.72],[177.602,64.726],[177.643,64.748],[177.492,64.789],[177.503,64.803],[177.488,64.82],[177.389,64.836],[177.492,64.85],[177.433,64.929],[177.238,64.946],[177.17,65.028],[176.937,65.083],[176.813,65.076],[176.608,65.032],[176.419,65.09],[176.381,65.09],[176.395,65.064],[176.371,65.055],[176.306,65.055],[176.336,65.038],[176.444,65.042],[176.499,65.008],[176.546,65.001],[176.959,65.047],[176.992,65.011],[177.053,64.997],[177.222,64.915],[177.245,64.884],[177.224,64.864],[177.298,64.838],[177.285,64.815],[177.204,64.795],[177.026,64.774],[176.886,64.842],[176.626,64.868],[176.536,64.823],[176.436,64.811],[176.426,64.84],[176.397,64.86],[176.189,64.928],[176.111,64.925],[176.046,64.963],[175.955,64.925],[175.868,64.845],[175.715,64.794],[175.563,64.812],[175.289,64.775],[175.241,64.787],[175.186,64.771],[175.041,64.778],[174.75,64.689],[174.442,64.692],[174.519,64.67],[174.772,64.681],[175.022,64.755],[175.107,64.765],[175.278,64.751],[175.591,64.789],[175.657,64.768],[175.712,64.775],[175.925,64.848],[176.005,64.915],[176.082,64.919],[176.21,64.874],[176.317,64.767],[176.424,64.71],[176.327,64.666],[176.182,64.647],[176.145,64.628],[176.115,64.59],[176.101,64.548],[176.114,64.542],[176.121,64.57],[176.21,64.62],[176.368,64.634],[176.458,64.692],[176.582,64.674],[176.69,64.628],[176.743,64.571],[176.819,64.597],[176.855,64.643],[176.986,64.711],[177.169,64.727],[177.338,64.781],[177.492,64.768],[177.452,64.685],[177.455,64.652],[177.362,64.548],[177.387,64.492],[177.454,64.421],[177.67,64.305],[177.813,64.254],[178.0,64.21],[178.184,64.206],[178.075,64.254],[178.217,64.304],[178.283,64.354],[178.218,64.427],[178.184,64.411],[178.2,64.44],[178.4,64.243],[178.441,64.165],[178.589,64.035],[178.484,64.071],[178.4,64.035],[178.383,64.001],[178.492,63.987],[178.383,63.973],[178.533,63.97],[178.639,63.946],[178.66,63.963],[178.643,64.001],[178.698,63.897],[178.691,63.856],[178.74,63.737],[178.759,63.623],[178.723,63.651],[178.609,63.676],[178.589,63.671],[178.649,63.629],[178.725,63.617],[178.733,63.608],[178.705,63.596],[178.641,63.588],[178.59,63.633],[178.531,63.644],[178.506,63.637],[178.532,63.632],[178.502,63.597],[178.472,63.596],[178.46,63.623],[178.355,63.63],[178.26,63.582],[178.269,63.565],[178.372,63.522],[178.51,63.579],[178.711,63.57],[178.729,63.531],[178.718,63.521],[178.735,63.513],[178.72,63.476],[178.663,63.46],[178.595,63.411],[178.699,63.386],[178.838,63.435],[178.754,63.538],[178.759,63.582],[178.777,63.595],[178.816,63.491],[179.006,63.321],[178.848,63.404],[178.807,63.39],[178.809,63.35],[178.918,63.325],[178.931,63.294],[179.055,63.281],[179.132,63.238],[179.233,63.239],[179.386,63.161],[179.413,63.132],[179.418,63.068],[179.404,63.055],[179.311,63.061],[179.249,63.026],[179.242,63.006],[179.316,62.906],[179.471,62.885],[179.541,62.849],[179.551,62.798],[179.584,62.777],[179.609,62.706],[179.559,62.658],[179.567,62.629],[179.433,62.616],[179.41,62.547],[179.349,62.506],[179.149,62.496],[179.116,62.472],[179.113,62.448],[179.15,62.418],[179.135,62.38],[179.15,62.342],[179.074,62.287],[179.035,62.326],[178.938,62.366],[178.489,62.437],[178.061,62.541],[177.68,62.575],[177.307,62.582],[177.341,62.588],[177.266,62.616],[177.334,62.688],[177.32,62.746],[177.344,62.767],[177.43,62.77],[177.424,62.792],[177.458,62.815],[177.333,62.807],[177.252,62.733],[177.266,62.712],[177.189,62.71],[177.128,62.746],[177.153,62.778],[177.148,62.796],[176.992,62.869],[176.975,62.862],[176.998,62.794],[177.042,62.769],[176.931,62.694],[176.928,62.673],[177.05,62.584],[177.176,62.596],[177.266,62.588],[177.239,62.57],[177.015,62.55],[176.709,62.499],[176.683,62.513],[176.724,62.541],[176.662,62.535],[176.636,62.522],[176.635,62.5],[176.594,62.486],[176.598,62.474],[176.642,62.472],[176.393,62.395],[176.279,62.317],[175.633,62.191],[175.306,62.075],[175.395,62.123],[175.318,62.11],[175.258,62.169],[175.251,62.066],[175.174,62.022],[174.815,61.947],[174.765,61.917],[174.805,61.944],[174.785,61.958],[174.699,61.958],[174.6,61.985],[174.618,61.96],[174.73,61.896],[174.69,61.861],[174.49,61.815],[174.36,61.821],[174.38,61.84],[174.353,61.848],[174.285,61.814],[174.155,61.801],[174.193,61.817],[174.17,61.833],[174.073,61.842],[174.086,61.828],[174.014,61.817],[174.021,61.797],[174.061,61.776],[174.107,61.78],[174.039,61.761],[173.991,61.715],[173.924,61.704],[173.805,61.65],[173.802,61.692],[173.673,61.721],[173.6,61.754],[173.545,61.749],[173.474,61.643],[173.496,61.589],[173.481,61.555],[173.38,61.561],[173.331,61.547],[173.291,61.519],[173.309,61.492],[173.286,61.465],[173.128,61.397],[173.084,61.393],[173.002,61.415],[172.969,61.444],[172.915,61.451],[172.897,61.472],[172.826,61.469],[172.716,61.431],[172.899,61.372],[172.955,61.314],[172.895,61.278],[172.668,61.334],[172.769,61.286],[172.767,61.263],[172.7,61.248],[172.647,61.191],[172.574,61.187],[172.386,61.227],[172.338,61.211],[172.434,61.143],[172.337,61.122],[172.243,61.143],[172.263,61.115],[172.403,61.098],[172.437,61.071],[172.49,61.081],[172.476,61.056],[172.373,61.013],[172.243,61.02],[172.009,61.101],[172.161,61.027],[172.201,60.976],[172.181,60.945],[172.115,60.941],[172.084,60.887],[172.047,60.861],[172.007,60.855],[171.989,60.889],[172.004,60.936],[171.958,60.953],[171.958,60.919],[171.941,60.91],[171.962,60.855],[171.949,60.848],[171.825,60.832],[171.746,60.854],[171.663,60.817],[171.585,60.8],[171.537,60.807],[171.62,60.774],[171.633,60.745],[171.503,60.731],[171.413,60.69],[171.468,60.731],[171.415,60.785],[171.396,60.783],[171.407,60.715],[171.379,60.698],[171.372,60.643],[171.179,60.559],[171.056,60.556],[170.96,60.521],[170.811,60.512],[170.751,60.529],[170.735,60.519],[170.75,60.501],[170.811,60.498],[170.788,60.476],[170.79,60.451],[170.717,60.428],[170.639,60.423],[170.588,60.451],[170.516,60.451],[170.526,60.435],[170.581,60.434],[170.618,60.389],[170.599,60.377],[170.653,60.361],[170.662,60.332],[170.619,60.302],[170.502,60.273],[170.457,60.182],[170.401,59.966],[170.265,59.92],[170.119,59.968],[170.101,59.989],[170.119,60.019],[169.936,60.076],[169.849,60.182],[169.844,60.211],[169.975,60.232],[169.92,60.25],[169.837,60.243],[169.755,60.276],[169.708,60.348],[169.708,60.399],[169.693,60.416],[169.569,60.469],[169.264,60.55],[169.248,60.567],[169.371,60.567],[169.285,60.621],[169.214,60.629],[169.214,60.601],[169.189,60.583],[169.133,60.587],[169.167,60.567],[168.748,60.57],[168.65,60.553],[168.532,60.593],[168.28,60.596],[168.096,60.571],[167.838,60.511],[167.768,60.553],[167.75,60.535],[167.772,60.497],[167.592,60.445],[167.549,60.444],[167.48,60.468],[167.463,60.427],[167.434,60.42],[167.336,60.471],[167.374,60.406],[167.282,60.416],[167.306,60.393],[167.278,60.373],[167.192,60.355],[167.116,60.378],[167.081,60.4],[167.075,60.423],[167.025,60.428],[167.048,60.328],[166.898,60.3],[166.933,60.28],[166.932,60.259],[166.838,60.22],[166.361,59.884],[166.245,59.831],[166.11,59.827],[166.103,59.909],[166.144,59.966],[166.146,60.042],[166.175,60.12],[166.285,60.197],[166.288,60.225],[166.258,60.286],[166.276,60.331],[166.233,60.396],[166.275,60.384],[166.313,60.393],[166.363,60.451],[166.35,60.457],[166.393,60.48],[166.373,60.499],[166.322,60.471],[166.254,60.485],[166.013,60.44],[165.924,60.382],[165.941,60.366],[166.081,60.437],[166.212,60.457],[166.053,60.424],[165.967,60.365],[165.856,60.342],[165.671,60.252],[165.461,60.219],[165.445,60.259],[165.432,60.228],[165.445,60.197],[165.299,60.141],[165.229,60.097],[165.185,60.099],[165.16,60.129],[165.192,60.17],[165.162,60.169],[165.082,60.113],[164.999,60.135],[165.024,60.072],[165.044,60.068],[165.064,60.091],[165.13,60.084],[165.15,60.032],[165.212,59.991],[165.162,59.974],[165.014,59.848],[164.93,59.834],[164.839,59.787],[164.807,59.79],[164.786,59.813],[164.773,59.841],[164.786,59.861],[164.702,59.981],[164.489,60.111],[164.412,60.11],[164.377,60.075],[164.321,60.089],[164.336,60.036],[164.369,60.025],[164.339,59.992],[164.208,59.973],[164.118,59.941],[164.109,59.903],[164.19,59.854],[164.064,59.875],[164.042,59.908],[164.089,59.917],[164.205,59.998],[164.109,59.991],[164.017,60.036],[163.855,60.025],[163.875,60.047],[163.834,60.059],[163.797,60.045],[163.629,60.047],[163.638,60.004],[163.683,59.974],[163.722,59.972],[163.766,59.998],[163.794,59.991],[163.688,59.898],[163.535,59.905],[163.362,59.827],[163.378,59.814],[163.362,59.742],[163.39,59.632],[163.321,59.587],[163.247,59.587],[163.18,59.558],[163.21,59.56],[163.171,59.506],[163.278,59.451],[163.321,59.411],[163.313,59.288],[163.295,59.259],[163.244,59.238],[163.23,59.25],[163.288,59.287],[163.286,59.299],[163.133,59.291],[163.081,59.271],[163.067,59.234],[163.075,59.193],[163.219,59.151],[163.262,59.081],[163.164,59.034],[163.146,59.047],[163.176,59.073],[163.165,59.097],[163.067,59.121],[163.074,59.142],[162.958,59.162],[162.944,59.135],[162.883,59.133],[162.887,59.114],[162.969,59.052],[163.078,59.008],[163.069,58.968],[162.878,58.906],[162.92,58.972],[162.89,58.979],[162.816,58.887],[162.734,58.891],[162.677,58.874],[162.682,58.856],[162.714,58.847],[162.786,58.874],[162.788,58.832],[162.513,58.721],[162.405,58.654],[162.17,58.406],[162.047,58.206],[161.993,58.087],[162.026,57.929],[162.082,57.882],[162.215,57.822],[162.37,57.785],[162.456,57.784],[162.466,57.764],[162.355,57.689],[162.522,57.754],[162.491,57.887],[162.53,57.937],[162.69,57.97],[162.765,57.929],[162.851,57.918],[163.004,57.838],[163.219,57.813],[163.33,57.709],[163.242,57.67],[163.243,57.595],[163.164,57.562],[163.075,57.461],[162.909,57.417],[162.833,57.383],[162.8,57.346],[162.776,57.255],[162.795,57.184],[162.786,57.145],[162.86,57.051],[162.79,56.922],[162.784,56.763],[162.835,56.722],[162.967,56.704],[163.069,56.741],[163.126,56.727],[163.239,56.733],[163.226,56.721],[163.281,56.688],[163.239,56.623],[163.241,56.593],[163.278,56.564],[163.247,56.532],[163.279,56.462],[163.25,56.451],[163.353,56.322],[163.337,56.278],[163.366,56.181],[163.118,56.106],[163.053,56.028],[163.051,56.005],[162.931,56.018],[162.822,56.056],[162.754,56.108],[162.738,56.15],[162.638,56.221],[162.557,56.229],[162.707,56.271],[162.754,56.347],[162.873,56.359],[162.94,56.382],[162.944,56.406],[163.0,56.438],[163.085,56.461],[163.116,56.501],[163.101,56.518],[163.043,56.521],[163.02,56.538],[162.99,56.533],[162.958,56.499],[162.943,56.449],[162.91,56.426],[162.74,56.48],[162.683,56.484],[162.628,56.44],[162.573,56.427],[162.512,56.441],[162.414,56.384],[162.401,56.37],[162.526,56.326],[162.593,56.268],[162.496,56.242],[162.488,56.217],[162.142,56.129],[162.057,56.069],[162.04,56.045],[162.077,56.022],[162.018,55.976],[162.019,55.931],[161.969,55.895],[161.921,55.825],[161.925,55.794],[161.841,55.703],[161.777,55.608],[161.764,55.555],[161.748,55.376],[161.813,55.179],[161.875,55.079],[161.96,55.035],[162.047,54.956],[162.049,54.924],[162.152,54.863],[162.153,54.85],[162.107,54.825],[162.128,54.76],[162.045,54.726],[161.977,54.663],[161.817,54.591],[161.753,54.52],[161.724,54.509],[161.637,54.526],[161.312,54.49],[161.238,54.518],[161.21,54.571],[161.151,54.597],[160.892,54.571],[160.741,54.535],[160.42,54.378],[160.237,54.249],[160.161,54.235],[160.053,54.176],[160.001,54.131],[159.991,54.098],[159.902,53.982],[159.844,53.797],[159.843,53.74],[159.867,53.694],[159.818,53.66],[159.873,53.634],[159.915,53.591],[159.919,53.611],[159.873,53.666],[159.903,53.673],[159.931,53.645],[159.969,53.57],[159.96,53.497],[159.949,53.475],[159.92,53.476],[159.825,53.536],[159.791,53.516],[159.815,53.501],[159.797,53.482],[159.859,53.475],[159.876,53.4],[159.936,53.393],[159.928,53.338],[159.975,53.332],[159.969,53.31],[159.915,53.269],[159.969,53.215],[159.962,53.244],[159.98,53.266],[160.018,53.265],[160.059,53.097],[160.016,53.115],[159.963,53.113],[159.931,53.146],[159.771,53.204],[159.757,53.221],[159.763,53.242],[159.825,53.283],[159.73,53.239],[159.632,53.257],[159.478,53.229],[159.382,53.162],[159.291,53.174],[159.164,53.135],[159.003,53.077],[158.709,52.892],[158.659,52.973],[158.674,52.995],[158.592,53.062],[158.54,53.069],[158.438,53.025],[158.415,52.993],[158.454,52.983],[158.427,52.947],[158.436,52.92],[158.53,52.906],[158.483,52.94],[158.506,52.947],[158.608,52.932],[158.647,52.899],[158.606,52.878],[158.628,52.857],[158.592,52.823],[158.545,52.837],[158.565,52.796],[158.5,52.779],[158.495,52.759],[158.571,52.741],[158.599,52.714],[158.598,52.692],[158.571,52.687],[158.565,52.647],[158.5,52.621],[158.421,52.659],[158.448,52.618],[158.427,52.594],[158.461,52.575],[158.524,52.57],[158.519,52.517],[158.503,52.502],[158.53,52.488],[158.462,52.461],[158.462,52.433],[158.421,52.412],[158.503,52.433],[158.543,52.421],[158.571,52.392],[158.503,52.358],[158.558,52.313],[158.49,52.268],[158.427,52.268],[158.438,52.243],[158.39,52.226],[158.386,52.207],[158.427,52.184],[158.372,52.13],[158.319,52.13],[158.331,52.073],[158.286,52.034],[158.287,51.968],[158.131,51.851],[158.119,51.816],[158.015,51.766],[157.999,51.728],[157.918,51.661],[157.913,51.631],[157.854,51.622],[157.759,51.544],[157.713,51.55],[157.606,51.526],[157.537,51.486],[157.473,51.411],[157.488,51.391],[157.476,51.361],[157.447,51.348],[157.389,51.351],[157.352,51.33],[157.263,51.238],[156.877,51.019],[156.72,50.886],[156.67,50.864],[156.658,50.883],[156.762,50.984],[156.762,51.078],[156.708,51.088],[156.7,51.118],[156.722,51.195],[156.642,51.258],[156.547,51.279],[156.524,51.312],[156.52,51.423],[156.482,51.464],[156.501,51.775],[156.486,51.958],[156.439,52.216],[156.373,52.405],[156.303,52.481],[156.282,52.529],[156.371,52.49],[156.372,52.447],[156.42,52.472],[156.447,52.511],[156.331,52.536],[156.266,52.598],[156.111,52.935],[155.955,53.786],[155.884,53.982],[155.871,54.071],[155.728,54.427],[155.639,54.769],[155.645,54.832],[155.61,54.895],[155.551,55.284],[155.566,55.433],[155.623,55.639],[155.653,55.921],[155.684,55.994],[155.686,56.039],[155.71,56.081],[155.762,56.119],[155.742,56.127],[155.743,56.146],[155.765,56.175],[155.78,56.248],[155.811,56.291],[155.947,56.622],[156.048,56.765],[156.125,56.832],[156.17,56.836],[156.083,56.767],[156.064,56.716],[156.122,56.775],[156.208,56.826],[156.206,56.854],[156.461,56.948],[156.53,57.021],[156.536,57.088],[156.552,57.109],[156.573,57.114],[156.605,57.086],[156.656,57.076],[156.684,57.048],[157.001,57.426],[156.978,57.546],[156.931,57.658],[156.82,57.736],[156.749,57.73],[156.801,57.773],[156.981,57.857],[157.051,57.805],[157.242,57.77],[157.392,57.781],[157.47,57.804],[157.557,57.876],[157.587,57.951],[157.653,58.004],[157.64,58.025],[157.723,58.025],[157.789,57.997],[157.947,57.983],[158.225,58.025],[158.338,57.953],[158.346,57.967],[158.291,58.004],[158.295,58.025],[158.229,58.039],[158.247,58.052],[158.655,58.269],[159.024,58.415],[159.145,58.488],[159.153,58.508],[159.184,58.506],[159.237,58.468],[159.233,58.487],[159.188,58.508],[159.194,58.542],[159.402,58.678],[159.504,58.697],[159.497,58.716],[159.609,58.799],[159.62,58.826],[159.728,58.883],[159.753,58.958],[159.73,59.011],[159.792,59.068],[159.803,59.096],[160.215,59.332],[160.336,59.361],[160.446,59.455],[160.466,59.521],[160.497,59.552],[160.612,59.57],[160.668,59.595],[160.847,59.618],[161.039,59.752],[161.098,59.763],[161.192,59.83],[161.284,59.871],[161.338,59.945],[161.418,59.982],[161.467,60.032],[161.533,60.068],[161.654,60.089],[161.897,60.203],[161.936,60.236],[161.948,60.27],[161.922,60.313],[161.893,60.303],[161.939,60.417],[162.165,60.502],[162.206,60.538],[162.403,60.561],[162.502,60.621],[162.625,60.611],[162.754,60.646],[162.869,60.71],[162.891,60.732],[162.889,60.752],[162.917,60.76],[163.021,60.78],[163.099,60.755],[163.123,60.766],[163.102,60.777],[163.171,60.782],[163.194,60.805],[163.325,60.805],[163.346,60.799],[163.295,60.728],[163.315,60.722],[163.334,60.725],[163.395,60.815],[163.436,60.832],[163.615,60.869],[163.7,60.856],[163.751,60.883],[163.774,60.919],[163.734,60.939],[163.487,61.002],[163.559,61.047],[163.618,61.059],[163.631,61.082],[163.616,61.105],[163.666,61.145],[163.933,61.235],[163.951,61.301],[164.029,61.347],[164.023,61.372],[163.952,61.435],[163.848,61.453],[163.776,61.413],[163.751,61.443],[163.759,61.479],[163.846,61.58],[163.866,61.647],[163.931,61.668],[163.987,61.659],[164.045,61.683],[164.068,61.786],[164.042,61.843],[164.09,61.895],[164.073,61.996],[164.106,62.023],[164.08,62.091],[164.127,62.129],[164.105,62.168],[164.126,62.194],[164.127,62.262],[164.244,62.328],[164.418,62.353],[164.455,62.405],[164.503,62.413],[164.538,62.451],[164.739,62.46],[164.948,62.409],[165.225,62.383],[165.297,62.323],[165.316,62.324],[165.287,62.366],[165.111,62.429],[165.124,62.451],[165.387,62.466],[165.595,62.444],[165.651,62.459],[165.354,62.487],[165.11,62.485],[164.928,62.536],[164.766,62.558],[164.598,62.673],[164.447,62.689],[164.375,62.691],[164.308,62.661],[164.055,62.656],[163.908,62.584],[163.859,62.604],[163.764,62.602],[163.626,62.589],[163.476,62.545],[163.399,62.576],[163.388,62.548],[163.267,62.522],[163.25,62.508],[163.269,62.466],[163.244,62.448],[163.168,62.432],[163.177,62.419],[163.235,62.418],[163.229,62.385],[163.302,62.375],[163.37,62.34],[163.369,62.328],[163.232,62.311],[163.225,62.294],[163.241,62.285],[163.179,62.273],[163.091,62.227],[163.108,62.154],[163.15,62.113],[163.101,62.092],[163.105,62.08],[163.193,62.067],[163.148,62.038],[163.119,61.989],[163.069,61.967],[163.08,61.955],[163.067,61.936],[163.026,61.921],[163.064,61.917],[163.058,61.898],[162.977,61.8],[163.145,61.744],[163.343,61.706],[163.322,61.693],[163.327,61.658],[163.208,61.637],[163.23,61.611],[163.166,61.63],[163.112,61.616],[163.076,61.585],[163.108,61.571],[163.112,61.548],[163.017,61.517],[162.982,61.537],[162.968,61.572],[162.908,61.58],[162.909,61.609],[162.86,61.603],[162.86,61.617],[162.943,61.65],[162.931,61.675],[162.839,61.708],[162.766,61.705],[162.623,61.659],[162.631,61.637],[162.746,61.624],[162.775,61.594],[162.672,61.605],[162.539,61.652],[162.417,61.676],[162.351,61.615],[162.292,61.618],[162.328,61.59],[162.252,61.553],[162.216,61.558],[162.228,61.525],[162.215,61.513],[162.139,61.496],[162.095,61.436],[162.041,61.436],[162.061,61.417],[161.986,61.373],[161.939,61.377],[161.888,61.431],[161.889,61.385],[161.913,61.357],[161.89,61.336],[161.807,61.372],[161.802,61.317],[161.596,61.255],[161.603,61.226],[161.567,61.184],[161.471,61.196],[161.46,61.171],[161.412,61.152],[161.454,61.136],[161.446,61.121],[161.298,61.056],[161.212,61.054],[161.215,61.036],[161.182,61.014],[161.184,60.993],[160.978,60.909],[160.915,60.9],[160.902,60.86],[160.872,60.848],[160.847,60.814],[160.828,60.755],[160.796,60.747],[160.792,60.718],[160.687,60.76],[160.661,60.753],[160.636,60.716],[160.559,60.741],[160.47,60.699],[160.41,60.706],[160.443,60.743],[160.431,60.749],[160.372,60.723],[160.382,60.702],[160.358,60.659],[160.289,60.639],[160.282,60.609],[160.186,60.578],[160.154,60.576],[160.136,60.602],[160.16,60.641],[160.147,60.662],[160.22,60.665],[160.202,60.697],[160.245,60.714],[160.234,60.725],[160.251,60.735],[160.252,60.772],[160.17,60.825],[160.218,60.846],[160.254,60.825],[160.241,60.875],[160.282,60.906],[160.358,60.911],[160.353,60.945],[160.425,60.984],[160.408,61.005],[160.444,61.036],[160.372,61.043],[160.281,61.019],[160.202,61.038],[160.072,61.005],[159.998,60.963],[159.966,60.966],[159.951,60.941],[159.885,60.941],[159.899,60.916],[159.798,60.931],[159.828,60.942],[159.83,60.978],[159.968,61.059],[159.952,61.071],[160.0,61.106],[159.963,61.182],[159.918,61.214],[159.956,61.227],[159.943,61.244],[159.908,61.259],[159.855,61.258],[159.823,61.233],[159.776,61.242],[159.79,61.266],[159.828,61.279],[159.819,61.289],[159.909,61.294],[159.964,61.273],[159.996,61.284],[159.91,61.314],[159.972,61.339],[159.965,61.378],[160.053,61.379],[160.051,61.395],[160.107,61.43],[160.088,61.453],[160.035,61.459],[160.113,61.5],[160.217,61.512],[160.285,61.554],[160.251,61.575],[160.285,61.606],[160.26,61.625],[160.313,61.645],[160.319,61.667],[160.307,61.683],[160.259,61.69],[160.414,61.765],[160.399,61.794],[160.362,61.814],[160.4,61.831],[160.371,61.872],[160.391,61.881],[160.346,61.917],[160.346,61.945],[160.241,61.919],[160.182,61.88],[160.039,61.846],[159.967,61.759],[159.881,61.705],[159.806,61.722],[159.788,61.7],[159.726,61.702],[159.708,61.721],[159.708,61.685],[159.653,61.683],[159.577,61.653],[159.519,61.675],[159.512,61.7],[159.54,61.735],[159.537,61.785],[159.566,61.817],[159.53,61.819],[159.526,61.796],[159.485,61.793],[159.478,61.764],[159.356,61.817],[159.351,61.826],[159.392,61.834],[159.402,61.853],[159.394,61.876],[159.36,61.893],[159.118,61.917],[158.895,61.894],[158.845,61.859],[158.853,61.826],[158.837,61.821],[158.548,61.83],[158.521,61.798],[158.485,61.79],[158.403,61.822],[158.26,61.826],[158.169,61.767],[158.14,61.771],[158.08,61.734],[157.794,61.781],[157.537,61.792],[157.465,61.782],[157.393,61.746],[157.357,61.715],[157.365,61.685],[157.257,61.693],[157.028,61.651],[156.924,61.552],[156.798,61.516],[156.722,61.527],[156.67,61.516],[156.693,61.512],[156.671,61.498],[156.632,61.424],[156.624,61.371],[156.649,61.328],[156.62,61.275],[156.651,61.251],[156.655,61.197],[156.547,61.209],[156.374,61.149],[156.091,61.002],[156.045,60.973],[156.03,60.945],[156.008,60.95],[155.982,60.924],[155.964,60.933],[155.943,60.923],[155.973,60.905],[155.917,60.859],[155.923,60.833],[155.903,60.796],[155.921,60.755],[155.914,60.704],[155.83,60.729],[155.725,60.655],[155.68,60.658],[155.571,60.626],[155.541,60.592],[155.492,60.582],[155.475,60.555],[155.48,60.534],[155.432,60.515],[155.398,60.53],[155.34,60.525],[155.241,60.484],[155.138,60.411],[154.952,60.367],[154.814,60.272],[154.833,60.303],[154.804,60.289],[154.794,60.255],[154.761,60.228],[154.692,60.201],[154.51,60.025],[154.488,59.946],[154.479,59.973],[154.499,60.029],[154.564,60.094],[154.512,60.094],[154.408,60.063],[154.407,60.036],[154.467,59.968],[154.462,59.945],[154.488,59.896],[154.473,59.879],[154.398,59.848],[154.433,59.896],[154.396,59.902],[154.281,59.892],[154.221,59.87],[154.215,59.784],[154.229,59.73],[154.368,59.575],[154.286,59.624],[154.276,59.65],[154.22,59.664],[154.196,59.627],[154.197,59.583],[154.159,59.561],[154.149,59.536],[154.109,59.54],[154.075,59.509],[154.138,59.457],[154.298,59.443],[154.354,59.49],[154.357,59.526],[154.402,59.535],[154.41,59.507],[154.38,59.47],[154.427,59.421],[154.516,59.41],[154.537,59.423],[154.533,59.436],[154.436,59.484],[154.418,59.546],[154.429,59.547],[154.554,59.513],[154.644,59.543],[154.783,59.471],[154.842,59.475],[154.878,59.461],[154.963,59.496],[155.015,59.476],[155.023,59.437],[155.097,59.395],[155.167,59.379],[155.21,59.344],[155.193,59.33],[155.216,59.305],[155.158,59.296],[155.197,59.237],[155.15,59.222],[155.194,59.176],[155.056,59.192],[155.029,59.173],[154.936,59.192],[154.813,59.194],[154.785,59.156],[154.805,59.132],[154.791,59.131],[154.678,59.146],[154.573,59.2],[154.502,59.218],[154.438,59.216],[154.397,59.196],[154.333,59.192],[154.358,59.111],[154.341,59.118],[154.279,59.086],[154.192,59.101],[154.049,59.053],[153.905,59.087],[153.802,59.172],[153.692,59.185],[153.722,59.218],[153.767,59.231],[153.769,59.247],[153.697,59.226],[153.648,59.191],[153.495,59.234],[153.369,59.241],[153.348,59.154],[153.284,59.149],[153.284,59.131],[153.35,59.134],[153.356,59.116],[153.337,59.09],[153.09,59.083],[153.007,59.061],[152.989,59.029],[152.943,59.007],[152.9,58.904],[152.817,58.926],[152.732,58.909],[152.665,58.94],[152.557,58.95],[152.523,58.983],[152.431,59.009],[152.405,59.023],[152.405,59.046],[152.363,59.06],[152.339,59.055],[152.356,59.032],[152.342,59.02],[152.166,58.984],[152.157,58.927],[152.11,58.895],[152.02,58.875],[151.812,58.871],[151.717,58.849],[151.453,58.865],[151.354,58.833],[151.337,58.839],[151.359,58.856],[151.238,58.963],[151.236,58.998],[151.151,59.042],[151.088,59.102],[151.102,59.114],[151.217,59.092],[151.343,59.12],[151.438,59.17],[151.657,59.161],[151.766,59.134],[151.838,59.153],[151.924,59.138],[151.993,59.154],[152.051,59.148],[152.225,59.202],[152.322,59.207],[152.312,59.227],[152.137,59.296],[151.979,59.265],[151.901,59.303],[151.734,59.307],[151.728,59.322],[151.77,59.35],[151.705,59.39],[151.695,59.431],[151.666,59.459],[151.58,59.503],[151.516,59.509],[151.491,59.542],[151.429,59.565],[151.461,59.569],[151.451,59.577],[151.396,59.604],[151.371,59.601],[151.322,59.556],[151.063,59.579],[150.907,59.559],[150.895,59.546],[150.904,59.532],[150.938,59.519],[150.91,59.491],[150.937,59.484],[150.942,59.461],[150.926,59.448],[150.78,59.432],[150.74,59.44],[150.774,59.465],[150.766,59.484],[150.504,59.489],[150.772,59.537],[150.774,59.562],[150.601,59.541],[150.516,59.557],[150.519,59.572],[150.468,59.581],[150.457,59.613],[150.306,59.646],[150.168,59.653],[150.004,59.7],[149.598,59.758],[149.438,59.736],[149.38,59.754],[149.375,59.772],[149.327,59.759],[149.379,59.725],[149.133,59.641],[149.081,59.653],[149.041,59.643],[149.042,59.614],[149.089,59.61],[149.104,59.592],[149.081,59.56],[149.201,59.525],[149.212,59.469],[149.115,59.493],[148.968,59.452],[148.954,59.471],[148.892,59.467],[148.84,59.501],[148.856,59.531],[148.888,59.546],[148.846,59.553],[148.743,59.472],[148.72,59.421],[148.736,59.368],[148.814,59.364],[148.865,59.405],[148.875,59.399],[148.861,59.354],[148.882,59.356],[148.916,59.395],[148.99,59.375],[148.992,59.356],[148.934,59.317],[148.93,59.297],[148.964,59.273],[148.935,59.233],[148.842,59.277],[148.799,59.271],[148.788,59.236],[148.739,59.237],[148.728,59.26],[148.686,59.266],[148.59,59.242],[148.437,59.262],[148.394,59.379],[148.219,59.409],[147.845,59.377],[147.789,59.344],[147.847,59.297],[147.826,59.27],[147.739,59.262],[147.656,59.302],[147.591,59.304],[147.565,59.293],[147.546,59.238],[147.438,59.261],[147.375,59.303],[147.271,59.332],[147.231,59.332],[147.199,59.313],[147.056,59.363],[146.861,59.361],[146.72,59.382],[146.697,59.394],[146.693,59.424],[146.504,59.463],[146.44,59.46],[146.319,59.402],[146.325,59.319],[146.312,59.279],[146.333,59.259],[146.319,59.238],[146.363,59.213],[146.323,59.18],[146.205,59.205],[146.158,59.192],[146.136,59.169],[146.099,59.174],[146.05,59.139],[145.976,59.143],[145.99,59.172],[145.932,59.213],[145.825,59.241],[145.844,59.293],[145.946,59.355],[145.976,59.399],[145.957,59.417],[145.889,59.402],[145.818,59.416],[145.809,59.367],[145.693,59.412],[145.675,59.436],[145.652,59.422],[145.354,59.393],[145.229,59.408],[145.001,59.37],[144.763,59.381],[144.804,59.395],[144.613,59.395],[144.695,59.375],[144.455,59.375],[144.366,59.381],[144.448,59.381],[144.38,59.402],[144.281,59.388],[143.938,59.405],[143.904,59.423],[143.494,59.319],[143.408,59.324],[143.311,59.361],[143.165,59.381],[143.139,59.361],[143.16,59.354],[142.582,59.226],[142.262,59.125],[142.015,58.997],[141.782,58.765],[141.584,58.618],[141.249,58.477],[141.186,58.456],[141.105,58.459],[140.987,58.419],[140.904,58.383],[140.74,58.271],[140.667,58.191],[140.519,57.933],[140.496,57.845],[140.346,57.787],[140.302,57.748],[140.28,57.763],[140.223,57.76],[140.035,57.713],[139.935,57.653],[139.79,57.483],[139.712,57.492],[139.621,57.467],[139.563,57.43],[139.522,57.36],[139.418,57.297],[139.38,57.308],[139.317,57.278],[139.197,57.273],[139.069,57.207],[139.026,57.14],[138.99,57.154],[138.933,57.135],[138.922,57.058],[138.885,57.019],[138.806,57.032],[138.787,57.006],[138.623,56.959],[138.586,56.922],[138.562,56.827],[138.582,56.785],[138.564,56.778],[138.543,56.794],[138.55,56.86],[138.454,56.839],[138.467,56.817],[138.396,56.731],[138.29,56.692],[138.262,56.654],[138.261,56.616],[138.231,56.624],[138.216,56.61],[138.148,56.604],[138.13,56.586],[138.115,56.528],[138.125,56.507],[138.175,56.472],[138.258,56.466],[138.223,56.424],[138.163,56.451],[138.069,56.438],[138.054,56.388],[137.914,56.36],[137.834,56.225],[137.776,56.211],[137.723,56.159],[137.724,56.136],[137.572,56.117],[137.5,56.063],[137.444,56.049],[137.426,56.031],[137.417,55.973],[137.391,55.946],[137.331,55.969],[137.296,55.961],[137.238,55.916],[137.156,55.888],[137.047,55.819],[137.05,55.793],[136.979,55.792],[136.91,55.771],[136.773,55.661],[136.671,55.646],[136.623,55.616],[136.566,55.623],[136.529,55.58],[136.43,55.565],[136.319,55.487],[136.308,55.425],[136.269,55.415],[136.22,55.355],[136.178,55.343],[136.162,55.318],[135.981,55.245],[135.869,55.174],[135.811,55.171],[135.706,55.115],[135.67,55.121],[135.469,55.057],[135.455,55.029],[135.339,54.981],[135.22,54.894],[135.184,54.859],[135.173,54.821],[135.265,54.722],[135.244,54.701],[135.341,54.715],[135.654,54.666],[135.68,54.65],[135.699,54.599],[135.75,54.571],[135.98,54.581],[136.207,54.621],[136.535,54.596],[136.598,54.623],[136.662,54.685],[136.677,54.674],[136.659,54.637],[136.681,54.615],[136.72,54.614],[136.776,54.651],[136.823,54.648],[136.814,54.626],[136.883,54.591],[136.807,54.516],[136.842,54.488],[136.818,54.473],[136.841,54.432],[136.807,54.424],[136.759,54.437],[136.739,54.414],[136.76,54.381],[136.752,54.365],[136.821,54.316],[136.801,54.297],[136.755,54.297],[136.752,54.284],[136.814,54.249],[136.763,54.204],[136.814,54.159],[136.769,54.08],[136.78,54.064],[136.689,54.012],[136.692,53.98],[136.659,53.935],[136.685,53.808],[136.775,53.773],[136.822,53.788],[136.842,53.829],[136.899,53.847],[137.02,53.852],[137.108,53.808],[137.143,53.814],[137.186,53.851],[137.291,54.036],[137.272,54.05],[137.157,54.044],[137.138,54.083],[137.061,54.146],[137.178,54.208],[137.261,54.227],[137.3,54.272],[137.377,54.29],[137.395,54.308],[137.451,54.318],[137.547,54.297],[137.643,54.297],[137.712,54.33],[137.736,54.321],[137.726,54.295],[137.504,54.137],[137.484,54.085],[137.45,54.089],[137.461,54.124],[137.437,54.146],[137.308,54.118],[137.294,54.077],[137.32,54.049],[137.438,54.037],[137.591,53.956],[137.636,53.968],[137.771,53.944],[137.863,53.968],[137.774,53.899],[137.679,53.878],[137.65,53.865],[137.64,53.841],[137.609,53.834],[137.566,53.771],[137.564,53.727],[137.5,53.698],[137.488,53.671],[137.345,53.665],[137.278,53.616],[137.218,53.601],[137.228,53.567],[137.335,53.529],[137.678,53.55],[137.918,53.587],[138.047,53.65],[138.15,53.673],[138.284,53.739],[138.366,53.909],[138.579,53.999],[138.585,53.977],[138.565,53.942],[138.589,53.879],[138.58,53.828],[138.379,53.684],[138.353,53.66],[138.345,53.607],[138.246,53.566],[138.247,53.533],[138.217,53.5],[138.226,53.492],[138.284,53.525],[138.439,53.514],[138.528,53.564],[138.656,53.732],[138.697,53.819],[138.682,53.875],[138.761,53.975],[138.772,54.016],[138.767,54.105],[138.665,54.077],[138.725,54.159],[138.725,54.2],[138.747,54.242],[138.734,54.266],[138.644,54.297],[138.739,54.316],[138.934,54.253],[139.302,54.191],[139.372,54.196],[139.768,54.304],[139.804,54.287],[139.795,54.239],[139.816,54.215],[139.884,54.187],[139.918,54.2],[139.908,54.189],[139.92,54.176],[140.002,54.123],[140.241,54.057],[140.226,54.012],[140.236,54.001],[140.331,53.97],[140.323,53.947],[140.252,53.891],[140.257,53.869],[140.357,53.79],[140.522,53.727],[140.54,53.672],[140.581,53.639],[140.651,53.62],[140.713,53.582],[141.098,53.475],[140.994,53.495],[140.95,53.489],[140.934,53.477],[140.931,53.436],[140.995,53.448],[141.035,53.41],[141.124,53.393],[141.118,53.375],[141.229,53.316],[141.407,53.304],[141.398,53.256],[141.358,53.221],[141.424,53.218],[141.412,53.195],[141.433,53.149],[141.375,53.123],[141.35,53.091],[141.364,53.073],[141.254,53.088],[141.186,53.05],[141.262,53.036],[141.189,52.987],[141.132,52.987],[140.967,53.062],[140.895,53.077],[140.861,53.118],[140.73,53.127],[140.707,53.111],[140.876,53.038],[140.933,53.032],[140.966,52.945],[140.994,52.926],[141.045,52.924],[141.083,52.884],[141.198,52.849],[141.261,52.852],[141.201,52.777],[141.27,52.735],[141.316,52.659],[141.281,52.579],[141.235,52.526],[141.118,52.449],[141.128,52.423],[141.186,52.351],[141.258,52.324],[141.279,52.293],[141.35,52.268],[141.402,52.226],[141.54,52.221],[141.556,52.162],[141.551,52.15],[141.494,52.172],[141.403,52.14],[141.355,52.106],[141.343,52.094],[141.364,52.084],[141.303,52.022],[141.418,51.955],[141.426,51.925],[141.28,51.88],[141.2,51.824],[141.169,51.751],[141.109,51.679],[140.988,51.659],[140.915,51.624],[140.901,51.494],[140.888,51.48],[140.823,51.48],[140.8,51.454],[140.819,51.417],[140.896,51.429],[140.874,51.372],[140.83,51.343],[140.706,51.335],[140.686,51.313],[140.714,51.261],[140.659,51.224],[140.679,51.199],[140.667,51.131],[140.704,51.092],[140.707,51.032],[140.665,51.008],[140.674,50.948],[140.6,50.928],[140.53,50.862],[140.548,50.836],[140.542,50.805],[140.481,50.747],[140.463,50.699],[140.515,50.617],[140.484,50.607],[140.442,50.53],[140.515,50.446],[140.511,50.419],[140.545,50.344],[140.515,50.295],[140.537,50.236],[140.523,50.151],[140.601,50.075],[140.686,50.103],[140.691,50.08],[140.482,49.975],[140.446,49.891],[140.415,49.875],[140.459,49.806],[140.535,49.777],[140.542,49.757],[140.507,49.692],[140.561,49.575],[140.521,49.527],[140.518,49.491],[140.454,49.421],[140.436,49.294],[140.336,49.288],[140.35,49.273],[140.39,49.275],[140.346,49.229],[140.35,49.198],[140.377,49.206],[140.359,49.174],[140.377,49.144],[140.356,49.096],[140.295,49.088],[140.336,49.068],[140.344,49.047],[140.219,49.014],[140.264,49.012],[140.274,49.0],[140.248,48.976],[140.283,48.976],[140.281,48.965],[140.301,48.965],[140.297,48.98],[140.321,49.009],[140.359,49.021],[140.371,49.0],[140.398,48.993],[140.352,48.91],[140.254,48.848],[140.213,48.767],[140.186,48.65],[140.193,48.581],[140.172,48.568],[140.193,48.53],[140.177,48.462],[140.072,48.399],[140.035,48.328],[139.951,48.305],[139.767,48.188],[139.652,48.069],[139.507,47.961],[139.39,47.904],[139.262,47.788],[139.212,47.704],[139.206,47.664],[139.151,47.622],[139.065,47.496],[139.037,47.401],[138.99,47.363],[138.969,47.318],[138.891,47.305],[138.563,47.03],[138.513,46.941],[138.502,46.866],[138.41,46.781],[138.349,46.664],[138.356,46.594],[138.345,46.549],[138.202,46.454],[138.113,46.289],[138.1,46.228],[138.034,46.156],[137.944,46.108],[137.938,46.074],[137.782,45.946],[137.671,45.795],[137.524,45.689],[137.397,45.624],[137.145,45.375],[137.083,45.355],[136.811,45.193],[136.78,45.108],[136.691,45.039],[136.663,45.039],[136.558,44.948],[136.553,44.895],[136.516,44.875],[136.498,44.846],[136.45,44.827],[136.444,44.785],[136.426,44.773],[136.355,44.789],[136.341,44.758],[136.307,44.744],[136.329,44.707],[136.275,44.693],[136.235,44.652],[136.228,44.57],[136.201,44.561],[136.165,44.497],[136.046,44.45],[135.999,44.456],[135.985,44.436],[135.889,44.402],[135.838,44.363],[135.841,44.329],[135.819,44.291],[135.786,44.258],[135.721,44.237],[135.705,44.198],[135.656,44.169],[135.66,44.116],[135.624,44.038],[135.541,44.004],[135.512,43.922],[135.464,43.95],[135.464,43.894],[135.485,43.894],[135.481,43.878],[135.519,43.881],[135.426,43.763],[135.275,43.689],[135.236,43.734],[135.182,43.711],[135.231,43.682],[135.224,43.645],[135.138,43.539],[135.142,43.514],[135.128,43.501],[134.975,43.46],[134.956,43.436],[134.836,43.38],[134.77,43.315],[134.703,43.304],[134.587,43.229],[134.56,43.235],[134.43,43.158],[134.194,43.08],[134.108,42.996],[134.05,42.973],[133.927,42.883],[133.84,42.898],[133.73,42.845],[133.717,42.817],[133.672,42.853],[133.593,42.853],[133.572,42.826],[133.524,42.826],[133.42,42.771],[133.299,42.763],[133.237,42.744],[133.158,42.688],[133.024,42.699],[132.996,42.723],[133.038,42.743],[133.077,42.738],[133.079,42.75],[132.996,42.804],[133.011,42.819],[132.99,42.827],[132.9,42.816],[132.888,42.763],[132.865,42.748],[132.816,42.756],[132.792,42.791],[132.791,42.821],[132.757,42.832],[132.774,42.875],[132.763,42.908],[132.682,42.873],[132.695,42.86],[132.619,42.859],[132.578,42.84],[132.511,42.871],[132.503,42.924],[132.404,42.942],[132.394,42.922],[132.346,42.901],[132.36,42.86],[132.312,42.845],[132.288,42.89],[132.301,43.024],[132.291,43.045],[132.305,43.064],[132.291,43.086],[132.321,43.094],[132.318,43.12],[132.34,43.134],[132.326,43.141],[132.329,43.175],[132.357,43.171],[132.382,43.191],[132.308,43.238],[132.346,43.267],[132.356,43.286],[132.346,43.298],[132.305,43.319],[132.29,43.313],[132.282,43.279],[132.227,43.23],[132.096,43.181],[132.03,43.117],[131.93,43.07],[131.886,43.086],[131.921,43.12],[131.859,43.086],[131.85,43.1],[131.912,43.198],[131.997,43.239],[132.045,43.286],[132.052,43.315],[132.031,43.325],[131.992,43.273],[131.968,43.271],[131.978,43.292],[131.957,43.306],[131.895,43.319],[131.846,43.305],[131.826,43.318],[131.839,43.333],[131.816,43.337],[131.764,43.292],[131.75,43.225],[131.723,43.21],[131.764,43.186],[131.731,43.174],[131.695,43.202],[131.647,43.169],[131.667,43.157],[131.695,43.175],[131.683,43.149],[131.563,43.038],[131.565,42.996],[131.518,43.009],[131.5,43.0],[131.496,42.942],[131.394,42.945],[131.386,42.914],[131.411,42.901],[131.4,42.873],[131.459,42.884],[131.472,42.873],[131.379,42.831],[131.352,42.774],[131.3,42.793],[131.273,42.777],[131.236,42.707],[131.262,42.681],[131.224,42.661],[131.201,42.614],[131.234,42.589],[131.213,42.584],[131.22,42.555],[131.167,42.576],[131.181,42.605],[131.127,42.617],[131.12,42.667],[131.106,42.668],[131.087,42.64],[130.995,42.641],[130.89,42.6],[130.815,42.634],[130.889,42.639],[130.912,42.617],[130.932,42.618],[130.95,42.653],[130.787,42.654],[130.832,42.674],[130.825,42.699],[130.745,42.681],[130.721,42.7],[130.657,42.664],[130.661,42.643],[130.733,42.616],[130.73,42.579],[130.774,42.597],[130.873,42.528],[130.843,42.52],[130.839,42.472],[130.787,42.462],[130.704,42.295],[130.663,42.321],[130.646,42.401],[130.587,42.432],[130.531,42.53],[130.585,42.569],[130.572,42.622],[130.504,42.678],[130.404,42.678],[130.38,42.697],[130.407,42.735],[130.586,42.817],[130.735,42.824],[130.77,42.866],[130.794,42.869],[130.856,42.85],[130.992,42.849],[131.024,42.896],[131.103,42.91],[131.074,42.993],[131.078,43.032],[131.184,43.121],[131.169,43.202],[131.238,43.266],[131.248,43.344],[131.281,43.38],[131.274,43.451],[131.161,43.533],[131.192,43.589],[131.17,43.781],[131.217,43.908],[131.207,43.975],[131.218,44.016],[131.264,44.054],[131.066,44.682],[131.021,44.747],[130.972,44.776],[130.93,44.825],[130.933,44.842],[131.025,44.862],[131.052,44.909],[131.11,44.92],[131.177,44.903],[131.329,44.968],[131.434,44.961],[131.609,45.09],[131.622,45.124],[131.605,45.165],[131.628,45.198],[131.723,45.215],[131.785,45.305],[131.818,45.333],[131.853,45.338],[131.915,45.26],[131.969,45.234],[132.84,45.059],[132.921,45.028],[132.966,45.029],[133.099,45.108],[133.127,45.155],[133.098,45.244],[133.102,45.287],[133.133,45.42],[133.18,45.494],[133.375,45.573],[133.413,45.573],[133.428,45.615],[133.477,45.628],[133.457,45.649],[133.492,45.673],[133.488,45.687],[133.443,45.71],[133.471,45.729],[133.485,45.768],[133.511,45.779],[133.477,45.82],[133.514,45.879],[133.552,45.888],[133.586,45.876],[133.618,45.936],[133.658,45.935],[133.72,46.064],[133.687,46.142],[133.741,46.159],[133.794,46.214],[133.83,46.197],[133.861,46.224],[133.855,46.237],[133.902,46.259],[133.894,46.302],[133.916,46.313],[133.896,46.327],[133.874,46.32],[133.863,46.339],[133.926,46.371],[133.934,46.391],[133.9,46.427],[133.854,46.445],[133.846,46.471],[133.892,46.529],[133.902,46.574],[133.988,46.625],[134.015,46.665],[134.045,46.772],[134.017,46.819],[134.063,46.907],[134.069,46.981],[134.124,47.071],[134.197,47.085],[134.227,47.118],[134.19,47.173],[134.197,47.205],[134.154,47.258],[134.184,47.328],[134.245,47.355],[134.313,47.42],[134.415,47.439],[134.485,47.43],[134.557,47.471],[134.624,47.55],[134.683,47.588],[134.693,47.649],[134.773,47.711],[134.77,47.741],[134.676,47.824],[134.658,47.887],[134.588,47.926],[134.601,47.944],[134.559,48.01],[134.586,48.061],[134.683,48.136],[134.687,48.22],[134.719,48.263],[134.611,48.285],[134.543,48.357],[134.471,48.34],[134.386,48.381],[134.057,48.327],[133.966,48.279],[133.738,48.251],[133.67,48.19],[133.594,48.164],[133.56,48.113],[133.524,48.095],[133.301,48.101],[133.224,48.126],[133.092,48.107],[133.033,48.057],[132.941,48.027],[132.806,47.936],[132.775,47.934],[132.722,47.959],[132.675,47.951],[132.66,47.931],[132.668,47.881],[132.576,47.794],[132.574,47.74],[132.525,47.708],[132.332,47.737],[132.251,47.725],[132.162,47.69],[132.025,47.698],[131.914,47.668],[131.703,47.696],[131.603,47.662],[131.508,47.722],[131.441,47.741],[131.21,47.709],[131.104,47.677],[131.044,47.677],[130.966,47.704],[130.942,47.718],[130.942,47.821],[130.907,47.884],[130.675,48.064],[130.663,48.116],[130.675,48.136],[130.753,48.19],[130.774,48.244],[130.824,48.294],[130.822,48.334],[130.78,48.356],[130.743,48.412],[130.759,48.486],[130.716,48.499],[130.626,48.482],[130.62,48.56],[130.53,48.616],[130.674,48.871],[130.541,48.853],[130.487,48.864],[130.465,48.891],[130.44,48.897],[130.249,48.865],[130.202,48.883],[129.974,49.015],[129.926,49.026],[129.913,49.04],[129.921,49.082],[129.842,49.109],[129.842,49.167],[129.742,49.196],[129.711,49.274],[129.552,49.29],[129.532,49.322],[129.528,49.385],[129.481,49.421],[129.379,49.425],[129.373,49.37],[129.341,49.341],[129.218,49.391],[129.115,49.349],[129.067,49.362],[128.998,49.441],[128.879,49.48],[128.76,49.471],[128.754,49.502],[128.8,49.532],[128.802,49.565],[128.672,49.611],[128.629,49.575],[128.551,49.588],[128.384,49.579],[128.345,49.548],[128.268,49.559],[128.198,49.539],[128.067,49.547],[127.968,49.603],[127.921,49.581],[127.855,49.585],[127.704,49.661],[127.68,49.739],[127.644,49.767],[127.539,49.79],[127.507,49.844],[127.534,49.922],[127.494,49.973],[127.487,50.026],[127.57,50.13],[127.591,50.209],[127.355,50.299],[127.331,50.328],[127.359,50.381],[127.359,50.415],[127.289,50.466],[127.365,50.555],[127.367,50.578],[127.344,50.628],[127.289,50.675],[127.287,50.751],[127.221,50.788],[127.144,50.904],[127.032,50.972],[126.932,51.064],[126.905,51.208],[126.978,51.297],[126.972,51.324],[126.899,51.317],[126.885,51.303],[126.891,51.271],[126.87,51.252],[126.846,51.251],[126.809,51.289],[126.827,51.339],[126.898,51.362],[126.909,51.391],[126.89,51.407],[126.8,51.419],[126.793,51.459],[126.83,51.508],[126.807,51.534],[126.677,51.577],[126.724,51.636],[126.707,51.686],[126.726,51.709],[126.648,51.741],[126.439,51.998],[126.467,52.032],[126.514,52.043],[126.556,52.131],[126.531,52.153],[126.317,52.2],[126.312,52.228],[126.439,52.275],[126.316,52.316],[126.351,52.377],[126.276,52.463],[126.2,52.467],[126.212,52.533],[126.083,52.593],[126.028,52.566],[125.991,52.586],[125.973,52.632],[125.983,52.653],[126.069,52.68],[126.035,52.727],[126.104,52.754],[126.088,52.775],[126.018,52.782],[125.977,52.765],[125.867,52.849],[125.864,52.889],[125.837,52.907],[125.646,52.885],[125.661,52.919],[125.72,52.946],[125.734,52.982],[125.65,53.023],[125.621,53.062],[125.521,53.042],[125.477,53.084],[125.127,53.207],[125.074,53.212],[124.898,53.186],[124.879,53.154],[124.896,53.118],[124.87,53.108],[124.801,53.155],[124.72,53.149],[124.688,53.194],[124.652,53.209],[124.5,53.214],[124.384,53.246],[124.343,53.272],[124.293,53.351],[124.253,53.376],[124.182,53.379],[124.122,53.353],[124.017,53.407],[123.971,53.455],[123.85,53.495],[123.702,53.51],[123.614,53.563],[123.542,53.514],[123.52,53.52],[123.547,53.541],[123.514,53.562],[123.495,53.56],[123.482,53.518],[123.34,53.561],[123.253,53.568],[123.154,53.513],[123.003,53.507],[122.86,53.474],[122.471,53.465],[122.402,53.451],[122.317,53.496],[122.169,53.469],[122.082,53.43],[121.889,53.431],[121.641,53.385],[121.512,53.33],[121.341,53.324],[121.203,53.277],[121.055,53.29],[120.874,53.28],[120.826,53.262],[120.824,53.235],[120.714,53.185],[120.615,53.097],[120.45,53.008],[120.28,52.866],[120.033,52.761],[120.053,52.693],[120.033,52.659],[120.034,52.625],[120.079,52.59],[120.176,52.584],[120.261,52.611],[120.454,52.639],[120.724,52.542],[120.69,52.439],[120.626,52.347],[120.655,52.299],[120.758,52.237],[120.754,52.194],[120.784,52.158],[120.771,52.141],[120.779,52.118],[120.697,52.049],[120.706,51.98],[120.648,51.911],[120.566,51.905],[120.541,51.883],[120.493,51.876],[120.465,51.84],[120.319,51.776],[120.166,51.669],[120.1,51.66],[120.057,51.596],[120.053,51.552],[119.977,51.487],[119.983,51.442],[119.953,51.398],[119.895,51.384],[119.916,51.331],[119.82,51.275],[119.806,51.244],[119.815,51.216],[119.762,51.215],[119.758,51.199],[119.785,51.172],[119.758,51.158],[119.765,51.142],[119.741,51.072],[119.71,51.062],[119.71,51.039],[119.683,51.016],[119.604,50.978],[119.518,50.905],[119.528,50.867],[119.497,50.836],[119.515,50.792],[119.497,50.737],[119.443,50.685],[119.392,50.672],[119.374,50.643],[119.294,50.599],[119.251,50.505],[119.265,50.483],[119.244,50.446],[119.207,50.415],[119.155,50.411],[119.138,50.393],[119.141,50.377],[119.181,50.37],[119.175,50.356],[119.357,50.341],[119.366,50.311],[119.334,50.276],[119.344,50.142],[119.316,50.093],[119.209,50.015],[119.092,49.987],[118.99,49.979],[118.924,49.992],[118.741,49.953],[118.644,49.955],[118.521,49.894],[118.477,49.836],[118.394,49.82],[118.373,49.786],[118.229,49.729],[118.188,49.681],[117.894,49.547],[117.874,49.513],[117.759,49.513],[117.473,49.614],[117.253,49.622],[117.058,49.673],[116.722,49.802],[116.575,49.922],[116.218,50.014],[116.054,49.998],[115.716,49.878],[115.578,49.894],[115.388,49.891],[115.21,49.972],[115.063,50.078],[114.997,50.144],[114.754,50.236],[114.66,50.251],[114.473,50.234],[114.286,50.277],[114.2,50.256],[114.055,50.184],[113.973,50.161],[113.85,50.081],[113.752,50.079],[113.58,50.02],[113.183,49.802],[113.087,49.687],[113.061,49.596],[112.947,49.576],[112.777,49.501],[112.701,49.491],[112.584,49.526],[112.473,49.534],[112.03,49.412],[111.661,49.396],[111.479,49.343],[111.338,49.365],[111.274,49.323],[111.139,49.292],[110.966,49.207],[110.731,49.138],[110.604,49.145],[110.451,49.195],[110.371,49.242],[110.268,49.177],[110.181,49.162],[109.818,49.228],[109.729,49.266],[109.516,49.256],[109.474,49.269],[109.451,49.306],[109.411,49.303],[109.287,49.339],[109.161,49.347],[109.033,49.328],[108.93,49.349],[108.538,49.327],[108.335,49.436],[108.236,49.532],[108.106,49.554],[108.016,49.602],[108.005,49.618],[108.016,49.656],[107.927,49.67],[107.956,49.746],[107.93,49.851],[107.953,49.897],[107.947,49.933],[107.808,49.944],[107.729,49.972],[107.364,49.976],[107.305,50.01],[107.225,49.997],[107.192,50.006],[107.057,50.074],[106.974,50.196],[106.788,50.292],[106.657,50.327],[106.44,50.328],[106.222,50.292],[106.135,50.327],[106.056,50.334],[106.039,50.371],[105.985,50.4],[105.779,50.429],[105.639,50.422],[105.329,50.476],[105.241,50.458],[105.106,50.39],[104.902,50.39],[104.79,50.353],[104.672,50.348],[104.61,50.314],[104.406,50.301],[104.269,50.229],[104.198,50.17],[104.122,50.148],[104.04,50.141],[103.785,50.186],[103.668,50.131],[103.601,50.134],[103.439,50.193],[103.277,50.198],[103.202,50.297],[103.13,50.309],[102.927,50.303],[102.763,50.375],[102.618,50.399],[102.587,50.415],[102.513,50.504],[102.472,50.525],[102.328,50.546],[102.303,50.564],[102.272,50.621],[102.276,50.65],[102.329,50.719],[102.308,50.748],[102.217,50.799],[102.203,50.829],[102.239,50.912],[102.215,50.938],[102.23,50.979],[102.147,51.098],[102.15,51.185],[102.135,51.24],[102.193,51.307],[102.075,51.375],[101.974,51.387],[101.902,51.417],[101.822,51.414],[101.724,51.451],[101.644,51.45],[101.526,51.476],[101.35,51.45],[101.242,51.515],[101.117,51.528],[100.511,51.727],[100.006,51.732],[99.918,51.749],[99.71,51.881],[99.557,51.891],[99.324,51.934],[99.233,51.994],[98.995,52.058],[98.962,52.113],[98.928,52.13],[98.886,52.129],[98.856,52.107],[98.839,52.025],[98.8,51.993],[98.777,51.93],[98.683,51.819],[98.619,51.781],[98.332,51.718],[98.228,51.583],[98.234,51.517],[98.22,51.475],[98.111,51.485],[98.04,51.457],[97.923,51.318],[97.929,51.215],[97.87,51.087],[97.806,51.001],[97.809,50.97],[97.836,50.941],[97.985,50.847],[97.99,50.836],[97.947,50.796],[97.944,50.774],[98.038,50.623],[98.136,50.571],[98.251,50.551],[98.293,50.519],[98.298,50.46],[98.266,50.401],[98.262,50.284],[98.106,50.064],[98.048,50.023],[97.906,49.973],[97.83,49.923],[97.756,49.961],[97.567,49.917],[97.581,49.878],[97.574,49.848],[97.343,49.734],[97.262,49.726],[97.153,49.75],[97.12,49.794],[97.057,49.813],[96.969,49.887],[96.702,49.914],[96.585,49.858],[96.503,49.922],[96.346,49.889],[96.236,49.949],[96.056,49.999],[95.946,49.939],[95.923,49.945],[95.867,50.015],[95.828,50.02],[95.788,50.012],[95.721,49.959],[95.584,49.937],[95.501,49.887],[95.355,49.948],[95.076,49.946],[95.028,49.963],[94.981,50.025],[94.922,50.046],[94.603,50.02],[94.509,50.11],[94.492,50.152],[94.392,50.186],[94.354,50.224],[94.332,50.301],[94.328,50.404],[94.259,50.558],[93.536,50.585],[93.422,50.609],[93.105,50.599],[93.011,50.623],[92.973,50.694],[92.962,50.778],[92.921,50.792],[92.796,50.788],[92.76,50.771],[92.735,50.705],[92.65,50.674],[92.612,50.688],[92.555,50.743],[92.443,50.786],[92.4,50.851],[92.361,50.868],[92.302,50.843],[92.294,50.791],[92.243,50.72],[92.159,50.689],[91.9,50.707],[91.75,50.684],[91.653,50.64],[91.576,50.562],[91.475,50.536],[91.416,50.461],[91.26,50.467],[91.13,50.426],[91.012,50.425],[90.84,50.321],[90.727,50.292],[90.713,50.238],[90.684,50.216],[90.475,50.215],[90.425,50.187],[90.344,50.175],[90.223,50.114],[90.021,50.071],[89.996,49.993],[89.969,49.967],[89.866,49.943],[89.668,49.927],[89.624,49.903],[89.615,49.842],[89.644,49.819],[89.626,49.788],[89.702,49.753],[89.713,49.735],[89.702,49.72],[89.442,49.644],[89.372,49.582],[89.339,49.581],[89.216,49.634],[89.187,49.622],[89.178,49.598],[89.216,49.545],[89.195,49.522],[88.975,49.456],[88.908,49.536],[88.868,49.538],[88.855,49.474],[88.871,49.436],[88.696,49.447],[88.616,49.493],[88.539,49.467],[88.379,49.476],[88.2,49.454],[88.162,49.43],[88.116,49.357],[88.148,49.297],[88.144,49.271],[87.957,49.169],[87.816,49.166]]],[[[180,71.536],[180,70.992],[179.875,70.96],[179.807,70.913],[179.667,70.875],[179.131,70.879],[178.793,70.805],[178.783,70.843],[178.623,71.038],[178.634,71.069],[178.697,71.115],[178.848,71.184],[178.869,71.21],[178.849,71.21],[178.905,71.237],[179.183,71.304],[179.44,71.392],[179.5,71.432],[179.563,71.451],[179.767,71.47],[179.753,71.484],[179.772,71.49],[179.865,71.499],[179.849,71.518],[180,71.536]]],[[[131.92,43.02],[131.915,42.984],[131.883,42.961],[131.837,42.961],[131.757,42.99],[131.791,42.996],[131.769,43.015],[131.791,43.017],[131.778,43.045],[131.799,43.053],[131.859,43.037],[131.827,43.065],[131.92,43.02]]],[[[142.529,54.297],[142.521,54.277],[142.543,54.237],[142.587,54.247],[142.57,54.277],[142.635,54.266],[142.649,54.283],[142.625,54.327],[142.687,54.369],[142.673,54.392],[142.681,54.416],[142.723,54.426],[142.805,54.339],[142.82,54.302],[142.896,54.246],[143.013,54.119],[143.0,54.068],[142.927,53.975],[142.9,53.902],[142.865,53.892],[142.852,53.872],[142.917,53.874],[142.934,53.858],[143.002,53.701],[142.927,53.83],[142.89,53.813],[142.907,53.767],[142.94,53.75],[142.964,53.7],[142.988,53.694],[142.968,53.666],[143.004,53.666],[143.029,53.646],[142.996,53.626],[143.071,53.598],[143.016,53.591],[142.988,53.563],[143.043,53.536],[143.091,53.56],[143.121,53.518],[143.125,53.468],[143.083,53.474],[143.071,53.461],[143.111,53.42],[143.094,53.382],[143.183,53.399],[143.211,53.363],[143.254,53.216],[143.29,53.152],[143.327,52.936],[143.361,52.871],[143.325,52.809],[143.337,52.759],[143.331,52.604],[143.297,52.454],[143.194,52.337],[143.207,52.395],[143.198,52.426],[143.272,52.463],[143.235,52.481],[143.293,52.592],[143.255,52.595],[143.23,52.519],[143.119,52.338],[143.146,52.328],[143.167,52.344],[143.178,52.314],[143.151,52.12],[143.116,52.153],[143.098,52.104],[143.139,52.09],[143.137,52.03],[143.159,51.996],[143.149,51.968],[143.125,51.967],[143.142,51.925],[143.165,51.914],[143.163,51.874],[143.213,51.855],[143.238,51.892],[143.255,51.837],[143.31,51.754],[143.318,51.706],[143.297,51.713],[143.261,51.678],[143.235,51.614],[143.242,51.569],[143.224,51.522],[143.242,51.508],[143.273,51.521],[143.338,51.508],[143.344,51.549],[143.325,51.593],[143.365,51.645],[143.394,51.565],[143.448,51.508],[143.475,51.343],[143.427,51.371],[143.379,51.35],[143.475,51.289],[143.475,51.241],[143.495,51.233],[143.483,51.214],[143.517,51.22],[143.521,51.247],[143.495,51.309],[143.522,51.285],[143.587,51.011],[143.679,50.737],[143.702,50.605],[143.79,50.309],[144.003,50.013],[144.044,49.898],[144.126,49.747],[144.137,49.64],[144.229,49.517],[144.222,49.438],[144.283,49.25],[144.385,49.073],[144.441,49.014],[144.685,48.873],[144.708,48.794],[144.688,48.757],[144.703,48.689],[144.757,48.643],[144.677,48.656],[144.682,48.678],[144.633,48.808],[144.504,48.949],[144.434,49.0],[144.366,49.021],[144.29,49.07],[144.246,49.132],[144.101,49.231],[144.006,49.269],[143.702,49.306],[143.687,49.322],[143.728,49.335],[143.48,49.353],[143.403,49.4],[143.277,49.402],[143.25,49.373],[143.33,49.341],[143.319,49.324],[143.331,49.314],[143.667,49.315],[143.371,49.299],[143.174,49.246],[143.07,49.185],[143.009,49.123],[142.975,49.046],[142.988,48.917],[142.793,48.563],[142.537,48.01],[142.55,47.989],[142.535,47.89],[142.545,47.767],[142.592,47.642],[142.748,47.445],[142.714,47.437],[142.735,47.424],[142.787,47.428],[142.879,47.389],[143.016,47.254],[143.043,47.149],[143.032,47.071],[143.07,47.019],[143.12,46.887],[143.12,46.875],[143.098,46.876],[143.123,46.857],[143.151,46.874],[143.174,46.863],[143.151,46.84],[143.09,46.839],[143.084,46.813],[143.136,46.78],[143.186,46.704],[143.242,46.717],[143.341,46.684],[143.382,46.695],[143.386,46.725],[143.371,46.738],[143.287,46.762],[143.194,46.78],[143.173,46.814],[143.197,46.841],[143.321,46.796],[143.419,46.8],[143.455,46.848],[143.478,46.828],[143.511,46.77],[143.521,46.649],[143.537,46.617],[143.526,46.586],[143.577,46.447],[143.58,46.418],[143.558,46.396],[143.626,46.375],[143.582,46.345],[143.571,46.3],[143.542,46.284],[143.523,46.238],[143.476,46.19],[143.475,46.087],[143.431,46.025],[143.413,46.085],[143.429,46.127],[143.426,46.204],[143.338,46.409],[143.351,46.433],[143.331,46.488],[143.373,46.492],[143.393,46.533],[143.343,46.563],[143.276,46.56],[143.31,46.525],[143.291,46.517],[143.235,46.566],[143.16,46.598],[143.067,46.588],[142.934,46.615],[142.797,46.594],[142.755,46.638],[142.73,46.729],[142.711,46.745],[142.684,46.725],[142.618,46.719],[142.529,46.684],[142.457,46.631],[142.282,46.327],[142.246,46.168],[142.204,46.08],[142.202,46.031],[142.12,45.992],[142.085,45.901],[142.04,45.924],[141.933,46.036],[141.936,46.1],[141.899,46.279],[141.838,46.416],[141.814,46.538],[141.822,46.602],[142.057,47.054],[142.057,47.17],[142.029,47.232],[141.975,47.298],[141.991,47.37],[141.964,47.416],[141.952,47.481],[141.966,47.612],[142.093,47.856],[142.177,47.93],[142.191,47.967],[142.166,48.116],[142.174,48.151],[142.133,48.334],[142.097,48.397],[141.92,48.609],[141.873,48.689],[141.857,48.774],[141.967,48.862],[141.96,48.904],[141.996,48.943],[142.036,49.062],[142.024,49.099],[142.077,49.198],[142.063,49.315],[142.125,49.462],[142.16,49.678],[142.152,49.826],[142.125,49.898],[142.146,49.922],[142.139,49.942],[142.16,49.977],[142.174,50.086],[142.156,50.24],[142.135,50.291],[142.151,50.327],[142.146,50.364],[142.041,50.551],[142.063,50.658],[142.093,50.714],[142.097,50.822],[142.128,50.857],[142.128,50.895],[142.201,50.96],[142.25,51.031],[142.269,51.112],[142.255,51.159],[142.173,51.258],[142.179,51.314],[142.077,51.419],[142.098,51.443],[142.079,51.471],[141.943,51.559],[141.939,51.612],[141.867,51.612],[141.817,51.672],[141.703,51.724],[141.687,51.747],[141.808,51.721],[141.823,51.744],[141.81,51.755],[141.81,51.806],[141.639,51.885],[141.676,51.912],[141.645,52.085],[141.7,52.166],[141.659,52.217],[141.673,52.276],[141.642,52.318],[141.661,52.382],[141.783,52.467],[141.844,52.591],[141.81,52.604],[141.843,52.669],[141.872,52.889],[141.928,53.021],[141.913,53.073],[141.838,53.159],[141.837,53.21],[141.803,53.271],[141.817,53.303],[141.81,53.338],[141.769,53.372],[141.885,53.413],[141.957,53.456],[142.241,53.529],[142.23,53.521],[142.255,53.488],[142.242,53.454],[142.255,53.44],[142.237,53.42],[142.264,53.38],[142.327,53.365],[142.455,53.38],[142.521,53.42],[142.577,53.5],[142.625,53.526],[142.675,53.518],[142.687,53.529],[142.666,53.553],[142.586,53.576],[142.514,53.546],[142.498,53.658],[142.533,53.676],[142.587,53.666],[142.641,53.682],[142.698,53.638],[142.719,53.64],[142.804,53.707],[142.785,53.806],[142.739,53.846],[142.673,53.714],[142.604,53.698],[142.706,53.864],[142.719,53.907],[142.708,53.948],[142.468,54.146],[142.41,54.232],[142.283,54.297],[142.443,54.269],[142.529,54.297]]],[[[161.487,69.027],[161.518,68.98],[161.515,68.935],[161.482,68.902],[161.409,68.893],[161.477,68.975],[161.456,69.001],[161.306,69.06],[161.135,69.092],[161.127,69.235],[161.169,69.325],[161.151,69.355],[161.082,69.393],[161.066,69.417],[161.073,69.445],[161.119,69.478],[161.278,69.538],[161.375,69.546],[161.389,69.462],[161.314,69.437],[161.292,69.414],[161.351,69.38],[161.351,69.332],[161.374,69.296],[161.319,69.243],[161.389,69.188],[161.392,69.102],[161.487,69.027]]],[[[161.631,69.561],[161.608,69.517],[161.627,69.483],[161.607,69.469],[161.616,69.45],[161.589,69.436],[161.375,69.408],[161.361,69.414],[161.426,69.465],[161.428,69.521],[161.395,69.592],[161.454,69.602],[161.475,69.638],[161.59,69.618],[161.632,69.58],[161.631,69.561]]],[[[127.405,73.519],[127.392,73.525],[127.428,73.537],[127.52,73.546],[127.691,73.543],[128.063,73.491],[127.775,73.493],[127.405,73.519]]],[[[97.158,76.088],[97.335,76.103],[97.047,76.006],[96.748,75.981],[96.699,75.996],[96.713,76.022],[97.158,76.088]]],[[[95.177,76.171],[95.197,76.164],[95.156,76.154],[95.102,76.155],[95.006,76.178],[95.049,76.192],[95.102,76.225],[95.182,76.186],[95.177,76.171]]],[[[96.575,76.341],[96.767,76.335],[96.72,76.322],[96.698,76.298],[96.611,76.323],[96.434,76.321],[96.383,76.335],[96.575,76.341]]],[[[96.897,76.256],[97.041,76.239],[97.01,76.23],[96.909,76.22],[96.761,76.176],[96.729,76.181],[96.716,76.209],[96.74,76.252],[96.726,76.26],[96.877,76.322],[96.866,76.33],[96.828,76.341],[96.854,76.356],[97.031,76.342],[97.075,76.308],[96.986,76.282],[96.86,76.272],[96.787,76.212],[96.819,76.214],[96.897,76.256]]],[[[95.266,76.671],[95.327,76.664],[95.285,76.643],[94.847,76.638],[94.818,76.654],[94.839,76.668],[95.016,76.684],[95.066,76.681],[95.122,76.719],[95.266,76.671]]],[[[142.55,54.302],[142.568,54.31],[142.587,54.313],[142.604,54.31],[142.588,54.304],[142.541,54.298],[142.55,54.302]]],[[[137.822,54.458],[137.832,54.491],[137.858,54.502],[137.918,54.509],[137.928,54.475],[137.848,54.438],[137.82,54.385],[137.715,54.367],[137.716,54.392],[137.748,54.395],[137.822,54.458]]],[[[137.623,54.571],[137.65,54.482],[137.609,54.441],[137.641,54.4],[137.613,54.408],[137.568,54.397],[137.547,54.414],[137.569,54.426],[137.572,54.449],[137.547,54.516],[137.623,54.571]]],[[[168.059,54.547],[168.102,54.525],[168.11,54.503],[168.042,54.522],[167.937,54.594],[167.82,54.647],[167.735,54.663],[167.501,54.785],[167.449,54.82],[167.439,54.866],[167.52,54.856],[167.565,54.821],[167.577,54.798],[167.734,54.763],[167.784,54.702],[167.924,54.644],[168.059,54.547]]],[[[137.171,55.12],[137.181,55.093],[137.114,55.025],[137.065,55.0],[137.088,54.954],[137.075,54.933],[136.943,54.923],[136.923,54.958],[136.896,54.96],[136.841,54.938],[136.749,54.931],[136.739,54.92],[136.76,54.893],[136.738,54.885],[136.67,54.907],[136.691,54.954],[136.809,55.018],[137.046,55.106],[137.088,55.085],[137.122,55.121],[137.171,55.12]]],[[[138.047,55.058],[138.184,55.058],[138.212,55.036],[138.113,55.006],[138.048,54.941],[138.011,54.933],[137.986,54.883],[138.005,54.82],[137.986,54.797],[137.879,54.76],[137.843,54.715],[137.743,54.66],[137.719,54.624],[137.646,54.661],[137.485,54.879],[137.395,54.851],[137.293,54.796],[137.226,54.778],[137.249,54.809],[137.26,54.873],[137.39,55.006],[137.461,55.027],[137.491,55.071],[137.492,55.12],[137.568,55.195],[137.639,55.193],[137.705,55.168],[137.702,55.151],[137.786,55.138],[137.952,55.147],[137.986,55.099],[137.883,55.003],[138.047,55.058]]],[[[166.664,54.756],[166.664,54.68],[166.502,54.78],[166.486,54.801],[166.5,54.825],[166.356,54.84],[166.282,54.908],[166.195,54.945],[166.163,55.0],[166.083,55.061],[166.081,55.12],[166.024,55.178],[165.97,55.206],[165.993,55.222],[165.765,55.283],[165.746,55.297],[165.82,55.301],[165.89,55.321],[165.94,55.365],[166.18,55.319],[166.254,55.332],[166.288,55.304],[166.226,55.25],[166.25,55.152],[166.448,54.961],[166.573,54.912],[166.65,54.845],[166.637,54.811],[166.664,54.756]]],[[[150.725,59.128],[150.779,59.11],[150.783,59.091],[150.723,59.073],[150.611,59.006],[150.481,59.0],[150.472,59.004],[150.487,59.026],[150.548,59.062],[150.663,59.095],[150.699,59.14],[150.725,59.128]]],[[[164.707,58.977],[164.681,58.905],[164.632,58.865],[164.408,58.865],[164.256,58.799],[164.17,58.824],[164.121,58.781],[163.955,58.708],[163.846,58.691],[163.79,58.643],[163.585,58.558],[163.515,58.497],[163.49,58.445],[163.446,58.476],[163.445,58.505],[163.413,58.535],[163.416,58.55],[163.555,58.573],[163.611,58.607],[163.675,58.715],[163.78,58.81],[163.766,58.872],[163.782,58.894],[163.913,58.994],[163.894,59.01],[163.79,59.018],[163.731,58.996],[163.696,58.992],[163.717,59.006],[163.804,59.031],[163.967,59.029],[164.283,59.114],[164.395,59.184],[164.558,59.24],[164.581,59.234],[164.581,59.183],[164.616,59.183],[164.637,59.099],[164.688,59.077],[164.734,59.023],[164.71,59.006],[164.707,58.977]]],[[[155.508,59.328],[155.567,59.34],[155.6,59.335],[155.6,59.319],[155.508,59.328]]],[[[169.446,69.849],[169.451,69.819],[169.408,69.785],[169.412,69.763],[169.278,69.76],[169.303,69.743],[169.278,69.72],[169.31,69.664],[169.279,69.624],[169.189,69.575],[168.875,69.568],[168.524,69.632],[168.173,69.695],[168.06,69.764],[167.791,69.808],[167.754,69.832],[167.823,69.881],[167.991,69.957],[168.194,70.009],[168.265,70.024],[168.638,69.986],[168.83,69.94],[169.372,69.885],[169.424,69.873],[169.446,69.849]]],[[[162.382,70.681],[162.484,70.654],[162.351,70.641],[162.238,70.654],[162.272,70.661],[162.346,70.662],[162.382,70.681]]],[[[161.662,70.791],[161.695,70.75],[161.665,70.752],[161.571,70.788],[161.463,70.805],[161.487,70.817],[161.484,70.84],[161.545,70.84],[161.587,70.818],[161.656,70.813],[161.676,70.799],[161.662,70.791]]],[[[160.723,70.838],[160.764,70.804],[160.597,70.793],[160.504,70.805],[160.51,70.834],[160.546,70.851],[160.553,70.885],[160.504,70.891],[160.451,70.872],[160.408,70.914],[160.457,70.935],[160.518,70.935],[160.674,70.914],[160.723,70.838]]],[[[137.914,71.558],[137.966,71.511],[137.767,71.431],[137.693,71.419],[137.586,71.437],[137.482,71.484],[137.395,71.481],[137.318,71.499],[137.267,71.49],[137.377,71.467],[137.411,71.456],[137.395,71.45],[137.377,71.449],[137.39,71.436],[137.344,71.428],[136.992,71.518],[137.218,71.576],[137.473,71.587],[137.58,71.577],[137.706,71.596],[137.854,71.584],[137.914,71.558]]],[[[128.831,72.655],[128.91,72.64],[128.974,72.594],[128.872,72.592],[128.817,72.559],[128.769,72.552],[128.783,72.545],[128.653,72.527],[128.383,72.553],[128.104,72.635],[128.653,72.676],[128.831,72.655]]],[[[128.317,72.812],[128.322,72.829],[128.419,72.869],[128.736,72.884],[128.994,72.932],[129.22,72.926],[129.399,72.866],[129.417,72.813],[129.334,72.774],[129.207,72.762],[128.317,72.812]]],[[[120.279,73.101],[120.21,73.052],[120.23,73.039],[119.747,73.033],[119.703,73.046],[119.765,73.073],[119.634,73.128],[119.792,73.162],[120.022,73.168],[120.279,73.101]]],[[[143.475,73.321],[143.565,73.231],[143.526,73.208],[143.175,73.177],[142.757,73.221],[142.538,73.214],[141.512,73.299],[140.789,73.41],[140.503,73.405],[139.965,73.327],[139.817,73.339],[139.767,73.418],[139.907,73.471],[140.235,73.452],[140.493,73.485],[140.66,73.58],[140.866,73.78],[140.935,73.819],[141.127,73.882],[141.368,73.864],[141.595,73.906],[142.045,73.917],[142.274,73.866],[142.481,73.848],[142.583,73.825],[143.03,73.659],[143.153,73.642],[143.407,73.543],[143.537,73.444],[143.441,73.409],[143.475,73.321]]],[[[124.586,73.916],[124.661,73.892],[124.514,73.841],[124.463,73.857],[124.39,73.847],[124.312,73.869],[124.288,73.881],[124.294,73.895],[124.357,73.905],[124.376,73.916],[124.322,73.923],[124.381,73.939],[124.576,73.95],[124.459,73.923],[124.586,73.916]]],[[[136.259,73.957],[136.27,73.932],[136.248,73.912],[136.135,73.879],[136.066,73.907],[136.042,73.938],[135.733,74.041],[135.66,74.11],[135.514,74.155],[135.439,74.161],[135.409,74.184],[135.391,74.235],[135.354,74.259],[135.59,74.235],[135.745,74.17],[136.026,74.098],[136.263,73.989],[136.259,73.957]]],[[[141.098,74.149],[141.071,74.125],[141.081,74.065],[141.038,74.004],[140.941,73.977],[140.796,73.97],[140.545,73.916],[140.438,73.908],[140.327,73.939],[140.198,74.026],[140.165,74.071],[140.178,74.154],[140.222,74.22],[140.35,74.254],[140.891,74.277],[141.058,74.234],[141.113,74.166],[141.098,74.149]]],[[[116.098,74.355],[116.125,74.323],[116.091,74.293],[116.006,74.285],[115.89,74.304],[115.899,74.343],[115.941,74.369],[116.023,74.378],[116.098,74.355]]],[[[113.406,74.444],[113.429,74.394],[113.365,74.383],[113.366,74.351],[113.241,74.3],[113.282,74.28],[113.223,74.264],[113.207,74.252],[113.22,74.245],[112.967,74.194],[112.846,74.108],[112.775,74.088],[112.163,74.139],[111.939,74.217],[111.581,74.26],[111.459,74.314],[111.469,74.345],[111.511,74.36],[111.648,74.38],[111.852,74.351],[111.951,74.371],[111.987,74.396],[111.973,74.421],[112.004,74.448],[111.973,74.478],[112.007,74.538],[112.11,74.551],[112.75,74.496],[113.314,74.48],[113.406,74.444]]],[[[150.828,75.163],[150.958,75.142],[150.859,75.126],[150.812,75.103],[150.77,75.053],[150.654,75.008],[150.651,74.991],[150.691,74.96],[150.681,74.934],[150.609,74.894],[149.796,74.805],[149.718,74.766],[149.294,74.772],[149.209,74.758],[148.172,74.804],[147.749,74.916],[147.664,74.953],[147.315,74.973],[147.088,75.005],[146.956,75.054],[146.648,75.128],[146.218,75.176],[146.12,75.205],[146.072,75.24],[146.173,75.291],[146.184,75.344],[146.169,75.396],[146.264,75.391],[146.285,75.403],[146.256,75.415],[146.264,75.437],[146.407,75.471],[146.35,75.501],[146.341,75.523],[146.389,75.585],[146.486,75.594],[146.663,75.556],[146.694,75.525],[146.771,75.507],[146.73,75.488],[146.682,75.485],[146.689,75.471],[146.634,75.438],[146.797,75.366],[147.155,75.336],[147.347,75.355],[147.312,75.375],[147.168,75.362],[147.272,75.406],[147.35,75.41],[147.361,75.397],[147.436,75.389],[147.422,75.406],[147.333,75.43],[147.374,75.44],[147.686,75.442],[147.839,75.419],[148.408,75.421],[148.58,75.383],[148.553,75.347],[148.457,75.311],[148.445,75.287],[148.56,75.239],[148.558,75.222],[148.61,75.216],[148.9,75.223],[149.127,75.269],[150.129,75.226],[150.215,75.187],[150.163,75.157],[150.266,75.166],[150.417,75.135],[150.561,75.129],[150.471,75.101],[150.5,75.094],[150.633,75.117],[150.674,75.16],[150.828,75.163]]],[[[136.975,75.592],[136.971,75.602],[137.081,75.568],[136.975,75.592]]],[[[137.06,75.641],[137.112,75.643],[136.97,75.61],[137.06,75.641]]],[[[135.991,75.527],[135.959,75.502],[135.967,75.479],[136.033,75.444],[135.983,75.417],[135.844,75.383],[135.45,75.376],[135.462,75.462],[135.516,75.484],[135.594,75.568],[135.539,75.678],[135.588,75.705],[135.573,75.726],[135.608,75.753],[135.603,75.764],[135.671,75.802],[135.678,75.86],[135.693,75.869],[135.709,75.865],[135.704,75.848],[135.816,75.781],[135.821,75.746],[135.865,75.705],[136.184,75.616],[135.991,75.527]]],[[[145.366,75.54],[145.39,75.517],[145.381,75.512],[145.265,75.52],[145.072,75.501],[144.729,75.432],[144.698,75.405],[144.702,75.379],[144.667,75.342],[144.678,75.328],[144.941,75.273],[144.721,75.246],[144.721,75.201],[144.688,75.16],[144.496,75.112],[144.376,75.053],[143.999,75.025],[143.751,75.082],[143.516,75.087],[143.361,75.071],[142.884,75.147],[142.838,75.226],[142.708,75.239],[142.71,75.255],[142.676,75.267],[142.642,75.32],[142.535,75.346],[142.494,75.376],[142.536,75.427],[142.511,75.452],[142.535,75.477],[142.62,75.49],[142.637,75.516],[142.724,75.551],[142.847,75.561],[143.014,75.602],[143.043,75.647],[143.001,75.708],[142.904,75.725],[142.715,75.711],[142.66,75.733],[142.515,75.719],[142.338,75.726],[142.29,75.711],[142.407,75.695],[142.434,75.678],[142.411,75.666],[142.008,75.664],[142.207,75.636],[142.008,75.623],[142.14,75.595],[142.081,75.535],[142.187,75.471],[142.156,75.399],[142.163,75.379],[142.2,75.349],[142.41,75.267],[142.439,75.203],[142.58,75.16],[142.604,75.116],[142.669,75.088],[143.013,75.065],[143.448,75.006],[143.615,75.011],[143.667,74.985],[143.708,74.947],[143.696,74.937],[143.465,74.9],[143.003,74.882],[142.924,74.894],[142.821,74.876],[142.715,74.895],[142.65,74.876],[142.625,74.848],[142.714,74.848],[142.678,74.834],[142.514,74.817],[142.356,74.825],[141.974,74.934],[141.974,74.945],[142.081,74.965],[142.295,74.923],[142.365,74.931],[142.199,75.004],[141.844,74.999],[141.371,74.92],[141.114,74.917],[140.549,74.878],[140.351,74.84],[140.069,74.828],[140.008,74.862],[139.974,74.903],[139.87,74.924],[139.85,74.965],[139.719,74.965],[139.652,74.981],[139.459,74.931],[139.483,74.923],[139.48,74.869],[139.517,74.856],[139.645,74.889],[139.562,74.846],[139.496,74.768],[139.343,74.687],[139.127,74.652],[139.016,74.658],[138.816,74.714],[138.166,74.776],[137.895,74.846],[137.847,74.882],[137.794,74.975],[137.651,75.023],[137.433,75.05],[137.134,75.142],[136.91,75.273],[136.926,75.31],[136.912,75.33],[136.862,75.362],[136.982,75.389],[137.039,75.388],[137.152,75.336],[137.376,75.35],[137.422,75.37],[137.431,75.389],[137.397,75.417],[137.276,75.425],[137.161,75.406],[137.129,75.43],[137.145,75.437],[137.149,75.465],[137.171,75.471],[137.301,75.471],[137.181,75.551],[137.205,75.589],[137.294,75.602],[137.224,75.637],[137.14,75.653],[137.16,75.669],[137.157,75.691],[137.068,75.726],[137.184,75.787],[137.333,75.791],[137.743,75.749],[137.71,75.788],[137.601,75.809],[137.432,75.887],[137.414,75.941],[137.433,75.953],[137.712,76.013],[138.028,76.032],[138.111,76.081],[137.98,76.063],[138.138,76.119],[138.377,76.157],[138.328,76.136],[138.378,76.107],[138.392,76.074],[138.432,76.063],[138.452,76.068],[138.453,76.09],[138.48,76.109],[138.459,76.123],[138.533,76.186],[139.049,76.239],[138.897,76.219],[138.961,76.207],[138.959,76.178],[138.995,76.145],[139.11,76.097],[139.554,76.011],[139.624,75.986],[139.825,75.97],[139.912,75.937],[139.897,75.925],[139.836,75.931],[139.829,75.907],[139.791,75.894],[139.817,75.878],[140.15,75.801],[140.26,75.831],[140.51,75.79],[140.546,75.756],[140.456,75.705],[140.433,75.657],[140.476,75.64],[140.902,75.616],[140.987,75.621],[141.062,75.65],[140.974,75.678],[141.008,75.691],[140.864,75.739],[140.905,75.809],[140.905,75.848],[140.879,75.897],[140.909,75.984],[140.933,76.013],[141.001,76.047],[141.231,76.057],[141.625,76.013],[141.515,76.054],[141.31,76.184],[141.702,76.121],[142.146,76.012],[142.547,75.863],[142.929,75.832],[143.059,75.807],[143.386,75.807],[143.359,75.834],[143.384,75.846],[143.585,75.87],[143.686,75.863],[143.802,75.829],[143.859,75.842],[143.947,75.835],[144.191,75.767],[144.61,75.698],[144.724,75.695],[144.81,75.644],[145.174,75.608],[145.276,75.583],[145.366,75.54]]],[[[96.644,76.267],[96.646,76.248],[96.578,76.195],[96.596,76.157],[96.549,76.163],[96.52,76.191],[96.562,76.232],[96.447,76.272],[96.363,76.264],[96.347,76.255],[96.355,76.242],[96.424,76.212],[96.278,76.222],[96.246,76.205],[96.396,76.178],[96.401,76.155],[96.321,76.136],[96.37,76.116],[96.302,76.111],[96.181,76.155],[95.891,76.154],[95.704,76.176],[95.663,76.191],[95.67,76.198],[95.311,76.201],[95.266,76.219],[95.321,76.239],[95.309,76.256],[95.325,76.286],[95.469,76.286],[95.57,76.238],[95.727,76.291],[95.812,76.303],[95.872,76.28],[96.068,76.28],[96.072,76.236],[96.104,76.232],[96.22,76.301],[96.283,76.309],[96.644,76.267]]],[[[113.292,76.363],[113.118,76.377],[113.208,76.433],[113.264,76.444],[113.309,76.423],[113.272,76.405],[113.262,76.397],[113.306,76.386],[113.409,76.387],[113.447,76.369],[113.292,76.363]]],[[[111.959,76.602],[112.021,76.61],[111.966,76.63],[112.146,76.637],[112.272,76.616],[112.309,76.623],[112.329,76.657],[112.367,76.658],[112.415,76.636],[112.528,76.623],[112.487,76.602],[112.549,76.582],[112.521,76.568],[112.57,76.555],[112.508,76.541],[112.548,76.527],[112.714,76.52],[112.576,76.5],[112.618,76.459],[112.568,76.444],[112.423,76.466],[112.31,76.534],[112.119,76.549],[112.046,76.588],[111.959,76.602]]],[[[96.472,76.692],[96.361,76.665],[96.37,76.643],[96.346,76.631],[96.253,76.616],[95.996,76.623],[95.944,76.61],[95.89,76.616],[95.897,76.636],[95.89,76.651],[95.964,76.676],[96.08,76.668],[96.232,76.712],[96.466,76.712],[96.472,76.692]]],[[[95.65,76.678],[95.734,76.698],[95.835,76.692],[95.793,76.669],[95.684,76.651],[95.529,76.649],[95.437,76.671],[95.417,76.705],[95.486,76.717],[95.554,76.705],[95.619,76.67],[95.65,76.678]]],[[[97.476,76.65],[97.485,76.63],[97.596,76.602],[97.565,76.587],[97.343,76.599],[97.315,76.61],[97.391,76.635],[97.379,76.664],[97.288,76.692],[97.418,76.719],[97.468,76.697],[97.476,76.65]]],[[[149.375,76.738],[149.263,76.711],[149.238,76.668],[149.262,76.645],[149.256,76.634],[149.2,76.627],[148.432,76.629],[148.469,76.657],[148.867,76.734],[149.4,76.77],[149.453,76.769],[149.444,76.75],[149.375,76.738]]],[[[96.527,77.206],[96.589,77.144],[96.477,77.082],[96.266,77.034],[96.308,77.014],[96.278,77.0],[96.191,76.988],[96.12,77.007],[95.684,76.952],[95.76,76.976],[95.951,77.014],[95.918,77.031],[95.257,76.992],[95.232,77.006],[95.285,77.024],[95.581,77.079],[95.705,77.075],[96.302,77.161],[96.462,77.21],[96.527,77.206]]],[[[105.785,77.281],[105.97,77.305],[106.011,77.287],[105.912,77.276],[105.862,77.255],[105.785,77.281]]],[[[106.361,77.322],[106.434,77.328],[106.457,77.322],[106.429,77.311],[106.354,77.307],[106.333,77.322],[106.361,77.322]]],[[[107.745,77.329],[107.743,77.313],[107.704,77.294],[107.722,77.27],[107.345,77.233],[107.205,77.234],[107.222,77.248],[107.423,77.27],[107.457,77.281],[107.28,77.302],[107.395,77.36],[107.606,77.329],[107.745,77.329]]],[[[106.861,77.446],[106.881,77.425],[106.766,77.426],[106.701,77.384],[106.525,77.39],[106.527,77.406],[106.562,77.422],[106.56,77.438],[106.584,77.446],[106.638,77.443],[106.73,77.47],[106.925,77.467],[106.943,77.459],[106.925,77.452],[106.861,77.446]]],[[[105.416,78.583],[105.368,78.543],[105.38,78.535],[105.357,78.506],[105.209,78.474],[104.787,78.336],[104.63,78.357],[104.353,78.341],[103.713,78.256],[103.121,78.244],[103.016,78.256],[102.866,78.219],[102.893,78.207],[102.837,78.186],[102.66,78.164],[102.681,78.213],[102.607,78.226],[102.239,78.22],[102.025,78.185],[101.975,78.212],[101.614,78.19],[101.21,78.194],[101.012,78.13],[100.037,77.962],[99.871,77.952],[99.659,77.966],[99.515,77.944],[99.474,77.96],[99.371,77.96],[99.426,77.987],[99.268,78.042],[99.426,78.076],[99.536,78.145],[99.522,78.165],[99.543,78.18],[99.604,78.192],[99.755,78.265],[99.969,78.334],[100.05,78.343],[99.998,78.385],[100.016,78.405],[100.001,78.418],[100.097,78.449],[100.15,78.487],[100.131,78.501],[100.142,78.511],[100.276,78.58],[100.289,78.593],[100.255,78.624],[100.255,78.665],[100.331,78.694],[100.385,78.752],[100.602,78.798],[100.734,78.776],[100.994,78.764],[101.031,78.743],[101.166,78.761],[101.082,78.786],[100.858,78.794],[100.824,78.809],[100.833,78.832],[100.782,78.863],[100.785,78.895],[100.878,78.946],[100.891,78.977],[101.027,79.031],[101.592,78.977],[101.626,78.987],[100.988,79.063],[101.043,79.133],[101.196,79.147],[101.126,79.165],[101.194,79.203],[101.31,79.239],[101.498,79.24],[101.557,79.254],[101.541,79.274],[101.564,79.296],[101.547,79.301],[101.529,79.302],[101.551,79.33],[101.544,79.341],[101.575,79.352],[101.818,79.371],[101.952,79.302],[101.967,79.284],[101.961,79.261],[102.246,79.242],[102.263,79.254],[102.168,79.292],[102.14,79.357],[102.174,79.377],[102.181,79.399],[102.238,79.421],[102.402,79.432],[102.894,79.381],[102.944,79.341],[103.138,79.325],[103.153,79.31],[103.064,79.282],[102.93,79.276],[102.825,79.227],[102.86,79.22],[102.743,79.159],[102.798,79.138],[102.674,79.077],[102.7,79.052],[102.691,79.032],[102.64,79.014],[102.636,78.997],[102.44,78.886],[102.379,78.822],[102.53,78.843],[102.666,78.892],[102.688,78.918],[102.79,78.956],[102.887,79.045],[102.921,79.058],[103.144,79.058],[103.278,79.083],[103.305,79.097],[103.297,79.104],[103.349,79.116],[103.463,79.114],[103.517,79.127],[103.531,79.159],[103.624,79.171],[103.647,79.165],[103.606,79.138],[103.808,79.154],[104.001,79.128],[104.023,79.097],[103.976,79.063],[104.074,79.033],[104.073,79.005],[104.383,78.989],[104.455,78.967],[104.504,78.925],[104.483,78.891],[104.525,78.885],[104.499,78.864],[104.367,78.857],[104.645,78.839],[104.659,78.82],[104.638,78.791],[104.579,78.775],[104.725,78.791],[104.757,78.819],[104.723,78.843],[104.759,78.853],[105.059,78.843],[105.175,78.809],[105.257,78.74],[105.24,78.725],[105.25,78.713],[105.344,78.642],[105.334,78.605],[105.416,78.583]]],[[[152.875,76.151],[152.891,76.134],[152.884,76.116],[152.773,76.083],[152.555,76.139],[152.62,76.169],[152.829,76.196],[152.878,76.191],[152.864,76.166],[152.875,76.151]]],[[[156.661,77.108],[156.671,77.088],[156.653,77.084],[156.492,77.098],[156.55,77.126],[156.661,77.108]]],[[[132.45,42.828],[132.478,42.804],[132.467,42.797],[132.402,42.832],[132.428,42.896],[132.454,42.861],[132.45,42.828]]],[[[139.225,54.589],[139.276,54.607],[139.244,54.581],[139.219,54.581],[139.225,54.589]]],[[[138.19,54.716],[138.241,54.714],[138.21,54.701],[138.183,54.708],[138.19,54.716]]],[[[149.033,59.192],[149.118,59.21],[149.141,59.208],[149.136,59.198],[149.098,59.175],[149.103,59.162],[149.034,59.169],[149.033,59.192]]],[[[161.894,69.654],[161.908,69.647],[161.886,69.619],[161.899,69.574],[161.867,69.555],[161.752,69.553],[161.676,69.602],[161.667,69.637],[161.894,69.654]]],[[[170.125,69.773],[170.271,69.764],[170.101,69.687],[170.066,69.694],[170.07,69.709],[169.955,69.727],[170.125,69.773]]],[[[97.646,76.756],[97.623,76.737],[97.566,76.752],[97.46,76.718],[97.451,76.737],[97.161,76.754],[97.639,76.773],[97.646,76.756]]],[[[107.52,14.705],[107.491,14.804],[107.558,14.887],[107.462,14.957],[107.446,15.025],[107.589,15.058],[107.58,15.097],[107.616,15.136],[107.627,15.197],[107.654,15.2],[107.664,15.269],[107.587,15.343],[107.573,15.411],[107.494,15.42],[107.487,15.481],[107.461,15.484],[107.443,15.509],[107.369,15.496],[107.316,15.589],[107.239,15.645],[107.226,15.717],[107.149,15.773],[107.186,15.859],[107.236,15.856],[107.305,15.899],[107.376,15.919],[107.445,16.01],[107.436,16.069],[107.299,16.064],[107.239,16.13],[107.142,16.177],[107.108,16.267],[107.053,16.295],[106.957,16.307],[106.946,16.346],[106.898,16.379],[106.876,16.418],[106.856,16.415],[106.864,16.504],[106.847,16.53],[106.823,16.531],[106.742,16.422],[106.671,16.444],[106.641,16.51],[106.64,16.587],[106.572,16.614],[106.541,16.659],[106.525,16.989],[106.497,16.964],[106.411,16.996],[106.387,17.047],[106.395,17.068],[106.306,17.177],[106.311,17.227],[106.285,17.285],[106.26,17.289],[106.222,17.245],[106.185,17.257],[106.019,17.394],[105.82,17.622],[105.723,17.673],[105.644,17.82],[105.605,17.854],[105.594,17.888],[105.606,17.964],[105.559,18.015],[105.547,18.059],[105.476,18.127],[105.467,18.181],[105.41,18.202],[105.366,18.151],[105.295,18.196],[105.293,18.253],[105.236,18.249],[105.166,18.307],[105.163,18.366],[105.091,18.427],[105.08,18.454],[105.114,18.581],[105.128,18.599],[105.162,18.598],[105.169,18.615],[105.113,18.698],[105.065,18.697],[104.99,18.733],[104.92,18.736],[104.899,18.771],[104.873,18.778],[104.802,18.775],[104.71,18.796],[104.686,18.825],[104.646,18.833],[104.556,18.896],[104.498,18.968],[104.413,18.983],[104.355,19.048],[104.26,19.104],[104.211,19.101],[104.198,19.147],[104.148,19.183],[104.037,19.23],[103.973,19.225],[103.911,19.263],[103.893,19.294],[103.848,19.3],[103.953,19.391],[104.038,19.413],[104.061,19.471],[104.09,19.484],[104.072,19.559],[104.017,19.6],[104.001,19.681],[104.089,19.652],[104.136,19.687],[104.229,19.706],[104.277,19.684],[104.295,19.655],[104.342,19.683],[104.38,19.685],[104.506,19.603],[104.579,19.618],[104.614,19.607],[104.676,19.725],[104.805,19.791],[104.817,19.848],[104.756,19.867],[104.781,19.908],[104.858,19.955],[104.874,19.983],[104.949,19.995],[104.944,20.067],[104.964,20.076],[104.905,20.135],[104.908,20.175],[104.819,20.221],[104.691,20.197],[104.657,20.213],[104.657,20.28],[104.689,20.301],[104.681,20.341],[104.576,20.414],[104.432,20.411],[104.36,20.44],[104.424,20.495],[104.445,20.535],[104.496,20.512],[104.543,20.536],[104.615,20.646],[104.492,20.702],[104.453,20.764],[104.389,20.771],[104.279,20.892],[104.221,20.892],[104.194,20.93],[104.092,20.961],[104.057,20.959],[104.011,20.908],[103.785,20.846],[103.757,20.796],[103.755,20.743],[103.707,20.722],[103.714,20.672],[103.676,20.657],[103.578,20.733],[103.489,20.752],[103.44,20.816],[103.348,20.789],[103.263,20.826],[103.207,20.825],[103.13,20.855],[103.068,20.931],[103.015,21.041],[102.947,21.076],[102.926,21.142],[102.883,21.176],[102.888,21.227],[102.85,21.252],[102.801,21.255],[102.875,21.305],[102.884,21.388],[102.918,21.45],[102.85,21.425],[102.974,21.575],[102.948,21.737],[102.847,21.704],[102.826,21.821],[102.807,21.836],[102.789,21.82],[102.787,21.74],[102.752,21.681],[102.721,21.662],[102.651,21.658],[102.632,21.706],[102.625,21.829],[102.591,21.901],[102.478,21.958],[102.466,21.995],[102.483,22.021],[102.422,22.062],[102.389,22.117],[102.207,22.245],[102.154,22.305],[102.156,22.328],[102.119,22.398],[102.165,22.426],[102.218,22.411],[102.253,22.495],[102.384,22.629],[102.356,22.67],[102.395,22.681],[102.426,22.745],[102.468,22.769],[102.516,22.745],[102.536,22.696],[102.587,22.716],[102.612,22.692],[102.693,22.671],[102.752,22.625],[102.832,22.6],[102.903,22.477],[103.009,22.43],[103.045,22.441],[103.044,22.486],[103.142,22.538],[103.13,22.578],[103.142,22.607],[103.245,22.669],[103.322,22.79],[103.402,22.738],[103.404,22.689],[103.448,22.618],[103.504,22.581],[103.551,22.641],[103.547,22.701],[103.59,22.768],[103.647,22.799],[103.836,22.603],[103.96,22.507],[103.985,22.527],[104.024,22.719],[104.087,22.792],[104.241,22.824],[104.229,22.783],[104.237,22.742],[104.34,22.686],[104.449,22.745],[104.554,22.836],[104.588,22.807],[104.61,22.823],[104.701,22.818],[104.774,22.896],[104.824,22.924],[104.798,23.086],[104.861,23.12],[104.87,23.164],[104.895,23.17],[104.935,23.154],[105.061,23.232],[105.156,23.267],[105.201,23.254],[105.246,23.33],[105.312,23.366],[105.344,23.304],[105.39,23.275],[105.426,23.273],[105.474,23.195],[105.528,23.156],[105.552,23.06],[105.69,23.044],[105.755,23.006],[105.854,22.905],[105.876,22.928],[105.961,22.932],[105.999,22.975],[106.132,22.975],[106.202,22.947],[106.227,22.876],[106.255,22.855],[106.316,22.854],[106.458,22.889],[106.488,22.925],[106.582,22.895],[106.61,22.853],[106.667,22.868],[106.73,22.798],[106.79,22.797],[106.791,22.772],[106.747,22.744],[106.68,22.579],[106.646,22.569],[106.608,22.61],[106.577,22.595],[106.527,22.438],[106.542,22.345],[106.634,22.309],[106.663,22.223],[106.64,22.191],[106.672,22.093],[106.653,21.969],[106.675,21.962],[106.729,22.008],[106.782,21.975],[106.865,21.968],[106.92,21.917],[106.971,21.936],[107.009,21.927],[107.021,21.892],[106.987,21.845],[107.003,21.811],[107.066,21.796],[107.172,21.715],[107.212,21.705],[107.273,21.718],[107.348,21.599],[107.426,21.652],[107.457,21.631],[107.461,21.596],[107.501,21.582],[107.533,21.609],[107.613,21.606],[107.69,21.625],[107.745,21.658],[107.778,21.656],[107.832,21.639],[107.855,21.6],[107.991,21.486],[107.93,21.443],[107.916,21.458],[107.929,21.491],[107.91,21.527],[107.882,21.534],[107.868,21.514],[107.863,21.53],[107.836,21.488],[107.827,21.527],[107.813,21.52],[107.821,21.493],[107.8,21.499],[107.796,21.519],[107.767,21.52],[107.752,21.507],[107.789,21.494],[107.786,21.458],[107.762,21.451],[107.749,21.411],[107.698,21.398],[107.669,21.411],[107.663,21.378],[107.635,21.383],[107.642,21.342],[107.621,21.336],[107.629,21.329],[107.608,21.336],[107.591,21.294],[107.554,21.305],[107.522,21.349],[107.537,21.302],[107.527,21.299],[107.415,21.329],[107.409,21.315],[107.443,21.288],[107.367,21.273],[107.361,21.239],[107.354,21.191],[107.388,21.185],[107.367,21.088],[107.354,21.082],[107.374,21.028],[107.334,21.006],[107.211,20.992],[107.231,20.979],[107.193,20.953],[107.197,20.938],[107.149,20.931],[107.066,20.959],[107.149,21.041],[107.111,21.033],[107.084,21.006],[107.08,21.034],[107.063,21.009],[107.053,21.034],[107.046,21.0],[107.045,21.025],[107.026,21.034],[107.039,21.0],[106.998,21.02],[107.026,20.972],[107.001,20.951],[106.947,20.954],[106.885,20.993],[106.854,20.992],[106.943,20.91],[106.902,20.908],[106.874,20.938],[106.888,20.91],[106.868,20.883],[106.833,20.938],[106.806,20.932],[106.772,20.957],[106.821,20.976],[106.798,21.025],[106.779,21.028],[106.785,21.013],[106.731,21.03],[106.71,21.02],[106.718,21.006],[106.642,21.02],[106.683,21.006],[106.656,21.006],[106.676,20.959],[106.755,20.939],[106.744,20.883],[106.718,20.904],[106.7,20.883],[106.744,20.849],[106.749,20.804],[106.737,20.795],[106.718,20.808],[106.756,20.751],[106.779,20.746],[106.806,20.678],[106.767,20.713],[106.717,20.691],[106.663,20.698],[106.703,20.66],[106.638,20.628],[106.587,20.663],[106.627,20.617],[106.625,20.595],[106.519,20.541],[106.551,20.532],[106.58,20.547],[106.568,20.525],[106.58,20.478],[106.537,20.462],[106.519,20.437],[106.562,20.455],[106.594,20.448],[106.584,20.382],[106.573,20.368],[106.56,20.376],[106.578,20.359],[106.593,20.275],[106.582,20.264],[106.537,20.309],[106.498,20.308],[106.549,20.291],[106.57,20.232],[106.381,20.212],[106.388,20.197],[106.353,20.177],[106.259,20.061],[106.197,20.013],[106.203,20.048],[106.176,19.992],[106.107,19.965],[106.107,20.033],[106.084,19.965],[106.025,19.999],[105.956,19.925],[105.957,19.876],[105.936,19.848],[105.929,19.794],[105.915,19.807],[105.867,19.773],[105.929,19.78],[105.923,19.767],[105.895,19.721],[105.867,19.721],[105.826,19.642],[105.819,19.588],[105.818,19.61],[105.791,19.603],[105.792,19.588],[105.805,19.609],[105.819,19.574],[105.813,19.423],[105.799,19.431],[105.771,19.403],[105.81,19.321],[105.813,19.307],[105.792,19.321],[105.809,19.28],[105.781,19.265],[105.772,19.236],[105.743,19.232],[105.737,19.108],[105.696,19.081],[105.668,19.09],[105.644,19.065],[105.613,18.986],[105.635,18.91],[105.717,18.855],[105.703,18.834],[105.675,18.855],[105.689,18.827],[105.72,18.824],[105.752,18.786],[105.751,18.663],[105.77,18.672],[105.764,18.759],[105.783,18.747],[105.826,18.594],[105.879,18.511],[105.915,18.473],[105.949,18.471],[105.977,18.402],[106.11,18.276],[106.112,18.263],[106.093,18.259],[106.166,18.266],[106.271,18.204],[106.346,18.133],[106.354,18.115],[106.324,18.118],[106.306,18.1],[106.34,18.1],[106.347,18.059],[106.36,18.1],[106.395,18.1],[106.422,18.128],[106.435,18.124],[106.428,18.073],[106.525,17.95],[106.455,17.882],[106.436,17.882],[106.451,17.866],[106.443,17.847],[106.47,17.748],[106.498,17.711],[106.449,17.716],[106.436,17.739],[106.375,17.765],[106.285,17.772],[106.429,17.731],[106.383,17.719],[106.38,17.699],[106.409,17.683],[106.395,17.703],[106.417,17.713],[106.504,17.683],[106.635,17.47],[106.764,17.336],[107.112,17.088],[107.127,17.06],[107.121,17.019],[107.204,16.919],[107.142,16.868],[107.19,16.875],[107.189,16.892],[107.216,16.908],[107.605,16.596],[107.635,16.587],[107.596,16.591],[107.474,16.653],[107.443,16.648],[107.564,16.583],[107.594,16.587],[107.635,16.559],[107.608,16.545],[107.663,16.552],[107.649,16.521],[107.663,16.497],[107.697,16.52],[107.841,16.38],[107.794,16.379],[107.824,16.305],[107.896,16.278],[107.938,16.312],[107.93,16.353],[108.012,16.319],[108.043,16.346],[108.094,16.237],[108.052,16.262],[108.054,16.236],[108.204,16.217],[108.142,16.148],[108.143,16.119],[108.198,16.072],[108.228,16.09],[108.233,16.037],[108.198,16.004],[108.25,16.023],[108.259,16.011],[108.242,16.076],[108.247,16.123],[108.225,16.127],[108.245,16.162],[108.317,16.135],[108.331,16.155],[108.348,16.135],[108.314,16.1],[108.266,16.107],[108.259,16.071],[108.279,15.996],[108.306,15.955],[108.388,15.898],[108.396,15.881],[108.375,15.869],[108.41,15.881],[108.424,15.806],[108.455,15.747],[108.619,15.529],[108.646,15.514],[108.683,15.518],[108.668,15.483],[108.656,15.497],[108.629,15.487],[108.629,15.456],[108.653,15.439],[108.697,15.49],[108.704,15.445],[108.773,15.387],[108.773,15.325],[108.787,15.346],[108.821,15.346],[108.789,15.374],[108.814,15.408],[108.8,15.429],[108.827,15.429],[108.839,15.374],[108.883,15.336],[108.887,15.286],[108.952,15.25],[108.933,15.227],[108.903,15.223],[108.924,15.202],[108.91,15.209],[108.898,15.154],[108.862,15.152],[108.892,15.141],[108.898,15.12],[108.91,15.147],[108.943,14.98],[109.006,14.839],[108.986,14.837],[109.012,14.822],[109.086,14.715],[109.095,14.667],[109.076,14.686],[109.088,14.589],[109.061,14.564],[109.067,14.551],[109.074,14.579],[109.126,14.465],[109.136,14.367],[109.191,14.291],[109.201,14.236],[109.191,14.221],[109.239,14.133],[109.22,14.135],[109.198,14.168],[109.174,14.172],[109.173,14.157],[109.225,14.104],[109.253,14.033],[109.266,13.921],[109.307,13.876],[109.304,13.759],[109.27,13.756],[109.273,13.825],[109.251,13.891],[109.221,13.806],[109.232,13.811],[109.259,13.777],[109.226,13.744],[109.225,13.722],[109.248,13.623],[109.304,13.569],[109.287,13.558],[109.294,13.53],[109.219,13.647],[109.21,13.631],[109.287,13.509],[109.314,13.523],[109.304,13.48],[109.34,13.465],[109.307,13.407],[109.273,13.431],[109.3,13.461],[109.263,13.489],[109.245,13.485],[109.232,13.393],[109.28,13.353],[109.299,13.365],[109.307,13.353],[109.306,13.334],[109.287,13.331],[109.294,13.298],[109.273,13.311],[109.259,13.298],[109.294,13.236],[109.304,13.303],[109.318,13.289],[109.307,13.133],[109.328,13.085],[109.465,12.913],[109.458,12.852],[109.431,12.845],[109.45,12.873],[109.438,12.879],[109.403,12.838],[109.369,12.825],[109.376,12.776],[109.421,12.691],[109.472,12.656],[109.451,12.639],[109.451,12.571],[109.44,12.565],[109.405,12.618],[109.424,12.653],[109.403,12.687],[109.376,12.674],[109.376,12.639],[109.342,12.66],[109.39,12.712],[109.359,12.797],[109.205,12.646],[109.205,12.55],[109.219,12.543],[109.239,12.578],[109.232,12.591],[109.249,12.586],[109.237,12.522],[109.298,12.478],[109.299,12.431],[109.346,12.396],[109.342,12.379],[109.323,12.386],[109.297,12.351],[109.185,12.459],[109.157,12.455],[109.17,12.434],[109.15,12.44],[109.177,12.399],[109.196,12.403],[109.214,12.333],[109.242,12.305],[109.236,12.291],[109.219,12.296],[109.205,12.263],[109.177,12.277],[109.211,12.249],[109.205,12.233],[109.225,12.201],[109.198,12.208],[109.184,12.194],[109.204,12.194],[109.227,12.138],[109.21,12.11],[109.221,12.051],[109.249,11.997],[109.287,11.967],[109.266,11.91],[109.294,11.871],[109.225,11.879],[109.219,12.016],[109.186,12.118],[109.177,12.129],[109.163,12.112],[109.182,12.081],[109.177,12.053],[109.211,12.006],[109.208,11.977],[109.182,11.922],[109.137,11.896],[109.132,11.83],[109.163,11.824],[109.205,11.868],[109.193,11.828],[109.204,11.785],[109.243,11.736],[109.136,11.57],[109.067,11.584],[109.043,11.638],[109.02,11.633],[109.04,11.602],[109.04,11.543],[109.012,11.543],[109.028,11.474],[109.022,11.368],[109.006,11.344],[108.952,11.31],[108.838,11.331],[108.775,11.288],[108.729,11.182],[108.656,11.193],[108.577,11.179],[108.531,11.153],[108.5,11.121],[108.472,11.053],[108.369,11.023],[108.345,10.954],[108.315,10.944],[108.3,10.913],[108.285,10.943],[108.259,10.952],[108.106,10.918],[108.066,10.868],[107.998,10.699],[107.919,10.721],[107.824,10.692],[107.768,10.65],[107.581,10.57],[107.511,10.502],[107.43,10.468],[107.334,10.454],[107.272,10.378],[107.19,10.405],[107.217,10.434],[107.176,10.477],[107.142,10.481],[107.136,10.467],[107.103,10.49],[107.06,10.481],[107.06,10.508],[107.032,10.474],[107.026,10.501],[106.991,10.481],[107.033,10.526],[107.032,10.607],[107.011,10.638],[107.026,10.631],[107.024,10.656],[106.984,10.699],[106.98,10.685],[107.011,10.655],[107.002,10.617],[107.025,10.604],[107.011,10.563],[107.027,10.544],[107.019,10.534],[106.998,10.549],[106.991,10.625],[106.984,10.567],[107.011,10.522],[106.964,10.467],[106.964,10.501],[106.938,10.549],[106.943,10.601],[106.882,10.652],[106.829,10.63],[106.786,10.68],[106.748,10.674],[106.737,10.658],[106.772,10.604],[106.733,10.522],[106.689,10.504],[106.656,10.522],[106.669,10.495],[106.594,10.439],[106.58,10.488],[106.582,10.453],[106.597,10.433],[106.615,10.437],[106.656,10.474],[106.67,10.433],[106.69,10.433],[106.714,10.468],[106.741,10.468],[106.788,10.393],[106.791,10.285],[106.598,10.289],[106.422,10.317],[106.48,10.281],[106.721,10.2],[106.798,10.157],[106.791,10.11],[106.737,10.054],[106.704,10.049],[106.697,10.084],[106.669,10.032],[106.684,10.012],[106.664,10.006],[106.649,9.974],[106.591,9.981],[106.469,10.059],[106.36,10.221],[106.292,10.262],[106.349,10.215],[106.368,10.156],[106.462,10.036],[106.696,9.897],[106.669,9.843],[106.676,9.867],[106.663,9.884],[106.638,9.826],[106.587,9.823],[106.504,9.905],[106.395,9.974],[106.145,10.229],[106.113,10.234],[106.158,10.195],[106.193,10.12],[106.476,9.862],[106.538,9.751],[106.575,9.739],[106.576,9.649],[106.544,9.585],[106.485,9.547],[106.385,9.548],[106.25,9.631],[106.065,9.804],[105.933,9.955],[105.819,10.008],[106.073,9.748],[106.093,9.693],[106.197,9.541],[106.211,9.47],[106.169,9.418],[106.195,9.399],[106.193,9.369],[105.539,9.129],[105.408,9.001],[105.315,8.812],[105.259,8.76],[105.184,8.741],[105.101,8.634],[104.856,8.566],[104.723,8.603],[104.72,8.614],[104.759,8.616],[104.835,8.66],[104.82,8.691],[104.833,8.699],[104.912,8.685],[104.963,8.719],[104.907,8.7],[104.853,8.713],[104.853,8.729],[104.929,8.747],[104.922,8.809],[104.817,8.771],[104.775,8.818],[104.812,8.937],[104.811,9.133],[104.857,9.738],[104.893,9.851],[104.97,9.854],[105.055,9.933],[105.087,9.936],[105.113,9.857],[105.107,9.953],[105.088,9.997],[105.003,10.092],[104.964,10.106],[104.901,10.097],[104.772,10.227],[104.707,10.222],[104.651,10.144],[104.613,10.144],[104.589,10.261],[104.552,10.296],[104.537,10.282],[104.499,10.371],[104.525,10.39],[104.525,10.419],[104.47,10.378],[104.454,10.38],[104.451,10.42],[104.494,10.428],[104.567,10.528],[104.774,10.515],[104.854,10.531],[104.931,10.631],[105.067,10.714],[105.011,10.884],[105.078,10.947],[105.098,10.914],[105.253,10.884],[105.318,10.839],[105.41,10.963],[105.474,10.941],[105.753,11.016],[105.821,10.92],[105.848,10.855],[105.879,10.828],[105.909,10.838],[105.931,10.896],[106.018,10.82],[106.155,10.785],[106.177,10.767],[106.122,10.925],[106.131,10.969],[106.188,10.976],[106.16,11.054],[106.114,11.087],[106.087,11.056],[105.989,11.177],[105.9,11.219],[105.887,11.268],[105.844,11.29],[105.872,11.443],[105.853,11.547],[105.803,11.566],[105.79,11.587],[105.805,11.625],[105.858,11.662],[105.934,11.643],[106.015,11.77],[106.224,11.725],[106.274,11.677],[106.354,11.69],[106.426,11.662],[106.435,11.677],[106.398,11.762],[106.439,11.864],[106.394,11.97],[106.442,11.975],[106.474,11.952],[106.505,11.973],[106.639,11.961],[106.631,11.976],[106.702,11.971],[106.749,12.052],[106.772,12.066],[106.879,12.063],[106.953,12.081],[107.153,12.277],[107.212,12.306],[107.32,12.329],[107.393,12.253],[107.416,12.254],[107.45,12.299],[107.514,12.344],[107.557,12.473],[107.565,12.606],[107.536,12.8],[107.487,12.871],[107.466,12.952],[107.481,12.989],[107.46,13.022],[107.607,13.37],[107.604,13.499],[107.514,13.693],[107.443,13.783],[107.435,13.87],[107.448,13.909],[107.431,13.984],[107.409,14.0],[107.355,14.002],[107.345,14.081],[107.32,14.12],[107.359,14.239],[107.352,14.342],[107.387,14.422],[107.408,14.433],[107.443,14.424],[107.465,14.449],[107.505,14.541],[107.504,14.602],[107.532,14.678],[107.52,14.705]]],[[[106.211,9.621],[106.292,9.586],[106.284,9.544],[106.244,9.535],[106.249,9.56],[106.197,9.61],[106.227,9.565],[106.197,9.572],[106.087,9.755],[106.211,9.621]]],[[[106.724,10.269],[106.759,10.244],[106.724,10.227],[106.709,10.244],[106.512,10.296],[106.724,10.269]]],[[[107.172,10.465],[107.211,10.426],[107.19,10.433],[107.166,10.391],[107.136,10.378],[107.087,10.323],[107.079,10.391],[107.15,10.417],[107.172,10.465]]],[[[106.936,10.439],[106.977,10.405],[106.888,10.371],[106.874,10.426],[106.892,10.465],[106.879,10.49],[106.888,10.505],[106.928,10.521],[106.948,10.507],[106.922,10.426],[106.936,10.439]]],[[[106.909,10.532],[106.89,10.525],[106.854,10.563],[106.871,10.608],[106.854,10.631],[106.888,10.634],[106.913,10.612],[106.929,10.598],[106.93,10.549],[106.917,10.546],[106.895,10.576],[106.909,10.532]]],[[[109.328,12.221],[109.349,12.201],[109.306,12.191],[109.269,12.199],[109.245,12.228],[109.328,12.221]]],[[[106.663,8.74],[106.639,8.737],[106.656,8.699],[106.602,8.695],[106.603,8.656],[106.583,8.651],[106.56,8.682],[106.571,8.706],[106.658,8.767],[106.663,8.74]]],[[[106.498,9.891],[106.544,9.838],[106.536,9.829],[106.469,9.89],[106.422,9.939],[106.498,9.891]]],[[[104.082,10.371],[104.085,10.248],[104.033,10.096],[104.051,10.069],[104.051,10.008],[104.011,10.03],[103.984,10.159],[103.937,10.266],[103.857,10.321],[103.846,10.371],[103.934,10.366],[103.993,10.45],[104.082,10.371]]],[[[106.874,10.46],[106.82,10.467],[106.86,10.432],[106.859,10.413],[106.84,10.405],[106.771,10.464],[106.752,10.567],[106.779,10.576],[106.786,10.601],[106.752,10.666],[106.784,10.663],[106.848,10.614],[106.854,10.584],[106.84,10.559],[106.872,10.515],[106.84,10.495],[106.864,10.487],[106.874,10.46]]],[[[107.08,20.8],[107.066,20.814],[107.073,20.781],[107.06,20.776],[107.032,20.787],[107.073,20.732],[107.06,20.739],[107.046,20.704],[107.046,20.726],[107.018,20.726],[107.039,20.739],[107.018,20.739],[107.005,20.753],[107.005,20.732],[106.985,20.745],[106.921,20.805],[106.913,20.837],[106.943,20.849],[106.957,20.877],[106.964,20.856],[107.005,20.842],[107.012,20.859],[107.036,20.857],[107.043,20.831],[107.087,20.822],[107.108,20.8],[107.08,20.8]]],[[[106.84,20.88],[106.886,20.796],[106.848,20.797],[106.82,20.877],[106.815,20.851],[106.771,20.859],[106.785,20.931],[106.825,20.915],[106.84,20.88]]],[[[107.525,20.91],[107.553,20.972],[107.553,20.936],[107.485,20.822],[107.464,20.814],[107.482,20.865],[107.471,20.883],[107.506,20.887],[107.525,20.91]]],[[[107.745,21.02],[107.793,20.992],[107.773,20.992],[107.771,20.957],[107.738,20.938],[107.759,20.983],[107.738,21.003],[107.745,21.02]]],[[[107.533,21.02],[107.558,21.035],[107.512,20.924],[107.395,20.897],[107.492,20.965],[107.505,21.02],[107.52,21.013],[107.533,21.041],[107.533,21.02]]],[[[107.621,21.116],[107.632,21.112],[107.58,20.983],[107.559,20.986],[107.569,21.005],[107.594,21.089],[107.621,21.116]]],[[[107.581,21.212],[107.606,21.217],[107.59,21.193],[107.547,21.157],[107.524,21.16],[107.471,21.096],[107.389,21.048],[107.373,21.06],[107.38,21.082],[107.418,21.197],[107.436,21.198],[107.45,21.205],[107.459,21.277],[107.523,21.231],[107.533,21.199],[107.581,21.212]]],[[[107.813,21.36],[107.817,21.349],[107.711,21.308],[107.813,21.36]]],[[[107.869,21.39],[107.998,21.398],[107.944,21.368],[107.93,21.376],[107.854,21.35],[107.841,21.349],[107.848,21.37],[107.855,21.356],[107.873,21.374],[107.827,21.376],[107.869,21.39]]],[[[108.943,10.552],[108.966,10.518],[108.961,10.503],[108.94,10.504],[108.926,10.53],[108.943,10.552]]],[[[109.393,12.602],[109.4,12.558],[109.323,12.606],[109.312,12.614],[109.32,12.628],[109.346,12.631],[109.383,12.624],[109.393,12.602]]],[[[107.37,20.826],[107.384,20.799],[107.361,20.806],[107.341,20.843],[107.37,20.826]]],[[[107.382,20.888],[107.395,20.879],[107.388,20.865],[107.354,20.865],[107.334,20.888],[107.382,20.888]]],[[[107.826,21.025],[107.856,21.033],[107.844,21.012],[107.818,20.988],[107.826,21.025]]],[[[107.52,14.705],[107.532,14.678],[107.504,14.602],[107.505,14.541],[107.465,14.449],[107.443,14.424],[107.408,14.433],[107.387,14.422],[107.352,14.342],[107.359,14.239],[107.32,14.12],[107.345,14.081],[107.355,14.002],[107.409,14.0],[107.431,13.984],[107.448,13.909],[107.435,13.87],[107.443,13.783],[107.514,13.693],[107.604,13.499],[107.607,13.37],[107.46,13.022],[107.481,12.989],[107.466,12.952],[107.487,12.871],[107.536,12.8],[107.565,12.606],[107.557,12.473],[107.522,12.367],[107.5,12.326],[107.45,12.299],[107.416,12.254],[107.393,12.253],[107.32,12.329],[107.212,12.306],[107.153,12.277],[106.953,12.081],[106.879,12.063],[106.772,12.066],[106.749,12.052],[106.702,11.971],[106.631,11.976],[106.639,11.961],[106.505,11.973],[106.474,11.952],[106.442,11.975],[106.394,11.97],[106.439,11.864],[106.398,11.762],[106.435,11.677],[106.426,11.662],[106.354,11.69],[106.274,11.677],[106.224,11.725],[106.015,11.77],[105.934,11.643],[105.858,11.662],[105.805,11.625],[105.79,11.587],[105.803,11.566],[105.853,11.547],[105.872,11.443],[105.844,11.29],[105.887,11.268],[105.9,11.219],[105.989,11.177],[106.087,11.056],[106.114,11.087],[106.16,11.054],[106.188,10.976],[106.131,10.969],[106.122,10.925],[106.177,10.767],[106.155,10.785],[106.018,10.82],[105.931,10.896],[105.909,10.838],[105.879,10.828],[105.848,10.855],[105.77,10.996],[105.726,11.018],[105.632,10.974],[105.474,10.941],[105.41,10.963],[105.318,10.839],[105.253,10.884],[105.098,10.914],[105.078,10.947],[105.011,10.884],[105.066,10.746],[105.067,10.714],[105.042,10.691],[104.944,10.642],[104.854,10.531],[104.819,10.517],[104.567,10.528],[104.484,10.418],[104.451,10.42],[104.363,10.488],[104.298,10.481],[104.286,10.54],[104.25,10.57],[104.223,10.57],[104.207,10.55],[104.089,10.555],[103.946,10.588],[103.894,10.658],[103.873,10.66],[103.866,10.699],[103.863,10.604],[103.821,10.544],[103.767,10.535],[103.702,10.563],[103.747,10.509],[103.637,10.495],[103.606,10.556],[103.57,10.555],[103.544,10.596],[103.502,10.617],[103.567,10.727],[103.689,10.741],[103.672,10.758],[103.678,10.801],[103.724,10.856],[103.722,10.895],[103.66,11.03],[103.675,11.064],[103.604,11.091],[103.562,11.152],[103.503,11.166],[103.496,11.139],[103.469,11.152],[103.474,11.134],[103.448,11.09],[103.468,11.099],[103.47,11.089],[103.431,11.006],[103.415,10.946],[103.421,10.909],[103.402,10.884],[103.352,10.872],[103.344,10.895],[103.277,10.933],[103.219,10.892],[103.223,10.878],[103.181,10.864],[103.127,10.881],[103.14,10.899],[103.096,10.934],[103.113,10.971],[103.098,11.08],[103.118,11.149],[103.089,11.218],[103.058,11.221],[103.106,11.299],[103.134,11.316],[103.153,11.303],[103.14,11.358],[103.113,11.344],[103.1,11.356],[103.064,11.447],[103.085,11.433],[103.13,11.46],[103.174,11.426],[103.133,11.509],[103.113,11.468],[103.064,11.504],[103.058,11.591],[103.037,11.605],[103.03,11.543],[102.975,11.529],[102.955,11.557],[102.975,11.57],[103.003,11.55],[102.982,11.584],[102.994,11.636],[103.043,11.625],[103.014,11.639],[103.017,11.66],[102.995,11.653],[102.989,11.673],[102.969,11.638],[102.986,11.703],[103.022,11.721],[103.067,11.708],[103.085,11.728],[103.056,11.716],[103.023,11.735],[102.982,11.714],[102.956,11.767],[102.893,11.83],[102.969,11.714],[102.955,11.57],[102.914,11.646],[102.929,11.669],[102.914,11.766],[102.843,11.866],[102.771,12.037],[102.7,12.139],[102.692,12.178],[102.72,12.361],[102.765,12.416],[102.762,12.436],[102.589,12.61],[102.486,12.661],[102.478,12.72],[102.507,12.788],[102.465,12.928],[102.479,12.954],[102.467,12.969],[102.49,12.996],[102.382,13.137],[102.328,13.275],[102.33,13.496],[102.313,13.541],[102.332,13.565],[102.513,13.567],[102.598,13.605],[102.541,13.649],[102.542,13.67],[102.699,13.762],[102.773,13.936],[102.87,14.021],[102.876,14.071],[102.934,14.201],[103.005,14.229],[103.118,14.313],[103.274,14.351],[103.363,14.353],[103.423,14.385],[103.45,14.372],[103.533,14.419],[103.596,14.404],[103.637,14.443],[103.671,14.43],[103.675,14.386],[103.824,14.368],[103.885,14.34],[103.92,14.365],[103.974,14.367],[104.001,14.345],[104.11,14.38],[104.141,14.366],[104.177,14.404],[104.201,14.378],[104.247,14.401],[104.453,14.357],[104.493,14.374],[104.543,14.36],[104.61,14.419],[104.668,14.41],[104.693,14.434],[104.713,14.407],[104.772,14.44],[104.831,14.412],[104.974,14.381],[104.976,14.301],[105.008,14.244],[105.047,14.214],[105.101,14.231],[105.155,14.33],[105.184,14.346],[105.197,14.27],[105.257,14.182],[105.338,14.11],[105.422,14.108],[105.533,14.164],[105.561,14.138],[105.595,14.136],[105.617,14.103],[105.643,14.113],[105.744,14.087],[105.787,14.01],[105.9,13.923],[106.069,13.917],[106.084,13.934],[106.082,13.981],[106.149,14.054],[106.076,14.175],[106.012,14.226],[106.005,14.29],[105.969,14.332],[105.974,14.366],[106.038,14.348],[106.055,14.348],[106.064,14.373],[106.173,14.37],[106.204,14.4],[106.23,14.49],[106.306,14.445],[106.419,14.466],[106.445,14.499],[106.436,14.524],[106.485,14.524],[106.472,14.564],[106.512,14.59],[106.544,14.512],[106.586,14.496],[106.634,14.451],[106.707,14.429],[106.807,14.313],[106.836,14.307],[106.896,14.336],[106.934,14.32],[107.027,14.435],[107.079,14.401],[107.131,14.428],[107.181,14.496],[107.22,14.498],[107.234,14.545],[107.287,14.599],[107.415,14.543],[107.452,14.632],[107.52,14.705]]],[[[103.784,10.515],[103.806,10.484],[103.795,10.454],[103.764,10.457],[103.743,10.481],[103.764,10.495],[103.76,10.514],[103.784,10.515]]],[[[103.297,10.731],[103.318,10.707],[103.277,10.673],[103.261,10.709],[103.214,10.733],[103.198,10.762],[103.229,10.783],[103.297,10.731]]],[[[103.037,11.358],[103.049,11.331],[103.037,11.262],[102.998,11.26],[102.989,11.301],[102.989,11.426],[102.995,11.413],[103.024,11.417],[103.037,11.358]]],[[[103.03,11.502],[103.051,11.46],[103.03,11.426],[103.023,11.46],[102.996,11.514],[103.009,11.529],[103.03,11.502]]],[[[103.334,10.584],[103.33,10.554],[103.313,10.552],[103.285,10.599],[103.303,10.618],[103.322,10.61],[103.313,10.579],[103.334,10.584]]],[[[102.119,22.398],[102.156,22.328],[102.154,22.305],[102.207,22.245],[102.389,22.117],[102.422,22.062],[102.483,22.021],[102.466,21.995],[102.478,21.958],[102.591,21.901],[102.625,21.829],[102.632,21.706],[102.651,21.658],[102.721,21.662],[102.752,21.681],[102.787,21.74],[102.789,21.82],[102.807,21.836],[102.826,21.821],[102.847,21.704],[102.948,21.737],[102.974,21.575],[102.85,21.425],[102.918,21.45],[102.884,21.388],[102.875,21.305],[102.801,21.255],[102.85,21.252],[102.888,21.227],[102.883,21.176],[102.926,21.142],[102.947,21.076],[103.015,21.041],[103.068,20.931],[103.13,20.855],[103.207,20.825],[103.263,20.826],[103.348,20.789],[103.44,20.816],[103.489,20.752],[103.578,20.733],[103.676,20.657],[103.714,20.672],[103.707,20.722],[103.755,20.743],[103.757,20.796],[103.785,20.846],[104.011,20.908],[104.057,20.959],[104.092,20.961],[104.194,20.93],[104.221,20.892],[104.279,20.892],[104.389,20.771],[104.453,20.764],[104.492,20.702],[104.615,20.646],[104.543,20.536],[104.496,20.512],[104.445,20.535],[104.424,20.495],[104.36,20.44],[104.432,20.411],[104.576,20.414],[104.681,20.341],[104.689,20.301],[104.657,20.28],[104.657,20.213],[104.691,20.197],[104.819,20.221],[104.908,20.175],[104.905,20.135],[104.964,20.076],[104.944,20.067],[104.949,19.995],[104.874,19.983],[104.858,19.955],[104.781,19.908],[104.756,19.867],[104.817,19.848],[104.805,19.791],[104.676,19.725],[104.614,19.607],[104.579,19.618],[104.506,19.603],[104.38,19.685],[104.342,19.683],[104.295,19.655],[104.277,19.684],[104.229,19.706],[104.136,19.687],[104.089,19.652],[104.001,19.681],[104.017,19.6],[104.072,19.559],[104.09,19.484],[104.061,19.471],[104.038,19.413],[103.953,19.391],[103.848,19.3],[103.893,19.294],[103.911,19.263],[103.973,19.225],[104.037,19.23],[104.148,19.183],[104.198,19.147],[104.211,19.101],[104.26,19.104],[104.355,19.048],[104.413,18.983],[104.498,18.968],[104.556,18.896],[104.646,18.833],[104.686,18.825],[104.71,18.796],[104.802,18.775],[104.873,18.778],[104.899,18.771],[104.92,18.736],[104.99,18.733],[105.065,18.697],[105.113,18.698],[105.169,18.615],[105.162,18.598],[105.128,18.599],[105.114,18.581],[105.08,18.454],[105.091,18.427],[105.163,18.366],[105.166,18.307],[105.236,18.249],[105.293,18.253],[105.295,18.196],[105.366,18.151],[105.41,18.202],[105.467,18.181],[105.476,18.127],[105.547,18.059],[105.559,18.015],[105.606,17.964],[105.594,17.888],[105.605,17.854],[105.644,17.82],[105.723,17.673],[105.82,17.622],[106.019,17.394],[106.185,17.257],[106.222,17.245],[106.26,17.289],[106.285,17.285],[106.311,17.227],[106.306,17.177],[106.395,17.068],[106.387,17.047],[106.411,16.996],[106.497,16.964],[106.525,16.989],[106.541,16.659],[106.572,16.614],[106.64,16.587],[106.641,16.51],[106.671,16.444],[106.742,16.422],[106.823,16.531],[106.847,16.53],[106.864,16.504],[106.856,16.415],[106.876,16.418],[106.898,16.379],[106.946,16.346],[106.957,16.307],[107.053,16.295],[107.108,16.267],[107.142,16.177],[107.239,16.13],[107.299,16.064],[107.436,16.069],[107.445,16.01],[107.376,15.919],[107.305,15.899],[107.236,15.856],[107.186,15.859],[107.149,15.773],[107.226,15.717],[107.239,15.645],[107.316,15.589],[107.369,15.496],[107.443,15.509],[107.461,15.484],[107.487,15.481],[107.494,15.42],[107.573,15.411],[107.587,15.343],[107.664,15.269],[107.654,15.2],[107.627,15.197],[107.616,15.136],[107.58,15.097],[107.589,15.058],[107.446,15.025],[107.462,14.957],[107.558,14.887],[107.491,14.804],[107.52,14.705],[107.452,14.632],[107.428,14.554],[107.403,14.544],[107.287,14.599],[107.234,14.545],[107.22,14.498],[107.181,14.496],[107.159,14.452],[107.101,14.408],[107.079,14.401],[107.027,14.435],[106.946,14.324],[106.885,14.336],[106.836,14.307],[106.793,14.323],[106.707,14.429],[106.634,14.451],[106.586,14.496],[106.544,14.512],[106.512,14.59],[106.472,14.564],[106.485,14.524],[106.436,14.524],[106.445,14.499],[106.394,14.456],[106.306,14.445],[106.23,14.49],[106.204,14.4],[106.173,14.37],[106.064,14.373],[106.055,14.348],[105.974,14.366],[105.969,14.355],[105.974,14.321],[106.005,14.29],[106.012,14.226],[106.076,14.175],[106.102,14.115],[106.145,14.072],[106.142,14.035],[106.082,13.981],[106.084,13.934],[106.069,13.917],[105.974,13.929],[105.925,13.917],[105.873,13.937],[105.787,14.01],[105.744,14.087],[105.643,14.113],[105.617,14.103],[105.595,14.136],[105.561,14.138],[105.533,14.164],[105.422,14.108],[105.338,14.11],[105.257,14.182],[105.197,14.27],[105.184,14.346],[105.269,14.364],[105.295,14.399],[105.335,14.386],[105.368,14.415],[105.416,14.428],[105.508,14.564],[105.496,14.66],[105.505,14.736],[105.489,14.786],[105.502,14.827],[105.524,14.837],[105.518,14.878],[105.543,14.88],[105.551,14.902],[105.534,14.934],[105.593,14.991],[105.554,15.005],[105.521,15.066],[105.452,15.095],[105.444,15.134],[105.463,15.189],[105.564,15.273],[105.558,15.325],[105.499,15.325],[105.477,15.353],[105.486,15.375],[105.604,15.439],[105.651,15.635],[105.641,15.682],[105.569,15.749],[105.448,15.765],[105.412,15.8],[105.361,15.919],[105.362,15.955],[105.422,16.01],[105.237,16.051],[105.058,16.121],[105.033,16.165],[105.015,16.277],[104.908,16.353],[104.855,16.454],[104.765,16.511],[104.748,16.572],[104.779,16.705],[104.74,17.003],[104.81,17.172],[104.816,17.373],[104.789,17.429],[104.757,17.45],[104.703,17.527],[104.481,17.64],[104.422,17.7],[104.353,17.819],[104.278,17.865],[104.211,18.009],[104.122,18.095],[104.068,18.215],[104.0,18.318],[103.929,18.328],[103.874,18.283],[103.801,18.338],[103.696,18.353],[103.549,18.415],[103.397,18.441],[103.307,18.426],[103.261,18.4],[103.234,18.356],[103.295,18.288],[103.168,18.25],[103.139,18.167],[103.071,18.126],[103.073,18.036],[103.038,17.991],[103.02,17.984],[102.955,18.012],[102.853,17.972],[102.737,17.89],[102.673,17.865],[102.683,17.81],[102.595,17.841],[102.612,17.915],[102.6,17.955],[102.412,17.994],[102.366,18.039],[102.307,18.051],[102.257,18.094],[102.192,18.152],[102.172,18.2],[102.079,18.214],[101.904,18.037],[101.884,18.031],[101.79,18.074],[101.766,18.04],[101.729,17.912],[101.636,17.895],[101.6,17.854],[101.578,17.868],[101.571,17.829],[101.534,17.81],[101.556,17.792],[101.503,17.765],[101.468,17.72],[101.453,17.751],[101.388,17.729],[101.382,17.721],[101.404,17.716],[101.384,17.685],[101.247,17.592],[101.202,17.523],[101.167,17.511],[101.132,17.462],[101.049,17.496],[100.982,17.548],[100.886,17.574],[100.886,17.596],[100.954,17.7],[100.959,17.764],[100.976,17.78],[100.965,17.798],[101.0,17.83],[101.001,17.885],[101.066,17.934],[101.112,18.011],[101.165,18.053],[101.142,18.124],[101.163,18.195],[101.128,18.246],[101.13,18.291],[101.155,18.323],[101.082,18.364],[101.03,18.428],[101.078,18.51],[101.155,18.557],[101.161,18.6],[101.235,18.658],[101.235,18.689],[101.206,18.73],[101.229,18.796],[101.225,18.875],[101.284,18.981],[101.326,19.021],[101.318,19.05],[101.236,19.128],[101.211,19.326],[101.178,19.347],[101.172,19.376],[101.193,19.453],[101.238,19.472],[101.252,19.494],[101.255,19.547],[101.238,19.578],[101.208,19.59],[101.125,19.565],[101.003,19.611],[100.88,19.614],[100.753,19.482],[100.633,19.542],[100.607,19.541],[100.567,19.496],[100.474,19.525],[100.379,19.746],[100.431,19.838],[100.484,19.881],[100.543,20.067],[100.547,20.168],[100.529,20.15],[100.461,20.191],[100.344,20.39],[100.307,20.4],[100.24,20.373],[100.209,20.313],[100.167,20.293],[100.168,20.254],[100.153,20.239],[100.103,20.264],[100.1,20.362],[100.121,20.389],[100.173,20.622],[100.211,20.697],[100.275,20.762],[100.33,20.786],[100.365,20.828],[100.537,20.808],[100.652,20.877],[100.623,20.889],[100.534,20.874],[100.516,20.886],[100.518,20.906],[100.529,20.968],[100.557,20.992],[100.543,21.027],[100.626,21.054],[100.689,21.159],[100.725,21.312],[100.792,21.297],[100.851,21.315],[101.157,21.52],[101.159,21.553],[101.187,21.535],[101.171,21.403],[101.235,21.364],[101.207,21.315],[101.22,21.296],[101.209,21.246],[101.26,21.179],[101.293,21.176],[101.381,21.222],[101.518,21.243],[101.584,21.224],[101.582,21.176],[101.655,21.189],[101.704,21.135],[101.767,21.151],[101.76,21.196],[101.805,21.204],[101.824,21.234],[101.801,21.267],[101.723,21.304],[101.716,21.338],[101.73,21.474],[101.748,21.515],[101.736,21.571],[101.794,21.588],[101.804,21.626],[101.756,21.649],[101.755,21.69],[101.729,21.718],[101.751,21.816],[101.674,21.931],[101.607,21.968],[101.555,22.09],[101.562,22.176],[101.516,22.245],[101.551,22.277],[101.601,22.277],[101.624,22.347],[101.644,22.365],[101.655,22.446],[101.713,22.492],[101.755,22.496],[101.785,22.472],[101.843,22.383],[101.868,22.379],[101.892,22.43],[101.995,22.447],[102.086,22.429],[102.119,22.398]]],[[[102.914,11.646],[102.893,11.77],[102.777,11.903],[102.767,12.012],[102.632,12.152],[102.654,12.159],[102.605,12.204],[102.606,12.221],[102.562,12.202],[102.557,12.184],[102.582,12.049],[102.554,12.057],[102.532,12.114],[102.474,12.149],[102.35,12.196],[102.324,12.18],[102.296,12.19],[102.263,12.29],[102.29,12.283],[102.336,12.307],[102.36,12.347],[102.352,12.367],[102.324,12.365],[102.345,12.345],[102.331,12.328],[102.292,12.318],[102.286,12.386],[102.304,12.427],[102.27,12.393],[102.27,12.44],[102.242,12.426],[102.206,12.436],[102.209,12.399],[102.236,12.414],[102.243,12.372],[102.273,12.326],[102.265,12.306],[102.228,12.324],[102.124,12.411],[102.087,12.465],[102.072,12.489],[102.078,12.509],[102.099,12.496],[102.085,12.504],[102.112,12.537],[102.093,12.523],[102.078,12.53],[102.099,12.543],[102.048,12.542],[102.064,12.571],[102.009,12.565],[102.043,12.524],[102.064,12.523],[102.057,12.468],[102.009,12.534],[101.961,12.537],[101.95,12.606],[101.934,12.584],[101.948,12.53],[101.9,12.57],[101.893,12.584],[101.913,12.578],[101.909,12.594],[101.878,12.606],[101.83,12.673],[101.766,12.706],[101.686,12.702],[101.66,12.66],[101.581,12.653],[101.571,12.632],[101.465,12.632],[101.418,12.596],[101.323,12.642],[101.088,12.681],[100.989,12.649],[100.974,12.598],[100.926,12.619],[100.941,12.636],[100.918,12.663],[100.858,12.653],[100.871,12.674],[100.851,12.674],[100.865,12.701],[100.837,12.708],[100.868,12.771],[100.892,12.763],[100.92,12.811],[100.865,12.92],[100.892,12.948],[100.9,12.982],[100.934,13.003],[100.906,13.074],[100.878,13.098],[100.945,13.201],[100.912,13.294],[100.932,13.338],[100.981,13.359],[100.985,13.418],[100.971,13.437],[100.996,13.496],[100.963,13.471],[100.889,13.468],[100.68,13.509],[100.592,13.555],[100.598,13.612],[100.576,13.52],[100.337,13.482],[100.275,13.517],[100.237,13.477],[100.053,13.413],[100.022,13.367],[100.001,13.372],[100.016,13.366],[100.006,13.333],[99.963,13.31],[99.967,13.259],[100.074,13.153],[100.104,13.057],[100.053,12.966],[100.024,12.847],[99.988,12.79],[99.96,12.668],[99.981,12.455],[100.012,12.369],[99.983,12.27],[100.009,12.241],[100.02,12.193],[99.955,12.072],[99.831,11.925],[99.823,11.879],[99.837,11.843],[99.81,11.825],[99.817,11.741],[99.78,11.737],[99.752,11.71],[99.642,11.523],[99.626,11.44],[99.569,11.334],[99.566,11.276],[99.586,11.195],[99.569,11.179],[99.562,11.199],[99.529,11.187],[99.496,11.133],[99.515,11.039],[99.494,10.967],[99.512,10.866],[99.494,10.878],[99.443,10.87],[99.435,10.802],[99.375,10.712],[99.374,10.681],[99.313,10.647],[99.288,10.563],[99.24,10.522],[99.268,10.508],[99.24,10.457],[99.289,10.412],[99.285,10.364],[99.234,10.344],[99.2,10.378],[99.152,10.357],[99.169,10.288],[99.225,10.232],[99.255,10.234],[99.242,10.215],[99.201,10.211],[99.152,10.103],[99.179,10.025],[99.158,9.991],[99.172,9.85],[99.152,9.829],[99.145,9.788],[99.173,9.665],[99.212,9.598],[99.223,9.543],[99.324,9.392],[99.291,9.39],[99.236,9.336],[99.234,9.278],[99.255,9.232],[99.351,9.219],[99.378,9.193],[99.475,9.201],[99.536,9.282],[99.594,9.275],[99.689,9.316],[99.782,9.308],[99.803,9.323],[99.854,9.295],[99.86,9.258],[99.878,9.226],[99.886,9.233],[99.886,9.158],[99.916,9.102],[99.933,9.001],[99.919,8.98],[99.926,8.863],[99.967,8.606],[100.041,8.546],[100.098,8.426],[100.144,8.389],[100.186,8.397],[100.165,8.501],[100.131,8.515],[100.151,8.523],[100.181,8.501],[100.22,8.449],[100.271,8.317],[100.44,7.477],[100.501,7.334],[100.575,7.209],[100.574,7.195],[100.548,7.197],[100.472,7.259],[100.426,7.268],[100.439,7.294],[100.422,7.37],[100.408,7.379],[100.406,7.528],[100.39,7.566],[100.326,7.574],[100.29,7.518],[100.273,7.531],[100.276,7.577],[100.323,7.616],[100.327,7.655],[100.307,7.758],[100.289,7.788],[100.25,7.792],[100.211,7.781],[100.145,7.719],[100.155,7.616],[100.185,7.514],[100.225,7.479],[100.279,7.362],[100.303,7.343],[100.37,7.333],[100.385,7.266],[100.427,7.245],[100.392,7.223],[100.424,7.171],[100.495,7.137],[100.556,7.145],[100.589,7.18],[100.585,7.224],[100.765,6.983],[100.827,6.952],[100.85,6.962],[100.998,6.857],[101.191,6.862],[101.244,6.902],[101.351,6.876],[101.328,6.918],[101.263,6.945],[101.292,6.955],[101.557,6.842],[101.772,6.501],[102.073,6.258],[102.06,6.095],[101.935,5.982],[101.913,5.859],[101.8,5.74],[101.763,5.75],[101.727,5.786],[101.687,5.761],[101.666,5.766],[101.631,5.828],[101.634,5.856],[101.558,5.911],[101.249,5.787],[101.212,5.682],[101.122,5.63],[101.06,5.71],[100.999,5.73],[100.965,5.792],[101.015,5.898],[101.071,5.92],[101.079,5.938],[101.094,6.086],[101.053,6.135],[101.053,6.158],[101.089,6.189],[101.082,6.246],[101.023,6.241],[100.974,6.273],[100.91,6.236],[100.855,6.248],[100.833,6.237],[100.806,6.415],[100.773,6.447],[100.734,6.456],[100.73,6.493],[100.631,6.445],[100.467,6.513],[100.387,6.522],[100.329,6.558],[100.281,6.689],[100.263,6.7],[100.212,6.689],[100.188,6.708],[100.167,6.695],[100.156,6.621],[100.167,6.566],[100.146,6.54],[100.127,6.442],[100.108,6.48],[100.09,6.485],[100.104,6.533],[100.081,6.537],[100.063,6.507],[100.001,6.567],[99.991,6.598],[99.964,6.594],[99.974,6.623],[99.961,6.661],[99.937,6.665],[99.868,6.763],[99.852,6.776],[99.825,6.77],[99.797,6.822],[99.686,6.877],[99.69,6.935],[99.714,6.942],[99.681,6.974],[99.679,7.027],[99.748,7.126],[99.741,7.137],[99.693,7.116],[99.678,7.123],[99.672,7.171],[99.614,7.137],[99.558,7.197],[99.545,7.266],[99.585,7.307],[99.604,7.376],[99.55,7.302],[99.525,7.311],[99.525,7.37],[99.508,7.385],[99.491,7.351],[99.488,7.286],[99.471,7.28],[99.378,7.321],[99.337,7.384],[99.347,7.423],[99.33,7.503],[99.296,7.507],[99.309,7.528],[99.293,7.621],[99.25,7.628],[99.256,7.657],[99.153,7.731],[99.131,7.767],[99.112,7.706],[99.091,7.692],[99.056,7.699],[99.033,7.723],[99.014,7.815],[99.062,7.859],[99.07,7.925],[99.028,7.904],[99.0,7.943],[98.968,7.956],[98.96,8.007],[98.918,8.051],[98.844,8.003],[98.8,8.052],[98.77,8.024],[98.747,8.068],[98.744,8.215],[98.727,8.254],[98.707,8.226],[98.703,8.299],[98.696,8.308],[98.624,8.281],[98.626,8.346],[98.655,8.38],[98.604,8.397],[98.599,8.375],[98.526,8.336],[98.494,8.343],[98.487,8.325],[98.466,8.336],[98.466,8.323],[98.428,8.317],[98.422,8.306],[98.453,8.294],[98.463,8.216],[98.425,8.148],[98.406,8.164],[98.391,8.137],[98.357,8.185],[98.287,8.22],[98.199,8.534],[98.21,8.581],[98.223,8.54],[98.247,8.515],[98.253,8.535],[98.22,8.569],[98.24,8.651],[98.22,8.726],[98.251,8.76],[98.262,8.851],[98.325,8.975],[98.364,8.974],[98.358,8.996],[98.391,9.035],[98.333,9.026],[98.33,9.052],[98.382,9.072],[98.328,9.164],[98.322,9.209],[98.34,9.2],[98.371,9.226],[98.352,9.251],[98.457,9.549],[98.487,9.528],[98.531,9.566],[98.463,9.604],[98.514,9.655],[98.494,9.686],[98.513,9.695],[98.494,9.714],[98.544,9.706],[98.566,9.743],[98.521,9.755],[98.508,9.74],[98.508,9.775],[98.555,9.798],[98.583,9.843],[98.549,9.809],[98.513,9.837],[98.549,9.884],[98.576,9.878],[98.59,9.905],[98.572,9.915],[98.592,9.943],[98.631,9.953],[98.6,9.974],[98.604,9.994],[98.662,10.085],[98.72,10.228],[98.79,10.5],[98.777,10.583],[98.748,10.623],[98.767,10.689],[98.83,10.764],[98.868,10.77],[98.892,10.809],[98.974,10.824],[98.99,10.86],[98.98,10.908],[98.992,10.948],[99.006,10.959],[99.055,10.945],[99.077,10.997],[99.213,11.108],[99.243,11.198],[99.364,11.377],[99.387,11.452],[99.428,11.497],[99.45,11.614],[99.543,11.64],[99.615,11.749],[99.628,11.825],[99.561,11.873],[99.574,11.976],[99.518,12.026],[99.546,12.132],[99.533,12.145],[99.452,12.129],[99.474,12.187],[99.455,12.238],[99.387,12.466],[99.404,12.508],[99.403,12.576],[99.277,12.666],[99.267,12.703],[99.224,12.717],[99.211,12.792],[99.175,12.833],[99.153,12.914],[99.165,12.976],[99.093,13.038],[99.088,13.058],[99.102,13.171],[99.114,13.188],[99.173,13.2],[99.19,13.23],[99.173,13.301],[99.187,13.329],[99.188,13.427],[99.152,13.582],[99.153,13.715],[99.101,13.779],[99.09,13.87],[99.007,13.95],[98.953,14.028],[98.935,14.085],[98.872,14.112],[98.754,14.2],[98.707,14.27],[98.67,14.268],[98.601,14.314],[98.548,14.378],[98.418,14.608],[98.297,14.721],[98.243,14.805],[98.222,14.921],[98.191,14.988],[98.199,15.051],[98.16,15.106],[98.191,15.179],[98.177,15.221],[98.233,15.227],[98.283,15.29],[98.385,15.256],[98.395,15.28],[98.377,15.296],[98.399,15.322],[98.403,15.36],[98.475,15.383],[98.515,15.363],[98.534,15.326],[98.56,15.355],[98.567,15.453],[98.54,15.712],[98.574,15.836],[98.569,15.92],[98.584,15.977],[98.547,16.047],[98.619,16.051],[98.659,16.116],[98.68,16.126],[98.758,16.119],[98.783,16.102],[98.807,16.111],[98.835,16.145],[98.843,16.209],[98.884,16.259],[98.903,16.382],[98.843,16.438],[98.84,16.472],[98.819,16.456],[98.789,16.375],[98.682,16.273],[98.663,16.287],[98.629,16.403],[98.632,16.463],[98.564,16.552],[98.562,16.602],[98.512,16.643],[98.486,16.701],[98.457,16.723],[98.475,16.777],[98.518,16.803],[98.49,16.843],[98.501,16.862],[98.525,16.85],[98.509,16.893],[98.484,16.906],[98.475,16.95],[98.418,17.029],[98.3,17.065],[98.286,17.087],[98.294,17.108],[98.268,17.108],[98.279,17.137],[98.093,17.312],[98.089,17.373],[98.035,17.405],[97.983,17.505],[97.934,17.532],[97.759,17.691],[97.75,17.74],[97.676,17.83],[97.699,17.833],[97.686,17.881],[97.72,17.943],[97.754,17.969],[97.72,18.053],[97.694,18.062],[97.684,18.146],[97.618,18.242],[97.643,18.273],[97.638,18.306],[97.574,18.333],[97.528,18.265],[97.486,18.292],[97.453,18.334],[97.443,18.403],[97.351,18.551],[97.389,18.542],[97.427,18.49],[97.51,18.491],[97.618,18.553],[97.746,18.571],[97.76,18.623],[97.723,18.852],[97.658,18.926],[97.703,18.964],[97.728,19.037],[97.811,19.112],[97.813,19.208],[97.764,19.266],[97.798,19.281],[97.806,19.301],[97.767,19.398],[97.842,19.479],[97.849,19.568],[97.886,19.573],[98.008,19.639],[98.005,19.724],[98.025,19.803],[98.046,19.808],[98.073,19.777],[98.111,19.777],[98.213,19.718],[98.219,19.677],[98.238,19.665],[98.307,19.69],[98.44,19.688],[98.489,19.707],[98.533,19.676],[98.624,19.738],[98.749,19.763],[98.808,19.807],[98.852,19.784],[98.884,19.745],[98.899,19.749],[98.974,19.788],[99.001,19.821],[99.017,20.041],[99.073,20.101],[99.178,20.122],[99.296,20.062],[99.441,20.102],[99.51,20.154],[99.526,20.196],[99.486,20.245],[99.466,20.322],[99.421,20.376],[99.44,20.382],[99.503,20.345],[99.652,20.307],[99.787,20.334],[99.838,20.417],[99.937,20.445],[99.986,20.387],[100.036,20.373],[100.099,20.318],[100.103,20.264],[100.153,20.239],[100.168,20.254],[100.167,20.293],[100.209,20.313],[100.24,20.373],[100.307,20.4],[100.364,20.369],[100.461,20.191],[100.513,20.155],[100.529,20.15],[100.547,20.168],[100.549,20.158],[100.543,20.067],[100.484,19.881],[100.431,19.838],[100.379,19.746],[100.474,19.525],[100.567,19.496],[100.607,19.541],[100.633,19.542],[100.753,19.482],[100.88,19.614],[101.003,19.611],[101.125,19.565],[101.208,19.59],[101.238,19.578],[101.255,19.547],[101.252,19.494],[101.238,19.472],[101.193,19.453],[101.172,19.376],[101.178,19.347],[101.211,19.326],[101.236,19.128],[101.318,19.05],[101.326,19.021],[101.284,18.981],[101.225,18.875],[101.229,18.796],[101.206,18.73],[101.235,18.689],[101.235,18.658],[101.161,18.6],[101.155,18.557],[101.078,18.51],[101.03,18.428],[101.082,18.364],[101.155,18.323],[101.13,18.291],[101.128,18.246],[101.163,18.195],[101.142,18.124],[101.165,18.053],[101.112,18.011],[101.066,17.934],[101.001,17.885],[101.0,17.83],[100.965,17.798],[100.976,17.78],[100.959,17.764],[100.954,17.7],[100.886,17.596],[100.886,17.574],[100.982,17.548],[101.049,17.496],[101.132,17.462],[101.167,17.511],[101.202,17.523],[101.247,17.592],[101.384,17.685],[101.404,17.716],[101.382,17.721],[101.388,17.729],[101.453,17.751],[101.468,17.72],[101.503,17.765],[101.556,17.792],[101.534,17.81],[101.571,17.829],[101.578,17.868],[101.6,17.854],[101.636,17.895],[101.729,17.912],[101.766,18.04],[101.79,18.074],[101.884,18.031],[101.904,18.037],[102.079,18.214],[102.172,18.2],[102.192,18.152],[102.257,18.094],[102.307,18.051],[102.366,18.039],[102.412,17.994],[102.6,17.955],[102.612,17.915],[102.595,17.841],[102.683,17.81],[102.673,17.865],[102.737,17.89],[102.853,17.972],[102.955,18.012],[103.02,17.984],[103.038,17.991],[103.073,18.036],[103.071,18.126],[103.139,18.167],[103.168,18.25],[103.295,18.288],[103.234,18.356],[103.261,18.4],[103.307,18.426],[103.397,18.441],[103.549,18.415],[103.696,18.353],[103.801,18.338],[103.874,18.283],[103.929,18.328],[103.975,18.331],[104.019,18.299],[104.122,18.095],[104.211,18.009],[104.27,17.874],[104.353,17.819],[104.452,17.666],[104.703,17.527],[104.757,17.45],[104.789,17.429],[104.816,17.373],[104.81,17.172],[104.74,17.003],[104.779,16.705],[104.748,16.572],[104.765,16.511],[104.855,16.454],[104.908,16.353],[105.015,16.277],[105.033,16.165],[105.058,16.121],[105.237,16.051],[105.422,16.01],[105.362,15.955],[105.361,15.919],[105.412,15.8],[105.448,15.765],[105.569,15.749],[105.641,15.682],[105.651,15.635],[105.604,15.439],[105.486,15.375],[105.477,15.353],[105.499,15.325],[105.558,15.325],[105.564,15.273],[105.463,15.189],[105.444,15.111],[105.498,15.066],[105.521,15.066],[105.554,15.005],[105.593,14.991],[105.534,14.934],[105.551,14.902],[105.543,14.88],[105.518,14.878],[105.524,14.837],[105.502,14.827],[105.489,14.786],[105.505,14.736],[105.496,14.66],[105.508,14.564],[105.416,14.428],[105.368,14.415],[105.335,14.386],[105.295,14.399],[105.269,14.364],[105.155,14.33],[105.101,14.231],[105.047,14.214],[105.008,14.244],[104.976,14.301],[104.974,14.381],[104.831,14.412],[104.772,14.44],[104.713,14.407],[104.693,14.434],[104.668,14.41],[104.61,14.419],[104.543,14.36],[104.493,14.374],[104.453,14.357],[104.247,14.401],[104.201,14.378],[104.177,14.404],[104.141,14.366],[104.11,14.38],[104.001,14.345],[103.974,14.367],[103.92,14.365],[103.885,14.34],[103.824,14.368],[103.675,14.386],[103.671,14.43],[103.637,14.443],[103.596,14.404],[103.533,14.419],[103.45,14.372],[103.423,14.385],[103.363,14.353],[103.274,14.351],[103.138,14.32],[102.919,14.185],[102.87,14.021],[102.773,13.936],[102.699,13.762],[102.542,13.67],[102.541,13.649],[102.598,13.605],[102.513,13.567],[102.332,13.565],[102.313,13.541],[102.33,13.496],[102.328,13.275],[102.382,13.137],[102.49,12.996],[102.467,12.969],[102.479,12.954],[102.465,12.928],[102.507,12.788],[102.478,12.72],[102.479,12.677],[102.502,12.65],[102.589,12.61],[102.762,12.436],[102.765,12.416],[102.72,12.361],[102.692,12.178],[102.7,12.139],[102.771,12.037],[102.843,11.866],[102.914,11.766],[102.929,11.669],[102.914,11.646]]],[[[97.872,9.38],[97.835,9.412],[97.851,9.428],[97.868,9.42],[97.872,9.38]]],[[[99.699,9.542],[99.703,9.521],[99.681,9.513],[99.668,9.519],[99.699,9.542]]],[[[99.684,9.62],[99.678,9.61],[99.675,9.624],[99.684,9.62]]],[[[99.248,6.575],[99.258,6.561],[99.217,6.537],[99.174,6.539],[99.158,6.554],[99.248,6.575]]],[[[99.672,6.517],[99.659,6.492],[99.634,6.552],[99.6,6.583],[99.636,6.667],[99.657,6.724],[99.681,6.673],[99.68,6.624],[99.704,6.558],[99.7,6.533],[99.672,6.517]]],[[[99.405,7.266],[99.454,7.239],[99.409,7.229],[99.378,7.202],[99.386,7.276],[99.405,7.266]]],[[[99.035,7.644],[99.076,7.609],[99.086,7.537],[99.117,7.479],[99.1,7.467],[99.077,7.48],[99.031,7.562],[99.021,7.637],[99.035,7.644]]],[[[99.124,7.657],[99.117,7.596],[99.09,7.606],[99.045,7.663],[99.067,7.675],[99.124,7.657]]],[[[98.541,8.105],[98.602,8.063],[98.612,7.926],[98.604,7.904],[98.577,7.92],[98.563,7.978],[98.58,7.996],[98.58,8.025],[98.537,8.071],[98.528,8.123],[98.541,8.105]]],[[[98.419,7.904],[98.432,7.917],[98.44,7.887],[98.4,7.865],[98.398,7.815],[98.344,7.833],[98.323,7.771],[98.292,7.777],[98.268,7.89],[98.285,7.904],[98.254,7.928],[98.274,7.954],[98.266,7.974],[98.281,8.003],[98.274,8.069],[98.29,8.13],[98.281,8.192],[98.33,8.17],[98.344,8.109],[98.36,8.119],[98.406,8.083],[98.432,8.096],[98.438,8.066],[98.419,7.993],[98.398,7.973],[98.419,7.904]]],[[[98.638,8.171],[98.621,8.09],[98.57,8.119],[98.597,8.13],[98.592,8.147],[98.624,8.192],[98.638,8.171]]],[[[98.296,9.145],[98.323,9.076],[98.309,9.049],[98.254,9.037],[98.24,9.049],[98.248,9.15],[98.273,9.16],[98.296,9.145]]],[[[100.07,9.586],[100.091,9.561],[100.061,9.464],[100.019,9.426],[99.956,9.422],[99.947,9.418],[99.926,9.494],[99.941,9.512],[99.926,9.566],[99.959,9.581],[100.044,9.564],[100.07,9.586]]],[[[98.412,9.768],[98.417,9.733],[98.398,9.706],[98.385,9.728],[98.412,9.768]]],[[[100.035,9.796],[100.067,9.776],[100.09,9.665],[99.999,9.71],[99.99,9.743],[99.971,9.765],[99.988,9.802],[100.035,9.796]]],[[[102.564,11.708],[102.59,11.71],[102.606,11.685],[102.592,11.619],[102.606,11.612],[102.598,11.563],[102.53,11.605],[102.544,11.626],[102.53,11.68],[102.55,11.752],[102.568,11.744],[102.564,11.708]]],[[[102.4,12.043],[102.441,11.967],[102.428,11.961],[102.379,12.003],[102.376,11.971],[102.311,11.981],[102.318,11.961],[102.29,11.975],[102.294,12.057],[102.25,12.153],[102.311,12.146],[102.343,12.124],[102.4,12.043]]],[[[97.87,9.425],[97.85,9.442],[97.853,9.461],[97.872,9.473],[97.9,9.453],[97.895,9.439],[97.87,9.441],[97.87,9.425]]],[[[98.288,9.004],[98.311,8.978],[98.307,8.958],[98.271,8.877],[98.253,8.898],[98.252,8.997],[98.261,9.013],[98.288,9.004]]],[[[115.146,4.909],[115.147,4.886],[115.207,4.826],[115.273,4.637],[115.267,4.517],[115.286,4.435],[115.358,4.35],[115.346,4.314],[115.324,4.315],[115.221,4.36],[115.17,4.361],[115.1,4.391],[115.08,4.504],[115.027,4.66],[115.03,4.821],[115.048,4.802],[115.13,4.852],[115.116,4.896],[115.146,4.909]]],[[[114.982,4.889],[114.959,4.866],[114.948,4.819],[114.856,4.807],[114.742,4.729],[114.774,4.637],[114.788,4.461],[114.806,4.433],[114.848,4.424],[114.829,4.34],[114.782,4.285],[114.783,4.264],[114.814,4.277],[114.817,4.26],[114.767,4.132],[114.675,4.044],[114.628,4.017],[114.587,4.021],[114.569,4.064],[114.463,4.164],[114.433,4.247],[114.42,4.26],[114.283,4.265],[114.276,4.289],[114.297,4.317],[114.29,4.361],[114.246,4.481],[114.217,4.488],[114.209,4.508],[114.119,4.562],[113.999,4.601],[114.252,4.593],[114.327,4.607],[114.529,4.694],[114.602,4.78],[114.723,4.876],[114.928,5.001],[115.058,5.054],[115.083,5.057],[115.103,5.037],[115.057,5.013],[115.023,4.934],[114.982,4.889]]],[[[92.576,21.978],[92.651,22.019],[92.684,22.154],[92.836,22.047],[92.877,21.957],[92.906,22.017],[92.921,22.022],[92.968,21.987],[92.98,22.002],[92.967,22.063],[92.985,22.096],[93.025,22.113],[93.025,22.202],[93.142,22.187],[93.124,22.231],[93.174,22.259],[93.166,22.387],[93.099,22.512],[93.111,22.596],[93.074,22.672],[93.08,22.773],[93.116,22.798],[93.176,22.882],[93.138,23.005],[93.152,23.05],[93.197,23.054],[93.247,23.004],[93.273,23.006],[93.318,23.034],[93.375,23.13],[93.378,23.297],[93.407,23.347],[93.4,23.454],[93.432,23.647],[93.426,23.691],[93.375,23.739],[93.356,23.907],[93.303,23.995],[93.303,24.041],[93.322,24.08],[93.368,24.078],[93.457,23.96],[93.543,23.981],[93.571,23.968],[93.612,24.009],[93.711,24.005],[93.743,23.995],[93.804,23.936],[93.912,23.939],[94.055,23.888],[94.1,23.843],[94.132,23.857],[94.135,23.919],[94.19,23.995],[94.295,24.333],[94.331,24.363],[94.329,24.394],[94.361,24.425],[94.364,24.466],[94.397,24.495],[94.418,24.56],[94.475,24.597],[94.516,24.705],[94.556,24.709],[94.582,24.73],[94.599,24.813],[94.655,24.889],[94.674,24.975],[94.709,25.026],[94.707,25.11],[94.689,25.139],[94.577,25.174],[94.553,25.204],[94.55,25.245],[94.608,25.395],[94.659,25.456],[94.764,25.492],[94.822,25.559],[94.86,25.567],[94.853,25.586],[94.961,25.718],[95.009,25.737],[95.001,25.922],[95.066,25.954],[95.151,26.05],[95.137,26.083],[95.088,26.104],[95.078,26.171],[95.094,26.195],[95.059,26.218],[95.042,26.288],[95.066,26.407],[95.041,26.476],[95.11,26.551],[95.133,26.621],[95.173,26.634],[95.205,26.668],[95.261,26.648],[95.411,26.702],[95.49,26.811],[95.575,26.816],[95.624,26.881],[95.699,26.896],[95.778,26.995],[95.861,27.014],[95.916,27.051],[96.013,27.191],[96.143,27.258],[96.408,27.298],[96.511,27.292],[96.547,27.306],[96.587,27.354],[96.649,27.336],[96.705,27.361],[96.776,27.331],[96.854,27.249],[96.843,27.189],[96.865,27.172],[97.038,27.087],[97.119,27.087],[97.135,27.127],[97.104,27.156],[97.101,27.183],[96.881,27.444],[96.888,27.507],[96.862,27.599],[96.884,27.636],[96.991,27.727],[97.057,27.747],[97.065,27.774],[97.223,27.9],[97.276,27.91],[97.293,27.878],[97.334,27.894],[97.362,27.995],[97.355,28.023],[97.293,28.095],[97.329,28.19],[97.323,28.217],[97.37,28.253],[97.384,28.285],[97.448,28.298],[97.445,28.383],[97.528,28.53],[97.546,28.538],[97.614,28.482],[97.67,28.511],[97.7,28.488],[97.765,28.352],[97.797,28.344],[97.859,28.37],[97.898,28.355],[97.945,28.299],[97.993,28.269],[97.991,28.214],[98.049,28.2],[98.119,28.141],[98.123,28.015],[98.107,27.973],[98.177,27.913],[98.177,27.898],[98.14,27.879],[98.197,27.823],[98.204,27.727],[98.254,27.648],[98.295,27.537],[98.329,27.523],[98.364,27.532],[98.383,27.556],[98.41,27.684],[98.492,27.643],[98.522,27.656],[98.578,27.592],[98.647,27.612],[98.679,27.577],[98.674,27.387],[98.708,27.337],[98.673,27.176],[98.691,27.092],[98.731,27.069],[98.738,27.049],[98.713,26.995],[98.736,26.898],[98.715,26.862],[98.75,26.792],[98.732,26.714],[98.756,26.625],[98.721,26.539],[98.713,26.389],[98.658,26.312],[98.642,26.255],[98.677,26.239],[98.706,26.175],[98.681,26.125],[98.644,26.098],[98.624,26.108],[98.619,26.146],[98.563,26.131],[98.546,26.106],[98.582,25.982],[98.625,25.97],[98.69,25.892],[98.69,25.866],[98.61,25.801],[98.527,25.839],[98.498,25.831],[98.419,25.724],[98.347,25.578],[98.312,25.557],[98.277,25.552],[98.232,25.587],[98.14,25.611],[98.134,25.535],[98.1,25.5],[98.112,25.396],[98.076,25.376],[98.045,25.312],[97.976,25.272],[97.91,25.208],[97.889,25.206],[97.86,25.244],[97.824,25.262],[97.801,25.238],[97.754,25.114],[97.7,25.065],[97.708,24.927],[97.773,24.855],[97.765,24.835],[97.664,24.83],[97.536,24.745],[97.533,24.723],[97.539,24.597],[97.513,24.439],[97.647,24.432],[97.69,24.346],[97.638,24.328],[97.645,24.302],[97.718,24.278],[97.724,24.242],[97.702,24.211],[97.72,24.147],[97.516,23.943],[97.61,23.883],[97.625,23.847],[97.768,23.946],[97.818,23.958],[97.89,24.023],[98.105,24.102],[98.182,24.119],[98.331,24.099],[98.435,24.13],[98.503,24.121],[98.585,24.076],[98.716,24.121],[98.866,24.146],[98.873,24.114],[98.856,24.084],[98.659,23.961],[98.675,23.937],[98.664,23.797],[98.793,23.758],[98.8,23.693],[98.856,23.61],[98.781,23.533],[98.8,23.481],[98.849,23.48],[98.864,23.467],[98.89,23.407],[98.89,23.368],[98.853,23.325],[98.897,23.323],[98.911,23.298],[98.86,23.212],[98.859,23.179],[99.026,23.16],[99.055,23.11],[99.194,23.096],[99.217,23.057],[99.334,23.13],[99.403,23.068],[99.493,23.057],[99.49,23.012],[99.538,22.926],[99.515,22.909],[99.413,22.931],[99.414,22.857],[99.359,22.775],[99.308,22.745],[99.355,22.609],[99.344,22.533],[99.358,22.495],[99.283,22.412],[99.243,22.393],[99.244,22.341],[99.159,22.185],[99.175,22.169],[99.144,22.154],[99.166,22.132],[99.253,22.103],[99.365,22.099],[99.439,22.124],[99.49,22.104],[99.539,22.107],[99.634,22.085],[99.684,22.039],[99.724,22.071],[99.821,22.018],[99.842,22.027],[99.848,22.055],[99.942,22.046],[99.934,22.019],[99.966,21.963],[99.918,21.829],[99.95,21.721],[99.997,21.686],[100.082,21.684],[100.143,21.655],[100.144,21.64],[100.095,21.599],[100.09,21.529],[100.162,21.436],[100.187,21.428],[100.29,21.483],[100.342,21.53],[100.399,21.519],[100.457,21.455],[100.622,21.469],[100.704,21.516],[100.835,21.658],[100.993,21.711],[101.083,21.767],[101.119,21.76],[101.128,21.695],[101.161,21.658],[101.174,21.612],[101.154,21.568],[101.157,21.52],[101.003,21.406],[100.815,21.3],[100.725,21.312],[100.689,21.159],[100.626,21.054],[100.543,21.027],[100.557,20.992],[100.529,20.968],[100.518,20.906],[100.516,20.886],[100.534,20.874],[100.623,20.889],[100.652,20.877],[100.537,20.808],[100.365,20.828],[100.211,20.697],[100.149,20.548],[100.099,20.318],[100.036,20.373],[99.986,20.387],[99.937,20.445],[99.838,20.417],[99.787,20.334],[99.652,20.307],[99.503,20.345],[99.44,20.382],[99.421,20.376],[99.466,20.322],[99.486,20.245],[99.526,20.196],[99.51,20.154],[99.441,20.102],[99.296,20.062],[99.178,20.122],[99.073,20.101],[99.017,20.041],[99.001,19.821],[98.974,19.788],[98.899,19.749],[98.884,19.745],[98.852,19.784],[98.808,19.807],[98.749,19.763],[98.624,19.738],[98.533,19.676],[98.489,19.707],[98.44,19.688],[98.307,19.69],[98.238,19.665],[98.219,19.677],[98.213,19.718],[98.111,19.777],[98.073,19.777],[98.046,19.808],[98.025,19.803],[98.005,19.724],[98.008,19.639],[97.886,19.573],[97.849,19.568],[97.842,19.479],[97.767,19.398],[97.806,19.301],[97.798,19.281],[97.764,19.266],[97.813,19.208],[97.811,19.112],[97.728,19.037],[97.703,18.964],[97.658,18.926],[97.723,18.852],[97.76,18.623],[97.746,18.571],[97.618,18.553],[97.51,18.491],[97.427,18.49],[97.389,18.542],[97.351,18.551],[97.443,18.403],[97.453,18.334],[97.486,18.292],[97.528,18.265],[97.574,18.333],[97.638,18.306],[97.643,18.273],[97.618,18.242],[97.684,18.146],[97.694,18.062],[97.72,18.053],[97.754,17.969],[97.72,17.943],[97.686,17.881],[97.699,17.833],[97.676,17.83],[97.75,17.74],[97.759,17.691],[97.934,17.532],[97.983,17.505],[98.035,17.405],[98.089,17.373],[98.093,17.312],[98.279,17.137],[98.268,17.108],[98.294,17.108],[98.286,17.087],[98.3,17.065],[98.418,17.029],[98.475,16.95],[98.484,16.906],[98.509,16.893],[98.525,16.85],[98.501,16.862],[98.49,16.843],[98.518,16.803],[98.475,16.777],[98.457,16.723],[98.486,16.701],[98.512,16.643],[98.562,16.602],[98.564,16.552],[98.632,16.463],[98.629,16.403],[98.663,16.287],[98.682,16.273],[98.789,16.375],[98.819,16.456],[98.84,16.472],[98.843,16.438],[98.903,16.382],[98.884,16.259],[98.843,16.209],[98.835,16.145],[98.807,16.111],[98.783,16.102],[98.758,16.119],[98.68,16.126],[98.659,16.116],[98.619,16.051],[98.547,16.047],[98.584,15.977],[98.569,15.92],[98.574,15.836],[98.54,15.712],[98.567,15.453],[98.56,15.355],[98.534,15.326],[98.515,15.363],[98.475,15.383],[98.403,15.36],[98.399,15.322],[98.377,15.296],[98.395,15.28],[98.385,15.256],[98.283,15.29],[98.233,15.227],[98.177,15.221],[98.191,15.179],[98.16,15.106],[98.199,15.051],[98.191,14.988],[98.222,14.921],[98.243,14.805],[98.297,14.721],[98.418,14.608],[98.548,14.378],[98.601,14.314],[98.67,14.268],[98.707,14.27],[98.754,14.2],[98.872,14.112],[98.935,14.085],[98.953,14.028],[99.007,13.95],[99.09,13.87],[99.101,13.779],[99.153,13.715],[99.152,13.582],[99.188,13.427],[99.187,13.329],[99.173,13.301],[99.19,13.23],[99.173,13.2],[99.114,13.188],[99.102,13.171],[99.093,13.038],[99.165,12.976],[99.153,12.914],[99.175,12.833],[99.211,12.792],[99.224,12.717],[99.267,12.703],[99.277,12.666],[99.403,12.576],[99.404,12.508],[99.387,12.466],[99.474,12.187],[99.452,12.129],[99.542,12.141],[99.518,12.026],[99.574,11.976],[99.561,11.873],[99.63,11.816],[99.607,11.726],[99.543,11.64],[99.45,11.614],[99.428,11.497],[99.387,11.452],[99.364,11.377],[99.243,11.198],[99.213,11.108],[99.077,10.997],[99.055,10.945],[99.002,10.958],[98.98,10.918],[98.982,10.832],[98.934,10.808],[98.892,10.809],[98.868,10.77],[98.811,10.747],[98.757,10.666],[98.748,10.623],[98.777,10.583],[98.79,10.5],[98.696,10.224],[98.561,10.002],[98.543,9.987],[98.521,10.029],[98.514,10.147],[98.49,10.198],[98.528,10.364],[98.494,10.452],[98.495,10.557],[98.463,10.63],[98.459,10.715],[98.464,10.729],[98.498,10.732],[98.528,10.693],[98.538,10.719],[98.521,10.741],[98.544,10.745],[98.563,10.727],[98.6,10.805],[98.597,10.837],[98.631,10.851],[98.586,10.861],[98.582,10.882],[98.648,10.919],[98.673,10.905],[98.712,10.924],[98.72,10.981],[98.693,11.008],[98.722,11.045],[98.707,11.098],[98.676,11.101],[98.658,11.132],[98.724,11.156],[98.759,11.269],[98.722,11.35],[98.727,11.385],[98.698,11.388],[98.715,11.443],[98.775,11.454],[98.754,11.522],[98.729,11.518],[98.718,11.532],[98.736,11.642],[98.752,11.682],[98.817,11.677],[98.823,11.708],[98.892,11.694],[98.877,11.723],[98.805,11.737],[98.783,11.755],[98.826,11.826],[98.809,11.851],[98.816,11.834],[98.768,11.762],[98.744,11.763],[98.712,11.737],[98.703,11.697],[98.674,11.685],[98.61,11.731],[98.606,11.769],[98.632,11.793],[98.604,11.804],[98.624,11.83],[98.651,11.83],[98.681,11.877],[98.707,11.879],[98.694,11.893],[98.549,11.879],[98.578,11.907],[98.664,11.92],[98.691,11.954],[98.72,11.964],[98.721,11.998],[98.703,12.048],[98.713,12.064],[98.665,12.06],[98.634,12.09],[98.63,12.132],[98.71,12.204],[98.703,12.238],[98.663,12.237],[98.597,12.194],[98.563,12.208],[98.539,12.242],[98.568,12.291],[98.677,12.315],[98.707,12.348],[98.605,12.429],[98.616,12.486],[98.701,12.499],[98.71,12.512],[98.64,12.532],[98.623,12.558],[98.651,12.622],[98.673,12.625],[98.668,12.675],[98.693,12.725],[98.648,12.723],[98.645,12.742],[98.679,12.756],[98.618,12.766],[98.651,12.797],[98.634,12.879],[98.59,12.92],[98.614,12.954],[98.584,13.027],[98.578,13.187],[98.5,13.249],[98.49,13.298],[98.48,13.284],[98.46,13.356],[98.473,13.413],[98.453,13.379],[98.445,13.424],[98.419,13.455],[98.426,13.49],[98.336,13.599],[98.288,13.695],[98.302,13.701],[98.245,13.714],[98.254,13.852],[98.234,13.917],[98.234,14.003],[98.192,14.065],[98.179,14.02],[98.199,13.993],[98.198,13.965],[98.18,13.925],[98.199,13.869],[98.179,13.732],[98.196,13.668],[98.168,13.584],[98.187,13.544],[98.171,13.538],[98.151,13.558],[98.144,13.537],[98.13,13.582],[98.151,13.606],[98.137,13.627],[98.158,13.642],[98.151,13.674],[98.169,13.681],[98.103,13.701],[98.117,13.729],[98.092,13.74],[98.083,13.77],[98.089,13.795],[98.11,13.79],[98.111,13.902],[98.082,13.924],[98.062,14.01],[98.108,14.11],[98.096,14.168],[98.11,14.168],[98.042,14.243],[97.993,14.331],[97.98,14.397],[98.0,14.469],[97.966,14.448],[97.914,14.587],[97.925,14.613],[97.886,14.656],[97.904,14.709],[97.943,14.72],[97.992,14.664],[98.028,14.648],[97.982,14.715],[98.0,14.722],[97.965,14.747],[97.973,14.764],[97.95,14.799],[97.931,14.752],[97.897,14.798],[97.902,14.738],[97.875,14.717],[97.85,14.724],[97.795,14.88],[97.813,14.983],[97.774,15.017],[97.808,15.031],[97.795,15.058],[97.823,15.209],[97.769,15.223],[97.726,15.34],[97.761,15.394],[97.795,15.408],[97.761,15.491],[97.774,15.531],[97.743,15.604],[97.744,15.665],[97.726,15.701],[97.734,15.726],[97.713,15.757],[97.727,15.843],[97.706,15.86],[97.712,15.888],[97.691,15.912],[97.576,16.017],[97.569,16.062],[97.62,16.125],[97.651,16.271],[97.623,16.394],[97.637,16.477],[97.674,16.533],[97.74,16.559],[97.713,16.58],[97.63,16.532],[97.423,16.523],[97.37,16.484],[97.33,16.68],[97.311,16.652],[97.286,16.659],[97.255,16.698],[97.23,16.769],[97.24,16.875],[97.219,16.826],[97.209,16.833],[97.219,16.901],[97.192,16.901],[97.183,16.922],[97.198,17.013],[97.157,17.087],[97.174,17.112],[97.234,17.095],[97.261,17.107],[97.203,17.132],[97.158,17.129],[97.131,17.079],[97.1,17.134],[97.11,17.189],[97.089,17.194],[97.069,17.251],[97.007,17.278],[97.013,17.299],[96.896,17.385],[96.883,17.457],[96.856,17.388],[96.842,17.409],[96.822,17.395],[96.911,17.317],[96.911,17.285],[96.849,17.213],[96.856,17.169],[96.91,17.067],[96.911,17.025],[96.879,16.935],[96.835,16.936],[96.856,16.901],[96.808,16.909],[96.844,16.874],[96.847,16.845],[96.811,16.765],[96.789,16.756],[96.801,16.737],[96.716,16.658],[96.679,16.575],[96.616,16.518],[96.436,16.478],[96.357,16.518],[96.266,16.597],[96.226,16.761],[96.287,16.813],[96.258,16.816],[96.207,16.777],[96.171,16.772],[96.241,16.65],[96.235,16.576],[96.336,16.439],[96.321,16.415],[96.285,16.366],[96.119,16.322],[96.077,16.361],[96.007,16.387],[96.067,16.336],[96.068,16.31],[95.98,16.223],[95.942,16.219],[95.951,16.258],[95.908,16.212],[95.883,16.209],[95.89,16.244],[95.798,16.145],[95.756,16.145],[95.725,16.223],[95.732,16.127],[95.697,16.066],[95.687,15.988],[95.665,15.949],[95.523,15.804],[95.416,15.723],[95.311,15.723],[95.288,15.74],[95.283,15.838],[95.313,15.867],[95.314,15.901],[95.339,15.922],[95.364,15.985],[95.368,16.039],[95.345,16.105],[95.362,16.148],[95.327,16.107],[95.349,16.042],[95.342,15.984],[95.297,15.903],[95.252,15.868],[95.239,15.894],[95.276,15.971],[95.273,16.004],[95.224,15.919],[95.213,15.787],[95.174,15.778],[95.126,15.818],[95.115,15.894],[95.138,16.007],[95.129,16.039],[95.108,15.984],[95.098,16.025],[95.138,16.1],[95.226,16.12],[95.184,16.141],[95.149,16.132],[95.136,16.148],[95.071,16.075],[95.073,15.971],[95.055,15.846],[95.034,15.806],[94.998,15.795],[94.976,15.764],[94.847,15.791],[94.896,15.847],[94.883,15.867],[94.853,15.84],[94.835,15.949],[94.863,15.992],[94.921,16.019],[94.924,16.039],[94.889,16.017],[94.863,16.128],[94.9,16.184],[94.959,16.201],[94.992,16.251],[94.967,16.22],[94.893,16.206],[94.855,16.16],[94.848,16.097],[94.869,16.041],[94.846,16.0],[94.787,15.962],[94.721,15.857],[94.659,15.854],[94.636,15.908],[94.622,15.892],[94.601,15.921],[94.703,15.982],[94.732,16.017],[94.742,16.067],[94.794,16.162],[94.766,16.139],[94.705,16.021],[94.615,15.944],[94.567,15.935],[94.562,15.962],[94.642,16.045],[94.679,16.121],[94.684,16.209],[94.665,16.258],[94.705,16.353],[94.732,16.361],[94.706,16.473],[94.732,16.525],[94.697,16.508],[94.677,16.532],[94.684,16.364],[94.628,16.26],[94.582,16.243],[94.636,16.326],[94.63,16.344],[94.584,16.275],[94.521,16.295],[94.507,16.19],[94.428,16.074],[94.361,16.049],[94.34,15.996],[94.287,15.998],[94.251,15.968],[94.24,15.976],[94.21,16.029],[94.215,16.158],[94.238,16.273],[94.235,16.348],[94.259,16.387],[94.273,16.466],[94.268,16.527],[94.273,16.538],[94.331,16.529],[94.341,16.548],[94.346,16.592],[94.328,16.606],[94.362,16.635],[94.364,16.701],[94.403,16.788],[94.382,16.901],[94.423,16.901],[94.465,16.95],[94.444,16.95],[94.458,17.06],[94.489,17.124],[94.486,17.141],[94.458,17.154],[94.454,17.18],[94.465,17.189],[94.511,17.169],[94.538,17.187],[94.509,17.23],[94.512,17.275],[94.545,17.296],[94.546,17.32],[94.594,17.292],[94.553,17.556],[94.56,17.582],[94.615,17.546],[94.591,17.593],[94.595,17.615],[94.563,17.662],[94.544,17.748],[94.502,17.787],[94.483,17.902],[94.444,17.988],[94.492,18.026],[94.491,18.072],[94.423,18.242],[94.328,18.259],[94.331,18.303],[94.389,18.286],[94.417,18.314],[94.39,18.363],[94.351,18.375],[94.331,18.426],[94.259,18.509],[94.245,18.539],[94.262,18.545],[94.249,18.639],[94.149,18.731],[94.279,18.739],[94.252,18.752],[94.212,18.742],[94.153,18.821],[94.149,18.868],[94.135,18.82],[94.12,18.817],[94.038,18.859],[94.037,18.918],[94.053,18.937],[94.041,18.998],[94.066,19.043],[94.06,19.064],[94.094,19.087],[94.047,19.081],[94.029,19.095],[94.033,19.169],[94.053,19.221],[94.046,19.305],[94.07,19.351],[94.067,19.389],[94.025,19.287],[94.033,19.205],[93.973,19.146],[93.947,19.16],[93.937,19.205],[93.925,19.21],[93.91,19.191],[93.955,19.127],[93.952,19.032],[93.984,18.968],[93.974,18.923],[93.937,18.889],[93.944,18.868],[93.93,18.859],[93.814,18.944],[93.735,18.981],[93.704,19.018],[93.679,19.02],[93.642,19.134],[93.594,19.177],[93.487,19.334],[93.491,19.408],[93.553,19.431],[93.568,19.407],[93.611,19.403],[93.637,19.349],[93.621,19.334],[93.718,19.293],[93.723,19.268],[93.755,19.247],[93.834,19.238],[93.93,19.3],[93.987,19.387],[93.984,19.464],[93.924,19.462],[93.919,19.484],[93.937,19.492],[93.882,19.502],[93.731,19.633],[93.756,19.661],[93.8,19.656],[93.794,19.674],[93.827,19.719],[93.807,19.746],[93.784,19.691],[93.761,19.675],[93.721,19.685],[93.709,19.714],[93.719,19.744],[93.752,19.766],[93.722,19.769],[93.694,19.725],[93.648,19.725],[93.636,19.76],[93.601,19.719],[93.606,19.796],[93.661,19.871],[93.738,19.882],[93.726,19.906],[93.74,19.925],[93.718,19.938],[93.708,19.917],[93.611,19.91],[93.581,19.881],[93.547,19.903],[93.566,19.917],[93.518,19.94],[93.532,19.951],[93.512,19.97],[93.532,19.985],[93.526,19.999],[93.492,19.965],[93.47,19.985],[93.457,19.954],[93.423,19.965],[93.382,20.089],[93.362,20.026],[93.341,20.102],[93.313,20.065],[93.272,20.048],[93.19,20.064],[93.176,20.054],[93.128,20.095],[93.176,19.958],[93.236,19.847],[93.238,19.821],[93.201,19.863],[93.148,19.994],[93.132,20.007],[93.109,19.994],[93.106,19.931],[93.135,19.848],[93.169,19.807],[93.125,19.847],[93.038,20.013],[92.981,20.078],[92.97,20.129],[93.042,20.129],[93.08,20.17],[93.094,20.15],[93.121,20.212],[93.089,20.21],[93.019,20.15],[92.99,20.155],[93.001,20.239],[93.041,20.332],[93.091,20.381],[93.1,20.431],[93.06,20.362],[93.043,20.365],[93.031,20.41],[93.086,20.533],[93.073,20.555],[93.023,20.453],[93.016,20.325],[92.898,20.136],[92.868,20.122],[92.772,20.201],[92.778,20.232],[92.864,20.301],[92.943,20.321],[92.893,20.33],[92.847,20.377],[92.827,20.495],[92.793,20.506],[92.797,20.484],[92.769,20.455],[92.759,20.472],[92.779,20.478],[92.751,20.499],[92.721,20.592],[92.635,20.698],[92.708,20.579],[92.737,20.445],[92.731,20.259],[92.653,20.418],[92.54,20.528],[92.507,20.609],[92.454,20.669],[92.381,20.7],[92.281,20.959],[92.271,21.049],[92.181,21.158],[92.178,21.3],[92.236,21.417],[92.285,21.419],[92.323,21.462],[92.355,21.452],[92.4,21.371],[92.525,21.361],[92.571,21.247],[92.634,21.282],[92.639,21.319],[92.59,21.496],[92.576,21.734],[92.593,21.887],[92.576,21.978]]],[[[98.057,9.797],[98.018,9.795],[98.015,9.826],[98.046,9.828],[98.057,9.797]]],[[[98.229,10.52],[98.222,10.498],[98.193,10.482],[98.185,10.501],[98.202,10.524],[98.234,10.529],[98.229,10.52]]],[[[98.43,10.978],[98.443,11.003],[98.453,10.986],[98.44,10.966],[98.43,10.978]]],[[[97.465,11.782],[97.444,11.8],[97.463,11.8],[97.48,11.778],[97.465,11.782]]],[[[97.837,12.772],[97.842,12.806],[97.865,12.79],[97.864,12.767],[97.837,12.772]]],[[[98.296,10.049],[98.274,10.048],[98.294,10.019],[98.244,9.96],[98.179,9.933],[98.133,9.846],[98.131,9.864],[98.121,9.861],[98.127,9.96],[98.172,10.008],[98.254,10.063],[98.296,10.049]]],[[[98.186,10.121],[98.172,10.148],[98.179,10.193],[98.24,10.166],[98.201,10.118],[98.186,10.042],[98.186,10.121]]],[[[97.911,10.495],[97.903,10.479],[97.925,10.474],[97.944,10.444],[97.918,10.433],[97.932,10.412],[97.91,10.402],[97.889,10.42],[97.904,10.439],[97.896,10.488],[97.911,10.495]]],[[[98.494,10.891],[98.542,10.86],[98.553,10.833],[98.542,10.796],[98.498,10.794],[98.526,10.811],[98.526,10.827],[98.5,10.823],[98.494,10.891]]],[[[97.89,10.885],[97.912,10.924],[97.952,10.919],[97.928,10.872],[97.884,10.845],[97.89,10.885]]],[[[98.268,10.837],[98.276,10.784],[98.296,10.782],[98.283,10.757],[98.296,10.735],[98.268,10.697],[98.237,10.697],[98.234,10.741],[98.256,10.746],[98.234,10.768],[98.24,10.831],[98.199,10.882],[98.179,10.899],[98.172,10.885],[98.165,10.919],[98.147,10.925],[98.1,10.882],[98.077,10.888],[98.131,10.946],[98.141,10.977],[98.191,10.971],[98.216,10.945],[98.232,10.87],[98.268,10.837]]],[[[98.528,10.974],[98.508,10.946],[98.477,10.974],[98.514,11.036],[98.513,11.063],[98.532,11.084],[98.545,11.031],[98.542,10.954],[98.528,10.974]]],[[[98.275,11.248],[98.298,11.249],[98.295,11.231],[98.247,11.215],[98.243,11.243],[98.222,11.262],[98.232,11.274],[98.281,11.276],[98.275,11.248]]],[[[98.278,11.8],[98.307,11.777],[98.323,11.731],[98.3,11.705],[98.284,11.509],[98.261,11.468],[98.234,11.502],[98.227,11.474],[98.202,11.466],[98.22,11.454],[98.199,11.446],[98.165,11.454],[98.165,11.474],[98.199,11.488],[98.188,11.535],[98.213,11.553],[98.203,11.589],[98.24,11.625],[98.234,11.666],[98.278,11.8]]],[[[98.535,11.804],[98.556,11.759],[98.549,11.622],[98.528,11.58],[98.535,11.529],[98.459,11.584],[98.432,11.567],[98.41,11.646],[98.379,11.691],[98.406,11.708],[98.378,11.738],[98.413,11.773],[98.371,11.789],[98.535,11.804]]],[[[98.055,11.701],[98.09,11.632],[98.017,11.697],[98.029,11.737],[98.007,11.762],[98.0,11.842],[98.014,11.865],[98.014,11.817],[98.052,11.776],[98.058,11.729],[98.082,11.735],[98.055,11.701]]],[[[97.664,11.906],[97.678,11.888],[97.672,11.838],[97.651,11.845],[97.643,11.868],[97.664,11.906]]],[[[98.254,11.858],[98.257,11.903],[98.289,11.882],[98.274,11.853],[98.254,11.858]]],[[[98.268,11.934],[98.246,11.925],[98.227,11.954],[98.236,11.968],[98.261,11.971],[98.268,11.934]]],[[[98.604,11.967],[98.659,11.949],[98.658,11.934],[98.573,11.932],[98.516,11.896],[98.478,11.891],[98.46,11.934],[98.466,11.993],[98.44,12.015],[98.439,12.112],[98.52,12.007],[98.56,12.001],[98.604,11.967]]],[[[98.096,12.187],[98.132,12.199],[98.137,12.139],[98.117,12.165],[98.077,12.162],[98.034,12.221],[98.059,12.281],[98.108,12.285],[98.123,12.25],[98.096,12.187]]],[[[98.065,12.365],[98.048,12.331],[98.011,12.31],[98.0,12.269],[97.982,12.306],[97.946,12.31],[97.966,12.358],[97.938,12.338],[97.94,12.366],[98.007,12.402],[98.023,12.399],[98.005,12.367],[98.042,12.358],[98.046,12.389],[98.076,12.427],[98.091,12.422],[98.105,12.383],[98.088,12.36],[98.065,12.365]]],[[[98.514,12.496],[98.514,12.424],[98.509,12.41],[98.482,12.411],[98.489,12.493],[98.5,12.513],[98.514,12.496]]],[[[98.254,12.568],[98.29,12.526],[98.283,12.504],[98.261,12.495],[98.237,12.506],[98.234,12.554],[98.254,12.568]]],[[[97.823,12.587],[97.85,12.595],[97.862,12.56],[97.85,12.537],[97.845,12.547],[97.823,12.587]]],[[[98.466,12.584],[98.456,12.458],[98.35,12.326],[98.302,12.338],[98.336,12.451],[98.32,12.501],[98.333,12.519],[98.303,12.599],[98.316,12.687],[98.406,12.639],[98.398,12.587],[98.425,12.53],[98.438,12.587],[98.451,12.604],[98.466,12.584]]],[[[98.296,13.085],[98.319,13.091],[98.336,13.074],[98.301,13.02],[98.314,12.926],[98.302,12.913],[98.24,13.139],[98.242,13.204],[98.261,13.214],[98.296,13.085]]],[[[97.932,13.859],[97.918,13.784],[97.919,13.853],[97.932,13.859]]],[[[97.664,15.566],[97.672,15.533],[97.664,15.504],[97.657,15.524],[97.651,15.592],[97.664,15.566]]],[[[97.589,16.415],[97.571,16.223],[97.547,16.2],[97.517,16.21],[97.511,16.254],[97.459,16.301],[97.483,16.342],[97.48,16.389],[97.452,16.449],[97.47,16.49],[97.504,16.508],[97.606,16.484],[97.611,16.446],[97.589,16.415]]],[[[179.4,51.408],[179.472,51.371],[179.404,51.364],[179.383,51.377],[179.255,51.35],[179.236,51.363],[179.246,51.391],[179.077,51.454],[178.96,51.542],[178.872,51.571],[178.735,51.585],[178.689,51.615],[178.636,51.637],[178.683,51.659],[178.787,51.624],[178.815,51.636],[178.842,51.617],[178.92,51.612],[178.934,51.589],[178.993,51.577],[179.123,51.48],[179.195,51.471],[179.24,51.417],[179.294,51.419],[179.28,51.399],[179.4,51.408]]],[[[178.252,51.83],[178.35,51.807],[178.396,51.769],[178.341,51.769],[178.312,51.792],[178.237,51.823],[178.225,51.837],[178.252,51.83]]],[[[178.534,51.987],[178.602,51.953],[178.574,51.906],[178.517,51.896],[178.471,51.926],[178.46,51.944],[178.477,51.986],[178.534,51.987]]],[[[179.781,51.967],[179.747,51.913],[179.642,51.874],[179.567,51.885],[179.498,51.916],[179.507,51.939],[179.494,51.967],[179.637,52.035],[179.781,51.967]]],[[[177.643,52.125],[177.69,52.09],[177.656,52.069],[177.643,52.035],[177.568,52.002],[177.577,51.989],[177.554,51.968],[177.615,51.95],[177.612,51.928],[177.594,51.933],[177.568,51.912],[177.506,51.933],[177.478,51.913],[177.471,51.939],[177.414,51.931],[177.366,51.912],[177.324,51.827],[177.224,51.892],[177.329,51.93],[177.373,51.975],[177.508,51.995],[177.554,52.104],[177.593,52.125],[177.643,52.125]]],[[[175.882,52.378],[175.991,52.358],[175.929,52.339],[175.899,52.349],[175.882,52.378]]],[[[173.791,52.502],[173.713,52.451],[173.743,52.361],[173.661,52.351],[173.668,52.371],[173.627,52.378],[173.628,52.395],[173.501,52.387],[173.389,52.404],[173.431,52.44],[173.528,52.446],[173.625,52.501],[173.791,52.502]]],[[[174.097,52.714],[174.084,52.727],[174.114,52.741],[174.182,52.707],[174.097,52.714]]],[[[173.377,52.83],[173.322,52.811],[173.263,52.844],[173.223,52.844],[173.195,52.817],[173.181,52.824],[173.174,52.809],[173.189,52.796],[173.146,52.788],[173.077,52.828],[172.944,52.75],[172.907,52.755],[172.912,52.781],[172.894,52.796],[172.856,52.789],[172.832,52.803],[172.815,52.783],[172.763,52.796],[172.811,52.888],[172.64,52.869],[172.626,52.872],[172.66,52.913],[172.653,52.924],[172.548,52.913],[172.476,52.927],[172.66,53.009],[172.731,53.0],[172.781,53.016],[172.904,53.001],[172.921,52.982],[172.969,52.974],[173.027,52.994],[173.143,52.99],[173.185,52.968],[173.14,52.927],[173.167,52.913],[173.25,52.944],[173.323,52.916],[173.309,52.893],[173.263,52.872],[173.352,52.852],[173.442,52.858],[173.419,52.831],[173.377,52.83]]],[[[114.23,22.556],[114.209,22.524],[114.255,22.551],[114.289,22.505],[114.335,22.506],[114.254,22.452],[114.212,22.471],[114.217,22.448],[114.202,22.458],[114.167,22.448],[114.212,22.421],[114.209,22.399],[114.238,22.435],[114.267,22.431],[114.273,22.41],[114.289,22.426],[114.276,22.444],[114.324,22.48],[114.348,22.423],[114.36,22.461],[114.37,22.44],[114.4,22.436],[114.401,22.413],[114.382,22.419],[114.37,22.398],[114.39,22.366],[114.376,22.371],[114.358,22.332],[114.319,22.389],[114.278,22.391],[114.276,22.348],[114.266,22.366],[114.256,22.356],[114.273,22.321],[114.312,22.297],[114.289,22.287],[114.297,22.258],[114.256,22.322],[114.239,22.282],[114.195,22.318],[114.172,22.289],[114.16,22.322],[114.124,22.337],[114.105,22.37],[114.021,22.35],[113.971,22.387],[113.975,22.372],[113.945,22.362],[113.914,22.376],[113.897,22.409],[113.941,22.427],[113.999,22.489],[114.011,22.473],[114.03,22.478],[114.031,22.496],[114.091,22.534],[114.149,22.538],[114.173,22.564],[114.23,22.556]]],[[[114.137,22.179],[114.111,22.177],[114.104,22.216],[114.107,22.236],[114.133,22.216],[114.126,22.205],[114.155,22.204],[114.137,22.179]]],[[[114.216,22.286],[114.251,22.259],[114.256,22.204],[114.233,22.211],[114.223,22.239],[114.219,22.192],[114.208,22.19],[114.207,22.212],[114.191,22.21],[114.184,22.241],[114.165,22.228],[114.113,22.278],[114.216,22.286]]],[[[113.846,22.197],[113.839,22.234],[113.893,22.293],[113.928,22.285],[113.977,22.298],[114.044,22.346],[114.055,22.336],[114.046,22.323],[114.013,22.311],[114.019,22.265],[113.995,22.268],[114.007,22.252],[113.992,22.241],[114.015,22.227],[114.0,22.216],[113.982,22.208],[113.981,22.237],[113.946,22.237],[113.921,22.224],[113.919,22.205],[113.893,22.222],[113.846,22.197]]],[[[120.861,5.574],[120.89,5.558],[120.909,5.52],[120.88,5.496],[120.843,5.51],[120.82,5.543],[120.861,5.574]]],[[[121.902,6.034],[121.94,6.046],[121.938,6.029],[121.858,6.002],[121.805,6.037],[121.777,6.077],[121.871,6.033],[121.902,6.034]]],[[[125.791,6.948],[125.777,6.894],[125.768,6.899],[125.718,7.052],[125.678,7.066],[125.673,7.093],[125.716,7.196],[125.782,7.135],[125.791,6.948]]],[[[122.972,7.384],[122.945,7.39],[122.944,7.349],[122.855,7.315],[122.842,7.294],[122.817,7.295],[122.795,7.346],[122.804,7.417],[122.828,7.431],[122.883,7.397],[122.905,7.438],[122.972,7.384]]],[[[121.252,9.631],[121.224,9.583],[121.211,9.576],[121.228,9.61],[121.252,9.631]]],[[[125.99,9.686],[126.001,9.677],[125.979,9.575],[125.947,9.566],[125.953,9.582],[125.925,9.59],[125.939,9.604],[125.918,9.61],[125.917,9.629],[125.939,9.673],[125.935,9.76],[125.952,9.768],[125.96,9.747],[125.973,9.755],[125.975,9.695],[125.99,9.686]]],[[[126.569,7.301],[126.618,7.277],[126.612,7.258],[126.476,7.066],[126.466,7.003],[126.452,6.984],[126.417,6.98],[126.349,7.0],[126.31,6.949],[126.302,6.893],[126.343,6.849],[126.34,6.787],[126.309,6.798],[126.243,6.919],[126.213,6.934],[126.192,6.925],[126.193,6.883],[126.172,6.904],[126.168,6.883],[126.208,6.806],[126.255,6.767],[126.257,6.745],[126.229,6.616],[126.227,6.469],[126.2,6.283],[126.186,6.287],[126.176,6.363],[126.141,6.386],[126.138,6.431],[126.095,6.514],[126.083,6.64],[126.096,6.747],[126.079,6.843],[126.022,6.867],[125.983,6.921],[125.987,7.006],[125.903,7.101],[125.851,7.254],[125.853,7.336],[125.845,7.35],[125.807,7.351],[125.668,7.257],[125.644,7.099],[125.604,7.055],[125.51,7.016],[125.487,6.979],[125.481,6.913],[125.404,6.812],[125.378,6.674],[125.406,6.589],[125.435,6.588],[125.432,6.616],[125.535,6.513],[125.553,6.525],[125.59,6.499],[125.601,6.428],[125.645,6.344],[125.646,6.3],[125.707,6.15],[125.699,6.04],[125.667,5.95],[125.422,5.598],[125.388,5.574],[125.323,5.576],[125.302,5.592],[125.288,5.706],[125.238,5.728],[125.221,5.766],[125.181,5.798],[125.209,5.877],[125.278,5.979],[125.281,6.019],[125.251,6.093],[125.158,6.109],[125.154,6.064],[125.069,5.862],[124.939,5.864],[124.606,5.992],[124.586,6.023],[124.229,6.197],[124.072,6.402],[124.033,6.542],[124.056,6.553],[124.037,6.8],[124.017,6.808],[123.997,6.786],[123.966,6.821],[123.975,6.965],[124.029,7.115],[124.167,7.208],[124.219,7.28],[124.221,7.347],[124.247,7.404],[124.176,7.416],[124.065,7.603],[123.959,7.674],[123.911,7.699],[123.794,7.711],[123.704,7.809],[123.609,7.836],[123.523,7.836],[123.457,7.811],[123.445,7.801],[123.448,7.766],[123.498,7.709],[123.486,7.664],[123.445,7.63],[123.4,7.619],[123.392,7.576],[123.362,7.589],[123.354,7.572],[123.403,7.492],[123.452,7.453],[123.458,7.409],[123.431,7.369],[123.342,7.42],[123.286,7.483],[123.28,7.52],[123.244,7.524],[123.213,7.489],[123.184,7.481],[123.141,7.513],[123.122,7.551],[123.128,7.573],[123.177,7.589],[123.187,7.626],[123.14,7.661],[123.118,7.741],[123.05,7.655],[123.054,7.623],[123.033,7.606],[123.04,7.582],[123.012,7.528],[123.007,7.472],[122.951,7.486],[122.917,7.548],[122.882,7.517],[122.876,7.476],[122.822,7.459],[122.807,7.466],[122.81,7.486],[122.786,7.492],[122.797,7.536],[122.828,7.528],[122.794,7.671],[122.815,7.743],[122.804,7.759],[122.739,7.754],[122.704,7.788],[122.619,7.774],[122.511,7.696],[122.444,7.609],[122.434,7.579],[122.486,7.579],[122.468,7.523],[122.444,7.5],[122.451,7.541],[122.44,7.542],[122.348,7.453],[122.379,7.392],[122.373,7.373],[122.345,7.332],[122.3,7.321],[122.28,7.295],[122.243,7.099],[122.202,7.043],[122.154,6.928],[122.119,6.896],[122.038,6.917],[121.937,6.979],[121.899,7.057],[121.898,7.14],[121.933,7.218],[122.051,7.308],[122.033,7.34],[122.047,7.453],[122.078,7.528],[122.146,7.589],[122.114,7.603],[122.112,7.621],[122.123,7.7],[122.097,7.745],[122.105,7.771],[122.252,7.98],[122.438,8.067],[122.478,8.062],[122.638,8.109],[122.679,8.164],[122.692,8.132],[122.735,8.115],[122.945,8.162],[123.014,8.232],[122.964,8.274],[122.958,8.308],[122.996,8.343],[122.992,8.397],[123.042,8.49],[123.067,8.515],[123.195,8.542],[123.242,8.519],[123.318,8.534],[123.372,8.633],[123.411,8.631],[123.436,8.649],[123.392,8.709],[123.397,8.723],[123.425,8.727],[123.488,8.692],[123.513,8.699],[123.522,8.623],[123.568,8.61],[123.581,8.583],[123.617,8.671],[123.633,8.668],[123.629,8.651],[123.723,8.628],[123.739,8.603],[123.759,8.607],[123.845,8.452],[123.883,8.164],[123.768,8.059],[123.685,8.037],[123.676,7.963],[123.969,8.168],[124.036,8.19],[124.198,8.196],[124.232,8.213],[124.275,8.281],[124.262,8.325],[124.322,8.515],[124.406,8.608],[124.47,8.625],[124.48,8.583],[124.526,8.571],[124.583,8.521],[124.657,8.515],[124.636,8.432],[124.663,8.476],[124.712,8.473],[124.753,8.5],[124.75,8.552],[124.774,8.596],[124.746,8.671],[124.788,8.734],[124.782,8.971],[124.809,9.009],[124.915,8.994],[125.034,8.912],[125.106,8.83],[125.187,8.876],[125.195,8.961],[125.178,9.007],[125.209,9.086],[125.269,9.016],[125.312,8.994],[125.441,8.98],[125.527,9.026],[125.541,9.084],[125.539,9.207],[125.466,9.408],[125.399,9.681],[125.407,9.734],[125.459,9.823],[125.507,9.78],[125.589,9.755],[125.61,9.648],[125.644,9.611],[125.693,9.604],[125.685,9.59],[125.754,9.576],[125.781,9.549],[125.849,9.537],[125.901,9.497],[125.934,9.492],[125.952,9.453],[125.973,9.48],[125.967,9.447],[125.92,9.427],[125.911,9.405],[125.956,9.382],[125.994,9.398],[125.997,9.325],[126.058,9.246],[126.089,9.241],[126.143,9.261],[126.2,9.308],[126.22,9.306],[126.179,9.093],[126.217,9.072],[126.24,9.028],[126.313,8.956],[126.332,8.861],[126.345,8.853],[126.3,8.768],[126.234,8.734],[126.261,8.699],[126.255,8.685],[126.198,8.688],[126.138,8.654],[126.111,8.607],[126.158,8.528],[126.229,8.521],[126.24,8.528],[126.22,8.555],[126.37,8.542],[126.405,8.493],[126.398,8.479],[126.412,8.466],[126.37,8.456],[126.367,8.432],[126.384,8.432],[126.388,8.415],[126.38,8.396],[126.333,8.347],[126.388,8.293],[126.339,8.215],[126.362,8.187],[126.459,8.24],[126.454,8.129],[126.466,8.096],[126.443,8.081],[126.431,8.046],[126.453,7.98],[126.396,7.933],[126.383,7.886],[126.406,7.833],[126.455,7.797],[126.487,7.747],[126.583,7.719],[126.569,7.626],[126.609,7.465],[126.566,7.426],[126.563,7.41],[126.59,7.39],[126.569,7.301]]],[[[125.295,9.971],[125.305,9.933],[125.274,9.919],[125.199,10.036],[125.137,10.087],[125.125,10.152],[125.137,10.166],[125.229,10.121],[125.253,10.036],[125.295,9.971]]],[[[124.38,10.691],[124.39,10.641],[124.378,10.628],[124.301,10.59],[124.284,10.604],[124.308,10.648],[124.328,10.704],[124.355,10.711],[124.38,10.691]]],[[[124.466,10.714],[124.521,10.666],[124.509,10.642],[124.462,10.631],[124.409,10.648],[124.408,10.684],[124.436,10.714],[124.466,10.714]]],[[[125.822,10.735],[125.827,10.709],[125.78,10.699],[125.703,10.741],[125.679,10.779],[125.709,10.818],[125.731,10.808],[125.761,10.741],[125.822,10.735]]],[[[119.632,11.07],[119.648,11.015],[119.613,11.008],[119.58,11.046],[119.58,11.098],[119.632,11.07]]],[[[119.613,11.2],[119.628,11.173],[119.583,11.139],[119.567,11.157],[119.573,11.179],[119.613,11.2]]],[[[124.6,11.563],[124.621,11.554],[124.625,11.533],[124.609,11.487],[124.592,11.482],[124.486,11.488],[124.473,11.474],[124.413,11.546],[124.349,11.68],[124.431,11.695],[124.496,11.695],[124.542,11.675],[124.6,11.563]]],[[[124.815,11.632],[124.856,11.605],[124.832,11.536],[124.809,11.577],[124.788,11.57],[124.774,11.605],[124.788,11.598],[124.785,11.614],[124.763,11.641],[124.741,11.651],[124.722,11.693],[124.74,11.722],[124.789,11.685],[124.815,11.632]]],[[[122.297,18.404],[122.325,18.337],[122.307,18.251],[122.263,18.186],[122.17,18.1],[122.183,17.984],[122.136,17.737],[122.156,17.707],[122.163,17.593],[122.197,17.495],[122.24,17.427],[122.251,17.36],[122.287,17.361],[122.314,17.34],[122.365,17.354],[122.403,17.306],[122.398,17.329],[122.415,17.319],[122.444,17.266],[122.409,17.275],[122.423,17.221],[122.417,17.146],[122.451,17.114],[122.501,17.14],[122.529,17.091],[122.473,16.99],[122.465,16.895],[122.423,16.794],[122.3,16.565],[122.239,16.504],[122.232,16.466],[122.204,16.435],[122.218,16.395],[122.232,16.415],[122.192,16.317],[122.197,16.292],[122.232,16.319],[122.204,16.237],[122.177,16.23],[122.077,16.133],[122.059,16.078],[121.998,16.031],[122.033,16.117],[122.081,16.148],[122.102,16.208],[122.133,16.225],[122.135,16.261],[122.108,16.264],[122.077,16.241],[122.067,16.19],[121.955,16.139],[121.868,16.12],[121.83,16.09],[121.752,16.077],[121.642,15.97],[121.578,15.932],[121.555,15.829],[121.575,15.774],[121.632,15.757],[121.642,15.737],[121.594,15.675],[121.629,15.661],[121.574,15.627],[121.562,15.591],[121.496,15.532],[121.473,15.438],[121.426,15.374],[121.39,15.378],[121.379,15.308],[121.414,15.232],[121.481,15.183],[121.508,15.063],[121.615,14.873],[121.594,14.859],[121.725,14.731],[121.726,14.72],[121.649,14.711],[121.614,14.69],[121.608,14.63],[121.662,14.417],[121.735,14.329],[121.732,14.28],[121.759,14.247],[121.732,14.188],[121.78,14.126],[121.936,13.995],[122.088,13.938],[122.232,13.906],[122.222,13.952],[122.183,13.989],[122.293,13.97],[122.296,14.003],[122.314,14.016],[122.209,14.088],[122.163,14.168],[122.183,14.147],[122.196,14.184],[122.244,14.196],[122.252,14.25],[122.264,14.247],[122.259,14.188],[122.273,14.133],[122.284,14.126],[122.293,14.14],[122.299,14.129],[122.3,14.092],[122.346,14.131],[122.331,14.2],[122.355,14.195],[122.348,14.222],[122.377,14.229],[122.366,14.261],[122.416,14.325],[122.431,14.318],[122.483,14.347],[122.519,14.325],[122.505,14.346],[122.528,14.349],[122.601,14.325],[122.605,14.301],[122.622,14.311],[122.644,14.285],[122.65,14.298],[122.691,14.291],[122.674,14.316],[122.68,14.351],[122.704,14.346],[122.722,14.316],[122.753,14.332],[122.803,14.287],[122.873,14.265],[122.903,14.211],[122.931,14.202],[123.012,14.106],[123.042,14.098],[123.033,14.023],[123.082,13.989],[123.088,13.901],[123.056,13.861],[123.05,13.776],[123.108,13.722],[123.225,13.731],[123.267,13.749],[123.302,13.789],[123.315,13.821],[123.28,13.906],[123.326,13.94],[123.335,13.982],[123.313,13.941],[123.29,13.935],[123.235,13.964],[123.218,13.993],[123.254,14.014],[123.239,14.023],[123.259,14.031],[123.252,14.068],[123.314,14.051],[123.301,14.072],[123.335,14.072],[123.332,14.1],[123.362,14.044],[123.345,14.04],[123.346,14.016],[123.39,14.037],[123.376,14.01],[123.396,14.01],[123.417,13.906],[123.445,13.962],[123.478,13.951],[123.493,13.921],[123.539,13.925],[123.681,13.885],[123.712,13.934],[123.804,13.838],[123.938,13.784],[123.969,13.74],[123.966,13.715],[123.938,13.743],[123.925,13.729],[123.859,13.743],[123.797,13.688],[123.743,13.71],[123.667,13.718],[123.648,13.704],[123.588,13.729],[123.57,13.723],[123.527,13.606],[123.539,13.601],[123.536,13.563],[123.561,13.571],[123.605,13.517],[123.667,13.486],[123.725,13.41],[123.743,13.34],[123.795,13.308],[123.822,13.243],[123.825,13.26],[123.836,13.256],[123.856,13.229],[123.768,13.224],[123.75,13.155],[123.77,13.111],[123.746,13.092],[123.746,13.064],[123.798,13.055],[123.883,13.146],[123.992,13.092],[124.082,13.01],[124.116,13.074],[124.185,13.057],[124.186,13.021],[124.153,13.001],[124.116,12.916],[124.143,12.797],[124.129,12.677],[124.088,12.629],[124.095,12.594],[124.082,12.584],[124.095,12.557],[124.042,12.536],[123.983,12.547],[123.933,12.622],[123.914,12.619],[123.879,12.645],[123.843,12.716],[123.842,12.801],[123.794,12.831],[123.839,12.839],[123.863,12.872],[123.907,12.842],[123.94,12.848],[123.959,12.88],[124.002,12.88],[124.029,12.912],[124.025,12.955],[123.959,12.954],[123.893,12.975],[123.839,12.888],[123.784,12.865],[123.763,12.879],[123.725,12.845],[123.712,12.872],[123.733,12.89],[123.69,12.889],[123.698,12.865],[123.677,12.884],[123.698,12.931],[123.668,12.924],[123.649,12.886],[123.632,12.886],[123.503,12.965],[123.441,13.037],[123.385,13.044],[123.301,13.02],[123.279,13.12],[123.305,13.199],[123.301,13.236],[123.247,13.279],[123.191,13.359],[123.197,13.387],[123.169,13.449],[123.065,13.502],[122.972,13.528],[122.859,13.606],[122.815,13.654],[122.863,13.695],[122.789,13.769],[122.753,13.784],[122.771,13.791],[122.753,13.81],[122.691,13.832],[122.653,13.826],[122.643,13.839],[122.653,13.862],[122.584,13.906],[122.537,13.961],[122.516,13.934],[122.459,13.938],[122.416,13.962],[122.413,13.948],[122.51,13.82],[122.512,13.736],[122.491,13.741],[122.486,13.722],[122.498,13.652],[122.55,13.595],[122.636,13.537],[122.632,13.521],[122.567,13.564],[122.654,13.44],[122.673,13.379],[122.691,13.229],[122.588,13.174],[122.505,13.239],[122.519,13.311],[122.501,13.368],[122.369,13.55],[122.319,13.592],[122.259,13.592],[122.259,13.606],[122.194,13.623],[122.118,13.752],[122.06,13.805],[122.054,13.785],[121.989,13.81],[121.937,13.852],[121.827,13.9],[121.786,13.949],[121.725,13.969],[121.69,13.926],[121.485,13.852],[121.433,13.796],[121.436,13.701],[121.464,13.695],[121.43,13.657],[121.375,13.667],[121.279,13.595],[121.159,13.639],[121.08,13.619],[121.039,13.633],[121.053,13.722],[121.04,13.759],[121.004,13.781],[120.981,13.78],[120.903,13.693],[120.887,13.694],[120.881,13.717],[120.926,13.762],[120.929,13.784],[120.909,13.805],[120.912,13.882],[120.877,13.912],[120.705,13.927],[120.701,13.896],[120.723,13.855],[120.662,13.859],[120.653,13.846],[120.67,13.787],[120.663,13.775],[120.65,13.784],[120.628,13.811],[120.618,13.932],[120.601,13.969],[120.635,13.992],[120.617,14.018],[120.619,14.104],[120.58,14.133],[120.597,14.157],[120.573,14.175],[120.601,14.181],[120.587,14.2],[120.627,14.27],[120.713,14.299],[120.878,14.459],[120.926,14.465],[120.97,14.502],[120.984,14.534],[120.943,14.654],[120.902,14.719],[120.847,14.744],[120.841,14.761],[120.642,14.787],[120.621,14.873],[120.621,14.832],[120.594,14.818],[120.606,14.885],[120.586,14.903],[120.573,14.839],[120.553,14.85],[120.545,14.837],[120.536,14.723],[120.582,14.648],[120.575,14.622],[120.598,14.506],[120.565,14.441],[120.491,14.442],[120.467,14.421],[120.382,14.48],[120.367,14.621],[120.326,14.648],[120.297,14.645],[120.253,14.699],[120.242,14.73],[120.273,14.747],[120.244,14.767],[120.292,14.826],[120.268,14.83],[120.26,14.852],[120.209,14.88],[120.176,14.757],[120.128,14.767],[120.08,14.804],[120.1,14.826],[120.08,14.818],[120.057,14.893],[120.053,15.062],[120.018,15.206],[120.002,15.22],[120.005,15.269],[119.888,15.429],[119.909,15.452],[119.902,15.483],[119.941,15.476],[119.964,15.514],[119.904,15.597],[119.92,15.69],[119.867,15.743],[119.894,15.764],[119.895,15.874],[119.854,15.949],[119.828,15.956],[119.771,15.915],[119.756,15.945],[119.758,16.059],[119.778,16.138],[119.756,16.203],[119.782,16.322],[119.813,16.367],[119.87,16.385],[119.916,16.381],[119.926,16.345],[119.902,16.251],[119.97,16.227],[120.015,16.182],[120.05,16.181],[120.088,16.157],[120.106,16.07],[120.139,16.046],[120.209,16.033],[120.292,16.056],[120.307,16.045],[120.299,16.017],[120.334,16.059],[120.363,16.055],[120.361,16.073],[120.326,16.066],[120.329,16.079],[120.402,16.165],[120.397,16.229],[120.354,16.292],[120.354,16.271],[120.336,16.292],[120.299,16.494],[120.307,16.545],[120.276,16.612],[120.307,16.614],[120.303,16.655],[120.326,16.713],[120.32,16.819],[120.427,16.962],[120.436,17.008],[120.402,17.207],[120.408,17.323],[120.444,17.388],[120.402,17.519],[120.341,17.539],[120.334,17.556],[120.353,17.678],[120.412,17.713],[120.416,17.745],[120.391,17.781],[120.428,17.838],[120.428,17.917],[120.477,18.005],[120.47,18.091],[120.579,18.325],[120.585,18.405],[120.561,18.487],[120.591,18.522],[120.611,18.539],[120.691,18.534],[120.771,18.561],[120.779,18.622],[120.813,18.645],[120.851,18.639],[120.892,18.58],[120.927,18.566],[121.018,18.617],[121.073,18.622],[121.107,18.643],[121.171,18.625],[121.266,18.555],[121.592,18.385],[121.65,18.314],[121.635,18.335],[121.645,18.369],[121.853,18.288],[121.917,18.279],[121.987,18.29],[122.04,18.32],[122.079,18.379],[122.119,18.403],[122.153,18.519],[122.235,18.515],[122.252,18.443],[122.297,18.404]]],[[[120.252,5.267],[120.217,5.115],[120.185,5.136],[120.182,5.204],[120.169,5.183],[120.146,5.183],[120.121,5.218],[120.1,5.157],[120.025,5.161],[120.005,5.129],[119.98,5.126],[119.954,5.076],[119.922,5.088],[119.892,5.06],[119.83,5.049],[119.813,5.123],[119.943,5.19],[119.965,5.223],[120.087,5.259],[120.097,5.29],[120.199,5.35],[120.214,5.34],[120.22,5.27],[120.252,5.267]]],[[[120.588,6.381],[120.604,6.33],[120.577,6.252],[120.546,6.238],[120.489,6.26],[120.522,6.277],[120.563,6.362],[120.588,6.381]]],[[[122.297,6.633],[122.335,6.603],[122.235,6.571],[122.189,6.451],[122.058,6.414],[121.962,6.405],[121.95,6.445],[121.88,6.503],[121.875,6.575],[121.814,6.593],[121.807,6.619],[121.822,6.661],[121.94,6.677],[122.023,6.737],[122.067,6.741],[122.153,6.705],[122.169,6.682],[122.225,6.671],[122.297,6.633]]],[[[118.538,7.006],[118.521,7.013],[118.531,6.979],[118.519,6.971],[118.445,6.982],[118.431,7.027],[118.51,7.047],[118.532,7.035],[118.538,7.006]]],[[[117.085,8.058],[117.092,8.012],[117.072,7.993],[117.087,7.872],[117.056,7.836],[117.024,7.822],[117.026,7.798],[116.996,7.808],[116.996,7.839],[116.955,7.926],[116.962,8.062],[116.982,8.027],[116.997,8.027],[117.013,8.062],[117.076,8.07],[117.085,8.058]]],[[[117.031,8.068],[116.996,8.103],[117.045,8.136],[117.058,8.123],[117.068,8.086],[117.031,8.068]]],[[[117.168,8.178],[117.205,8.167],[117.185,8.15],[117.152,8.17],[117.168,8.178]]],[[[117.325,8.323],[117.355,8.303],[117.36,8.219],[117.343,8.197],[117.29,8.184],[117.27,8.268],[117.284,8.323],[117.325,8.323]]],[[[117.243,8.315],[117.261,8.321],[117.264,8.301],[117.19,8.262],[117.189,8.3],[117.243,8.343],[117.243,8.315]]],[[[124.784,9.2],[124.808,9.157],[124.801,9.096],[124.77,9.077],[124.75,9.094],[124.647,9.149],[124.636,9.182],[124.647,9.219],[124.709,9.25],[124.746,9.239],[124.784,9.2]]],[[[123.698,9.165],[123.722,9.149],[123.698,9.124],[123.653,9.123],[123.64,9.099],[123.578,9.107],[123.48,9.172],[123.475,9.197],[123.5,9.22],[123.541,9.213],[123.603,9.255],[123.614,9.289],[123.642,9.294],[123.704,9.233],[123.684,9.2],[123.698,9.165]]],[[[126.166,9.829],[126.178,9.788],[126.12,9.759],[126.042,9.775],[126.049,9.755],[125.994,9.816],[125.994,9.837],[125.966,9.85],[125.993,9.85],[126.014,9.864],[125.98,9.888],[125.983,9.902],[126.045,9.999],[126.045,10.035],[126.071,10.059],[126.127,9.956],[126.138,9.902],[126.111,9.857],[126.166,9.829]]],[[[124.565,9.871],[124.55,9.862],[124.624,9.802],[124.596,9.737],[124.52,9.74],[124.514,9.767],[124.5,9.768],[124.429,9.715],[124.41,9.658],[124.339,9.619],[124.065,9.595],[123.892,9.632],[123.863,9.662],[123.874,9.721],[123.808,9.74],[123.803,9.781],[123.828,9.843],[123.886,9.915],[123.917,9.915],[123.931,9.939],[124.051,9.979],[124.075,10.048],[124.116,10.065],[124.116,10.09],[124.167,10.137],[124.331,10.162],[124.35,10.151],[124.356,10.11],[124.397,10.152],[124.419,10.107],[124.589,10.024],[124.556,9.926],[124.585,9.878],[124.565,9.871]]],[[[125.72,9.912],[125.715,9.881],[125.699,9.874],[125.664,9.889],[125.658,9.939],[125.621,9.955],[125.617,9.994],[125.593,9.993],[125.583,10.01],[125.597,10.056],[125.608,10.044],[125.617,10.059],[125.597,10.09],[125.584,10.078],[125.559,10.084],[125.535,10.061],[125.513,10.073],[125.494,10.144],[125.518,10.169],[125.514,10.207],[125.542,10.2],[125.53,10.242],[125.542,10.254],[125.528,10.269],[125.522,10.317],[125.563,10.331],[125.563,10.378],[125.61,10.371],[125.638,10.46],[125.672,10.433],[125.684,10.364],[125.658,10.262],[125.639,10.261],[125.638,10.248],[125.668,10.215],[125.657,10.176],[125.685,10.172],[125.677,10.128],[125.707,10.069],[125.682,10.022],[125.693,9.974],[125.681,9.958],[125.72,9.912]]],[[[119.95,10.604],[120.011,10.565],[119.991,10.556],[119.984,10.531],[119.95,10.535],[119.943,10.515],[119.909,10.556],[119.915,10.481],[119.885,10.48],[119.877,10.465],[119.806,10.446],[119.789,10.457],[119.778,10.535],[119.754,10.543],[119.85,10.645],[119.95,10.604]]],[[[122.711,10.735],[122.738,10.694],[122.737,10.64],[122.664,10.471],[122.595,10.433],[122.605,10.461],[122.594,10.46],[122.537,10.419],[122.519,10.474],[122.486,10.493],[122.482,10.503],[122.517,10.509],[122.553,10.549],[122.535,10.553],[122.529,10.591],[122.575,10.666],[122.623,10.684],[122.634,10.723],[122.67,10.762],[122.711,10.735]]],[[[123.574,10.831],[123.571,10.779],[123.517,10.681],[123.486,10.549],[123.39,10.437],[123.345,10.348],[123.34,10.261],[123.305,10.179],[123.29,10.094],[123.157,9.868],[123.17,9.696],[123.16,9.647],[123.136,9.645],[123.135,9.618],[123.177,9.59],[123.17,9.563],[123.161,9.584],[123.136,9.553],[123.19,9.527],[123.198,9.487],[123.251,9.444],[123.267,9.398],[123.321,9.343],[123.328,9.303],[123.299,9.215],[123.23,9.108],[123.148,9.062],[123.033,9.035],[122.99,9.049],[122.934,9.121],[122.869,9.323],[122.828,9.359],[122.725,9.371],[122.599,9.433],[122.53,9.538],[122.497,9.562],[122.461,9.655],[122.444,9.673],[122.423,9.658],[122.43,9.714],[122.403,9.699],[122.41,9.809],[122.395,9.843],[122.462,9.966],[122.538,9.987],[122.643,9.967],[122.708,9.986],[122.782,10.053],[122.807,10.069],[122.827,10.058],[122.845,10.067],[122.873,10.1],[122.855,10.228],[122.869,10.351],[122.815,10.515],[122.91,10.598],[122.972,10.721],[122.972,10.806],[122.951,10.827],[122.952,10.848],[122.994,10.907],[123.088,10.926],[123.214,10.996],[123.26,10.995],[123.342,10.946],[123.404,10.953],[123.405,10.92],[123.446,10.942],[123.522,10.92],[123.547,10.856],[123.574,10.831]]],[[[124.047,10.834],[124.021,10.748],[124.055,10.59],[124.034,10.576],[124.04,10.484],[124.01,10.404],[124.019,10.381],[123.993,10.357],[123.98,10.377],[123.973,10.327],[123.89,10.282],[123.869,10.248],[123.794,10.226],[123.719,10.157],[123.696,10.094],[123.653,10.064],[123.629,9.888],[123.602,9.868],[123.48,9.549],[123.359,9.416],[123.328,9.408],[123.321,9.429],[123.314,9.508],[123.365,9.785],[123.409,9.898],[123.411,9.923],[123.383,9.943],[123.387,9.974],[123.398,9.985],[123.411,9.974],[123.423,10.038],[123.508,10.122],[123.533,10.19],[123.581,10.254],[123.605,10.333],[123.723,10.494],[123.719,10.549],[123.778,10.663],[123.849,10.753],[123.935,10.97],[123.918,11.029],[123.945,11.098],[123.973,11.077],[123.959,11.176],[124.018,11.258],[124.046,11.277],[124.075,11.269],[124.041,11.13],[124.0,11.077],[124.017,11.056],[124.055,11.064],[124.053,10.931],[124.069,10.878],[124.047,10.834]]],[[[123.801,11.179],[123.815,11.148],[123.746,11.139],[123.705,11.241],[123.733,11.284],[123.755,11.29],[123.801,11.179]]],[[[119.672,10.553],[119.725,10.519],[119.71,10.495],[119.668,10.481],[119.576,10.381],[119.463,10.378],[119.378,10.344],[119.286,10.261],[119.237,10.179],[119.221,10.084],[119.196,10.056],[119.072,10.008],[118.875,9.972],[118.819,9.939],[118.774,9.934],[118.75,9.888],[118.785,9.788],[118.778,9.734],[118.736,9.743],[118.73,9.78],[118.701,9.776],[118.716,9.693],[118.743,9.697],[118.756,9.668],[118.73,9.665],[118.695,9.578],[118.669,9.57],[118.498,9.314],[118.431,9.273],[118.365,9.193],[118.25,9.158],[118.189,9.156],[118.137,9.131],[118.113,9.049],[118.095,9.046],[118.058,8.952],[118.014,8.888],[117.91,8.83],[117.755,8.69],[117.667,8.665],[117.566,8.661],[117.558,8.596],[117.513,8.507],[117.493,8.5],[117.472,8.514],[117.345,8.471],[117.198,8.335],[117.19,8.378],[117.222,8.438],[117.222,8.5],[117.27,8.589],[117.264,8.61],[117.28,8.605],[117.292,8.641],[117.353,8.699],[117.339,8.699],[117.36,8.731],[117.436,8.773],[117.52,8.9],[117.623,8.992],[117.656,9.058],[117.712,9.082],[117.73,9.064],[117.762,9.078],[117.791,9.135],[117.784,9.151],[117.866,9.204],[117.89,9.251],[117.99,9.267],[118.003,9.233],[118.054,9.291],[118.134,9.343],[118.134,9.385],[118.193,9.422],[118.216,9.478],[118.277,9.52],[118.333,9.586],[118.36,9.658],[118.42,9.681],[118.424,9.698],[118.531,9.774],[118.668,9.974],[118.657,9.996],[118.723,10.036],[118.772,10.131],[118.777,10.083],[118.763,10.069],[118.801,10.049],[118.812,10.059],[118.839,10.1],[118.818,10.137],[118.822,10.195],[118.934,10.21],[118.958,10.235],[118.95,10.282],[119.025,10.31],[119.034,10.349],[118.984,10.344],[118.98,10.368],[119.012,10.405],[119.072,10.392],[119.084,10.423],[119.107,10.426],[119.084,10.453],[119.091,10.473],[119.12,10.488],[119.135,10.388],[119.23,10.485],[119.278,10.508],[119.251,10.556],[119.291,10.558],[119.319,10.59],[119.345,10.724],[119.317,10.773],[119.274,10.772],[119.266,10.827],[119.223,10.851],[119.258,10.891],[119.229,10.916],[119.232,10.951],[119.247,10.95],[119.251,10.926],[119.264,10.94],[119.292,10.933],[119.278,10.913],[119.292,10.885],[119.271,10.885],[119.278,10.875],[119.313,10.878],[119.306,10.857],[119.333,10.823],[119.347,10.831],[119.405,10.762],[119.419,10.77],[119.445,10.727],[119.468,10.733],[119.44,10.796],[119.457,10.831],[119.418,10.861],[119.355,10.878],[119.347,10.899],[119.361,10.933],[119.325,10.933],[119.32,11.001],[119.326,11.023],[119.361,11.001],[119.327,11.064],[119.335,11.103],[119.377,11.056],[119.415,11.056],[119.432,11.122],[119.388,11.187],[119.424,11.213],[119.426,11.314],[119.474,11.358],[119.491,11.421],[119.509,11.413],[119.53,11.331],[119.552,11.337],[119.569,11.262],[119.516,11.117],[119.562,11.059],[119.572,11.015],[119.559,11.001],[119.518,11.012],[119.505,10.885],[119.532,10.82],[119.593,10.837],[119.603,10.824],[119.591,10.672],[119.654,10.675],[119.668,10.652],[119.634,10.652],[119.672,10.553]]],[[[119.867,11.516],[119.87,11.441],[119.833,11.378],[119.821,11.4],[119.833,11.426],[119.795,11.433],[119.771,11.406],[119.716,11.46],[119.729,11.478],[119.771,11.44],[119.785,11.494],[119.813,11.46],[119.824,11.473],[119.833,11.46],[119.844,11.491],[119.826,11.509],[119.867,11.516]]],[[[125.274,10.323],[125.26,10.261],[125.229,10.254],[125.141,10.279],[125.151,10.185],[125.089,10.229],[125.042,10.329],[125.042,10.364],[124.991,10.381],[124.98,10.364],[125.0,10.2],[125.042,10.049],[125.032,10.02],[124.883,10.135],[124.78,10.152],[124.766,10.186],[124.792,10.326],[124.736,10.42],[124.801,10.678],[124.779,10.821],[124.692,10.94],[124.622,11.002],[124.55,10.983],[124.563,10.931],[124.514,10.874],[124.469,10.905],[124.447,10.903],[124.437,10.935],[124.396,10.934],[124.418,11.001],[124.388,11.066],[124.418,11.129],[124.404,11.303],[124.387,11.301],[124.355,11.329],[124.349,11.347],[124.37,11.375],[124.335,11.392],[124.348,11.399],[124.298,11.527],[124.329,11.557],[124.443,11.447],[124.48,11.385],[124.49,11.447],[124.503,11.444],[124.545,11.409],[124.594,11.32],[124.63,11.304],[124.678,11.303],[124.744,11.329],[124.846,11.433],[124.938,11.42],[124.976,11.392],[124.974,11.277],[125.019,11.253],[125.023,11.228],[125.042,11.248],[125.028,11.176],[125.053,10.968],[125.013,10.845],[125.014,10.755],[125.12,10.703],[125.131,10.666],[125.194,10.603],[125.185,10.532],[125.199,10.433],[125.232,10.387],[125.247,10.398],[125.259,10.383],[125.274,10.323]]],[[[123.17,11.481],[123.16,11.38],[123.148,11.352],[123.126,11.345],[123.114,11.267],[123.131,11.183],[123.108,11.152],[123.041,11.163],[123.028,11.11],[122.972,11.07],[122.972,11.049],[122.951,11.036],[122.938,11.064],[122.925,11.029],[122.89,11.036],[122.863,11.015],[122.863,11.029],[122.789,10.976],[122.78,10.957],[122.798,10.875],[122.745,10.796],[122.694,10.803],[122.631,10.774],[122.601,10.741],[122.59,10.699],[122.227,10.642],[122.102,10.569],[122.04,10.467],[121.982,10.43],[121.95,10.433],[121.93,10.467],[121.932,10.509],[121.985,10.625],[121.978,10.71],[121.937,10.776],[121.978,10.905],[122.045,11.017],[122.053,11.234],[122.042,11.3],[122.061,11.339],[122.102,11.694],[122.084,11.725],[122.06,11.734],[121.854,11.769],[121.889,11.819],[121.897,11.894],[121.964,11.934],[122.03,11.896],[122.094,11.835],[122.229,11.8],[122.322,11.742],[122.388,11.727],[122.428,11.669],[122.512,11.598],[122.588,11.563],[122.604,11.517],[122.622,11.509],[122.654,11.526],[122.66,11.569],[122.704,11.543],[122.696,11.561],[122.731,11.592],[122.725,11.612],[122.83,11.605],[122.855,11.591],[122.875,11.548],[122.945,11.522],[122.876,11.466],[122.876,11.447],[122.901,11.438],[123.09,11.53],[123.164,11.598],[123.164,11.538],[123.122,11.509],[123.129,11.494],[123.15,11.494],[123.14,11.479],[123.17,11.481]]],[[[120.025,11.893],[120.083,11.86],[120.05,11.854],[120.039,11.817],[120.08,11.789],[120.053,11.762],[120.067,11.742],[120.014,11.682],[119.967,11.664],[119.956,11.735],[119.984,11.714],[119.977,11.741],[120.005,11.783],[119.977,11.796],[119.972,11.775],[119.929,11.776],[119.902,11.824],[119.922,11.838],[119.875,11.893],[119.854,11.954],[119.892,11.94],[119.893,11.963],[119.92,11.982],[119.959,11.93],[120.031,11.924],[120.003,11.91],[120.025,11.893]]],[[[120.348,12.029],[120.349,12.007],[120.326,11.995],[120.275,12.003],[120.238,11.988],[120.142,12.029],[120.135,11.975],[120.114,11.967],[120.082,12.002],[120.039,11.995],[120.001,12.011],[119.942,12.087],[119.895,12.208],[119.86,12.159],[119.848,12.167],[119.867,12.194],[119.872,12.252],[119.922,12.277],[119.881,12.269],[119.878,12.308],[119.885,12.323],[119.927,12.316],[119.936,12.277],[120.021,12.253],[120.08,12.201],[120.114,12.194],[120.094,12.167],[120.117,12.166],[120.196,12.112],[120.204,12.128],[120.224,12.126],[120.23,12.219],[120.258,12.132],[120.286,12.135],[120.342,12.081],[120.345,12.053],[120.315,12.023],[120.348,12.029]]],[[[122.688,12.403],[122.67,12.318],[122.612,12.277],[122.553,12.318],[122.512,12.378],[122.465,12.389],[122.432,12.41],[122.423,12.463],[122.481,12.493],[122.644,12.479],[122.688,12.403]]],[[[125.713,11.149],[125.78,11.052],[125.761,11.023],[125.72,11.049],[125.706,11.117],[125.652,11.149],[125.6,11.118],[125.564,11.157],[125.538,11.146],[125.528,11.09],[125.47,11.129],[125.425,11.09],[125.417,11.117],[125.397,11.105],[125.317,11.15],[125.276,11.136],[125.247,11.092],[125.219,11.118],[125.199,11.228],[125.172,11.265],[125.133,11.282],[125.001,11.29],[124.992,11.318],[125.007,11.426],[124.938,11.463],[124.911,11.502],[124.887,11.466],[124.856,11.473],[124.828,11.509],[124.9,11.549],[124.89,11.57],[124.949,11.57],[124.978,11.593],[125.0,11.625],[124.997,11.683],[125.034,11.728],[125.055,11.714],[125.044,11.758],[125.004,11.776],[124.928,11.741],[124.892,11.761],[124.834,11.845],[124.794,11.858],[124.808,11.865],[124.794,11.871],[124.808,11.899],[124.828,11.885],[124.824,11.906],[124.795,11.916],[124.761,11.901],[124.762,11.929],[124.74,11.926],[124.729,11.978],[124.68,12.03],[124.54,12.066],[124.493,12.098],[124.391,12.222],[124.277,12.559],[124.305,12.583],[124.363,12.544],[124.407,12.557],[124.532,12.529],[124.679,12.516],[124.868,12.53],[124.896,12.554],[124.877,12.591],[124.928,12.557],[124.973,12.576],[124.98,12.561],[125.062,12.53],[125.109,12.579],[125.166,12.578],[125.272,12.499],[125.35,12.399],[125.313,12.367],[125.308,12.342],[125.329,12.324],[125.315,12.296],[125.356,12.318],[125.35,12.29],[125.391,12.304],[125.384,12.285],[125.432,12.283],[125.5,12.249],[125.538,12.183],[125.538,12.172],[125.479,12.167],[125.507,12.146],[125.459,12.126],[125.457,12.107],[125.5,12.105],[125.494,12.091],[125.525,12.057],[125.446,11.947],[125.459,11.83],[125.494,11.79],[125.484,11.776],[125.457,11.786],[125.45,11.75],[125.482,11.757],[125.5,11.701],[125.499,11.676],[125.466,11.653],[125.479,11.648],[125.466,11.612],[125.49,11.595],[125.498,11.548],[125.531,11.492],[125.521,11.46],[125.549,11.46],[125.559,11.425],[125.638,11.368],[125.635,11.326],[125.566,11.268],[125.555,11.212],[125.599,11.189],[125.631,11.2],[125.616,11.219],[125.629,11.236],[125.694,11.193],[125.713,11.149]]],[[[124.055,11.8],[124.073,11.744],[124.055,11.726],[124.008,11.797],[123.89,11.871],[123.856,11.913],[123.743,11.927],[123.712,11.954],[123.722,11.976],[123.746,11.981],[123.733,12.008],[123.719,11.995],[123.659,12.043],[123.653,12.069],[123.671,12.071],[123.615,12.079],[123.604,12.119],[123.546,12.188],[123.485,12.218],[123.424,12.201],[123.365,12.106],[123.16,11.918],[123.157,11.974],[123.19,12.012],[123.216,12.133],[123.232,12.126],[123.244,12.15],[123.277,12.164],[123.26,12.194],[123.295,12.217],[123.294,12.236],[123.218,12.228],[123.218,12.265],[123.252,12.321],[123.271,12.439],[123.242,12.465],[123.235,12.593],[123.321,12.571],[123.356,12.549],[123.338,12.547],[123.356,12.496],[123.327,12.468],[123.326,12.438],[123.373,12.471],[123.386,12.513],[123.434,12.519],[123.496,12.469],[123.552,12.457],[123.609,12.386],[123.588,12.351],[123.637,12.37],[123.648,12.348],[123.688,12.338],[123.794,12.187],[123.795,12.247],[123.849,12.201],[123.89,12.208],[124.05,11.971],[124.055,11.954],[124.038,11.965],[124.0,12.008],[124.058,11.875],[124.055,11.8]]],[[[122.28,12.605],[122.311,12.537],[122.31,12.501],[122.28,12.475],[122.255,12.511],[122.248,12.559],[122.271,12.613],[122.28,12.619],[122.28,12.605]]],[[[122.115,12.666],[122.146,12.657],[122.156,12.632],[122.129,12.625],[122.136,12.561],[122.099,12.386],[122.036,12.214],[122.06,12.173],[122.047,12.187],[122.023,12.163],[122.019,12.105],[121.991,12.128],[121.992,12.159],[121.965,12.161],[121.964,12.228],[121.987,12.2],[122.002,12.244],[121.921,12.303],[121.924,12.339],[121.947,12.399],[121.978,12.412],[121.993,12.442],[121.996,12.593],[122.105,12.642],[122.115,12.666]]],[[[123.787,12.376],[123.795,12.343],[123.775,12.349],[123.583,12.624],[123.581,12.646],[123.597,12.641],[123.609,12.687],[123.647,12.657],[123.705,12.625],[123.691,12.612],[123.733,12.591],[123.789,12.409],[123.787,12.376]]],[[[123.28,12.865],[123.287,12.815],[123.361,12.737],[123.376,12.694],[123.252,12.833],[123.185,12.858],[123.061,12.988],[122.974,13.019],[122.951,13.044],[122.944,13.1],[122.975,13.122],[122.992,13.154],[123.04,13.128],[123.122,13.02],[123.16,12.938],[123.201,12.906],[123.262,12.898],[123.28,12.865]]],[[[121.526,12.704],[121.546,12.611],[121.481,12.539],[121.438,12.522],[121.444,12.482],[121.426,12.475],[121.412,12.415],[121.444,12.358],[121.384,12.369],[121.396,12.29],[121.355,12.324],[121.273,12.269],[121.245,12.214],[121.194,12.242],[121.114,12.251],[121.093,12.304],[121.101,12.331],[121.116,12.305],[121.143,12.31],[121.122,12.31],[121.094,12.345],[121.087,12.324],[121.071,12.333],[120.981,12.423],[120.916,12.512],[120.929,12.578],[120.912,12.635],[120.855,12.715],[120.798,12.729],[120.765,12.831],[120.777,12.916],[120.741,13.033],[120.642,13.183],[120.56,13.229],[120.515,13.231],[120.526,13.249],[120.5,13.273],[120.468,13.333],[120.452,13.42],[120.408,13.42],[120.356,13.381],[120.317,13.411],[120.307,13.444],[120.322,13.488],[120.38,13.526],[120.565,13.513],[120.69,13.482],[120.706,13.49],[120.755,13.467],[120.915,13.517],[120.928,13.505],[120.95,13.53],[120.977,13.53],[120.98,13.514],[120.957,13.503],[121.027,13.422],[121.109,13.416],[121.125,13.405],[121.122,13.372],[121.141,13.407],[121.197,13.441],[121.218,13.404],[121.334,13.311],[121.376,13.245],[121.431,13.224],[121.444,13.188],[121.436,13.146],[121.527,13.141],[121.553,13.111],[121.483,13.015],[121.486,12.768],[121.526,12.704]]],[[[122.102,13.417],[122.129,13.386],[122.12,13.357],[122.04,13.27],[122.04,13.231],[121.993,13.202],[121.909,13.27],[121.865,13.284],[121.817,13.342],[121.814,13.451],[121.856,13.558],[121.873,13.569],[121.909,13.523],[121.93,13.545],[121.968,13.524],[121.998,13.551],[122.02,13.534],[122.019,13.509],[122.045,13.509],[122.044,13.485],[122.115,13.465],[122.122,13.448],[122.102,13.441],[122.102,13.417]]],[[[120.261,13.712],[120.285,13.691],[120.264,13.674],[120.203,13.736],[120.108,13.777],[120.08,13.842],[120.093,13.865],[120.118,13.861],[120.169,13.825],[120.238,13.805],[120.272,13.753],[120.253,13.724],[120.261,13.712]]],[[[124.418,13.873],[124.39,13.846],[124.418,13.798],[124.39,13.79],[124.39,13.712],[124.409,13.667],[124.355,13.66],[124.335,13.558],[124.293,13.604],[124.252,13.599],[124.223,13.582],[124.188,13.523],[124.086,13.6],[124.047,13.606],[124.026,13.67],[124.087,13.716],[124.122,13.78],[124.121,13.876],[124.136,13.907],[124.116,13.989],[124.136,14.011],[124.125,14.049],[124.137,14.078],[124.15,14.062],[124.194,14.09],[124.216,14.086],[124.266,14.023],[124.277,13.956],[124.308,13.928],[124.308,13.906],[124.33,13.933],[124.418,13.873]]],[[[122.105,14.103],[122.173,14.054],[122.177,14.007],[122.158,14.007],[121.965,14.143],[121.924,14.209],[121.934,14.229],[121.958,14.23],[122.105,14.103]]],[[[122.235,14.798],[122.257,14.767],[122.242,14.736],[122.163,14.798],[122.121,14.807],[122.105,14.838],[122.125,14.842],[122.136,14.852],[122.146,14.834],[122.204,14.839],[122.197,14.804],[122.235,14.798]]],[[[122.005,15.011],[122.058,14.983],[122.053,14.962],[122.032,14.988],[122.005,14.99],[121.993,14.969],[122.005,14.969],[122.013,14.933],[121.968,14.903],[121.978,14.839],[121.997,14.841],[122.009,14.825],[122.024,14.723],[121.985,14.657],[121.94,14.64],[121.917,14.649],[121.91,14.698],[121.916,14.722],[121.935,14.726],[121.934,14.765],[121.919,14.81],[121.884,14.836],[121.877,14.894],[121.848,14.936],[121.818,14.946],[121.826,15.012],[121.844,15.045],[121.894,15.025],[121.928,15.052],[122.005,15.039],[122.005,15.011]]],[[[121.388,18.903],[121.43,18.906],[121.478,18.882],[121.431,18.856],[121.319,18.843],[121.279,18.862],[121.28,18.881],[121.388,18.903]]],[[[121.971,18.985],[121.989,18.949],[121.963,18.939],[121.866,18.822],[121.834,18.834],[121.841,18.868],[121.875,18.901],[121.854,18.923],[121.864,18.935],[121.872,18.971],[121.902,19.005],[121.947,19.012],[121.971,18.985]]],[[[121.211,19.177],[121.23,19.159],[121.252,19.081],[121.259,19.046],[121.245,19.018],[121.19,19.087],[121.211,19.177]]],[[[121.526,19.321],[121.547,19.283],[121.498,19.259],[121.414,19.298],[121.35,19.37],[121.396,19.403],[121.471,19.382],[121.517,19.394],[121.526,19.321]]],[[[121.977,19.577],[121.998,19.56],[121.978,19.499],[121.947,19.497],[121.906,19.53],[121.9,19.559],[121.95,19.56],[121.977,19.577]]],[[[121.842,20.346],[121.859,20.347],[121.893,20.314],[121.862,20.274],[121.851,20.273],[121.842,20.346]]],[[[122.01,20.488],[122.032,20.464],[121.964,20.407],[121.974,20.379],[121.939,20.349],[121.916,20.376],[121.966,20.461],[122.01,20.488]]],[[[121.877,20.77],[121.83,20.699],[121.803,20.691],[121.786,20.703],[121.838,20.82],[121.856,20.838],[121.875,20.828],[121.877,20.77]]],[[[119.483,4.851],[119.504,4.764],[119.457,4.656],[119.457,4.843],[119.435,4.903],[119.469,4.894],[119.483,4.851]]],[[[121.217,5.821],[121.231,5.801],[121.162,5.788],[121.135,5.807],[121.163,5.848],[121.217,5.821]]],[[[121.382,6.006],[121.421,5.987],[121.419,5.948],[121.392,5.94],[121.389,5.91],[121.341,5.903],[121.292,5.859],[121.262,5.872],[121.252,5.916],[121.228,5.942],[121.189,5.94],[121.081,5.888],[121.05,5.916],[121.008,5.924],[120.934,5.886],[120.876,5.943],[120.876,5.979],[120.906,6.015],[121.002,6.058],[121.033,6.095],[121.115,6.095],[121.159,6.075],[121.218,5.999],[121.271,6.026],[121.317,6.006],[121.382,6.006]]],[[[121.629,6.657],[121.623,6.568],[121.59,6.62],[121.583,6.632],[121.617,6.672],[121.629,6.657]]],[[[121.094,10.896],[121.087,10.823],[121.035,10.82],[121.018,10.834],[121.032,10.871],[121.086,10.909],[121.094,10.896]]],[[[120.285,11.93],[120.263,11.916],[120.278,11.824],[120.268,11.816],[120.256,11.836],[120.203,11.948],[120.268,11.968],[120.285,11.93]]],[[[121.406,12.062],[121.417,12.03],[121.402,12.003],[121.372,12.011],[121.362,12.051],[121.359,12.115],[121.406,12.062]]],[[[119.96,8.881],[119.961,8.877],[119.958,8.877],[119.96,8.881]]],[[[119.969,8.881],[119.968,8.884],[119.972,8.882],[119.971,8.881],[119.969,8.881]]],[[[119.965,8.887],[119.966,8.887],[119.966,8.886],[119.965,8.885],[119.964,8.886],[119.963,8.887],[119.965,8.888],[119.965,8.887]]],[[[119.968,8.892],[119.969,8.89],[119.967,8.889],[119.967,8.89],[119.966,8.891],[119.968,8.892]]],[[[121.724,12.914],[121.711,12.9],[121.685,12.92],[121.689,12.947],[121.718,12.947],[121.732,12.929],[121.724,12.914]]],[[[121.089,13.53],[121.043,13.561],[121.067,13.567],[121.091,13.562],[121.089,13.53]]],[[[121.937,21.066],[121.93,21.065],[121.935,21.073],[121.937,21.066]]],[[[121.947,21.116],[121.951,21.122],[121.954,21.118],[121.949,21.107],[121.947,21.116]]],[[[119.831,4.821],[119.858,4.799],[119.834,4.797],[119.812,4.817],[119.831,4.821]]],[[[119.837,4.863],[119.799,4.88],[119.793,4.922],[119.816,4.922],[119.851,4.888],[119.837,4.863]]],[[[119.797,5.058],[119.746,5.044],[119.783,5.111],[119.806,5.118],[119.813,5.07],[119.797,5.058]]],[[[125.419,5.425],[125.419,5.368],[125.352,5.372],[125.334,5.393],[125.358,5.422],[125.419,5.425]]],[[[120.86,5.704],[120.883,5.685],[120.808,5.664],[120.797,5.679],[120.807,5.696],[120.86,5.704]]],[[[120.904,5.759],[120.929,5.733],[120.91,5.7],[120.891,5.71],[120.904,5.759]]],[[[123.841,9.642],[123.868,9.621],[123.805,9.56],[123.75,9.554],[123.738,9.579],[123.727,9.591],[123.841,9.642]]],[[[124.607,10.14],[124.598,10.094],[124.561,10.086],[124.54,10.061],[124.522,10.112],[124.607,10.14]]],[[[121.474,11.867],[121.526,11.847],[121.517,11.838],[121.473,11.827],[121.435,11.839],[121.413,11.84],[121.426,11.861],[121.474,11.867]]],[[[124.206,12.081],[124.229,12.064],[124.164,12.038],[124.146,12.053],[124.153,12.065],[124.206,12.081]]],[[[121.116,12.197],[121.131,12.164],[121.119,12.158],[121.09,12.174],[121.07,12.211],[121.04,12.252],[121.06,12.278],[121.088,12.267],[121.116,12.197]]],[[[124.169,12.398],[124.137,12.438],[124.143,12.469],[124.177,12.433],[124.182,12.407],[124.169,12.398]]],[[[124.149,13.186],[124.069,13.204],[124.124,13.233],[124.179,13.223],[124.21,13.196],[124.197,13.173],[124.149,13.186]]],[[[124.086,13.26],[124.025,13.222],[123.939,13.244],[123.915,13.29],[124.017,13.28],[124.033,13.267],[124.048,13.279],[124.086,13.26]]],[[[123.89,13.274],[123.902,13.238],[123.874,13.23],[123.858,13.25],[123.847,13.331],[123.837,13.345],[123.849,13.354],[123.922,13.33],[123.89,13.274]]],[[[123.802,13.366],[123.772,13.404],[123.827,13.373],[123.846,13.368],[123.823,13.352],[123.802,13.366]]],[[[122.412,14.726],[122.42,14.705],[122.398,14.686],[122.319,14.683],[122.316,14.699],[122.342,14.713],[122.412,14.726]]],[[[120.005,16.269],[120.012,16.242],[119.993,16.23],[119.957,16.262],[119.922,16.304],[119.943,16.329],[119.973,16.351],[119.991,16.344],[120.005,16.269]]],[[[123.992,10.324],[124.009,10.312],[124.044,10.324],[123.976,10.255],[123.933,10.254],[123.934,10.289],[123.992,10.324]]],[[[121.906,24.95],[121.823,24.855],[121.807,24.779],[121.815,24.644],[121.828,24.623],[121.882,24.598],[121.841,24.59],[121.856,24.551],[121.853,24.531],[121.83,24.519],[121.84,24.481],[121.78,24.433],[121.759,24.332],[121.773,24.309],[121.663,24.193],[121.607,24.077],[121.629,24.015],[121.521,23.659],[121.462,23.343],[121.409,23.255],[121.4,23.145],[121.347,23.083],[121.3,22.959],[121.256,22.898],[121.19,22.843],[121.177,22.779],[121.029,22.658],[120.948,22.527],[120.923,22.425],[120.881,22.346],[120.879,22.056],[120.864,22.009],[120.836,21.987],[120.84,21.905],[120.767,21.959],[120.737,21.966],[120.727,21.934],[120.7,21.948],[120.704,21.981],[120.682,22.023],[120.697,22.113],[120.621,22.295],[120.57,22.374],[120.512,22.425],[120.413,22.482],[120.381,22.484],[120.285,22.58],[120.334,22.526],[120.328,22.552],[120.246,22.643],[120.246,22.71],[120.2,22.792],[120.203,22.84],[120.142,22.98],[120.17,23.013],[120.166,23.032],[120.142,23.035],[120.114,23.008],[120.108,23.049],[120.084,23.048],[120.066,23.035],[120.055,23.044],[120.059,23.076],[120.1,23.097],[120.059,23.111],[120.089,23.118],[120.059,23.151],[120.087,23.182],[120.079,23.207],[120.109,23.287],[120.125,23.295],[120.11,23.304],[120.117,23.318],[120.149,23.322],[120.121,23.33],[120.13,23.361],[120.165,23.362],[120.131,23.451],[120.158,23.491],[120.125,23.49],[120.124,23.52],[120.142,23.538],[120.144,23.638],[120.189,23.775],[120.292,23.912],[120.35,24.038],[120.412,24.097],[120.422,24.152],[120.493,24.231],[120.558,24.386],[120.649,24.484],[120.702,24.607],[120.728,24.614],[120.778,24.666],[120.827,24.666],[120.823,24.685],[120.909,24.817],[120.902,24.837],[120.926,24.885],[120.954,24.905],[120.964,24.94],[121.032,25.029],[121.177,25.1],[121.33,25.131],[121.379,25.158],[121.443,25.136],[121.399,25.192],[121.461,25.262],[121.54,25.287],[121.598,25.271],[121.65,25.197],[121.684,25.201],[121.676,25.179],[121.704,25.157],[121.905,25.107],[121.9,25.066],[121.919,25.022],[121.968,25.021],[122.005,25.002],[121.906,24.95]]],[[[121.563,22.045],[121.589,22.024],[121.567,22.008],[121.498,22.048],[121.503,22.067],[121.492,22.082],[121.567,22.082],[121.563,22.045]]],[[[118.394,24.523],[118.423,24.528],[118.45,24.506],[118.467,24.462],[118.449,24.416],[118.404,24.436],[118.373,24.433],[118.318,24.391],[118.28,24.408],[118.293,24.432],[118.282,24.477],[118.317,24.493],[118.355,24.471],[118.381,24.474],[118.394,24.523]]],[[[119.648,23.603],[119.668,23.549],[119.641,23.564],[119.564,23.517],[119.532,23.549],[119.557,23.535],[119.587,23.549],[119.552,23.562],[119.552,23.59],[119.613,23.61],[119.606,23.59],[119.648,23.603]]],[[[119.477,23.603],[119.501,23.65],[119.517,23.638],[119.492,23.571],[119.472,23.569],[119.442,23.562],[119.474,23.58],[119.477,23.603]]],[[[119.573,23.628],[119.545,23.665],[119.566,23.679],[119.591,23.664],[119.591,23.633],[119.573,23.628]]],[[[121.461,22.659],[121.458,22.676],[121.496,22.679],[121.495,22.644],[121.483,22.636],[121.461,22.659]]],[[[120.022,23.452],[120.115,23.548],[120.062,23.471],[120.008,23.433],[120.022,23.452]]],[[[173.038,1.341],[173.011,1.337],[173.06,1.36],[173.164,1.383],[173.163,1.357],[173.079,1.36],[173.038,1.341]]],[[[173.621,0.133],[173.61,0.143],[173.638,0.195],[173.606,0.216],[173.641,0.208],[173.621,0.133]]],[[[173.832,0.449],[173.917,0.399],[173.922,0.38],[173.832,0.436],[173.805,0.434],[173.832,0.449]]],[[[172.987,0.832],[172.989,0.833],[172.99,0.834],[172.99,0.83],[172.99,0.828],[172.99,0.825],[172.986,0.829],[172.983,0.831],[172.987,0.832]]],[[[172.978,0.836],[172.98,0.834],[172.982,0.831],[172.979,0.831],[172.975,0.832],[172.972,0.835],[172.969,0.84],[172.976,0.84],[172.978,0.836]]],[[[173.076,0.966],[173.061,0.914],[172.991,0.834],[173.071,0.95],[173.062,0.975],[173.01,1.004],[173.004,0.99],[172.99,1.024],[173.004,1.024],[173.076,0.966]]],[[[172.983,1.531],[172.963,1.56],[172.949,1.627],[172.963,1.621],[172.983,1.531]]],[[[173.036,1.777],[173.029,1.716],[172.99,1.716],[173.024,1.721],[173.035,1.744],[173.025,1.805],[173.036,1.777]]],[[[172.98,1.882],[173.023,1.821],[172.938,1.923],[172.935,1.943],[172.98,1.882]]],[[[172.75,3.032],[172.788,3.029],[172.829,3.064],[172.887,3.073],[172.886,3.062],[172.844,3.06],[172.77,3.011],[172.75,3.032]]],[[[172.962,3.142],[172.969,3.128],[172.947,3.123],[172.887,3.1],[172.962,3.142]]],[[[173.29,2.034],[173.266,2.044],[173.258,1.997],[173.26,2.043],[173.278,2.059],[173.318,1.971],[173.297,1.962],[173.257,1.975],[173.261,1.993],[173.264,1.978],[173.308,1.973],[173.29,2.034]]],[[[168.101,5.599],[168.121,5.597],[168.128,5.614],[168.125,5.631],[168.128,5.602],[168.101,5.599]]],[[[171.725,6.102],[171.738,6.079],[171.723,6.083],[171.725,6.102]]],[[[171.91,7.099],[171.915,7.125],[171.924,7.104],[171.91,7.099]]],[[[168.685,4.574],[168.735,4.591],[168.768,4.629],[168.758,4.605],[168.717,4.575],[168.685,4.574]]],[[[169.59,5.801],[169.63,5.84],[169.656,5.943],[169.7,5.976],[169.735,6.013],[169.721,5.977],[169.665,5.939],[169.635,5.829],[169.615,5.799],[169.59,5.801]]],[[[172.03,6.054],[171.962,6.052],[171.951,6.067],[172.03,6.054]]],[[[171.757,6.972],[171.689,7.007],[171.614,7.006],[171.587,7.034],[171.611,7.02],[171.689,7.02],[171.757,6.972]]],[[[171.394,7.11],[171.263,7.068],[171.202,7.072],[171.061,7.135],[171.036,7.155],[171.05,7.171],[171.057,7.143],[171.226,7.076],[171.394,7.11]]],[[[168.758,7.308],[168.83,7.308],[168.792,7.293],[168.675,7.321],[168.679,7.335],[168.758,7.308]]],[[[168.577,7.404],[168.555,7.43],[168.563,7.464],[168.577,7.404]]],[[[166.904,11.173],[166.894,11.155],[166.853,11.145],[166.836,11.159],[166.904,11.173]]],[[[169.115,5.638],[169.116,5.649],[169.121,5.647],[169.115,5.638]]],[[[171.792,7.055],[171.801,7.063],[171.794,7.05],[171.764,7.02],[171.792,7.055]]],[[[168.966,7.575],[168.962,7.592],[168.938,7.596],[168.952,7.599],[168.966,7.595],[168.966,7.575]]],[[[167.402,8.318],[167.408,8.307],[167.4,8.311],[167.402,8.318]]],[[[167.732,8.725],[167.731,8.73],[167.73,8.735],[167.733,8.74],[167.74,8.744],[167.742,8.738],[167.74,8.733],[167.732,8.725]]],[[[170.852,8.898],[170.845,8.887],[170.839,8.888],[170.838,8.889],[170.837,8.889],[170.837,8.89],[170.841,8.899],[170.845,8.901],[170.85,8.901],[170.852,8.898]]],[[[170.24,9.45],[170.239,9.467],[170.244,9.466],[170.247,9.458],[170.24,9.45]]],[[[170.875,10.275],[170.875,10.287],[170.879,10.287],[170.879,10.275],[170.875,10.275]]],[[[165.54,11.634],[165.543,11.633],[165.547,11.631],[165.551,11.627],[165.554,11.62],[165.54,11.634]]],[[[165.282,11.696],[165.282,11.708],[165.287,11.711],[165.289,11.706],[165.282,11.696]]],[[[169.011,14.61],[169.014,14.611],[169.007,14.603],[168.997,14.593],[168.987,14.587],[168.998,14.599],[169.011,14.61]]],[[[166.619,19.282],[166.638,19.286],[166.635,19.306],[166.652,19.284],[166.619,19.282]]],[[[103.961,1.391],[104.003,1.374],[103.975,1.334],[103.839,1.266],[103.79,1.268],[103.776,1.288],[103.73,1.303],[103.665,1.304],[103.64,1.322],[103.684,1.41],[103.708,1.429],[103.832,1.447],[103.961,1.391]]],[[[163.026,5.341],[163.047,5.324],[163.019,5.273],[162.946,5.28],[162.916,5.287],[162.912,5.304],[162.971,5.362],[163.011,5.38],[163.026,5.369],[163.026,5.341]]],[[[158.291,6.938],[158.305,6.924],[158.325,6.931],[158.338,6.879],[158.304,6.866],[158.318,6.825],[158.305,6.799],[158.194,6.793],[158.16,6.828],[158.163,6.866],[158.16,6.89],[158.133,6.892],[158.126,6.907],[158.132,6.941],[158.178,6.956],[158.181,6.979],[158.277,6.965],[158.303,6.943],[158.291,6.938]]],[[[151.589,7.384],[151.636,7.387],[151.651,7.354],[151.634,7.328],[151.623,7.343],[151.583,7.34],[151.571,7.346],[151.623,7.366],[151.589,7.384]]],[[[151.877,7.459],[151.918,7.459],[151.872,7.427],[151.856,7.425],[151.857,7.447],[151.863,7.466],[151.877,7.459]]],[[[138.192,9.576],[138.184,9.544],[138.219,9.549],[138.189,9.507],[138.144,9.521],[138.068,9.412],[138.073,9.47],[138.113,9.521],[138.126,9.566],[138.141,9.574],[138.15,9.541],[138.164,9.576],[138.194,9.589],[138.192,9.576]]],[[[154.808,0.928],[154.818,0.922],[154.802,0.918],[154.808,0.928]]],[[[154.715,0.966],[154.722,0.969],[154.733,0.967],[154.727,0.961],[154.715,0.961],[154.715,0.966]]],[[[154.793,0.972],[154.797,0.966],[154.792,0.963],[154.784,0.964],[154.778,0.969],[154.778,0.974],[154.784,0.975],[154.793,0.972]]],[[[154.879,3.752],[154.877,3.768],[154.892,3.779],[154.894,3.763],[154.879,3.752]]],[[[154.789,3.792],[154.792,3.777],[154.774,3.766],[154.771,3.781],[154.789,3.792]]],[[[153.668,5.286],[153.672,5.298],[153.685,5.31],[153.701,5.317],[153.711,5.315],[153.708,5.305],[153.694,5.296],[153.678,5.289],[153.668,5.286]]],[[[157.162,5.774],[157.161,5.776],[157.159,5.778],[157.158,5.779],[157.161,5.78],[157.164,5.779],[157.164,5.777],[157.162,5.776],[157.162,5.774]]],[[[149.316,6.697],[149.316,6.704],[149.317,6.71],[149.319,6.715],[149.323,6.719],[149.326,6.713],[149.325,6.707],[149.321,6.702],[149.316,6.697]]],[[[157.936,6.717],[157.939,6.727],[157.942,6.731],[157.949,6.732],[157.948,6.726],[157.946,6.723],[157.936,6.717]]],[[[151.857,7.317],[151.855,7.37],[151.866,7.351],[151.857,7.317]]],[[[149.186,7.372],[149.181,7.381],[149.187,7.382],[149.188,7.38],[149.187,7.376],[149.186,7.372]]],[[[150.407,8.576],[150.405,8.586],[150.409,8.585],[150.41,8.582],[150.408,8.579],[150.407,8.576]]],[[[149.669,8.575],[149.668,8.604],[149.687,8.616],[149.669,8.575]]],[[[150.118,8.976],[150.124,8.986],[150.127,8.987],[150.133,8.986],[150.131,8.981],[150.127,8.979],[150.123,8.978],[150.118,8.976]]],[[[140.514,9.768],[140.522,9.775],[140.531,9.776],[140.533,9.772],[140.525,9.764],[140.515,9.761],[140.514,9.768]]],[[[134.271,7.075],[134.284,7.063],[134.276,7.017],[134.23,6.989],[134.271,7.075]]],[[[134.464,7.294],[134.449,7.29],[134.458,7.257],[134.426,7.253],[134.378,7.219],[134.349,7.238],[134.348,7.268],[134.389,7.239],[134.444,7.287],[134.441,7.317],[134.464,7.294]]],[[[134.471,7.362],[134.512,7.347],[134.527,7.332],[134.512,7.309],[134.491,7.343],[134.449,7.328],[134.45,7.355],[134.471,7.362]]],[[[134.648,7.719],[134.658,7.591],[134.626,7.531],[134.636,7.503],[134.6,7.443],[134.596,7.37],[134.559,7.376],[134.528,7.358],[134.484,7.459],[134.501,7.488],[134.534,7.486],[134.536,7.508],[134.512,7.528],[134.546,7.561],[134.557,7.601],[134.635,7.629],[134.621,7.73],[134.648,7.719]]],[[[131.142,3.047],[131.184,3.06],[131.18,3.033],[131.138,3.019],[131.142,3.047]]],[[[132.22,5.292],[132.214,5.307],[132.22,5.31],[132.227,5.304],[132.22,5.292]]],[[[134.16,6.884],[134.137,6.919],[134.14,6.934],[134.16,6.935],[134.178,6.909],[134.16,6.884]]],[[[131.792,2.978],[131.813,2.96],[131.779,2.953],[131.792,2.978]]],[[[134.71,8.097],[134.727,8.083],[134.701,8.05],[134.693,8.076],[134.71,8.097]]],[[[144.886,13.64],[144.897,13.618],[144.952,13.599],[144.952,13.587],[144.907,13.517],[144.783,13.42],[144.76,13.286],[144.736,13.249],[144.681,13.247],[144.626,13.345],[144.647,13.396],[144.629,13.439],[144.654,13.439],[144.783,13.517],[144.839,13.633],[144.867,13.653],[144.886,13.64]]],[[[145.206,14.181],[145.28,14.203],[145.291,14.181],[145.229,14.12],[145.21,14.111],[145.119,14.13],[145.206,14.181]]],[[[145.647,15.072],[145.661,14.957],[145.626,14.915],[145.606,14.928],[145.578,15.017],[145.611,15.067],[145.633,15.082],[145.647,15.072]]],[[[145.788,15.267],[145.824,15.262],[145.793,15.232],[145.78,15.159],[145.745,15.15],[145.753,15.096],[145.739,15.096],[145.686,15.102],[145.698,15.203],[145.736,15.243],[145.788,15.267]]],[[[145.709,16.367],[145.718,16.353],[145.697,16.342],[145.634,16.353],[145.638,16.38],[145.709,16.367]]],[[[145.771,18.175],[145.835,18.158],[145.836,18.128],[145.802,18.104],[145.758,18.061],[145.719,18.054],[145.713,18.077],[145.74,18.091],[145.771,18.175]]],[[[145.662,18.724],[145.636,18.747],[145.633,18.787],[145.65,18.809],[145.688,18.807],[145.708,18.78],[145.705,18.737],[145.662,18.724]]],[[[145.789,16.675],[145.769,16.695],[145.786,16.7],[145.805,16.693],[145.789,16.675]]],[[[145.855,17.286],[145.836,17.305],[145.851,17.309],[145.868,17.302],[145.855,17.286]]],[[[145.854,17.567],[145.827,17.593],[145.851,17.607],[145.869,17.587],[145.854,17.567]]],[[[145.406,19.653],[145.382,19.673],[145.397,19.689],[145.415,19.674],[145.406,19.653]]],[[[145.251,20.01],[145.227,20.03],[145.239,20.05],[145.246,20.03],[145.273,20.032],[145.251,20.01]]],[[[144.916,20.517],[144.902,20.54],[144.92,20.555],[144.932,20.538],[144.916,20.517]]],[[[115.367,10.237],[115.366,10.239],[115.368,10.239],[115.367,10.237]]],[[[114.373,9.688],[114.375,9.69],[114.379,9.693],[114.381,9.692],[114.382,9.69],[114.381,9.686],[114.376,9.68],[114.373,9.68],[114.371,9.681],[114.371,9.684],[114.373,9.688]]],[[[114.03,10.012],[114.028,10.015],[114.029,10.017],[114.038,10.021],[114.04,10.019],[114.034,10.012],[114.03,10.012]]],[[[114.365,10.175],[114.36,10.176],[114.359,10.179],[114.359,10.183],[114.363,10.187],[114.366,10.187],[114.37,10.184],[114.371,10.18],[114.365,10.175]]],[[[114.464,10.367],[114.462,10.372],[114.465,10.378],[114.467,10.378],[114.47,10.377],[114.471,10.372],[114.468,10.368],[114.464,10.367]]],[[[114.364,10.368],[114.359,10.373],[114.358,10.377],[114.36,10.379],[114.366,10.374],[114.368,10.371],[114.367,10.368],[114.364,10.368]]],[[[114.455,10.388],[114.45,10.39],[114.45,10.394],[114.452,10.397],[114.455,10.397],[114.458,10.396],[114.46,10.393],[114.455,10.388]]],[[[115.831,10.735],[115.818,10.721],[115.815,10.734],[115.831,10.735]]],[[[115.84,10.823],[115.83,10.832],[115.845,10.831],[115.84,10.823]]],[[[114.279,11.04],[114.272,11.044],[114.272,11.046],[114.279,11.05],[114.283,11.051],[114.287,11.047],[114.283,11.041],[114.279,11.04]]],[[[115.018,11.107],[115.014,11.108],[115.009,11.113],[115.01,11.116],[115.012,11.115],[115.021,11.118],[115.022,11.115],[115.02,11.109],[115.018,11.107]]],[[[114.361,9.767],[114.36,9.77],[114.363,9.769],[114.361,9.767]]],[[[113.559,22.163],[113.574,22.161],[113.56,22.142],[113.587,22.127],[113.571,22.12],[113.563,22.107],[113.541,22.113],[113.534,22.161],[113.559,22.163]]],[[[113.536,22.217],[113.557,22.202],[113.543,22.184],[113.525,22.174],[113.52,22.184],[113.536,22.217]]],[[[117.754,15.154],[117.756,15.152],[117.754,15.15],[117.752,15.152],[117.754,15.154]]]]}}]}