Nom (EN),Nom (FR),Nom (日本語),Catégorie,Coordonnées GPS,Lien TikTok,Description (EN),Description (FR),Description (日本語),Photo,Autre lien,Afficher ?,À vérifier,Robot
Udo Inari Shrine,Sanctuaire Udo Inari,鵜戸稲荷神社,Shrines,"31.649269, 131.465885",https://www.tiktok.com/@random_japan_place/video/7641332794487999766,"Located in Nichinan, Miyazaki Prefecture, Udo Inari Shrine is a picturesque Shinto sanctuary nestled along the scenic coast. Perched near the cliffs overlooking the Pacific Ocean, it is celebrated for its striking vermilion structures, iconic torii gates, and peaceful spiritual atmosphere.","Situé à Nichinan, dans la préfecture de Miyazaki, le sanctuaire Udo Inari est un pittoresque sanctuaire shinto niché le long d'une côte spectaculaire. Perché près des falaises qui dominent l'océan Pacifique, il est célèbre pour ses bâtiments vermillon, ses torii emblématiques et son atmosphère spirituelle apaisante.",宮崎県日南市にある鵜戸稲荷神社は、美しい海岸沿いにたたずむ趣ある神社です。太平洋を望む断崖の近くに建ち、鮮やかな朱色の社殿や印象的な鳥居、そして穏やかで神聖な雰囲気で知られています。,photos/7641332794487999766.jpg,,Oui,,
Nachi Waterfall,Cascade de Nachi,那智の滝,Waterfalls,"33.675381, 135.887502",https://www.tiktok.com/@random_japan_place/video/7642061435471727894,"Located in Nachikatsuura, Wakayama Prefecture, Nachi Waterfall is one of Japan's tallest single-drop waterfalls, plunging 133 meters in a breathtaking natural setting. Revered as a sacred site in Shinto tradition, it forms a dramatic and iconic backdrop alongside the nearby Seiganto-ji pagoda and Kumano Nachi Taisha shrine.","Située à Nachikatsuura, dans la préfecture de Wakayama, la cascade de Nachi est l'une des plus hautes chutes d'un seul tenant du Japon : elle plonge de 133 mètres dans un décor naturel à couper le souffle. Vénérée comme un lieu sacré du shinto, elle forme un arrière-plan spectaculaire avec la pagode voisine du Seiganto-ji et le sanctuaire Kumano Nachi Taisha.",和歌山県那智勝浦町にある那智の滝は、落差133メートルを誇る日本有数の一段の滝で、息をのむような自然の中に流れ落ちます。神道の聖地として崇められ、近くの青岸渡寺の三重塔や熊野那智大社とともに、日本を代表する壮大な景観をつくり出しています。,photos/7642061435471727894.jpg,,Oui,,
Inari Shrine,Sanctuaire Inari,稲荷神社（日置市）,Shrines,"31.676791, 130.331413",https://www.tiktok.com/@random_japan_place/video/7642780618891365634,"Located in Hioki, Kagoshima Prefecture, this serene Inari Shrine is a traditional Shinto sanctuary dedicated to the deity of agriculture and prosperity. Nestled in a quiet area near Yunomoto Onsen, it offers visitors a peaceful atmosphere surrounded by nature and rich local history.","Situé à Hioki, dans la préfecture de Kagoshima, ce paisible sanctuaire Inari est un lieu de culte shinto traditionnel dédié à la divinité de l'agriculture et de la prospérité. Niché dans un coin tranquille près de la source chaude de Yunomoto, il offre une atmosphère sereine, entourée de nature et riche d'histoire locale.",鹿児島県日置市にあるこの静かな稲荷神社は、農業と繁栄の神を祀る伝統的な神社です。湯之元温泉近くの落ち着いた場所にあり、自然と地域の歴史に包まれた穏やかな雰囲気を味わえます。,photos/7642780618891365634.jpg,,Oui,,
Ryuo Shrine,Sanctuaire Ryuo,龍王神社,Shrines,"32.505417, 130.6143",https://www.tiktok.com/@random_japan_place/video/7643194126967541014,"Located in Yatsushiro, Kumamoto Prefecture, Ryuo Shrine is a tranquil Shinto sanctuary dedicated to dragon deities associated with water and protection. Surrounded by lush greenery, this historic local landmark offers a peaceful atmosphere steeped in spiritual tradition.","Situé à Yatsushiro, dans la préfecture de Kumamoto, le sanctuaire Ryuo est un paisible sanctuaire shinto dédié aux divinités dragons associées à l'eau et à la protection. Entouré d'une végétation luxuriante, ce lieu historique offre une atmosphère sereine, imprégnée de tradition spirituelle.",熊本県八代市にある龍王神社は、水と守護にまつわる龍神を祀る静かな神社です。豊かな緑に囲まれたこの歴史ある地域の名所では、信仰の伝統が息づく穏やかな空気を感じられます。,photos/7643194126967541014.jpg,,Oui,,
Zuiryu-ji,Zuiryu-ji,瑞龍寺,Temples,"36.735497, 137.012484",https://www.tiktok.com/@random_japan_place/video/7645040528764980502,"Located in Takaoka, Toyama Prefecture, Zuiryu-ji is a magnificent Soto Zen Buddhist temple designated as a National Treasure of Japan. Built in the 17th century by the Maeda clan, it is famed for its impressive wooden architecture, symmetrical layout, and serene gardens.","Situé à Takaoka, dans la préfecture de Toyama, le Zuiryu-ji est un magnifique temple bouddhiste zen Soto classé Trésor national du Japon. Construit au XVIIe siècle par le clan Maeda, il est réputé pour son impressionnante architecture en bois, son plan parfaitement symétrique et ses jardins sereins.",富山県高岡市にある瑞龍寺は、国宝に指定された壮麗な曹洞宗の寺院です。17世紀に前田家によって建立され、見事な木造建築、左右対称の伽藍配置、そして静かな庭園で知られています。,photos/7645040528764980502.jpg,,Oui,,
Oyama Shrine Peak Sanctuary,Sanctuaire sommital Oyama,雄山神社 峰本社,Shrines,"36.573283, 137.617769",https://www.tiktok.com/@random_japan_place/video/7645689658223136023,"Located atop Mount Tateyama in Toyama Prefecture, Oyama Shrine Peak Sanctuary is a sacred Shinto shrine perched at an elevation of over 3,000 meters. Accessible via a mountain hike, this high-altitude sanctuary offers panoramic alpine views and a deeply spiritual atmosphere in one of Japan's most revered holy mountains.","Situé au sommet du mont Tateyama, dans la préfecture de Toyama, le sanctuaire sommital Oyama est un sanctuaire shinto sacré perché à plus de 3 000 mètres d'altitude. Accessible par une randonnée en montagne, il offre des vues panoramiques sur les Alpes japonaises et une atmosphère profondément spirituelle, sur l'une des montagnes les plus vénérées du Japon.","富山県の立山山頂に鎮座する雄山神社峰本社は、標高3,000メートルを超える場所にある神聖な神社です。登山でのみ訪れることができ、日本屈指の霊山で、アルプスの大パノラマと深く神秘的な雰囲気を味わえます。",photos/7645689658223136023.jpg,,Oui,,
Amanoiwato-jinja,Sanctuaire Amanoiwato,天岩戸神社,Shrines,"32.734486, 131.350712",https://www.tiktok.com/@random_japan_place/video/7646127478481702166,"Located in Takachiho, Miyazaki Prefecture, Amanoiwato Shrine is a revered Shinto sanctuary dedicated to the sun goddess Amaterasu and tied to Japanese mythology. Built near the sacred cave where she is said to have hidden, it features scenic trails leading to the stone-stacked Amano Yasukawara cavern.","Situé à Takachiho, dans la préfecture de Miyazaki, le sanctuaire Amanoiwato est un sanctuaire shinto vénéré, dédié à la déesse du soleil Amaterasu et lié à la mythologie japonaise. Construit près de la grotte sacrée où elle se serait cachée, il propose de beaux sentiers menant à la caverne d'Amano Yasukawara, remplie de petits empilements de pierres.",宮崎県高千穂町にある天岩戸神社は、太陽の女神・天照大御神を祀り、日本神話と深く結びついた神社です。女神が隠れたと伝わる神聖な洞窟の近くに建ち、無数の石積みが並ぶ天安河原へと続く美しい遊歩道があります。,photos/7646127478481702166.jpg,,Oui,,
Itsukushima-jinja,Sanctuaire d'Itsukushima,厳島神社,Shrines,"34.29599, 132.319828",https://www.tiktok.com/@random_japan_place/video/7647214222648151318,"Located on Miyajima Island in Hiroshima Prefecture, Itsukushima Shrine is a UNESCO World Heritage Site famous for its iconic ""floating"" Torii gate and boardwalk piers built over the water. Dedicated to the three daughters of Susanoo-no-Mikoto, this 6th-century Shinto sanctuary is celebrated as one of Japan's most picturesque coastal landmarks.","Situé sur l'île de Miyajima, dans la préfecture d'Hiroshima, le sanctuaire d'Itsukushima est inscrit au patrimoine mondial de l'UNESCO. Il est célèbre pour son torii « flottant » et ses pontons construits au-dessus de l'eau. Dédié aux trois filles de Susanoo-no-Mikoto, ce sanctuaire shinto du VIe siècle est considéré comme l'un des sites côtiers les plus pittoresques du Japon.",広島県の宮島にある厳島神社は、ユネスコ世界遺産に登録され、海に浮かぶ大鳥居と海上に張り出した回廊で有名です。スサノオノミコトの三柱の娘神を祀る6世紀創建の神社で、日本で最も美しい海辺の名所のひとつとされています。,photos/7647214222648151318.jpg,,Oui,,
Atsuta-jingū,Sanctuaire Atsuta-jingū,熱田神宮,Shrines,"35.127358, 136.908695",https://www.tiktok.com/@random_japan_place/video/7647602172921744662,"Located in Nagoya, Aichi Prefecture, Atsuta Jingu is one of Japan's most important Shinto shrines, dating back over 1,900 years. Nestled in a peaceful wooded park, it is renowned for housing Kusanagi no Tsurugi, the sacred sword that forms part of the Imperial Regalia of Japan.","Situé à Nagoya, dans la préfecture d'Aichi, l'Atsuta-jingū est l'un des sanctuaires shinto les plus importants du Japon, fondé il y a plus de 1 900 ans. Niché dans un parc boisé paisible, il est célèbre pour abriter Kusanagi no Tsurugi, l'épée sacrée qui fait partie des trois trésors impériaux du Japon.",愛知県名古屋市にある熱田神宮は、1900年以上の歴史をもつ日本屈指の重要な神社です。静かな森に包まれ、三種の神器のひとつである草薙神剣を祀ることで知られています。,photos/7647602172921744662.jpg,,Oui,,
Kibitsu-jinja,Sanctuaire Kibitsu,吉備津神社,Shrines,"34.670729, 133.850597",https://www.tiktok.com/@random_japan_place/video/7648378949180853526,"Located in Okayama, Okayama Prefecture, Kibitsu Shrine is a historic Shinto complex famous for its impressive 360-meter-long covered wooden corridor and unique kibitsu-zukuri roof architecture. Closely linked to the folk legend of Momotaro, the shrine's main hall is designated as a National Treasure of Japan.","Situé à Okayama, dans la préfecture d'Okayama, le sanctuaire Kibitsu est un ensemble shinto historique célèbre pour son impressionnant couloir couvert en bois de 360 mètres et son architecture de toit unique, le style kibitsu-zukuri. Étroitement lié à la légende de Momotaro, son bâtiment principal est classé Trésor national du Japon.",岡山県岡山市にある吉備津神社は、全長360メートルの見事な回廊と、独特な吉備津造の屋根で知られる歴史ある神社です。桃太郎伝説とゆかりが深く、本殿は国宝に指定されています。,photos/7648378949180853526.jpg,,Oui,,
Iwakiyama-jinja,Sanctuaire Iwakiyama,岩木山神社,Shrines,"40.622086, 140.340397",https://www.tiktok.com/@random_japan_place/video/7649822942498639107,"Located at the foot of Mount Iwaki in Hirosaki, Aomori Prefecture, Iwakiyama Shrine is an ancient Shinto sanctuary often called the ""Nikko of the Tsugaru region"" for its ornate, lacquer-painted wooden architecture. Surrounded by lush cedar forests, its grand approach features impressive traditional gates framing sweeping views of the sacred mountain peak.","Situé au pied du mont Iwaki, à Hirosaki, dans la préfecture d'Aomori, le sanctuaire Iwakiyama est un ancien sanctuaire shinto souvent surnommé le « Nikko de la région de Tsugaru » pour ses bâtiments en bois laqués et richement décorés. Entouré de forêts de cèdres, son allée principale est bordée de portails traditionnels qui encadrent de superbes vues sur le sommet sacré.",青森県弘前市、岩木山の麓にある岩木山神社は、漆塗りの華やかな社殿から「津軽の日光」とも呼ばれる古社です。杉の森に囲まれた参道には伝統的な門が並び、その先に神聖な山頂を望むことができます。,photos/7649822942498639107.jpg,,Oui,,
Takayama Inari Shrine,Sanctuaire Takayama Inari,高山稲荷神社,Shrines,"40.937336, 140.312982",https://www.tiktok.com/@random_japan_place/video/7650226008833953046,"Located in Tsugaru, Aomori Prefecture, Takayama Inari Shrine is famous for its striking garden featuring hundreds of vibrant red torii gates winding through landscaped ponds. Dedicated to the deities of agriculture and maritime safety, it offers scenic views and a tranquil atmosphere surrounded by fox statues (kitsune).","Situé à Tsugaru, dans la préfecture d'Aomori, le sanctuaire Takayama Inari est célèbre pour son jardin spectaculaire où des centaines de torii rouges serpentent entre des étangs aménagés. Dédié aux divinités de l'agriculture et de la sécurité en mer, il offre de beaux panoramas et une atmosphère paisible, entouré de statues de renards (kitsune).",青森県つがる市にある高山稲荷神社は、池のある庭園を縫うように続く数百基の赤い鳥居で有名です。五穀豊穣と海上安全の神を祀り、狐（キツネ）の像に囲まれた穏やかな雰囲気と美しい景色を楽しめます。,photos/7650226008833953046.jpg,,Oui,,
Osorezan Bodaiji Temple,Temple Osorezan Bodaiji,恐山菩提寺,Temples,"41.328243, 141.089817",https://www.tiktok.com/@random_japan_place/video/7650959777861848342,"Located on the volcanic slopes of Mount Osore in Mutsu, Aomori Prefecture, Osorezan Bodaiji Temple is a famous Buddhist temple situated beside Lake Usori, revered as one of Japan's most sacred sites for honoring departed souls. Surrounded by sulfuric steams, rock mounds, and thermal hot springs, it offers a dramatic and otherworldly atmosphere deeply rooted in local spiritual lore.","Situé sur les pentes volcaniques du mont Osore, à Mutsu, dans la préfecture d'Aomori, le temple Osorezan Bodaiji est un célèbre temple bouddhiste au bord du lac Usori, vénéré comme l'un des lieux les plus sacrés du Japon pour honorer les âmes des défunts. Entouré de vapeurs soufrées, de tas de pierres et de sources chaudes, il offre une atmosphère spectaculaire et presque surnaturelle, profondément ancrée dans les croyances locales.",青森県むつ市、恐山の火山地帯にある恐山菩提寺は、宇曽利湖のほとりに建つ有名な仏教寺院で、亡き人の魂を供養する日本有数の霊場として崇められています。硫黄の噴気や積み石、温泉に囲まれ、地元の信仰に深く根ざした、この世のものとは思えない光景が広がります。,photos/7650959777861848342.jpg,,Oui,,
Sanjūsangen-dō,Sanjūsangen-dō,三十三間堂,Temples,"34.987884, 135.771713",https://www.tiktok.com/@random_japan_place/video/7651370390991719702,"Located in Higashiyama Ward, Kyoto, Sanjūsangen-dō is a renowned 12th-century Buddhist temple famous for its 120-meter-long main hall—Japan's longest wooden structure. It houses an astounding collection of 1,001 life-sized statues of Kannon, the goddess of mercy, sculpted from Japanese cypress and gilded in gold leaf.","Situé dans l'arrondissement de Higashiyama, à Kyoto, le Sanjūsangen-dō est un célèbre temple bouddhiste du XIIe siècle connu pour son bâtiment principal de 120 mètres de long, la plus longue structure en bois du Japon. Il abrite une incroyable collection de 1 001 statues grandeur nature de Kannon, la déesse de la miséricorde, sculptées dans du cyprès japonais et recouvertes de feuilles d'or.",京都市東山区にある三十三間堂は、全長120メートルの本堂で知られる12世紀の名刹で、日本最長の木造建築です。ヒノキで彫られ金箔を施された等身大の千手観音像1001体が並ぶ光景は圧巻です。,photos/7651370390991719702.jpg,,Oui,,
Kabushima Shrine,Sanctuaire Kabushima,蕪嶋神社,Shrines,"40.538543, 141.557571",https://www.tiktok.com/@random_japan_place/video/7653898471144951062,"Located atop a coastal island in Hachinohe, Aomori Prefecture, Kabushima Shrine is dedicated to Benzaiten and famous as a breeding sanctuary for thousands of black-tailed gulls (umineko). Perched overlooking the Pacific Ocean, it offers dramatic coastal views and a unique spiritual setting where the birds are revered as sacred messengers.","Situé sur une île côtière à Hachinohe, dans la préfecture d'Aomori, le sanctuaire Kabushima est dédié à Benzaiten et célèbre comme lieu de nidification de milliers de goélands à queue noire (umineko). Perché face à l'océan Pacifique, il offre des vues côtières spectaculaires et un cadre spirituel unique, où les oiseaux sont vénérés comme des messagers sacrés.",青森県八戸市の海辺の小島に建つ蕪嶋神社は、弁財天を祀り、数千羽のウミネコの繁殖地として有名です。太平洋を見渡す場所にあり、ウミネコが神の使いとして大切にされる、ほかにはない神聖な景観が広がります。,photos/7653898471144951062.jpg,,Oui,,
Kashima-jingū,Sanctuaire Kashima-jingū,鹿島神宮,Shrines,"35.968807, 140.631517",https://www.tiktok.com/@random_japan_place/video/7657278188447452438,"Located in Kashima, Ibaraki Prefecture, Kashima-jingū is an ancient and prominent Shinto sanctuary dedicated to Takemikazuchi-no-Mikoto, the deity of martial arts and swordsmanship. Set within expansive, serene woods, the complex features a striking red-lacquered Romon gate, sacred deer roaming the grounds, and the legendary Kaname-ishi keystone believed to subdue earthquakes.","Situé à Kashima, dans la préfecture d'Ibaraki, le Kashima-jingū est un ancien et important sanctuaire shinto dédié à Takemikazuchi-no-Mikoto, la divinité des arts martiaux et du sabre. Au cœur d'une vaste forêt paisible, il comprend une impressionnante porte Romon laquée de rouge, des cerfs sacrés en liberté et la légendaire pierre Kaname-ishi, censée maîtriser les tremblements de terre.",茨城県鹿嶋市にある鹿島神宮は、武道と剣の神・武甕槌大神を祀る由緒ある古社です。広大で静かな森の中に、朱塗りの楼門や境内を歩く神鹿、そして地震を鎮めると伝わる要石があります。,photos/7657278188447452438.jpg,,Oui,,
Izanagi Shrine,Sanctuaire Izanagi,伊弉諾神宮,Shrines,"34.460049, 134.852495",https://www.tiktok.com/@random_japan_place/video/7657614460571421954,"Located on Awaji Island in Hyogo Prefecture, Izanagi Shrine is considered one of Japan's oldest Shinto sanctuaries, dedicated to the creator deities Izanagi and Izanami. Set within peaceful wooded grounds, it features sacred ancient camphor trees and holds a central place in Japanese mythology as the dwelling where Izanagi spent his final days.","Situé sur l'île d'Awaji, dans la préfecture de Hyogo, le sanctuaire Izanagi est considéré comme l'un des plus anciens sanctuaires shinto du Japon, dédié aux divinités créatrices Izanagi et Izanami. Au milieu d'un domaine boisé paisible, il abrite d'anciens camphriers sacrés et occupe une place centrale dans la mythologie japonaise : c'est là qu'Izanagi aurait passé ses derniers jours.",兵庫県淡路島にある伊弉諾神宮は、国生みの神イザナギとイザナミを祀る、日本最古級の神社とされています。静かな森の境内には神聖な楠の古木がそびえ、イザナギが晩年を過ごした幽宮として日本神話で重要な位置を占めています。,photos/7657614460571421954.jpg,,Oui,,
Nanzoin Temple,Temple Nanzoin,南蔵院,Temples,"33.619838, 130.572978",https://www.tiktok.com/@random_japan_place/video/7658033292867816726,"Located in Sasaguri, Fukuoka Prefecture, Nanzoin Temple is a prominent Shingon Buddhist site renowned for housing one of the world's largest bronze statues of a reclining Buddha. Nestled in a lush hillside setting, the temple complex features scenic forested paths, numerous stone statues, and serves as the starting location for the famous Sasaguri pilgrimage route.","Situé à Sasaguri, dans la préfecture de Fukuoka, le temple Nanzoin est un important site bouddhiste Shingon, célèbre pour abriter l'une des plus grandes statues en bronze de Bouddha couché au monde. Niché sur une colline verdoyante, il propose de jolis sentiers forestiers, de nombreuses statues de pierre, et marque le point de départ du célèbre pèlerinage de Sasaguri.",福岡県篠栗町にある南蔵院は、世界最大級のブロンズ製涅槃像で知られる真言宗の寺院です。緑豊かな山の斜面に広がり、森の小道や数多くの石仏が並び、有名な篠栗四国霊場巡りの出発点にもなっています。,photos/7658033292867816726.jpg,,Oui,,
Choraku-ji,Choraku-ji,長楽寺,Temples,"35.50231, 134.570164",https://www.tiktok.com/@random_japan_place/video/7659487706426297603,"Located in Kami Town, Hyogo Prefecture, Choraku-ji is a temple famously home to the Tajima Daibutsu, featuring three monumental golden Buddha statues set within a vast main hall. Surrounded by tranquil mountain scenery, the complex includes a tall wooden five-story pagoda and thousands of smaller gilded Buddhist figures along its walls.","Situé à Kami, dans la préfecture de Hyogo, le Choraku-ji abrite le célèbre Tajima Daibutsu : trois statues monumentales de Bouddha dorées, réunies dans une immense salle. Entouré de paisibles montagnes, le temple comprend aussi une grande pagode en bois à cinq étages et des milliers de petites figurines bouddhistes dorées alignées sur ses murs.",兵庫県香美町にある長楽寺は、巨大な本堂に3体の金色の大仏が並ぶ「但馬大仏」で有名です。静かな山々に囲まれ、木造の五重塔や、壁一面に並ぶ数千体の小さな金色の仏像も見どころです。,photos/7659487706426297603.jpg,,Oui,,
Kinkaku-ji,Kinkaku-ji (Pavillon d'or),金閣寺,Temples,"35.03937, 135.729243",https://www.tiktok.com/@random_japan_place/video/7660227940243737878,"Located in Kita Ward, Kyoto, Kinkaku-ji, officially known as Rokuon-ji, is an iconic Zen Buddhist temple famous for its top two floors entirely covered in gold leaf. Overlooking a scenic mirror pond and surrounded by classic Japanese gardens, it stands as one of Japan's most celebrated historic landmarks and a UNESCO World Heritage Site.","Situé dans l'arrondissement de Kita, à Kyoto, le Kinkaku-ji, officiellement appelé Rokuon-ji, est un temple zen emblématique dont les deux étages supérieurs sont entièrement recouverts de feuilles d'or. Dominant un magnifique étang-miroir et entouré de jardins japonais classiques, il est l'un des sites historiques les plus célèbres du Japon et fait partie du patrimoine mondial de l'UNESCO.",京都市北区にある金閣寺（正式名称は鹿苑寺）は、上の二層が金箔で覆われた象徴的な禅寺です。鏡湖池に姿を映し、伝統的な日本庭園に囲まれたその姿は日本を代表する名所で、ユネスコ世界遺産にも登録されています。,photos/7660227940243737878.jpg,,Oui,,
Nikkō Tōshō-gū,Nikkō Tōshō-gū,日光東照宮,Shrines,"36.758088, 139.598747",https://www.tiktok.com/@random_japan_place/video/7660618241433193750,"Located in Nikko, Tochigi Prefecture, Nikko Toshogu Shrine is a lavishly decorated Shinto complex and UNESCO World Heritage Site dedicated to Tokugawa Ieyasu, the founder of the Tokugawa shogunate. Nestled in a majestic cedar forest, it features intricate wood carvings, gold leaf embellishments, and iconic architectural structures such as the Yomeimon Gate and the Three Wise Monkeys.","Situé à Nikko, dans la préfecture de Tochigi, le Nikkō Tōshō-gū est un ensemble shinto somptueusement décoré, inscrit au patrimoine mondial de l'UNESCO et dédié à Tokugawa Ieyasu, fondateur du shogunat Tokugawa. Niché dans une majestueuse forêt de cèdres, il se distingue par ses sculptures sur bois minutieuses, ses ornements à la feuille d'or et des éléments emblématiques comme la porte Yomeimon et les Trois Singes de la sagesse.",栃木県日光市にある日光東照宮は、徳川幕府を開いた徳川家康を祀る豪華絢爛な神社で、ユネスコ世界遺産に登録されています。雄大な杉林に囲まれ、精巧な木彫りや金箔の装飾、そして陽明門や「見ざる・言わざる・聞かざる」の三猿などの名所で知られています。,photos/7660618241433193750.jpg,,Oui,,
Hakone-jinja,Sanctuaire de Hakone,箱根神社,Shrines,"35.204826, 139.025378",https://www.tiktok.com/@random_japan_place/video/7661299299577285891,"Located along the dense forest shores of Lake Ashi in Kanagawa Prefecture, Hakone Shrine is an ancient Shinto sanctuary famous for its iconic red torii gate rising dramatically out of the water. Tucked away beneath towering cedar trees, it offers a tranquil spiritual atmosphere and historic connections to samurai leaders seeking blessings for victory and good fortune.","Situé sur les rives boisées du lac Ashi, dans la préfecture de Kanagawa, le sanctuaire de Hakone est un ancien sanctuaire shinto célèbre pour son torii rouge qui surgit de l'eau. Caché sous d'immenses cèdres, il offre une atmosphère spirituelle paisible et garde des liens historiques avec les chefs samouraïs qui venaient y prier pour la victoire et la bonne fortune.",神奈川県、芦ノ湖の森に囲まれた湖畔にある箱根神社は、湖に建つ赤い「平和の鳥居」で有名な古社です。そびえ立つ杉の木々に包まれた静かな境内は、勝利や開運を祈った武将たちとの歴史的なつながりでも知られています。,photos/7661299299577285891.jpg,,Oui,,
Fujisan Hongū Sengen-taisha,Fujisan Hongū Sengen-taisha,富士山本宮浅間大社,Shrines,"35.227487, 138.610026",https://www.tiktok.com/@random_japan_place/video/7662416807914949910,"Located in Fujinomiya, Shizuoka Prefecture, Fujisan Hongu Sengen Taisha is the head shrine for over 1,300 Sengen shrines across Japan, historically dedicated to worshiping Mount Fuji and protecting against volcanic eruptions. Part of the Mount Fuji UNESCO World Heritage Site, it features distinctive two-story shrine architecture, cherry blossom-lined grounds, and a crystal-clear sacred pond fed by snowmelt from the mountain.","Situé à Fujinomiya, dans la préfecture de Shizuoka, le Fujisan Hongū Sengen-taisha est le sanctuaire principal de plus de 1 300 sanctuaires Sengen au Japon, historiquement consacré au culte du mont Fuji et à la protection contre les éruptions. Rattaché au site du mont Fuji inscrit à l'UNESCO, il se distingue par son architecture à deux étages, ses cerisiers en fleurs et un étang sacré aux eaux cristallines, alimenté par la fonte des neiges de la montagne.",静岡県富士宮市にある富士山本宮浅間大社は、全国1300社以上の浅間神社の総本宮で、古くから富士山を神として祀り、噴火を鎮めてきました。世界遺産「富士山」の構成資産でもあり、独特の二層構造の社殿、桜に彩られた境内、そして富士山の雪解け水が湧く澄んだ湧玉池が見どころです。,photos/7662416807914949910.jpg,,Oui,,
Nangū-taisha,Sanctuaire Nangū-taisha,南宮大社,Shrines,"35.360742, 136.525045",https://www.tiktok.com/@random_japan_place/video/7665446364591000854,"Located in Tarui, Gifu Prefecture, Nangu Taisha is a distinguished Grand Shinto Shrine historically regarded as the chief sanctuary of ancient Mino Province and dedicated to the deity of mining and metalworking. Rebuilt during the early Edo period under the patronage of the Tokugawa shogunate, the shrine complex is renowned for its vibrant vermilion structures, classic Momoyama-style architectural details, and rich collection of sacred swords.","Situé à Tarui, dans la préfecture de Gifu, le Nangū-taisha est un grand sanctuaire shinto, historiquement le sanctuaire principal de l'ancienne province de Mino, dédié à la divinité des mines et du travail du métal. Reconstruit au début de l'époque d'Edo grâce au shogunat Tokugawa, il est réputé pour ses bâtiments vermillon éclatants, ses détails architecturaux de style Momoyama et sa riche collection de sabres sacrés.",岐阜県垂井町にある南宮大社は、美濃国一宮として崇められてきた格式高い神社で、鉱山と金属の神を祀っています。江戸時代初期に徳川幕府の庇護のもと再建され、鮮やかな朱塗りの社殿、桃山様式の建築、そして奉納された多くの刀剣で知られています。,photos/7665446364591000854.jpg,,Oui,,
Kumano Nachi-taisha,Kumano Nachi-taisha,熊野那智大社,Shrines,"33.668651, 135.890133",https://www.tiktok.com/@random_japan_place/video/7666570788287286550,"Located in Nachikatsuura, Wakayama Prefecture, Kumano Nachi Taisha is one of the three sacred Kumano Sanzan grand shrines and a core site within the UNESCO World Heritage Kumano Kodo pilgrimage network. Situated high on Mount Nachi, it offers striking views of Nachi Falls—Japan's tallest uninterrupted waterfall—and features vibrant vermilion halls that embody centuries of syncretic Shinto and Buddhist worship.","Situé à Nachikatsuura, dans la préfecture de Wakayama, le Kumano Nachi-taisha est l'un des trois grands sanctuaires sacrés du Kumano Sanzan et un site majeur du réseau de pèlerinage du Kumano Kodo, inscrit au patrimoine mondial de l'UNESCO. Perché sur le mont Nachi, il offre une vue spectaculaire sur la cascade de Nachi, la plus haute chute ininterrompue du Japon, et possède des bâtiments vermillon qui témoignent de siècles de culte mêlant shinto et bouddhisme.",和歌山県那智勝浦町にある熊野那智大社は、熊野三山のひとつで、ユネスコ世界遺産「熊野古道」の中心的な聖地です。那智山の高台に鎮座し、日本一の落差を誇る那智の滝を望むことができ、朱塗りの社殿には神仏習合の長い歴史が息づいています。,photos/7666570788287286550.jpg,,Oui,,
Takuhi Shrine,Sanctuaire Takuhi,焼火神社,Shrines,"36.073165, 133.028848",https://www.tiktok.com/@random_japan_place/video/7669157192368393494,"Located on Nishinoshima in the Oki Islands of Shimane Prefecture, Takuhi Shrine is an ancient mountain sanctuary whose main hall is built partially inside a natural sea cave on Mount Takuhi. Historically worshipped as a patron deity for maritime safety and navigation by sailors on the Sea of Japan, the shrine features classic Edo-period architecture and holds the title of the oldest surviving shrine building in the Oki archipelago.","Situé sur Nishinoshima, dans les îles Oki (préfecture de Shimane), le sanctuaire Takuhi est un ancien sanctuaire de montagne dont le bâtiment principal est en partie construit dans une grotte naturelle du mont Takuhi. Longtemps vénéré par les marins de la mer du Japon comme protecteur de la navigation, il présente une architecture classique de l'époque d'Edo et possède le plus ancien bâtiment de sanctuaire encore debout de l'archipel d'Oki.",島根県隠岐諸島の西ノ島にある焼火神社は、焼火山の岩窟に社殿の一部がはめ込まれるように建てられた古社です。日本海を行き交う船乗りたちから航海安全の神として崇められ、江戸時代の社殿は隠岐に現存する最古の神社建築です。,photos/7669157192368393494.jpg,,Oui,,
Dazaifu Tenman-gū,Dazaifu Tenman-gū,太宰府天満宮,Shrines,"33.52137, 130.534824",https://www.tiktok.com/@random_japan_place/video/7666821691976224022,"Located in Dazaifu, Fukuoka Prefecture, Dazaifu Tenman-gū is one of Japan's principal Shinto shrines dedicated to Sugawara no Michizane, the deity of scholarship and learning. Set amidst sprawling grounds featuring thousands of sacred plum trees (tobiume) and historic vermilion bridges, the shrine serves as a major cultural landmark and a premier site for students seeking academic success.","Situé à Dazaifu, dans la préfecture de Fukuoka, le Dazaifu Tenman-gū est l'un des principaux sanctuaires shinto du Japon, dédié à Sugawara no Michizane, la divinité des études et du savoir. Au milieu d'un vaste domaine planté de milliers de pruniers sacrés (tobiume) et de ponts vermillon historiques, c'est un haut lieu culturel où les étudiants viennent prier pour réussir leurs examens.",福岡県太宰府市にある太宰府天満宮は、学問の神・菅原道真公を祀る日本有数の神社です。飛梅をはじめとする数千本の梅の木や朱塗りの太鼓橋が広がる境内は、合格祈願に訪れる学生で賑わう文化的な名所です。,photos/7666821691976224022.jpg,,Oui,,
Izumo Taisha,Grand sanctuaire d'Izumo,出雲大社,Shrines,"35.401869, 132.685469",https://www.tiktok.com/@random_japan_place/video/7670261575298731286,"Located in Izumo, Shimane Prefecture, Izumo Taisha is one of Japan's oldest and most important Shinto shrines, dedicated to Okuninushi no Mikoto, the deity of matchmaking and marriage. Renowned for its monumental Taisha-zukuri architectural style and colossal shimenawa (sacred straw rope), the shrine is central to Japanese myth as the gathering place for millions of Shinto deities every autumn.","Situé à Izumo, dans la préfecture de Shimane, Izumo Taisha est l'un des sanctuaires shinto les plus anciens et les plus importants du Japon, dédié à Okuninushi no Mikoto, la divinité des rencontres et du mariage. Réputé pour son architecture monumentale de style Taisha-zukuri et son énorme shimenawa (corde sacrée en paille), il occupe une place centrale dans les mythes japonais : chaque automne, des millions de divinités s'y rassembleraient.",島根県出雲市にある出雲大社は、縁結びの神・大国主大神を祀る、日本最古級かつ最も重要な神社のひとつです。壮大な大社造の社殿と巨大なしめ縄で知られ、毎年秋には全国の八百万の神々が集うとされる、日本神話の中心的な地です。,photos/7670261575298731286.jpg,,Oui,,
Yūtoku Inari-jinja,Sanctuaire Yūtoku Inari,祐徳稲荷神社,Shrines,"33.073778, 130.107932",https://www.tiktok.com/@random_japan_place/video/7671361407694294294,"Located in Kashima, Saga Prefecture, Yūtoku Inari Shrine is counted among Japan's three major Inari shrines, dedicated to the deities of agriculture, commercial prosperity, and family fortune. Founded in 1687, the shrine is celebrated for its striking vermilion main hall elevated on tall wooden stilts along a steep hillside, vibrant landscaped gardens, and a scenic trail of red torii gates leading up the mountain.","Situé à Kashima, dans la préfecture de Saga, le Yūtoku Inari est compté parmi les trois grands sanctuaires Inari du Japon, dédiés aux divinités de l'agriculture, du commerce et de la fortune familiale. Fondé en 1687, il est célèbre pour son bâtiment principal vermillon perché sur de hauts pilotis de bois à flanc de colline, ses jardins colorés et son sentier de torii rouges qui grimpe la montagne.",佐賀県鹿島市にある祐徳稲荷神社は、日本三大稲荷のひとつに数えられ、五穀豊穣・商売繁盛・家運繁栄の神を祀っています。1687年創建で、急な斜面に高い木の柱で支えられた朱塗りの本殿、色鮮やかな庭園、そして山へと続く赤い鳥居の参道で知られています。,photos/7671361407694294294.jpg,,Oui,,
Jintoku Inari Shrine,Sanctuaire Jintoku Inari,神徳稲荷神社,Shrines,"31.377184, 130.846813",https://www.tiktok.com/@random_japan_place/video/7671598642020617494,"Located in Kanoya, Kagoshima Prefecture, Jintoku Inari Shrine is a distinctive Shinto sanctuary originally founded in 1676 and completely rebuilt in 2018. Combining centuries-old Inari worship with striking modern design, the shrine grounds feature a rare transparent glass torii gate alongside a traditional tunnel of vibrant vermilion senbon torii.","Situé à Kanoya, dans la préfecture de Kagoshima, le sanctuaire Jintoku Inari est un sanctuaire shinto original, fondé en 1676 et entièrement reconstruit en 2018. Alliant un culte d'Inari vieux de plusieurs siècles à un design moderne étonnant, il possède un rare torii en verre transparent ainsi qu'un tunnel traditionnel de torii vermillon (senbon torii).",鹿児島県鹿屋市にある神徳稲荷神社は、1676年に創建され、2018年に全面的に建て替えられた個性的な神社です。何世紀も続く稲荷信仰と斬新なデザインが融合し、珍しいガラス製の透明な鳥居と、朱色の千本鳥居のトンネルが並びます。,photos/7671598642020617494.jpg,,Oui,,
Saidouji Temple,Temple Saidouji,済渡寺,Temples,"34.891462, 133.53353",https://www.tiktok.com/@random_japan_place/video/7673951778127334678,"Located in Niimi, Okayama Prefecture, Saidouji Temple is a mountain sanctuary originally founded in 811 by Kobo Daishi and historically associated with prayers for safe childbirth and local Hoso pottery origins. Nestled amidst lush hills, the site is widely celebrated for its striking tunnel of 78 pure white torii gates (Hakuryumon) and thousands of hydrangeas and irises that bloom across the grounds each summer.","Situé à Niimi, dans la préfecture d'Okayama, le temple Saidouji est un sanctuaire de montagne fondé en 811 par Kobo Daishi, traditionnellement associé aux prières pour un accouchement sans risque. Niché dans des collines verdoyantes, il est très apprécié pour son tunnel de 78 torii d'un blanc pur (Hakuryumon) et pour les milliers d'hortensias et d'iris qui fleurissent chaque été.",岡山県新見市にある済渡寺は、811年に弘法大師によって開かれたと伝わる山寺で、古くから安産祈願の寺として親しまれています。緑豊かな山あいにあり、78基の真っ白な鳥居が続く「白龍門」や、夏に境内を彩る数千株のアジサイとアヤメで知られています。,photos/7673951778127334678.jpg,,Oui,,
Tenkai Inari Shrine,Sanctuaire Tenkai Inari,天開稲荷社,Shrines,"33.522972, 130.537921",https://www.tiktok.com/@random_japan_place/video/7674375890414882070,"Located in Dazaifu, Fukuoka Prefecture, Tenkai Inari Shrine is a serene auxiliary sanctuary tucked into the hills behind Dazaifu Tenmangu. Revered for bringing good fortune, business success, and protection from misfortune, the shrine is reached via a stone staircase framed by vibrant red torii gates and lined with traditional flags.","Situé à Dazaifu, dans la préfecture de Fukuoka, le sanctuaire Tenkai Inari est un petit sanctuaire paisible caché dans les collines derrière le Dazaifu Tenman-gū. Vénéré pour apporter chance, réussite en affaires et protection contre le malheur, on y accède par un escalier de pierre bordé de torii rouges et de drapeaux traditionnels.",福岡県太宰府市にある天開稲荷社は、太宰府天満宮の裏山にひっそりとたたずむ静かな末社です。開運や商売繁盛、厄除けのご利益で知られ、赤い鳥居と奉納旗が並ぶ石段を上って参拝します。,photos/7674375890414882070.jpg,,Oui,,
Motonosumi Shrine,Sanctuaire Motonosumi,元乃隅神社,Shrines,"34.419702, 131.062666",https://www.tiktok.com/@random_japan_place/video/7674375149931547907,"Located in Nagato, Yamaguchi Prefecture, Motonosumi Shrine is a striking seaside sanctuary famous for its winding pathway of 123 vibrant red torii gates that frame dramatic views of the Sea of Japan. Established in 1955 following a divine revelation from a white fox spirit, the shrine is revered for granting success in business, maritime safety, and matchmaking, and is unique for its offering box mounted high atop the outermost entrance torii gate.","Situé à Nagato, dans la préfecture de Yamaguchi, le sanctuaire Motonosumi est un sanctuaire en bord de mer spectaculaire, célèbre pour son chemin sinueux de 123 torii rouges vifs qui encadrent des vues saisissantes sur la mer du Japon. Fondé en 1955 après l'apparition d'un esprit de renard blanc, il est vénéré pour la réussite en affaires, la sécurité en mer et les rencontres amoureuses. Particularité : sa boîte à offrandes est perchée tout en haut du torii d'entrée.",山口県長門市にある元乃隅神社は、日本海を背景に曲がりくねって続く123基の赤い鳥居で有名な、海辺の絶景神社です。1955年に白狐のお告げによって創建され、商売繁盛・海上安全・縁結びのご利益があるとされます。入口の大鳥居の高い位置に賽銭箱が取り付けられているのも有名です。,photos/7674375149931547907.jpg,,Oui,,
Nakatsukasa Magotaro Inari Shrine,Sanctuaire Nakatsukasa Magotaro Inari,中務孫太郎稲荷神社,Shrines,"33.597481, 130.376842",https://www.tiktok.com/@random_japan_place/video/7677675806512008470,"Located in Nishi Park in Fukuoka, Fukuoka Prefecture, Nakatsukasa Magotaro Inari Shrine is an intriguing Shinto sanctuary dating back to the Kamakura period, revered for bringing business prosperity and protection. Tucked into the lush hillside near Terumo Shrine, the historic site features stone fox guardians and a traditional red torii approach that has gained modern fame for its vibrant evening illuminations.","Situé dans le parc Nishi, à Fukuoka, le sanctuaire Nakatsukasa Magotaro Inari est un sanctuaire shinto intrigant remontant à l'époque de Kamakura, vénéré pour la prospérité des affaires et la protection. Niché sur une colline verdoyante près du sanctuaire Terumo, ce lieu historique possède des gardiens-renards en pierre et une allée de torii rouges, devenue célèbre pour ses illuminations en soirée.",福岡市の西公園にある中務孫太郎稲荷神社は、鎌倉時代にさかのぼる歴史をもつ神社で、商売繁盛と守護のご利益で崇められています。光雲神社近くの緑豊かな丘にあり、石の狐像と赤い鳥居の参道が並び、夜のライトアップでも話題になっています。,photos/7677675806512008470.jpg,,Oui,,
Sannobohiyoshi Shrine,Sanctuaire Sannobo Hiyoshi,山王坊日吉神社,Shrines,"41.065617, 140.368498",https://www.tiktok.com/@random_japan_place/video/7678015530111929622,"Located in Goshogawara, Aomori Prefecture, Sannobohiyoshi Shrine is a tranquil sanctuary situated within the nationally designated Sannobō Historic Site. Surrounded by dense forest and centuries-old stone lanterns, the shrine grounds preserve medieval temple foundation ruins that reflect a rich historical tradition of Shinbutsu-shūgō (Shinto-Buddhist syncretism) on the Tsugaru Peninsula.","Situé à Goshogawara, dans la préfecture d'Aomori, le sanctuaire Sannobo Hiyoshi est un sanctuaire paisible au sein du site historique national de Sannobō. Entouré d'une forêt dense et de lanternes de pierre centenaires, il conserve les fondations d'anciens temples médiévaux, témoins de la riche tradition de Shinbutsu-shūgō (fusion du shinto et du bouddhisme) sur la péninsule de Tsugaru.",青森県五所川原市にある山王坊日吉神社は、国指定史跡「山王坊遺跡」の中にある静かな神社です。深い森と古い石灯籠に囲まれた境内には中世の寺院の礎石が残り、津軽半島に栄えた神仏習合の豊かな歴史を今に伝えています。,photos/7678015530111929622.jpg,,Oui,,
Oushiko Shrine,Sanctuaire Oshiko,生石神社,Shrines,"34.782526, 134.795243",https://www.tiktok.com/@random_japan_place/video/7679462211068218646,"Located in Takasago, Hyogo Prefecture, Oushiko Shrine is an ancient sanctuary renowned as the home of the Ishi-no-Hoden, a colossal Megalith carved from tuff that appears to float above a stone reservoir. Revered as one of Japan's three mysterious wonders, the shrine is dedicated to the deities Ōkuninushi and Sukunabikona and has drawn worshippers seeking health, safety, and divine protection since antiquity.","Situé à Takasago, dans la préfecture de Hyogo, le sanctuaire Oshiko est un ancien sanctuaire célèbre pour abriter l'Ishi-no-Hoden, un mégalithe colossal taillé dans le tuf qui semble flotter au-dessus d'un bassin de pierre. Considéré comme l'une des trois grandes énigmes du Japon, il est dédié aux divinités Ōkuninushi et Sukunabikona et attire depuis l'Antiquité des fidèles venus prier pour la santé, la sécurité et la protection divine.",兵庫県高砂市にある生石神社は、石の水盤の上に浮いているように見える巨大な石造物「石の宝殿」で有名な古社です。日本三奇のひとつに数えられ、大国主命と少彦名命を祀り、古くから健康や安全、ご加護を願う人々が訪れています。,photos/7679462211068218646.jpg,,Oui,,
Ino Tensho Kodaijingu Shrine,Sanctuaire Ino Tensho Kodaijingu,伊野天照皇大神宮,Shrines,"33.66995, 130.512012",https://www.tiktok.com/@random_japan_place/video/7679490994378722582,"Located in Hisayama, Fukuoka Prefecture, Ino Tensho Kodaijingu Shrine is a historic Shinto sanctuary fondly known as the ""Ise Grand Shrine of Kyushu"" due to its deep spiritual links and shared architectural traditions with Ise Jingu. Surrounded by serene forests and pristine streams, the shrine is dedicated to Amaterasu Omikami and is famed for practicing the traditional Shikinen Sengu, the periodic rebuilding of its sacred structures.","Situé à Hisayama, dans la préfecture de Fukuoka, le sanctuaire Ino Tensho Kodaijingu est un sanctuaire shinto historique affectueusement surnommé « l'Ise de Kyushu », en raison de ses liens spirituels et architecturaux étroits avec le grand sanctuaire d'Ise. Entouré de forêts paisibles et de ruisseaux limpides, il est dédié à Amaterasu Omikami et perpétue le Shikinen Sengu, la reconstruction périodique de ses bâtiments sacrés.",福岡県久山町にある伊野天照皇大神宮は、伊勢神宮との深いつながりと共通する建築様式から「九州の伊勢」と親しまれる歴史ある神社です。静かな森と清らかな渓流に囲まれ、天照皇大神を祀り、社殿を定期的に建て替える式年遷宮を続けています。,photos/7679490994378722582.jpg,,Oui,,
Ōyamazumi-jinja,Sanctuaire Ōyamazumi,大山祇神社,Shrines,"34.247918, 133.005726",https://www.tiktok.com/@random_japan_place/video/7681018871037332758,"Located on Omishima Island in Imabari, Ehime Prefecture, Oyamazumi Shrine is an ancient Shinto sanctuary long revered as the supreme guardian shrine for mariners, warriors, and the Seto Inland Sea. Encircled by a sacred grove of ancient camphor trees—including one estimated to be over 2,600 years old—the shrine houses a renowned treasure hall containing the vast majority of Japan's designated National Treasure and Important Cultural Property samurai armor and weaponry.","Situé sur l'île d'Omishima, à Imabari, dans la préfecture d'Ehime, le sanctuaire Ōyamazumi est un ancien sanctuaire shinto vénéré depuis longtemps comme le grand protecteur des marins, des guerriers et de la mer intérieure de Seto. Entouré d'un bosquet sacré de camphriers, dont l'un aurait plus de 2 600 ans, il abrite un célèbre musée qui conserve la grande majorité des armures et armes de samouraï classées Trésor national ou Bien culturel important du Japon.",愛媛県今治市の大三島にある大山祇神社は、古くから海の民や武将、瀬戸内海の守護神として崇められてきた古社です。樹齢2600年ともいわれる大楠をはじめとする神聖な楠の森に囲まれ、国宝・重要文化財に指定された武具・甲冑の大部分を収める宝物館でも知られています。,photos/7681018871037332758.jpg,,Oui,,
Tamura Shrine,Sanctuaire Tamura,田村神社,Shrines,"34.286491, 134.027241",https://www.tiktok.com/@random_japan_place/video/7679828282577030422,"Located in Takamatsu, Kagawa Prefecture, Tamura Shrine is the historic Ichinomiya (principal Shinto shrine) of former Sanuki Province, dedicated to deities of water, agriculture, and local prosperity. Encircled by sacred streams and vibrant grounds, the shrine features a rich array of elaborate stone carvings, unique statues, and a revered inner sanctuary built over a sacred well.","Situé à Takamatsu, dans la préfecture de Kagawa, le sanctuaire Tamura est l'Ichinomiya (sanctuaire principal) historique de l'ancienne province de Sanuki, dédié aux divinités de l'eau, de l'agriculture et de la prospérité locale. Entouré de ruisseaux sacrés, il possède de nombreuses sculptures en pierre, des statues originales et un sanctuaire intérieur vénéré, construit au-dessus d'un puits sacré.",香川県高松市にある田村神社は、旧讃岐国の一宮として、水や農業、地域の繁栄をつかさどる神々を祀る歴史ある神社です。清らかな流れに囲まれた境内には多彩な石造物や個性的な像が並び、神聖な泉の上に建つとされる奥殿が大切に守られています。,photos/7679828282577030422.jpg,,Oui,,
Isaniwa-jinja,Sanctuaire Isaniwa,伊佐爾波神社,Shrines,"33.850772, 132.788974",https://www.tiktok.com/@random_japan_place/video/7682821897662352662,"Located atop a hill near Dogo Onsen in Matsuyama, Ehime Prefecture, Isaniwa Shrine is a magnificent Shinto sanctuary constructed in the rare Hachiman-zukuri architectural style, designated as an Important Cultural Property of Japan. Rebuilt in 1667 by the local Matsudaira clan, the shrine features a striking vermilion-lacquered complex adorned with intricate gold leaf details, historic samurai armor offerings, and panoramic views over the city.","Situé sur une colline près de la source chaude de Dogo, à Matsuyama (préfecture d'Ehime), le sanctuaire Isaniwa est un magnifique sanctuaire shinto construit dans le rare style Hachiman-zukuri et classé Bien culturel important du Japon. Reconstruit en 1667 par le clan Matsudaira, il se distingue par ses bâtiments laqués de vermillon ornés de feuilles d'or, ses offrandes d'armures de samouraï et sa vue panoramique sur la ville.",愛媛県松山市、道後温泉近くの高台にある伊佐爾波神社は、珍しい八幡造の社殿をもつ壮麗な神社で、国の重要文化財に指定されています。1667年に松山藩主・松平家によって再建され、金箔の装飾が施された朱塗りの社殿、奉納された甲冑、そして市街を一望する眺めが魅力です。,photos/7682821897662352662.jpg,,Oui,,
Tosa Shrine,Sanctuaire de Tosa,土佐神社,Shrines,"33.592628, 133.576975",https://www.tiktok.com/@random_japan_place/video/7683248993622609174,"Located in Kochi, Kochi Prefecture, Tosa Shrine is the historic Ichinomiya (principal Shinto shrine) of former Tosa Province, celebrated for its ancient origins and deep connection to the regional samurai heritage. Rebuilt in 1570 by the warlord Chosokabe Motochika, the sanctuary features a unique ""蜻蛉造"" (tonbo-zukuri or dragonfly-style) architecture designated as an Important Cultural Property, nestled within a tranquil forest of ancient trees.","Situé à Kochi, dans la préfecture de Kochi, le sanctuaire de Tosa est l'Ichinomiya (sanctuaire principal) historique de l'ancienne province de Tosa, réputé pour ses origines anciennes et ses liens avec l'héritage samouraï de la région. Reconstruit en 1570 par le seigneur de guerre Chosokabe Motochika, il présente une architecture unique en forme de libellule (tonbo-zukuri), classée Bien culturel important, au cœur d'une paisible forêt d'arbres anciens.",高知県高知市にある土佐神社は、旧土佐国の一宮で、古い由緒と土佐の武家の歴史との深いつながりで知られています。1570年に戦国大名・長宗我部元親によって再建された社殿は、トンボが舞い降りた姿を表す独特の「蜻蛉造」で国の重要文化財に指定され、古木の茂る静かな森に包まれています。,photos/7683248993622609174.jpg,,Oui,,
Einoo Tsurugi Shrine,Sanctuaire Einoo Tsurugi,永尾剱神社,Shrines,"32.631717, 130.616062",https://www.tiktok.com/@random_japan_place/video/7643146911435787542,"Located in Uki, Kumamoto Prefecture, Einoo Tsurugi Shrine is a Shinto sanctuary founded in 713 and dedicated to Wadatsumi no Kami, the god of the sea. It is famed for its torii gate standing directly in the Yashiro Sea, reachable on foot at low tide and strikingly lit at sunset. The shrine is also known for its unique stingray-shaped ema votive tablets and its link to the Shiranui, a rare mirage phenomenon that appears off the coast in late summer.","Situé à Uki, dans la préfecture de Kumamoto, le sanctuaire Einoo Tsurugi a été fondé en 713 et est dédié à Wadatsumi no Kami, le dieu de la mer. Il est célèbre pour son torii planté directement dans la mer de Yashiro, accessible à pied à marée basse et magnifique au coucher du soleil. On le connaît aussi pour ses ema (plaquettes votives) en forme de raie et pour son lien avec le Shiranui, un rare mirage qui apparaît au large à la fin de l'été.",熊本県宇城市にある永尾剱神社は、713年創建と伝わり、海の神・海童神を祀っています。八代海に立つ海中鳥居で有名で、干潮時には歩いて近づくことができ、夕暮れ時には特に美しい姿を見せます。エイの形をした絵馬や、晩夏の沖合に現れる珍しい蜃気楼「不知火」とのゆかりでも知られています。,photos/7643146911435787542.jpg,,Oui,,
Sakurai Futamigaura,Sakurai Futamigaura,桜井二見ヶ浦,Shrines,"33.639211, 130.197095",https://www.tiktok.com/@random_japan_place/video/7649085961204190486,"Located in Itoshima, Fukuoka Prefecture, Sakurai Futamigaura is a sacred coastline within Genkai Quasi-National Park, tied to nearby Sakurai Shrine where the deities Izanagi and Izanami are enshrined. Its twin Meoto Iwa, or wedded rocks, joined by a massive shimenawa rope replaced each spring, rise from the sea about 150 meters offshore, framed by a pure white torii gate whose base submerges at high tide. Ranked among Japan's 100 best sunset views, it is especially renowned as a symbol of marital harmony.","Situé à Itoshima, dans la préfecture de Fukuoka, Sakurai Futamigaura est un littoral sacré du parc quasi national de Genkai, lié au sanctuaire Sakurai voisin où sont vénérées les divinités Izanagi et Izanami. Ses deux rochers mariés (Meoto Iwa), reliés par une énorme corde sacrée shimenawa renouvelée chaque printemps, se dressent dans la mer à environ 150 mètres du rivage, encadrés par un torii blanc dont la base est immergée à marée haute. Classé parmi les 100 plus beaux couchers de soleil du Japon, c'est aussi un symbole d'harmonie conjugale.",福岡県糸島市にある桜井二見ヶ浦は、玄海国定公園内の神聖な海岸で、イザナギとイザナミを祀る近くの櫻井神社とゆかりがあります。毎年春に掛け替えられる大しめ縄で結ばれた夫婦岩が沖合約150メートルにそびえ、満潮時には根元が海に沈む白い鳥居がその景色を縁取ります。「日本の夕陽百選」にも選ばれ、夫婦円満の象徴として親しまれています。,photos/7649085961204190486.jpg,,Oui,,
Shirahige Shrine,Sanctuaire Shirahige,白鬚神社,Shrines,"35.274542, 136.011035",https://www.tiktok.com/@random_japan_place/video/7651346651482688790,"Located in Takashima, Shiga Prefecture, on the western shore of Lake Biwa, Shirahige Shrine is considered the oldest shrine in the Omi region, founded roughly 2,000 years ago. Dedicated to Sarutahiko Okami, a deity of longevity and guidance, it is nicknamed the Itsukushima of Omi for its vermilion torii gate that appears to float on the lake, with Okinoshima island visible behind it. The gate is especially striking at sunset and is illuminated on weekend evenings.","Situé à Takashima, dans la préfecture de Shiga, sur la rive ouest du lac Biwa, le sanctuaire Shirahige est considéré comme le plus ancien sanctuaire de la région d'Omi, fondé il y a environ 2 000 ans. Dédié à Sarutahiko Okami, divinité de la longévité et des bons chemins, il est surnommé « l'Itsukushima d'Omi » pour son torii vermillon qui semble flotter sur le lac, avec l'île d'Okinoshima en arrière-plan. Le torii est particulièrement beau au coucher du soleil et illuminé le week-end en soirée.",滋賀県高島市、琵琶湖の西岸にある白鬚神社は、約2000年前に創建されたと伝わる近江最古の神社です。長寿と導きの神・猿田彦命を祀り、沖島を背景に湖に浮かぶように立つ朱色の鳥居から「近江の厳島」とも呼ばれています。夕暮れ時の鳥居は特に美しく、週末の夜にはライトアップされます。,photos/7651346651482688790.jpg,,Oui,,
Kaijin Shrine,Sanctuaire Kaijin,海神神社,Shrines,"34.464214, 129.283244",https://www.tiktok.com/@random_japan_place/video/7653125582234094870,"Located on Tsushima Island, Nagasaki Prefecture, near Mount Izu, Kaijin Shrine, also known as Watatsumi Shrine, is dedicated to the sea deities Toyotama-hime and Hikohohodemi no Mikoto, whose marriage is said to have taken place here. Ranked as the highest shrine of the former Tsushima province and classified as a Beppyo shrine for its historical significance, it is believed to be among the oldest shrines in Japan. Its torii gates extending toward the sea are often compared to those of the famous Itsukushima Shrine.","Situé sur l'île de Tsushima, dans la préfecture de Nagasaki, près du mont Izu, le sanctuaire Kaijin, aussi appelé sanctuaire Watatsumi, est dédié aux divinités marines Toyotama-hime et Hikohohodemi no Mikoto, dont le mariage aurait eu lieu ici. Plus haut sanctuaire de l'ancienne province de Tsushima et classé sanctuaire Beppyo pour son importance historique, il compterait parmi les plus anciens du Japon. Ses torii qui s'avancent vers la mer sont souvent comparés à ceux du célèbre sanctuaire d'Itsukushima.",長崎県対馬の伊豆山の近くにある海神神社は、和多都美神社とも呼ばれ、この地で結ばれたと伝わる海の神・豊玉姫命と彦火火出見尊を祀っています。旧対馬国の一宮で、歴史的価値から別表神社に指定され、日本最古級の神社のひとつと考えられています。海へと続く鳥居は、名高い厳島神社にもたとえられます。,photos/7653125582234094870.jpg,,Oui,,
Inariyama Shrine,Sanctuaire Inariyama,柳井稲荷神社,Shrines,"33.971302, 132.117618",https://www.tiktok.com/@random_japan_place/video/7653848350097214742,"Located in Yanai, Yamaguchi Prefecture, Inariyama Shrine is known for its vermilion torii gate tunnel climbing the wooded hillside, echoing the more famous Motonosumi Inari Shrine further along the coast. Dedicated to Inari Okami, the deity of rice, prosperity, and business success, its hilltop approach offers sweeping views over the surrounding Yamaguchi countryside.","Situé à Yanai, dans la préfecture de Yamaguchi, le sanctuaire Inariyama est connu pour son tunnel de torii vermillon qui grimpe la colline boisée, rappelant le célèbre sanctuaire Motonosumi Inari plus loin sur la côte. Dédié à Inari Okami, divinité du riz, de la prospérité et de la réussite en affaires, son chemin vers le sommet offre de larges vues sur la campagne de Yamaguchi.",山口県柳井市にある柳井稲荷神社（稲荷山）は、森の斜面を登っていく朱色の鳥居のトンネルで知られ、同じ県内の海沿いにある有名な元乃隅神社を思わせます。稲・繁栄・商売繁盛の神である稲荷大神を祀り、山頂へ続く参道からは山口ののどかな風景を見渡せます。,,,Oui,,
Sakurajima,Sakurajima,桜島,Mountains,"31.583333, 130.65",https://www.tiktok.com/@random_japan_place/video/7641695228323319043,"Located across Kagoshima Bay in Kagoshima Prefecture, Sakurajima is one of Japan's most active stratovolcanoes and a site of deep cultural, geological, and spiritual significance. Surrounded by lush natural scenery and lava fields, the mountain features multiple observation points and sacred local shrines, such as the Kurokami Buried Torii, which stands as a dramatic reminder of the landmark's massive 1914 eruption.","Situé de l'autre côté de la baie de Kagoshima, dans la préfecture de Kagoshima, le Sakurajima est l'un des stratovolcans les plus actifs du Japon, un lieu d'une grande importance culturelle, géologique et spirituelle. Entouré de paysages luxuriants et de champs de lave, il offre plusieurs belvédères et des sanctuaires locaux sacrés, comme le torii enseveli de Kurokami, souvenir saisissant de la gigantesque éruption de 1914.",鹿児島県、錦江湾に浮かぶ桜島は、日本で最も活発な成層火山のひとつで、文化・地質・信仰のうえで大きな意味をもつ場所です。豊かな自然と溶岩原に囲まれ、いくつもの展望所や神社があり、1914年の大正大噴火の凄まじさを今に伝える「黒神埋没鳥居」もその一つです。,photos/7641695228323319043.jpg,,Oui,,
Mount Iwaki,Mont Iwaki,岩木山,Mountains,"40.655932, 140.302964",https://www.tiktok.com/@random_japan_place/video/7653862428110900502,"Located in Hirosaki, Aomori Prefecture, Mount Iwaki is a sacred stratovolcano affectionately known as Tsugaru Fuji due to its symmetrical conical shape. A central site of mountain worship (sangaku shinko) for centuries, it hosts the historic Iwaki Shrine at its base and serves as the destination for the annual Oyama-kamairi pilgrimage.","Situé à Hirosaki, dans la préfecture d'Aomori, le mont Iwaki est un stratovolcan sacré, affectueusement surnommé le « Fuji de Tsugaru » pour sa forme conique symétrique. Haut lieu du culte des montagnes (sangaku shinko) depuis des siècles, il accueille à son pied le sanctuaire historique Iwakiyama et constitue la destination du pèlerinage annuel Oyama-sankei.",青森県弘前市にそびえる岩木山は、美しい円錐形から「津軽富士」と親しまれる神聖な成層火山です。何世紀にもわたり山岳信仰の中心地として崇められ、麓には由緒ある岩木山神社が鎮座し、毎年行われる「お山参詣」の目的地にもなっています。,photos/7653862428110900502.jpg,,Oui,,
Aogashima,Aogashima,青ヶ島,Mountains,"32.456994, 139.765208",https://www.tiktok.com/@random_japan_place/video/7656153535381294358,"Situated in the Philippine Sea, Aogashima is a remote volcanic island administered by Tokyo and famous for its rare double-caldera geological formation. A sacred and isolated island rich in local folklore, it features an active inner crater (Maruyama) surrounded by rugged coastal cliffs and geothermal vents used for cooking and traditional salt production.","Située dans la mer des Philippines, Aogashima est une île volcanique isolée rattachée à Tokyo, célèbre pour sa rare double caldeira. Île sacrée et préservée, riche en légendes locales, elle abrite un cratère intérieur actif (Maruyama) entouré de falaises escarpées, ainsi que des bouches géothermiques utilisées pour cuisiner et produire du sel de façon traditionnelle.",フィリピン海に浮かぶ青ヶ島は、東京都に属する絶海の火山島で、世界でも珍しい二重カルデラで知られています。独自の伝承が息づく神秘的な島で、険しい断崖に囲まれた内側には活火山の丸山があり、地熱を利用した料理や伝統的な塩づくりも行われています。,photos/7656153535381294358.jpg,,Oui,,
Mount Daisen,Mont Daisen,大山,Mountains,"35.37815, 133.549696",https://www.tiktok.com/@random_japan_place/video/7670248107464133890,"Located in Tottori Prefecture, Daisen is the highest peak in the Chugoku region and a sacred stratovolcano long revered as a home of Shinto deities. Centered around Daisen-ji Temple and Ogamiyama Shrine, the mountain serves as a major historic hub for mountain asceticism (Shugendo) amidst sprawling beech forests and dramatic alpine slopes.","Situé dans la préfecture de Tottori, le Daisen est le plus haut sommet de la région du Chugoku et un stratovolcan sacré, vénéré depuis longtemps comme demeure des divinités shinto. Autour du temple Daisen-ji et du sanctuaire Ogamiyama, la montagne est un haut lieu historique de l'ascétisme montagnard (Shugendo), au milieu de vastes forêts de hêtres et de pentes alpines spectaculaires.",鳥取県にある大山は中国地方の最高峰で、古くから神々の宿る山として崇められてきた神聖な成層火山です。大山寺と大神山神社を中心に修験道の一大拠点として栄え、広大なブナ林と雄大な山肌が広がります。,photos/7670248107464133890.jpg,,Oui,,
Ushibuka Haiya Bridge,Pont Ushibuka Haiya,牛深ハイヤ大橋,Bridges,"32.190683, 130.026223",https://www.tiktok.com/@random_japan_place/video/7642413528053271830,"Located in Amakusa, Kumamoto Prefecture, Ushibuka Haiya Bridge is a modern architectural masterpiece designed by Renzo Piano, sweeping gracefully over Ushibuka Port. Built with an elegant, aerodynamic curve to minimize wind resistance, the structure beautifully blends contemporary civil engineering with the scenic coastal landscape while honoring the region's historic maritime heritage.","Situé à Amakusa, dans la préfecture de Kumamoto, le pont Ushibuka Haiya est un chef-d'œuvre d'architecture moderne conçu par Renzo Piano, qui enjambe gracieusement le port d'Ushibuka. Sa courbe élégante et aérodynamique limite la prise au vent, et l'ouvrage marie avec harmonie génie civil contemporain, paysage côtier et héritage maritime de la région.",熊本県天草市にある牛深ハイヤ大橋は、建築家レンゾ・ピアノが設計に携わった現代建築の傑作で、牛深港の上に優美な弧を描いています。風の抵抗を抑える流線形のカーブが特徴で、現代の土木技術と美しい海辺の景観、そして港町の歴史が見事に調和しています。,photos/7642413528053271830.jpg,,Oui,,
Tsuru no Maihashi Bridge,Pont Tsuru no Maihashi,鶴の舞橋,Bridges,"40.752056, 140.377215",https://www.tiktok.com/@random_japan_place/video/7648214558313696515,"Located in Tsuruta, Aomori Prefecture, Tsuru no Maihashi Bridge is Japan's longest triple-arch wooden bridge, spanning 300 meters across Tsugaru Fujimi Lake. Completed in 1994, it was built from over 700 Aomori cypress logs more than 150 years old, using traditional Japanese carpentry techniques. Its three sweeping arches evoke a pair of cranes taking flight, framed by views of Mount Iwaki, known locally as Tsugaru Fuji, and local legend holds that crossing the bridge brings long life.","Situé à Tsuruta, dans la préfecture d'Aomori, le pont Tsuru no Maihashi est le plus long pont en bois à trois arches du Japon : il franchit 300 mètres sur le lac Tsugaru Fujimi. Achevé en 1994, il a été construit avec plus de 700 troncs de cyprès d'Aomori âgés de plus de 150 ans, selon des techniques de charpenterie traditionnelles. Ses trois arches évoquent deux grues qui s'envolent, avec en toile de fond le mont Iwaki, et la légende dit que le traverser apporte une longue vie.",青森県鶴田町にある鶴の舞橋は、津軽富士見湖に架かる全長300メートルの日本一長い三連太鼓橋です。1994年に完成し、樹齢150年以上の青森ヒバ700本以上を使い、伝統的な木工技術で造られました。3つのアーチは鶴が舞う姿を思わせ、背景には「津軽富士」岩木山がそびえます。渡ると長生きできるという言い伝えもあります。,photos/7648214558313696515.jpg,,Oui,,
Shuri Castle,Château de Shuri,首里城,Castles,"26.217045, 127.719483",https://www.tiktok.com/@random_japan_place/video/7643858576523480342,"Located in Naha, Okinawa Prefecture, Shuri Castle was the royal palace and political center of the Ryukyu Kingdom from 1429 to 1879, blending Japanese, Chinese, and Southeast Asian architectural influences. Though its main hall has burned down and been rebuilt several times, most recently after a 2019 fire, the site remains part of the UNESCO World Heritage-listed Gusuku Sites of the Ryukyu Kingdom. Its vermilion Seiden hall and Shureimon Gate stand as enduring symbols of Okinawan cultural identity.","Situé à Naha, dans la préfecture d'Okinawa, le château de Shuri fut le palais royal et le centre politique du royaume de Ryukyu de 1429 à 1879, mêlant influences architecturales japonaises, chinoises et d'Asie du Sud-Est. Même si son bâtiment principal a brûlé et été reconstruit plusieurs fois, la dernière fois après un incendie en 2019, le site fait partie des Gusuku du royaume de Ryukyu, inscrits au patrimoine mondial de l'UNESCO. Sa salle Seiden vermillon et la porte Shureimon restent des symboles forts de l'identité culturelle d'Okinawa.",沖縄県那覇市にある首里城は、1429年から1879年まで琉球王国の王宮であり政治の中心でした。日本・中国・東南アジアの建築様式が融合しています。正殿は何度も焼失と再建を繰り返し、2019年の火災の後も復元が進められていますが、「琉球王国のグスク及び関連遺産群」としてユネスコ世界遺産に登録されています。朱色の正殿と守礼門は、沖縄の文化の象徴です。,photos/7643858576523480342.jpg,,Oui,,
Himeji Castle,Château de Himeji,姫路城,Castles,"34.839449, 134.693905",https://www.tiktok.com/@random_japan_place/video/7649489240199531778,"Located in Himeji City, Hyogo Prefecture, Himeji Castle is Japan's most celebrated feudal fortress and one of the country's first UNESCO World Heritage Sites, listed in 1993. Nicknamed Shirasagi-jo, or White Heron Castle, for its brilliant white plastered walls resembling a bird in flight, its main keep dates to 1609 and remains remarkably original, having survived earthquakes, fires, and WWII bombing raids largely unscathed. With 83 buildings and an elaborate defensive maze of gates and passages, it is widely regarded as the finest surviving example of Japanese castle architecture.","Situé à Himeji, dans la préfecture de Hyogo, le château de Himeji est la forteresse féodale la plus célèbre du Japon et l'un des premiers sites du pays inscrits au patrimoine mondial de l'UNESCO, en 1993. Surnommé Shirasagi-jo, le « château du Héron blanc », pour ses murs d'un blanc éclatant qui rappellent un oiseau en plein vol, son donjon date de 1609 et reste remarquablement authentique : il a survécu presque intact aux séismes, aux incendies et aux bombardements de la Seconde Guerre mondiale. Avec ses 83 bâtiments et son labyrinthe défensif de portes et de passages, il est considéré comme le plus bel exemple de château japonais encore debout.",兵庫県姫路市にある姫路城は、日本で最も有名な城で、1993年に日本初のユネスコ世界遺産のひとつに登録されました。白く輝く漆喰の壁が羽ばたく鳥のように見えることから「白鷺城」と呼ばれ、1609年に築かれた天守は地震や火災、第二次世界大戦の空襲をほぼ無傷で乗り越えてきました。83棟の建物と迷路のような門や通路をもち、現存する日本の城の最高傑作とされています。,photos/7649489240199531778.jpg,,Oui,,
Hirosaki Castle,Château de Hirosaki,弘前城,Castles,"40.607916, 140.463665",https://www.tiktok.com/@random_japan_place/video/7650552780922424598,"Located in Hirosaki, Aomori Prefecture, Hirosaki Castle was built in 1611 by the Tsugaru clan, who ruled the domain for 260 years until feudal rule ended in 1871. Its original five-story keep burned down after a lightning strike in 1627 and was rebuilt as the current three-story tower in 1810, making it Tohoku's only surviving Edo-period castle keep. Set within Hirosaki Park amid a triple moat, the castle is especially renowned for its cherry blossoms each spring and illuminated snow lantern festival in winter.","Situé à Hirosaki, dans la préfecture d'Aomori, le château de Hirosaki a été construit en 1611 par le clan Tsugaru, qui a gouverné le domaine pendant 260 ans jusqu'à la fin du régime féodal en 1871. Son donjon d'origine à cinq étages a brûlé après la chute de la foudre en 1627 ; l'actuelle tour à trois étages a été reconstruite en 1810, ce qui en fait le seul donjon de l'époque d'Edo encore debout dans le Tohoku. Au cœur du parc de Hirosaki et entouré d'un triple fossé, le château est particulièrement célèbre pour ses cerisiers en fleurs au printemps et son festival de lanternes de neige en hiver.",青森県弘前市にある弘前城は、1611年に津軽氏によって築かれ、1871年に藩政が終わるまで260年にわたり津軽藩の居城でした。当初の五層の天守は1627年に落雷で焼失し、現在の三層の天守は1810年に再建されたもので、東北地方で唯一現存する江戸時代の天守です。三重の堀に囲まれた弘前公園の中にあり、春の桜と冬の雪燈籠まつりで特に有名です。,photos/7650552780922424598.jpg,,Oui,,
Nagoya Castle,Château de Nagoya,名古屋城,Castles,"35.18475, 136.899688",https://www.tiktok.com/@random_japan_place/video/7653112663899131158,"Located in Naka Ward, Nagoya, Aichi Prefecture, Nagoya Castle was built in 1610 on the order of Tokugawa Ieyasu to secure the Owari region, becoming the seat of the Owari Tokugawa clan, one of the three senior Tokugawa branch families. It is famed for the golden shachihoko, mythical tiger-headed dolphin ornaments believed to ward off fire, that crown its main keep and have earned the castle the nickname Kinshachi-jo. The original keep was destroyed in a 1945 air raid and rebuilt in concrete in 1959, while the Honmaru Palace was meticulously reconstructed in wood with gold-leaf interiors, reopening in 2018.","Situé dans l'arrondissement de Naka, à Nagoya (préfecture d'Aichi), le château de Nagoya a été construit en 1610 sur ordre de Tokugawa Ieyasu pour contrôler la région d'Owari. Il devint le siège du clan Owari Tokugawa, l'une des trois branches principales de la famille Tokugawa. Il est célèbre pour ses shachihoko dorés, des créatures mythiques à tête de tigre et corps de poisson censées protéger du feu, qui couronnent le donjon et lui valent le surnom de Kinshachi-jo. Le donjon d'origine a été détruit par un bombardement en 1945 puis reconstruit en béton en 1959, tandis que le palais Honmaru a été minutieusement reconstruit en bois, avec des intérieurs à la feuille d'or, et a rouvert en 2018.",愛知県名古屋市中区にある名古屋城は、1610年に徳川家康の命により尾張の地を守るために築かれ、徳川御三家のひとつ尾張徳川家の居城となりました。火除けの守り神とされる金のシャチホコが天守の屋根に輝くことから「金鯱城」とも呼ばれます。天守は1945年の空襲で焼失し、1959年に鉄筋コンクリートで再建されました。一方、本丸御殿は金箔の内装とともに木造で忠実に復元され、2018年に公開されました。,photos/7653112663899131158.jpg,,Oui,,
Monkey D. Luffy Statue,Statue de Monkey D. Luffy,モンキー・D・ルフィ像,Statues,"32.789011, 130.741303",https://www.tiktok.com/@random_japan_place/video/7644255539110694166,"Located in front of the Kumamoto Prefectural Government Office in Chuo Ward, Kumamoto City, this bronze statue depicts Monkey D. Luffy, captain of the Straw Hat Pirates from Eiichiro Oda's One Piece. Unveiled in 2018, it was the first of ten statues placed across Kumamoto Prefecture as part of the ONE PIECE Kumamoto Revival Project, funded by Oda, a Kumamoto native, to support recovery after the 2016 earthquakes. The statue has become a pilgrimage site for manga and anime fans from around the world.","Située devant la préfecture de Kumamoto, dans l'arrondissement de Chuo, cette statue en bronze représente Monkey D. Luffy, capitaine de l'équipage du Chapeau de paille dans One Piece d'Eiichiro Oda. Inaugurée en 2018, c'est la première des dix statues installées dans la préfecture de Kumamoto dans le cadre du projet de reconstruction « ONE PIECE Kumamoto », financé par Oda, originaire de Kumamoto, pour soutenir la région après les séismes de 2016. La statue est devenue un lieu de pèlerinage pour les fans de manga et d'anime du monde entier.",熊本市中央区の熊本県庁前に立つこのブロンズ像は、尾田栄一郎さんの『ONE PIECE』に登場する麦わらの一味の船長、モンキー・D・ルフィです。2018年に設置され、熊本出身の尾田さんが2016年の熊本地震からの復興を応援する「ONE PIECE 熊本復興プロジェクト」で県内に置かれた10体の像の第1号となりました。今では世界中の漫画・アニメファンが訪れる聖地になっています。,,,Oui,,
Thirty Buddhas Nio Statues,Statues Nio des Trente Bouddhas,三十仏の仁王像,Statues,"33.611604, 131.613373",https://www.tiktok.com/@random_japan_place/video/7646873869042666774,"Located in Kunisaki, Oita Prefecture, this pair of weathered stone Nio guardian statues stands along a forest path among towering cedars, part of the Thirty Buddhas (Sanjubutsu) associated with the Kunisaki Peninsula. The peninsula is renowned for hundreds of rock-carved and stone Buddhist images scattered through its forests and cliffs, remnants of the ancient Rokugo Manzan tradition that fused Shinto mountain worship with Buddhism.","Situées à Kunisaki, dans la préfecture d'Oita, ces deux statues de gardiens Nio en pierre, patinées par le temps, se dressent le long d'un sentier forestier parmi d'immenses cèdres, et font partie des Trente Bouddhas (Sanjubutsu) de la péninsule de Kunisaki. La péninsule est réputée pour ses centaines de bouddhas sculptés dans la roche ou en pierre, disséminés dans les forêts et les falaises, vestiges de l'ancienne tradition Rokugo Manzan, qui unissait le culte shinto des montagnes et le bouddhisme.",大分県国東市にあるこの一対の石造仁王像は、杉の巨木が立ち並ぶ森の小道に立ち、国東半島の「三十仏」にまつわる石仏です。国東半島には、森や岩壁のあちこちに数百もの磨崖仏や石仏が残り、山岳信仰と仏教が融合した古い「六郷満山」文化を今に伝えています。,photos/7646873869042666774.jpg,,Oui,,
Takachiho Gorge,Gorges de Takachiho,高千穂峡,Waterfalls,"32.701278, 131.300727",https://www.tiktok.com/@random_japan_place/video/7645362939456785686,"Located in Takachiho Town, Miyazaki Prefecture, Takachiho Gorge is a narrow basalt canyon carved by the Gokase River through lava from an ancient Mount Aso eruption, with columnar cliff walls reaching 80 to 100 meters. Its centerpiece, Manai Falls, drops 17 meters directly into the gorge and is ranked among Japan's top 100 waterfalls. Visitors can rent rowboats to glide along the emerald water beneath the cliffs, making it one of Kyushu's most iconic scenic spots.","Situées à Takachiho, dans la préfecture de Miyazaki, les gorges de Takachiho forment un étroit canyon de basalte creusé par la rivière Gokase dans la lave d'une ancienne éruption du mont Aso, avec des falaises en colonnes de 80 à 100 mètres de haut. Sa pièce maîtresse, la cascade de Manai, plonge de 17 mètres directement dans la gorge et figure parmi les 100 plus belles cascades du Japon. On peut louer une barque pour glisser sur l'eau émeraude au pied des falaises : c'est l'un des sites les plus emblématiques de Kyushu.",宮崎県高千穂町にある高千穂峡は、阿蘇山の噴火による溶岩を五ヶ瀬川が削ってできた狭い渓谷で、高さ80〜100メートルの柱状節理の断崖が続きます。見どころの真名井の滝は、落差17メートルで峡谷へ直接流れ落ち、「日本の滝百選」にも選ばれています。貸しボートでエメラルド色の水面を進むことができ、九州を代表する景勝地のひとつです。,photos/7645362939456785686.jpg,,Oui,,
Oshinkoshin Falls,Chutes d'Oshinkoshin,オシンコシンの滝,Waterfalls,"44.038001, 144.935195",https://www.tiktok.com/@random_japan_place/video/7651277560634002710,"Located in Shari, Hokkaido, along National Route 334 on the way to the Shiretoko Peninsula, Oshinkoshin Falls is ranked among Japan's 100 best waterfalls. Nicknamed the Twin Beauties Waterfall because its stream splits into two distinct cascades partway down a rugged 80-meter cliff, its Ainu name means where Sakhalin spruce grow in clusters. A stairway climbs partway up the falls for a close view of the rushing water, with the Sea of Okhotsk visible from the top.","Situées à Shari, à Hokkaido, le long de la route nationale 334 en direction de la péninsule de Shiretoko, les chutes d'Oshinkoshin font partie des 100 plus belles cascades du Japon. Surnommées « les deux beautés » car le cours d'eau se sépare en deux cascades à mi-hauteur d'une falaise de 80 mètres, leur nom aïnou signifie « là où poussent en bosquets les épicéas de Sakhaline ». Un escalier permet de monter en partie le long de la chute pour admirer l'eau de près, avec la mer d'Okhotsk visible depuis le haut.",北海道斜里町、知床半島へ向かう国道334号沿いにあるオシンコシンの滝は、「日本の滝百選」のひとつです。高さ約80メートルの岩肌の途中で流れが二手に分かれることから「双美の滝」とも呼ばれ、アイヌ語で「エゾマツが群生するところ」という意味の名をもちます。階段で滝の中ほどまで上ると迫力ある流れを間近に見られ、上からはオホーツク海も望めます。,photos/7651277560634002710.jpg,,Oui,,
Gokayama,Gokayama,五箇山,Villages,"36.426103, 136.935619",https://www.tiktok.com/@random_japan_place/video/7645659293513108739,"Located in Nanto, Toyama Prefecture, Gokayama is a UNESCO World Heritage village celebrated for its gassho-zukuri farmhouses, whose steep thatched roofs were built to withstand heavy snowfall. Long isolated by surrounding mountains, the Suganuma and Ainokura hamlets preserve houses up to 400 years old, historically sustained by silk cultivation, washi papermaking, and gunpowder production. Together with nearby Shirakawa-go, Gokayama forms one of Japan's most iconic traditional mountain landscapes.","Situé à Nanto, dans la préfecture de Toyama, Gokayama est un village inscrit au patrimoine mondial de l'UNESCO, célèbre pour ses fermes gassho-zukuri dont les toits de chaume très pentus résistent aux fortes chutes de neige. Longtemps isolés par les montagnes, les hameaux de Suganuma et d'Ainokura conservent des maisons vieilles de 400 ans, qui vivaient autrefois de la sériciculture, de la fabrication de papier washi et de la production de poudre à canon. Avec le village voisin de Shirakawa-go, Gokayama forme l'un des paysages de montagne traditionnels les plus emblématiques du Japon.",富山県南砺市にある五箇山は、豪雪に耐えるための急な茅葺き屋根をもつ合掌造り集落で知られるユネスコ世界遺産です。周囲を山に囲まれて長く孤立していた菅沼と相倉の集落には、築400年ともいわれる家屋が残り、かつては養蚕や和紙づくり、火薬の原料づくりで暮らしを支えていました。近くの白川郷とともに、日本を代表する山里の原風景をつくっています。,photos/7645659293513108739.jpg,,Oui,,
Ghibli Park,Parc Ghibli,ジブリパーク,Theme Parks,"35.175037, 137.08877",https://www.tiktok.com/@random_japan_place/video/7647233431448898838,"Located in Nagakute, Aichi Prefecture, Ghibli Park is the world's only official Studio Ghibli theme park, opened in November 2022 within the grounds of the former Expo 2005. Rather than thrill rides, it offers life-size recreations of scenes from beloved Ghibli films, including Satsuki and Mei's House from My Neighbor Totoro, the witch's house from Kiki's Delivery Service, and a towering reproduction of Howl's Moving Castle. Spread across five themed areas set within forest and parkland, it draws around 1.8 million visitors a year.","Situé à Nagakute, dans la préfecture d'Aichi, le parc Ghibli est le seul parc à thème officiel du Studio Ghibli au monde. Il a ouvert en novembre 2022 sur le site de l'ancienne Exposition universelle de 2005. Pas de manèges à sensations ici : on y découvre des reconstitutions grandeur nature de scènes des films Ghibli, comme la maison de Satsuki et Mei de Mon voisin Totoro, la maison de Kiki la petite sorcière et une immense réplique du Château ambulant. Réparti sur cinq zones au milieu des bois et des parcs, il attire environ 1,8 million de visiteurs par an.",愛知県長久手市にあるジブリパークは、2005年の愛・地球博の会場跡地に2022年11月に開園した、世界で唯一のスタジオジブリ公式テーマパークです。絶叫マシンはなく、『となりのトトロ』のサツキとメイの家や『魔女の宅急便』の魔女の家、そして巨大な『ハウルの動く城』など、ジブリ作品の世界が実物大で再現されています。森と公園に広がる5つのエリアに、年間約180万人が訪れます。,,,Oui,,
Shirogane Blue Pond,Étang bleu de Shirogane,白金青い池,Lakes & Ponds,"43.493474, 142.614214",https://www.tiktok.com/@random_japan_place/video/7651317213797944598,"Located in Biei, Hokkaido, Shirogane Blue Pond formed by accident during construction of a dam built in 1988 to protect the town from volcanic mudflows off Mount Tokachi. Its striking cobalt-blue color comes from colloidal aluminum hydroxide carried by mineral-rich groundwater from nearby Shirahige Falls mixing with the Biei River, scattering sunlight in a way that shifts from milky turquoise to deep blue with the light and season. Pale trunks of dead larch trees rise from the still water, and the pond gained worldwide fame after being featured as an official Apple OS X wallpaper in 2012.","Situé à Biei, à Hokkaido, l'étang bleu de Shirogane s'est formé par hasard lors de la construction d'un barrage en 1988, destiné à protéger la ville des coulées de boue volcaniques du mont Tokachi. Sa couleur bleu cobalt vient de l'hydroxyde d'aluminium apporté par les eaux souterraines riches en minéraux des chutes Shirahige, qui se mélangent à la rivière Biei et diffusent la lumière du soleil : sa teinte varie du turquoise laiteux au bleu profond selon la lumière et la saison. Des troncs pâles de mélèzes morts émergent de l'eau immobile, et l'étang est devenu célèbre dans le monde entier après avoir servi de fond d'écran officiel à OS X d'Apple en 2012.",北海道美瑛町にある白金青い池は、十勝岳の火山泥流から町を守るため1988年に造られた堰堤によって偶然生まれた池です。近くの白ひげの滝から流れ出るミネラル豊富な湧き水に含まれるアルミニウムが美瑛川の水と混ざり、光を散乱させることで、季節や光の加減によって乳白色がかったターコイズから深い青へと色を変えます。静かな水面から白く立ち枯れたカラマツが伸び、2012年にAppleのOS Xの壁紙に採用されて世界的に有名になりました。,photos/7651317213797944598.jpg,,Oui,,
Lake Tazawa,Lac Tazawa,田沢湖,Lakes & Ponds,"39.716853, 140.654486",https://www.tiktok.com/@random_japan_place/video/7653878257175022870,"Located in Semboku, Akita Prefecture, Lake Tazawa is Japan's deepest lake at 423.4 meters, a nearly circular caldera lake with a shoreline of about 20 kilometers. Its extreme depth keeps it from ever freezing, and its clear water shifts between lapis blue and indigo with the seasons. The lake is tied to the legend of Princess Tatsuko, who drank from a cursed spring seeking eternal beauty and was transformed into a dragon, now commemorated by a golden statue on its western shore, while the vermilion torii of Goza-no-ishi Shrine marks the lake's northern point.","Situé à Semboku, dans la préfecture d'Akita, le lac Tazawa est le lac le plus profond du Japon (423,4 mètres) : un lac de caldeira presque circulaire d'environ 20 kilomètres de rivage. Sa grande profondeur l'empêche de geler, et son eau claire passe du bleu lapis à l'indigo selon les saisons. Le lac est lié à la légende de la princesse Tatsuko, qui but à une source maudite pour obtenir la beauté éternelle et fut changée en dragon ; une statue dorée la représente sur la rive ouest, tandis que le torii vermillon du sanctuaire Goza-no-ishi marque la pointe nord du lac.",秋田県仙北市にある田沢湖は、水深423.4メートルを誇る日本一深い湖で、周囲約20キロのほぼ円形のカルデラ湖です。深さのため冬でも凍ることがなく、澄んだ湖水は季節によって瑠璃色から藍色へと表情を変えます。永遠の美しさを求めて泉の水を飲み、龍に姿を変えた「辰子姫」の伝説が残り、西岸には金色の辰子像が、北岸には御座石神社の朱色の鳥居が立っています。,photos/7653878257175022870.jpg,,Oui,,
Keya no Oto,Keya no Oto,芥屋の大門,Nature & Caves,"33.594961, 130.109812",https://www.tiktok.com/@random_japan_place/video/7651371567011663126,"Located at Cape Oto on the northwestern tip of the Itoshima Peninsula, Fukuoka Prefecture, Keya no Oto is one of Japan's three largest basalt caves, carved by the Genkai Sea into towering hexagonal and octagonal columnar rock formations. Designated a National Natural Monument, the cave rises 64 meters high, stretches 90 meters deep, and is only accessible by sightseeing boat from Keya Fishing Port between March and November. A short coastal hike also leads to a clifftop viewpoint overlooking the cave and the surrounding Genkai Quasi-National Park.","Situé au cap Oto, à la pointe nord-ouest de la péninsule d'Itoshima (préfecture de Fukuoka), Keya no Oto est l'une des trois plus grandes grottes de basalte du Japon, creusée par la mer de Genkai dans d'impressionnantes colonnes rocheuses hexagonales et octogonales. Classée monument naturel national, la grotte s'élève à 64 mètres et s'enfonce sur 90 mètres ; on ne peut la visiter qu'en bateau depuis le port de pêche de Keya, de mars à novembre. Une courte randonnée côtière mène aussi à un belvédère au sommet de la falaise, avec vue sur la grotte et le parc quasi national de Genkai.",福岡県糸島半島の北西端、大門崎にある芥屋の大門は、玄界灘の荒波が六角形や八角形の柱状の岩を削ってできた、日本三大玄武洞のひとつです。国の天然記念物に指定され、高さ64メートル、奥行き90メートルの洞窟は、3月から11月まで芥屋漁港から出る遊覧船でのみ近くで見ることができます。海沿いの短い遊歩道を歩けば、洞窟と玄海国定公園を見下ろす断崖上の展望所にも行けます。,,,Oui,,
Shimonada Station,Gare de Shimonada,下灘駅,Trains & Railways,"33.6554, 132.5894",https://www.tiktok.com/@random_japan_place/video/7678406728316226838,"Located in Iyo, Ehime Prefecture, Shimonada Station is a tiny unstaffed station on the JR Yosan Line, perched right above the Seto Inland Sea. With nothing but a single platform, a small shelter and the open sea in front, it is famous for its dreamy sunsets and has appeared in countless posters, films and photo shoots.","Située à Iyo, dans la préfecture d'Ehime, la gare de Shimonada est une minuscule gare sans personnel de la ligne JR Yosan, perchée juste au-dessus de la mer intérieure de Seto. Avec un seul quai, un petit abri et la mer à perte de vue, elle est célèbre pour ses couchers de soleil de rêve et apparaît dans d'innombrables affiches, films et séances photo.",愛媛県伊予市にある下灘駅は、瀬戸内海のすぐ上に位置するJR予讃線の小さな無人駅です。ホームがひとつと小さな待合所があるだけで、目の前には海が広がり、夢のような夕日の名所として数多くのポスターや映画、撮影に登場しています。,,,Oui,Oui,
Uradome Coast,Côte d'Uradome,浦富海岸,Coast & Beaches,"35.6071, 134.3376",https://www.tiktok.com/@random_japan_place/video/7668035679124819222,"Located in Iwami, Tottori Prefecture, the Uradome Coast is a stretch of dramatic granite cliffs, sea caves and pine-topped islets along the Sea of Japan, part of the San'in Kaigan UNESCO Global Geopark. Its crystal-clear turquoise water is best explored by sightseeing boat or kayak, earning it the nickname of the Matsushima of the San'in region.","Située à Iwami, dans la préfecture de Tottori, la côte d'Uradome est une succession de falaises de granit spectaculaires, de grottes marines et d'îlots couronnés de pins le long de la mer du Japon, au sein du géoparc mondial UNESCO de San'in Kaigan. Ses eaux turquoise et cristallines se découvrent idéalement en bateau ou en kayak, ce qui lui vaut le surnom de « Matsushima du San'in ».",鳥取県岩美町にある浦富海岸は、日本海沿いに花崗岩の断崖や海食洞、松の生えた小島が続く景勝地で、山陰海岸ユネスコ世界ジオパークの一部です。透き通ったエメラルドグリーンの海は遊覧船やカヤックで楽しむのがおすすめで、「山陰の松島」とも呼ばれています。,,,Oui,Oui,
Human Beach Nagase Walkway (Etajima),Promenade de la plage Nagase (Etajima),ヒューマンビーチ長瀬の遊歩道,Coast & Beaches,"34.22644, 132.4529",https://www.tiktok.com/@random_japan_place/video/7660620533033143574,"Located on Etajima Island in Hiroshima Prefecture, the Human Beach Nagase walkway is a stone promenade that stretches out into the calm waters of the Seto Inland Sea. At high tide the path seems to float on the sea, creating a mirror-like scene that has become a hidden photo spot, especially at sunset.","Située sur l'île d'Etajima, dans la préfecture d'Hiroshima, la promenade de la plage Nagase est un chemin de pierre qui s'avance dans les eaux calmes de la mer intérieure de Seto. À marée haute, le chemin semble flotter sur la mer et crée un effet miroir qui en a fait un spot photo secret, surtout au coucher du soleil.",広島県江田島にあるヒューマンビーチ長瀬の遊歩道は、穏やかな瀬戸内海へと延びる石畳の散歩道です。満潮時には道が海に浮かんでいるように見え、鏡のような景色が広がることから、特に夕暮れ時の隠れた撮影スポットになっています。,,,Oui,Oui,
Takasumi Shrine,Sanctuaire Takasumi,高住神社,Shrines,"33.4840, 130.9330",https://www.tiktok.com/@random_japan_place/video/7686188611892481302,"Located in Soeda, Fukuoka Prefecture, Takasumi Shrine sits deep in the forests at the foot of Mount Hiko, a sacred mountain long associated with Shugendo mountain asceticism. Reached by mossy stone steps lined with towering cedars and old lanterns, it is revered as a guardian of cattle and farming and offers a truly mystical atmosphere.","Situé à Soeda, dans la préfecture de Fukuoka, le sanctuaire Takasumi se cache dans les forêts au pied du mont Hiko, une montagne sacrée liée depuis longtemps à l'ascétisme montagnard Shugendo. On y accède par des marches de pierre moussues bordées de cèdres géants et de vieilles lanternes ; vénéré comme protecteur du bétail et de l'agriculture, il dégage une atmosphère vraiment mystique.",福岡県添田町にある高住神社は、古くから修験道の霊山として知られる英彦山の麓、深い森の中に鎮座しています。巨大な杉と古い灯籠が並ぶ苔むした石段を上った先にあり、牛馬や農業の守り神として崇められ、神秘的な雰囲気に包まれています。,,,Oui,Oui,
The Great Wisteria of Nakayama,La grande glycine de Nakayama,中山の大藤,Flowers,"33.1685, 130.4742",https://www.tiktok.com/@random_japan_place/video/7689894162954554646,"Located in Yanagawa, Fukuoka Prefecture, the Great Wisteria of Nakayama grows in the grounds of Nakayama Kumano Shrine and is more than 300 years old. Every spring, around mid-April, its huge trellis turns into a ceiling of cascading purple flowers, and a festival with evening illuminations draws visitors from all over Kyushu.","Située à Yanagawa, dans la préfecture de Fukuoka, la grande glycine de Nakayama pousse dans l'enceinte du sanctuaire Nakayama Kumano et a plus de 300 ans. Chaque printemps, vers la mi-avril, son immense treille se transforme en un plafond de fleurs violettes en cascade, et un festival avec illuminations nocturnes attire des visiteurs de tout Kyushu.",福岡県柳川市にある中山の大藤は、中山熊野神社の境内に育つ樹齢300年を超える藤の古木です。毎年4月中旬ごろになると、大きな藤棚一面に紫の花房が垂れ下がり、夜のライトアップも行われる「中山大藤まつり」には九州各地から多くの人が訪れます。,,,Oui,Oui,
Ryusho Falls,Cascade de Ryusho,龍昇の滝,Waterfalls,"33.18507, 131.39843",https://www.tiktok.com/@random_japan_place/video/7690237422529023254,"Located in the Shonai area of Yufu, Oita Prefecture, Ryusho Falls is a hidden 25-meter waterfall reached through a short hand-dug tunnel carved into the rock. After walking through the dark passage, visitors suddenly discover the falls tumbling into a quiet green grotto, making it one of Oita's best-kept secrets.","Située dans le quartier de Shonai, à Yufu (préfecture d'Oita), la cascade de Ryusho est une chute cachée de 25 mètres à laquelle on accède par un petit tunnel creusé à la main dans la roche. Après ce passage sombre, on découvre soudain la cascade qui plonge dans une grotte verdoyante et paisible : l'un des secrets les mieux gardés d'Oita.",大分県由布市庄内町にある龍昇の滝は、岩を手掘りした短いトンネルを抜けた先に現れる落差25メートルの隠れた滝です。暗いトンネルを抜けると、緑に包まれた静かな岩屋に流れ落ちる滝が突然姿を見せ、大分の知る人ぞ知る絶景スポットになっています。,,,Oui,Oui,
Hirosaki Park,Parc de Hirosaki,弘前公園,Gardens,"40.6052, 140.4615",https://www.tiktok.com/@random_japan_place/video/7668383788157685014,"Located in Hirosaki, Aomori Prefecture, Hirosaki Park surrounds the historic Hirosaki Castle and is considered one of the most beautiful cherry blossom spots in Japan, with around 2,600 trees. In spring, fallen petals cover the castle moats and form a famous pink carpet known as the hanaikada, or flower raft.","Situé à Hirosaki, dans la préfecture d'Aomori, le parc de Hirosaki entoure le château historique de Hirosaki et compte parmi les plus beaux lieux de floraison des cerisiers du Japon, avec environ 2 600 arbres. Au printemps, les pétales tombés recouvrent les douves du château et forment un célèbre tapis rose appelé hanaikada, le « radeau de fleurs ».",青森県弘前市にある弘前公園は、歴史ある弘前城を囲む公園で、約2600本の桜が咲く日本屈指の桜の名所です。春にはお濠の水面を散った花びらが埋め尽くし、「花筏」と呼ばれるピンクのじゅうたんが広がります。,,,Oui,Oui,
Ine Fishing Village,Village de pêcheurs d'Ine,伊根の舟屋,Villages,"35.6749, 135.2894",https://www.tiktok.com/@random_japan_place/video/7685840879885634838,"Located in Ine, on the northern coast of Kyoto Prefecture, Ine is a fishing village famous for its funaya: around 230 wooden boathouses built right on the water's edge, with a boat garage on the ground floor and living space above. Lining the calm Ine Bay, the village is one of Japan's most picturesque seaside landscapes and can be admired from a small sightseeing boat.","Situé à Ine, sur la côte nord de la préfecture de Kyoto, Ine est un village de pêcheurs célèbre pour ses funaya : environ 230 maisons-hangars à bateaux en bois construites au ras de l'eau, avec un garage pour le bateau au rez-de-chaussée et l'habitation à l'étage. Alignées le long de la baie calme d'Ine, elles forment l'un des paysages côtiers les plus pittoresques du Japon, à admirer depuis un petit bateau.",京都府北部の伊根町にある伊根の舟屋は、海ぎりぎりに建てられた約230軒の木造の舟屋が並ぶ漁村です。1階が船のガレージ、2階が住まいになっていて、穏やかな伊根湾に沿って続く家並みは日本屈指の美しい海辺の風景として、遊覧船からも楽しめます。,,,Oui,Oui,
Dangyokei Gorge,Gorges de Dangyokei,断魚渓,Waterfalls,"34.91903, 132.48035",https://www.tiktok.com/@random_japan_place/video/7671342289221946646,"Located in Ohnan, Shimane Prefecture, Dangyokei is a four-kilometer gorge carved by the Nigori River, a tributary of the Gonokawa. Its name means where the fish are cut off, as its waterfalls and rapids are said to be impossible for fish to climb, and its strange rock formations, clear pools and autumn foliage make it a designated national scenic spot.","Situées à Ohnan, dans la préfecture de Shimane, les gorges de Dangyokei s'étendent sur quatre kilomètres, creusées par la rivière Nigori, un affluent du Gonokawa. Leur nom signifie « là où les poissons sont arrêtés », car ses cascades et rapides seraient infranchissables pour les poissons ; ses rochers étranges, ses bassins limpides et ses couleurs d'automne en font un site pittoresque national.",島根県邑南町にある断魚渓は、江の川の支流・濁川がつくり出した約4キロにわたる渓谷です。滝や急流が続き魚も上れないことからこの名がついたとされ、奇岩や澄んだ淵、秋の紅葉が美しい国の名勝に指定されています。,,,Oui,Oui,
Cape Notoro-misaki,Cap Notoro,能取岬,Capes & Lighthouses,"44.1122, 144.2432",https://www.tiktok.com/@random_japan_place/video/7689511503317257494,"Located in Abashiri, Hokkaido, Cape Notoro is a grassy headland rising about 40 meters above the Sea of Okhotsk, crowned by a striking black-and-white striped lighthouse. Surrounded by wide open meadows, it offers breathtaking views of the sea, and in winter it is one of the best places to watch drift ice.","Situé à Abashiri, à Hokkaido, le cap Notoro est un promontoire herbeux qui domine d'environ 40 mètres la mer d'Okhotsk, couronné d'un phare rayé noir et blanc. Entouré de vastes prairies, il offre une vue à couper le souffle sur la mer et compte, en hiver, parmi les meilleurs endroits pour observer la banquise dérivante.",北海道網走市にある能取岬は、オホーツク海から約40メートルの高さにそびえる草原の岬で、白と黒の縞模様の灯台が目印です。広大な草原に囲まれて海の絶景が広がり、冬には流氷を眺める絶好のスポットにもなります。,,,Oui,Oui,
Lake Kinrin,Lac Kinrin,金鱗湖,Lakes & Ponds,"33.2667, 131.3690",https://www.tiktok.com/@random_japan_place/video/7687614739777686806,"Located in the hot spring town of Yufuin, Oita Prefecture, Lake Kinrin is a small pond fed by both cold springs and hot springs. On cold autumn and winter mornings, the warm water creates a magical morning mist over the surface, and its name, golden scales, comes from fish whose scales once shone gold in the setting sun.","Situé dans la ville thermale de Yufuin, dans la préfecture d'Oita, le lac Kinrin est un petit étang alimenté à la fois par des sources froides et des sources chaudes. Les matins froids d'automne et d'hiver, l'eau tiède crée une brume magique à sa surface ; son nom, « écailles d'or », vient de poissons dont les écailles brillaient d'or au soleil couchant.",大分県の温泉地・由布院にある金鱗湖は、湧き水と温泉が流れ込む小さな湖です。秋から冬の冷え込んだ朝には湖面から朝霧が立ちのぼる幻想的な光景が見られ、夕日に照らされた魚の鱗が金色に輝いたことからこの名がついたといわれています。,,,Oui,Oui,
Bungo Mori Roundhouse,Rotonde ferroviaire de Bungo-Mori,旧豊後森機関庫,Trains & Railways,"33.28106, 131.1586",https://www.tiktok.com/@random_japan_place/video/7687201918770253078,"Located in Kusu, Oita Prefecture, the Bungo Mori Roundhouse is a fan-shaped locomotive shed built in 1934, one of the very few of its kind still standing in Japan. Now a registered tangible cultural property, the concrete building with its turntable and old steam locomotive has become a nostalgic spot for railway and photography lovers.","Située à Kusu, dans la préfecture d'Oita, la rotonde de Bungo-Mori est un dépôt de locomotives en éventail construit en 1934, l'un des très rares encore debout au Japon. Aujourd'hui bien culturel enregistré, ce bâtiment en béton, avec sa plaque tournante et sa vieille locomotive à vapeur, est devenu un lieu nostalgique pour les amoureux du train et de la photo.",大分県玖珠町にある旧豊後森機関庫は、1934年に建てられた扇形の機関庫で、日本に現存する数少ない貴重な建物です。国の登録有形文化財となり、転車台や蒸気機関車とともに残るコンクリートの建物は、鉄道ファンや写真好きに人気のノスタルジックなスポットです。,,,Oui,Oui,
Ōasahiko Shrine,Sanctuaire Ōasahiko,大麻比古神社,Shrines,"34.1703, 134.5024",https://www.tiktok.com/@random_japan_place/video/7686902051380399382,"Located in Naruto, Tokushima Prefecture, Ōasahiko Shrine is the Ichinomiya, or principal shrine, of the former Awa Province, known locally as Obasan. A long approach lined with tall trees leads to its hall, and a giant sacred camphor tree over 1,000 years old stands in the grounds, along with a small stone bridge built by German prisoners of war during WWI.","Situé à Naruto, dans la préfecture de Tokushima, le sanctuaire Ōasahiko est l'Ichinomiya (sanctuaire principal) de l'ancienne province d'Awa, affectueusement appelé « Obasan » par les habitants. Une longue allée bordée de grands arbres mène au bâtiment principal ; dans l'enceinte se dressent un camphrier sacré de plus de 1 000 ans et un petit pont de pierre construit par des prisonniers de guerre allemands pendant la Première Guerre mondiale.",徳島県鳴門市にある大麻比古神社は、旧阿波国の一宮で、地元では「おおあさはん」と親しまれています。大木が並ぶ長い参道の先に社殿があり、境内には樹齢1000年を超える御神木の大楠や、第一次世界大戦中にドイツ兵捕虜が造った石橋「ドイツ橋」が残っています。,,,Oui,Oui,
Lake Notoro,Lac Notoro,能取湖,Lakes & Ponds,"44.0007, 144.0884",https://www.tiktok.com/@random_japan_place/video/7686557819562183958,"Located in Abashiri, Hokkaido, Lake Notoro is a large lagoon connected to the Sea of Okhotsk. Every September, its shores near Ubaranai turn bright red as the coral grass (salicornia) changes color, creating one of Hokkaido's most surprising autumn landscapes.","Situé à Abashiri, à Hokkaido, le lac Notoro est une grande lagune reliée à la mer d'Okhotsk. Chaque mois de septembre, ses rives près d'Ubaranai virent au rouge vif lorsque la salicorne (« herbe corail ») change de couleur, offrant l'un des paysages d'automne les plus étonnants de Hokkaido.",北海道網走市にある能取湖は、オホーツク海とつながる大きな潟湖です。毎年9月になると、卯原内の湖岸一面でサンゴ草（アッケシソウ）が真っ赤に色づき、北海道でも屈指の驚きの秋景色が広がります。,,,Oui,Oui,
Harajiri Falls,Chutes de Harajiri,原尻の滝,Waterfalls,"32.9644, 131.4512",https://www.tiktok.com/@random_japan_place/video/7685680797877095713,"Located in Bungo-Ono, Oita Prefecture, Harajiri Falls is a wide curtain of water about 120 meters across and 20 meters high, often called the Niagara of the Orient. Unusually, it sits in the middle of rice fields, formed by lava from an ancient Mount Aso eruption, and a suspension bridge lets visitors admire it from above.","Situées à Bungo-Ono, dans la préfecture d'Oita, les chutes de Harajiri forment un large rideau d'eau d'environ 120 mètres de large pour 20 mètres de haut, souvent surnommé le « Niagara de l'Orient ». Fait rare, elles se trouvent au milieu des rizières, sculptées dans la lave d'une ancienne éruption du mont Aso, et un pont suspendu permet de les admirer d'en haut.",大分県豊後大野市にある原尻の滝は、幅約120メートル、高さ約20メートルの大きな滝で、「東洋のナイアガラ」とも呼ばれます。阿蘇山の噴火による溶岩が削られてできた珍しい滝で、田園地帯の中に突然現れ、吊り橋から滝を見下ろすこともできます。,,,Oui,Oui,
Kuon-ji,Temple Kuon-ji,身延山久遠寺,Temples,"35.3812, 138.4270",https://www.tiktok.com/@random_japan_place/video/7685070501219175702,"Located on Mount Minobu in Minobu, Yamanashi Prefecture, Kuon-ji is the head temple of Nichiren Buddhism, founded in 1274 by the monk Nichiren himself. It is famous for its steep stairway of 287 steps, its five-story pagoda and its magnificent weeping cherry trees that bloom in early spring.","Situé sur le mont Minobu, à Minobu (préfecture de Yamanashi), le Kuon-ji est le temple principal du bouddhisme de Nichiren, fondé en 1274 par le moine Nichiren lui-même. Il est célèbre pour son escalier raide de 287 marches, sa pagode à cinq étages et ses magnifiques cerisiers pleureurs qui fleurissent au début du printemps.",山梨県身延町の身延山にある久遠寺は、1274年に日蓮聖人が開いた日蓮宗の総本山です。287段の急な石段「菩提梯」や五重塔、そして春先に咲き誇る見事なしだれ桜で知られています。,,,Oui,Oui,
Tokoji Temple,Temple Tokoji,東光寺,Temples,"34.4133, 131.4248",https://www.tiktok.com/@random_japan_place/video/7684648224648334614,"Located in Hagi, Yamaguchi Prefecture, Tokoji is a Zen temple founded in 1691 as the family temple of the Mori clan, the lords of the Hagi domain. Behind the main hall, around 500 stone lanterns offered by their retainers stand in neat rows before the lords' graves, and they are all lit during a lantern festival every August.","Situé à Hagi, dans la préfecture de Yamaguchi, le Tokoji est un temple zen fondé en 1691 comme temple familial du clan Mori, seigneurs du domaine de Hagi. Derrière le bâtiment principal, environ 500 lanternes de pierre offertes par leurs vassaux s'alignent devant les tombes des seigneurs, et toutes sont allumées lors d'un festival des lanternes chaque mois d'août.",山口県萩市にある東光寺は、1691年に萩藩主・毛利家の菩提寺として創建された禅寺です。本堂の奥には藩主の墓所の前に家臣たちが寄進した約500基の石灯籠が整然と並び、毎年8月の「萩・万灯会」ではそのすべてに灯りがともされます。,,,Oui,Oui,
Fukuurajima,Île de Fukuura,福浦島,Islands,"38.3671, 141.0713",https://www.tiktok.com/@random_japan_place/video/7684245039391755542,"Located in Matsushima Bay, Miyagi Prefecture, Fukuurajima is a small wooded island connected to the shore by a 252-meter vermilion bridge known as Fukuura Bridge. Home to around 300 plant species, it offers peaceful walking trails and lovely views over the pine-covered islets of Matsushima, one of Japan's three most scenic views.","Située dans la baie de Matsushima, dans la préfecture de Miyagi, Fukuurajima est une petite île boisée reliée au rivage par un pont vermillon de 252 mètres, le pont Fukuura. Abritant environ 300 espèces de plantes, elle propose de paisibles sentiers de promenade et de belles vues sur les îlots couverts de pins de Matsushima, l'un des trois plus beaux paysages du Japon.",宮城県の松島湾に浮かぶ福浦島は、全長252メートルの朱塗りの「福浦橋」で陸とつながる小さな島です。約300種の植物が自生し、島を一周する遊歩道からは日本三景・松島の松に覆われた島々を眺めることができます。,,,Oui,Oui,
Nomizo Falls,Cascade de Nomizo,濃溝の滝,Waterfalls,"35.1851, 140.0599",https://www.tiktok.com/@random_japan_place/video/7683981436843658518,"Located in Kimitsu, Chiba Prefecture, Nomizo Falls lies inside a man-made cave tunnel dug in the Edo period to divert a river for rice fields. On sunny mornings around the equinoxes, sunlight shines through the tunnel and reflects on the water to form a heart shape, which has made it a famous and romantic photo spot.","Située à Kimitsu, dans la préfecture de Chiba, la cascade de Nomizo se trouve dans un tunnel-grotte creusé à l'époque d'Edo pour détourner une rivière vers les rizières. Les matins ensoleillés autour des équinoxes, la lumière traverse le tunnel et se reflète sur l'eau en formant un cœur, ce qui en a fait un spot photo célèbre et romantique.",千葉県君津市にある濃溝の滝は、江戸時代に田んぼへ水を引くために掘られた洞窟（川廻し）の中にある滝です。春分・秋分のころの晴れた朝には、洞窟に差し込む光が水面に映ってハートの形に見えることから、ロマンチックな撮影スポットとして人気を集めています。,,,Oui,Oui,
Amanohashidate View Land,Amanohashidate View Land,天橋立ビューランド,Viewpoints,"35.5524, 135.1816",https://www.tiktok.com/@random_japan_place/video/7683603388667350294,"Located in Miyazu, Kyoto Prefecture, Amanohashidate View Land is a small hilltop amusement park reached by chairlift or monorail, overlooking Amanohashidate, a 3.6-kilometer pine-covered sandbar and one of Japan's three most scenic views. Tradition says you should bend over and look at it upside down between your legs, so the sandbar looks like a bridge flying into the sky.","Situé à Miyazu, dans la préfecture de Kyoto, Amanohashidate View Land est un petit parc d'attractions perché sur une colline, accessible en télésiège ou en monorail, qui domine Amanohashidate, un banc de sable couvert de pins de 3,6 kilomètres et l'un des trois plus beaux paysages du Japon. La tradition veut qu'on le regarde la tête en bas, entre ses jambes, pour que le banc de sable ressemble à un pont s'envolant vers le ciel.",京都府宮津市にある天橋立ビューランドは、リフトやモノレールで上る山頂の遊園地で、日本三景のひとつ、全長3.6キロの松並木の砂州・天橋立を見下ろせます。股の間から逆さまにのぞく「股のぞき」をすると、天橋立が天に舞い上がる龍のように見えることから「飛龍観」と呼ばれています。,,,Oui,Oui,
Goryokaku Park,Parc de Goryokaku,五稜郭公園,Castles,"41.7969, 140.7572",https://www.tiktok.com/@random_japan_place/video/7679841117407382807,"Located in Hakodate, Hokkaido, Goryokaku is a star-shaped Western-style fortress completed in 1864 and the site of the final battle of the Boshin War. Today its moats and ramparts form a park with around 1,500 cherry trees, and the best way to admire its perfect five-pointed shape is from the nearby Goryokaku Tower.","Situé à Hakodate, à Hokkaido, Goryokaku est une forteresse de style occidental en forme d'étoile, achevée en 1864 et théâtre de la dernière bataille de la guerre de Boshin. Aujourd'hui, ses douves et remparts forment un parc planté d'environ 1 500 cerisiers, et la meilleure façon d'admirer sa forme parfaite à cinq branches est de monter à la tour Goryokaku voisine.",北海道函館市にある五稜郭は、1864年に完成した星形の西洋式城郭で、戊辰戦争最後の戦いの舞台となりました。現在は堀と土塁に囲まれた公園になっていて約1500本の桜が咲き、隣の五稜郭タワーからは美しい星形を一望できます。,,,Oui,Oui,
Iya Valley Vine Bridge,Pont de lianes de la vallée d'Iya,祖谷のかずら橋,Bridges,"33.87509, 133.83542",https://www.tiktok.com/@random_japan_place/video/7681770829314575638,"Located in the remote Iya Valley in Miyoshi, Tokushima Prefecture, the Kazurabashi is a 45-meter suspension bridge woven from mountain vines, hanging about 14 meters above the Iya River. Rebuilt every three years using traditional techniques, it sways with every step, and crossing its widely spaced planks is a thrilling experience.","Situé dans la vallée isolée d'Iya, à Miyoshi (préfecture de Tokushima), le Kazurabashi est un pont suspendu de 45 mètres tressé avec des lianes de montagne, suspendu à environ 14 mètres au-dessus de la rivière Iya. Reconstruit tous les trois ans selon des techniques traditionnelles, il tangue à chaque pas, et traverser ses planches très espacées est une expérience palpitante.",徳島県三好市の秘境・祖谷渓にある祖谷のかずら橋は、山に自生するシラクチカズラで編まれた長さ45メートルの吊り橋で、祖谷川の水面から約14メートルの高さに架かっています。3年ごとに伝統の技法で架け替えられ、一歩ごとに揺れる橋と隙間の空いた足元は、スリル満点です。,,,Oui,Oui,
Onaruto Bridge,Pont d'Onaruto,大鳴門橋,Bridges,"34.2383, 134.6500",https://www.tiktok.com/@random_japan_place/video/7681391636559170839,"Spanning the Naruto Strait between Awaji Island in Hyogo Prefecture and Naruto in Tokushima Prefecture, the Onaruto Bridge is a 1,629-meter suspension bridge opened in 1985. Beneath it, powerful tidal currents create the famous Naruto whirlpools, which can reach up to 20 meters across and can be seen from boats or from a glass-floored walkway inside the bridge.","Enjambant le détroit de Naruto entre l'île d'Awaji (préfecture de Hyogo) et Naruto (préfecture de Tokushima), le pont d'Onaruto est un pont suspendu de 1 629 mètres inauguré en 1985. Sous le pont, de puissants courants de marée créent les célèbres tourbillons de Naruto, qui peuvent atteindre 20 mètres de diamètre, à observer en bateau ou depuis une passerelle au sol vitré à l'intérieur du pont.",兵庫県の淡路島と徳島県鳴門市を結ぶ大鳴門橋は、1985年に開通した全長1629メートルの吊り橋です。橋の下の鳴門海峡では激しい潮流によって直径最大20メートルにもなる「鳴門の渦潮」が発生し、観潮船や橋の中にあるガラス床の遊歩道「渦の道」から見ることができます。,,,Oui,Oui,
Mount Nantai,Mont Nantai,男体山,Mountains,"36.7651, 139.4909",https://www.tiktok.com/@random_japan_place/video/7680660106886794518,"Located in Nikko, Tochigi Prefecture, Mount Nantai is a 2,486-meter stratovolcano rising above Lake Chuzenji, worshipped for centuries as a sacred mountain. The summit belongs to Futarasan Shrine, whose climbing season opens every May, and the view from the top over Lake Chuzenji and the Nikko mountains is spectacular.","Situé à Nikko, dans la préfecture de Tochigi, le mont Nantai est un stratovolcan de 2 486 mètres qui domine le lac Chuzenji, vénéré depuis des siècles comme une montagne sacrée. Son sommet appartient au sanctuaire Futarasan, qui ouvre la saison d'ascension chaque mois de mai, et la vue sur le lac Chuzenji et les montagnes de Nikko y est spectaculaire.",栃木県日光市にある男体山は、中禅寺湖の北にそびえる標高2486メートルの成層火山で、古くから信仰の山として崇められてきました。山頂は日光二荒山神社の奥宮で、毎年5月に登拝の季節が始まり、頂上からは中禅寺湖や日光の山々を見渡す絶景が広がります。,,,Oui,Oui,
Hakuryu Lake,Lac Hakuryu,白龍湖,Lakes & Ponds,"33.452, 132.978",https://www.tiktok.com/@random_japan_place/video/7679484376530291990,"Located in Tsuno, Kochi Prefecture, at the foot of the Shikoku Karst, Hakuryu Lake is a small hidden pond with astonishingly clear cobalt-blue water. Its color comes from limestone in the ground, and with carp swimming through the transparent water it has been nicknamed Kochi's Monet Pond on social media.","Situé à Tsuno, dans la préfecture de Kochi, au pied du plateau karstique de Shikoku, le lac Hakuryu est un petit étang caché aux eaux bleu cobalt d'une clarté étonnante. Sa couleur vient du calcaire du sol, et avec les carpes qui nagent dans l'eau transparente, il est surnommé sur les réseaux sociaux « l'étang de Monet de Kochi ».",高知県津野町、四国カルストの麓にある白龍湖は、驚くほど透明なコバルトブルーの水をたたえた小さな秘境の池です。石灰岩を含む地質が青さの秘密で、透き通った水の中を鯉が泳ぐ姿から、SNSで「高知のモネの池」と呼ばれています。,,,Oui,Oui,
Kegon Falls,Chutes de Kegon,華厳の滝,Waterfalls,"36.7380, 139.5020",https://www.tiktok.com/@random_japan_place/video/7678793863124847894,"Located in Nikko, Tochigi Prefecture, Kegon Falls plunges 97 meters from Lake Chuzenji and is counted among Japan's three most famous waterfalls. An elevator descends to an observation deck at the base, offering a powerful view of the falls, which are surrounded by fiery colors in autumn and partly frozen in winter.","Situées à Nikko, dans la préfecture de Tochigi, les chutes de Kegon plongent de 97 mètres depuis le lac Chuzenji et comptent parmi les trois cascades les plus célèbres du Japon. Un ascenseur descend jusqu'à une plateforme d'observation au pied de la chute, pour une vue impressionnante, entourée de couleurs flamboyantes en automne et partiellement gelée en hiver.",栃木県日光市にある華厳の滝は、中禅寺湖から97メートルの高さを一気に流れ落ちる、日本三名瀑のひとつです。エレベーターで滝つぼ近くの観瀑台へ下りると迫力ある姿を間近に見られ、秋には燃えるような紅葉に、冬には一部が凍りついた姿に包まれます。,,,Oui,Oui,
Irabu Bridge,Pont d'Irabu,伊良部大橋,Bridges,"24.7967, 125.2395",https://www.tiktok.com/@random_japan_place/video/7673932250395725059,"Located in Miyakojima, Okinawa Prefecture, Irabu Bridge connects Miyako Island to Irabu Island and, at 3,540 meters, is the longest toll-free bridge in Japan. Opened in 2015, it gently curves and rises over an incredibly vivid turquoise sea, making the drive across one of the most beautiful in the country.","Situé à Miyakojima, dans la préfecture d'Okinawa, le pont d'Irabu relie l'île de Miyako à l'île d'Irabu ; avec ses 3 540 mètres, c'est le plus long pont gratuit du Japon. Inauguré en 2015, il ondule et s'élève doucement au-dessus d'une mer turquoise incroyablement vive, ce qui fait de sa traversée l'une des plus belles routes du pays.",沖縄県宮古島市にある伊良部大橋は、宮古島と伊良部島を結ぶ全長3540メートルの橋で、無料で渡れる橋としては日本最長です。2015年に開通し、鮮やかなエメラルドグリーンの海の上をゆるやかな曲線を描いて延びる、日本屈指の絶景ドライブコースです。,,,Oui,Oui,
Ishiharadake Fort,Fort d'Ishiharadake,石原岳堡塁跡,Historic Sites,"33.08743, 129.68733",https://www.tiktok.com/@random_japan_place/video/7671399770899909910,"Located in Saikai, Nagasaki Prefecture, inside Ishiharadake Forest Park, the Ishiharadake Fort is a stone fortress completed in 1899 to protect the entrance to Sasebo naval port. Never used in battle, its moss-covered stone walls and tunnels swallowed by the forest have earned it the nickname of Nagasaki's Laputa, after the Studio Ghibli film.","Situé à Saikai, dans la préfecture de Nagasaki, au cœur du parc forestier d'Ishiharadake, le fort d'Ishiharadake est une forteresse de pierre achevée en 1899 pour protéger l'entrée du port militaire de Sasebo. Jamais utilisé au combat, avec ses murs de pierre moussus et ses tunnels envahis par la forêt, il est surnommé le « Laputa de Nagasaki », en référence au film du Studio Ghibli.",長崎県西海市の石原岳森林公園内にある石原岳堡塁跡は、佐世保軍港の入口を守るため1899年に完成した石造りの要塞跡です。実戦で使われることはなく、苔むした石垣や森にのみこまれたトンネルが残る姿から、「長崎のラピュタ」とも呼ばれています。,,,Oui,Oui,
Kuroshima Church,Église de Kuroshima,黒島天主堂,Churches,"33.1392, 129.5370",https://www.tiktok.com/@random_japan_place/video/7671352595306319126,"Located on Kuroshima Island in Sasebo, Nagasaki Prefecture, Kuroshima Church is a red-brick Romanesque church completed in 1902, built largely by the island's Catholic community under French missionary Father Marmand. The island's village is part of the UNESCO World Heritage Hidden Christian Sites in the Nagasaki Region, and the church is an Important Cultural Property.","Située sur l'île de Kuroshima, à Sasebo (préfecture de Nagasaki), l'église de Kuroshima est une église romane en brique rouge achevée en 1902, construite en grande partie par la communauté catholique de l'île sous la direction du missionnaire français, le père Marmand. Le village de l'île fait partie des sites des chrétiens cachés de la région de Nagasaki, inscrits au patrimoine mondial de l'UNESCO, et l'église est un Bien culturel important.",長崎県佐世保市の黒島にある黒島天主堂は、1902年に完成した赤レンガのロマネスク様式の教会で、フランス人宣教師マルマン神父の指導のもと、島の信徒たちの手で建てられました。黒島の集落はユネスコ世界遺産「長崎と天草地方の潜伏キリシタン関連遺産」の構成資産で、天主堂は国の重要文化財に指定されています。,,,Oui,Oui,
Saiko Iyashi-no-Sato Nenba,Village de Saiko Iyashi-no-Sato Nenba,西湖いやしの里根場,Villages,"35.5050, 138.6700",https://www.tiktok.com/@random_japan_place/video/7666789924372286742,"Located near Lake Saiko in Fujikawaguchiko, Yamanashi Prefecture, Iyashi-no-Sato Nenba is a restored village of thatched-roof farmhouses rebuilt after a landslide destroyed the original hamlet in 1966. Its houses now host craft workshops, small museums and tea rooms, and on clear days Mount Fuji rises majestically behind the village.","Situé près du lac Saiko, à Fujikawaguchiko (préfecture de Yamanashi), Iyashi-no-Sato Nenba est un village de fermes aux toits de chaume reconstruit après qu'un glissement de terrain a détruit le hameau d'origine en 1966. Ses maisons abritent aujourd'hui des ateliers d'artisanat, de petits musées et des salons de thé, et par temps clair, le mont Fuji se dresse majestueusement derrière le village.",山梨県富士河口湖町、西湖のほとりにある西湖いやしの里根場は、1966年の土石流で失われた集落を茅葺き屋根の民家で再現した里です。民家では工芸体験や小さな資料館、茶屋などが営まれ、晴れた日には集落の背後に雄大な富士山が姿を見せます。,,,Oui,Oui,
Yakushima,Yakushima,屋久島,Islands,"30.3479, 130.5245",https://www.tiktok.com/@random_japan_place/video/7671589576997195030,"Located off the southern tip of Kyushu in Kagoshima Prefecture, Yakushima is a mountainous island covered in ancient cedar forests, listed as a UNESCO World Heritage Site in 1993. Its moss-covered Shiratani Unsuikyo ravine is said to have inspired Princess Mononoke, and hikers trek for hours to meet Jomon Sugi, a cedar thought to be thousands of years old.","Située au large de la pointe sud de Kyushu, dans la préfecture de Kagoshima, Yakushima est une île montagneuse couverte de forêts de cèdres millénaires, inscrite au patrimoine mondial de l'UNESCO en 1993. Son ravin moussu de Shiratani Unsuikyo aurait inspiré Princesse Mononoké, et les randonneurs marchent des heures pour rencontrer le Jomon Sugi, un cèdre âgé de plusieurs milliers d'années.",鹿児島県、九州本土の南の海に浮かぶ屋久島は、屋久杉の原生林に覆われた山深い島で、1993年にユネスコ世界遺産に登録されました。苔むした白谷雲水峡は『もののけ姫』の森のモデルともいわれ、樹齢数千年とされる縄文杉に会うため、多くの人が長い山道を歩きます。,,,Oui,Oui,
Sendai Daikannon,Grand Kannon de Sendai,仙台大観音,Statues,"38.3005, 140.8236",https://www.tiktok.com/@random_japan_place/video/7671333286488116502,"Located in Izumi Ward, Sendai, Miyagi Prefecture, the Sendai Daikannon is a gleaming white statue of Kannon, the goddess of mercy, standing 100 meters tall above a residential neighborhood. Completed in 1991, it is one of the tallest statues in the world, and visitors can take an elevator inside to see Buddhist statues on each floor and small windows looking out over the city.","Situé dans l'arrondissement d'Izumi, à Sendai (préfecture de Miyagi), le grand Kannon de Sendai est une statue d'un blanc éclatant de Kannon, déesse de la miséricorde, haute de 100 mètres, qui domine un quartier résidentiel. Achevée en 1991, c'est l'une des plus hautes statues du monde : un ascenseur permet de monter à l'intérieur pour découvrir des statues bouddhistes à chaque étage et de petites fenêtres donnant sur la ville.",宮城県仙台市泉区にある仙台大観音は、住宅街を見下ろすようにそびえる高さ100メートルの白い観音像です。1991年に完成した世界有数の巨大像で、内部はエレベーターで上ることができ、各階に安置された仏像や、小窓から見える仙台の街並みを楽しめます。,,,Oui,Oui,
Nagoro Scarecrow Village,Village des épouvantails de Nagoro,名頃かかしの里,Villages,"33.85495, 134.02147",https://www.tiktok.com/@random_japan_place/video/7671004930932477206,"Located deep in the Iya Valley in Miyoshi, Tokushima Prefecture, Nagoro is a tiny mountain hamlet where life-sized handmade scarecrows far outnumber the few remaining residents. Started by local resident Ayano Tsukimi to recreate villagers who had passed away or moved away, the dolls can be seen fishing, chatting at bus stops and even sitting in an old school classroom.","Situé au fond de la vallée d'Iya, à Miyoshi (préfecture de Tokushima), Nagoro est un minuscule hameau de montagne où les épouvantails grandeur nature faits à la main sont bien plus nombreux que les quelques habitants restants. Lancés par une habitante, Ayano Tsukimi, pour recréer les villageois décédés ou partis, ces personnages pêchent, bavardent aux arrêts de bus et s'assoient même dans une ancienne salle de classe.",徳島県三好市、祖谷の山奥にある名頃は、わずかな住民よりも手作りの等身大かかしの数のほうがずっと多い小さな集落です。住民の綾野月見さんが、亡くなったり村を離れたりした人たちの姿を再現しようと作り始めたもので、釣りをしたり、バス停でおしゃべりしたり、廃校の教室で授業を受けたりするかかしたちに出会えます。,,,Oui,Oui,
Iwami Ginzan Silver Mine,Mine d'argent d'Iwami Ginzan,石見銀山,Historic Sites,"35.09977, 132.4288",https://www.tiktok.com/@random_japan_place/video/7670602285709331734,"Located in Oda, Shimane Prefecture, Iwami Ginzan is a former silver mine that, at its peak in the 16th and 17th centuries, produced a large share of the world's silver. Listed as a UNESCO World Heritage Site in 2007, it lets visitors walk through the Ryugenji Mabu mine tunnel and stroll the preserved Edo-period streets of Omori town, all surrounded by forest.","Située à Oda, dans la préfecture de Shimane, Iwami Ginzan est une ancienne mine d'argent qui, à son apogée aux XVIe et XVIIe siècles, produisait une part importante de l'argent mondial. Inscrite au patrimoine mondial de l'UNESCO en 2007, elle permet de parcourir la galerie de mine Ryugenji Mabu et de flâner dans les rues préservées de l'époque d'Edo du bourg d'Omori, le tout au milieu de la forêt.",島根県大田市にある石見銀山は、16〜17世紀の最盛期には世界の銀の多くを産出したといわれる銀鉱山跡です。2007年にユネスコ世界遺産に登録され、坑道「龍源寺間歩」の見学や、江戸時代の町並みが残る大森の町歩きを、森に囲まれた中で楽しめます。,,,Oui,Oui,
Yuushien Garden,Jardin Yuushien,由志園,Gardens,"35.4907, 133.1752",https://www.tiktok.com/@random_japan_place/video/7669892774740692246,"Located on Daikonshima Island in Lake Nakaumi, Matsue, Shimane Prefecture, Yuushien is a traditional Japanese stroll garden famous for its peonies, which bloom all year round in a special hall. It is especially known for its spring pond covered with thousands of floating peony flowers and for its magical evening illuminations.","Situé sur l'île de Daikonshima, dans le lac Nakaumi à Matsue (préfecture de Shimane), Yuushien est un jardin japonais traditionnel célèbre pour ses pivoines, qui fleurissent toute l'année dans un pavillon spécial. Il est surtout connu pour son étang printanier recouvert de milliers de pivoines flottantes et pour ses illuminations nocturnes magiques.",島根県松江市、中海に浮かぶ大根島にある由志園は、一年中牡丹が咲く専用の館をもつ、牡丹で名高い日本庭園です。池の水面を数万輪の牡丹が埋め尽くす春の「池泉牡丹」や、幻想的な夜のライトアップで特に知られています。,,,Oui,Oui,
Hotel Iya Onsen,Hôtel Iya Onsen,ホテル祖谷温泉,Onsen,"33.9214, 133.8173",https://www.tiktok.com/@random_japan_place/video/7669490446178979094,"Located in the Iya Valley in Miyoshi, Tokushima Prefecture, Hotel Iya Onsen is famous for its open-air baths at the bottom of the gorge, reached by a small private cable car that descends about 170 meters down the cliff. Soaking in the hot spring beside the rushing Iya River, surrounded by steep green mountains, is an unforgettable experience.","Situé dans la vallée d'Iya, à Miyoshi (préfecture de Tokushima), l'hôtel Iya Onsen est célèbre pour ses bains en plein air au fond de la gorge, accessibles par un petit téléphérique privé qui descend d'environ 170 mètres le long de la falaise. Se prélasser dans l'eau chaude au bord de la rivière Iya, entouré de montagnes verdoyantes et escarpées, est une expérience inoubliable.",徳島県三好市の祖谷渓にあるホテル祖谷温泉は、専用ケーブルカーで断崖を約170メートル下った谷底にある露天風呂で有名です。切り立った緑の山々に囲まれ、祖谷川の清流のすぐそばで温泉につかるひとときは忘れられない体験になります。,,,Oui,Oui,
PL Peace Tower,Tour de la Paix PL,PL大平和祈念塔,Statues,"34.5022, 135.5859",https://www.tiktok.com/@random_japan_place/video/7668795987468602646,"Located in Tondabayashi, Osaka Prefecture, the PL Peace Tower is a 180-meter white tower built in 1970 by the Perfect Liberty religious organization to pray for world peace and honor the victims of all wars. Its unusual, almost futuristic silhouette can be seen from far across the southern Osaka plain, and it is lit up spectacularly during the PL fireworks festival.","Située à Tondabayashi, dans la préfecture d'Osaka, la tour de la Paix PL est une tour blanche de 180 mètres construite en 1970 par l'organisation religieuse Perfect Liberty pour prier pour la paix dans le monde et honorer les victimes de toutes les guerres. Sa silhouette insolite, presque futuriste, se voit de loin dans toute la plaine du sud d'Osaka.",大阪府富田林市にあるPL大平和祈念塔は、1970年にパーフェクトリバティー教団が世界平和と戦争犠牲者の慰霊を祈って建てた高さ180メートルの白い塔です。独特で未来的なシルエットは大阪南部の平野から遠くからでもよく見え、地域のランドマークになっています。,,,Oui,Oui,
Akanuma Pond,Étang Akanuma,赤沼,Lakes & Ponds,"37.65378, 140.08062",https://www.tiktok.com/@random_japan_place/video/7668018506386083095,"Located in Kitashiobara, Fukushima Prefecture, Akanuma is one of the Goshikinuma, the Five Colored Ponds of Urabandai, formed after the 1888 eruption of Mount Bandai. Rich in iron, its water gives a reddish-brown tint to the plants along its shores, contrasting beautifully with the blue and emerald ponds along the same forest trail.","Situé à Kitashiobara, dans la préfecture de Fukushima, Akanuma est l'un des Goshikinuma, les « cinq étangs colorés » d'Urabandai, nés après l'éruption du mont Bandai en 1888. Riche en fer, son eau donne une teinte rouge-brun aux plantes de ses rives, en beau contraste avec les étangs bleus et émeraude du même sentier forestier.",福島県北塩原村にある赤沼は、1888年の磐梯山噴火によって生まれた裏磐梯の「五色沼」のひとつです。鉄分を多く含む水のため岸辺の植物が赤茶色に染まり、同じ森の遊歩道沿いにある青やエメラルド色の沼と美しいコントラストを見せます。,,,Oui,Oui,
Tottori Sand Dunes,Dunes de Tottori,鳥取砂丘,Nature & Caves,"35.5413, 134.2277",https://www.tiktok.com/@random_japan_place/video/7667635236829662486,"Located in Tottori, Tottori Prefecture, the Tottori Sand Dunes stretch for about 16 kilometers along the Sea of Japan and are the largest dunes open to the public in Japan. Visitors can climb the 47-meter Horse's Back ridge for a view of the sea, try camel rides or sandboarding, and see the nearby Sand Museum's giant sand sculptures.","Situées à Tottori, dans la préfecture de Tottori, les dunes de Tottori s'étendent sur environ 16 kilomètres le long de la mer du Japon ; ce sont les plus grandes dunes ouvertes au public du pays. On peut gravir la crête de 47 mètres du « Dos de cheval » pour voir la mer, faire une balade à dos de chameau ou du sandboard, et admirer les sculptures géantes du musée du sable voisin.",鳥取県鳥取市にある鳥取砂丘は、日本海沿いに東西約16キロにわたって広がる、日本最大級の観光砂丘です。高さ47メートルの「馬の背」に登れば海を一望でき、ラクダ乗りやサンドボードを楽しんだり、近くの「砂の美術館」で巨大な砂像を見たりすることもできます。,,,Oui,Oui,
Ashino Park,Parc d'Ashino,芦野公園,Gardens,"40.9123, 140.4514",https://www.tiktok.com/@random_japan_place/video/7667266371968978198,"Located in Goshogawara, Aomori Prefecture, Ashino Park surrounds Lake Fujinoki and is renowned as one of the best cherry blossom spots in the Tsugaru region, with around 1,500 trees. In spring, the little Tsugaru Railway train runs right through a tunnel of cherry blossoms, and the park is also linked to writer Osamu Dazai, who played here as a child.","Situé à Goshogawara, dans la préfecture d'Aomori, le parc d'Ashino entoure le lac Fujinoki et compte parmi les meilleurs lieux de floraison des cerisiers de la région de Tsugaru, avec environ 1 500 arbres. Au printemps, le petit train de la ligne Tsugaru passe à travers un tunnel de cerisiers en fleurs, et le parc est aussi lié à l'écrivain Osamu Dazai, qui y jouait enfant.",青森県五所川原市にある芦野公園は、藤枝ため池を囲む公園で、約1500本の桜が咲く津軽地方屈指の桜の名所です。春には津軽鉄道の列車が桜のトンネルの中を走り抜け、幼いころにここで遊んだ作家・太宰治ゆかりの地としても知られています。,,,Oui,Oui,
Meiji Utsunoya Tunnel,Tunnel Meiji d'Utsunoya,明治宇津ノ谷隧道,Historic Sites,"34.93478, 138.30169",https://www.tiktok.com/@random_japan_place/video/7665802729398275350,"Located on the Utsunoya Pass between Shizuoka and Fujieda, Shizuoka Prefecture, the Meiji Utsunoya Tunnel was completed in 1876 as one of Japan's first toll road tunnels, and later rebuilt in brick. Lit by warm lanterns, its 200-meter brick passage feels like a trip back in time, and it was the first tunnel in Japan registered as a tangible cultural property.","Situé sur le col d'Utsunoya, entre Shizuoka et Fujieda (préfecture de Shizuoka), le tunnel Meiji d'Utsunoya a été achevé en 1876, l'un des premiers tunnels routiers à péage du Japon, puis reconstruit en brique. Éclairé par de chaleureuses lanternes, son passage de brique de 200 mètres donne l'impression de remonter le temps ; c'est le premier tunnel du Japon enregistré comme bien culturel.",静岡県静岡市と藤枝市の境、宇津ノ谷峠にある明治宇津ノ谷隧道は、1876年に日本初の有料トンネルのひとつとして開通し、のちにレンガ造りに改築されました。灯りがともる約200メートルのレンガのトンネルはまるでタイムスリップしたような雰囲気で、トンネルとして日本で初めて登録有形文化財になりました。,,,Oui,Oui,
Iiyama Snow Festival,Festival de la neige d'Iiyama,いいやま雪まつり,Festivals,"36.8517, 138.3656",https://www.tiktok.com/@random_japan_place/video/7665782160250522902,"Held every February in Iiyama, Nagano Prefecture, one of the snowiest towns in Japan, the Iiyama Snow Festival showcases giant snow sculptures created by local teams. Visitors can also see kamakura, traditional snow huts lit from inside by candles, where residents sometimes serve local food and warm drinks.","Organisé chaque mois de février à Iiyama, dans la préfecture de Nagano, l'une des villes les plus enneigées du Japon, le festival de la neige d'Iiyama présente des sculptures de neige géantes réalisées par des équipes locales. On peut aussi y voir des kamakura, ces huttes de neige traditionnelles éclairées de l'intérieur par des bougies, où les habitants servent parfois des plats locaux et des boissons chaudes.",日本有数の豪雪地帯、長野県飯山市で毎年2月に開かれる「いいやま雪まつり」では、地元の団体がつくる大きな雪像がずらりと並びます。ろうそくの灯りがともる伝統的な雪のドーム「かまくら」も見られ、中で郷土料理や温かい飲み物がふるまわれることもあります。,,,Oui,Oui,
Akagi Nanmen Senbonzakura,Les mille cerisiers d'Akagi Nanmen,赤城南面千本桜,Flowers,"36.46714, 139.18506",https://www.tiktok.com/@random_japan_place/video/7665051366464785686,"Located on the southern slopes of Mount Akagi in Maebashi, Gunma Prefecture, Akagi Nanmen Senbonzakura is a 1.3-kilometer road lined with about 1,000 cherry trees, selected among Japan's 100 best cherry blossom spots. In mid-April the trees form a pink tunnel, often paired with a bright yellow carpet of rapeseed flowers along the road.","Situés sur les pentes sud du mont Akagi, à Maebashi (préfecture de Gunma), les « mille cerisiers » d'Akagi Nanmen bordent une route de 1,3 kilomètre avec environ 1 000 arbres, classée parmi les 100 plus beaux sites de cerisiers du Japon. À la mi-avril, ils forment un tunnel rose, souvent accompagné d'un tapis jaune vif de fleurs de colza le long de la route.",群馬県前橋市、赤城山の南麓にある赤城南面千本桜は、約1.3キロの道沿いに約1000本の桜が並ぶ「日本さくら名所100選」のひとつです。4月中旬には桜のトンネルができ、沿道の菜の花の黄色いじゅうたんとの共演も楽しめます。,,,Oui,Oui,
Dōgo Onsen Annex Asuka-no-Yu,Dōgo Onsen – annexe Asuka-no-Yu,道後温泉別館 飛鳥乃湯泉,Onsen,"33.8516, 132.7862",https://www.tiktok.com/@random_japan_place/video/7664666980602957078,"Located in Matsuyama, Ehime Prefecture, Asuka-no-Yu is an annex of Dōgo Onsen, one of Japan's oldest hot springs with a history of some 3,000 years. Opened in 2017, its architecture is inspired by the Asuka period, and its baths and private rooms are decorated with traditional Ehime crafts such as Tobe porcelain and Iyo kasuri textiles.","Situé à Matsuyama, dans la préfecture d'Ehime, Asuka-no-Yu est une annexe de Dōgo Onsen, l'une des plus anciennes sources chaudes du Japon, avec quelque 3 000 ans d'histoire. Ouvert en 2017, son architecture s'inspire de l'époque d'Asuka, et ses bains et salons privés sont décorés d'artisanat traditionnel d'Ehime, comme la porcelaine de Tobe et les tissus Iyo kasuri.",愛媛県松山市にある道後温泉別館 飛鳥乃湯泉は、約3000年の歴史をもつ日本最古級の温泉・道後温泉の別館です。2017年に開業し、飛鳥時代の建築様式を取り入れた館内の浴室や個室は、砥部焼や伊予かすりなど愛媛の伝統工芸で彩られています。,,,Oui,Oui,
Okuoi Rainbow Bridge,Pont arc-en-ciel d'Okuoi,奥大井湖上駅とレインボーブリッジ,Bridges,"35.1680, 138.1810",https://www.tiktok.com/@random_japan_place/video/7664310510334053654,"Located in Kawanehon, Shizuoka Prefecture, the Okuoi Rainbow Bridge carries the little Oigawa Railway Ikawa Line across the emerald-green Sesshikyo Lake. Okuoikojo Station sits right in the middle, on a narrow peninsula surrounded by water, making it one of the most photogenic railway stations in Japan.","Situé à Kawanehon, dans la préfecture de Shizuoka, le pont arc-en-ciel d'Okuoi permet au petit train de la ligne Ikawa (Oigawa Railway) de traverser le lac Sesshikyo aux eaux vert émeraude. La gare d'Okuoikojo se trouve en plein milieu, sur une étroite presqu'île entourée d'eau, ce qui en fait l'une des gares les plus photogéniques du Japon.",静岡県川根本町にある奥大井レインボーブリッジは、大井川鐵道井川線の列車がエメラルドグリーンの接岨湖を渡る鉄橋です。湖に突き出た細い半島の上にある「奥大井湖上駅」は、湖に浮かんでいるように見える、日本屈指のフォトジェニックな駅です。,,,Oui,Oui,
Shiraito Falls,Chutes de Shiraito,白糸の滝,Waterfalls,"35.3130, 138.5872",https://www.tiktok.com/@random_japan_place/video/7663222364951350551,"Located in Fujinomiya, Shizuoka Prefecture, Shiraito Falls is a 150-meter-wide curved cliff where hundreds of thin streams of Mount Fuji's spring water pour down like white silk threads. Part of the Mount Fuji UNESCO World Heritage Site, the falls are especially beautiful on clear days when the snowy peak of Fuji appears above them.","Situées à Fujinomiya, dans la préfecture de Shizuoka, les chutes de Shiraito forment une falaise incurvée de 150 mètres de large d'où des centaines de fins filets d'eau de source du mont Fuji tombent comme des fils de soie blanche. Faisant partie du site du mont Fuji inscrit au patrimoine mondial de l'UNESCO, elles sont particulièrement belles par temps clair, quand le sommet enneigé du Fuji apparaît au-dessus.",静岡県富士宮市にある白糸の滝は、幅約150メートルの湾曲した岩壁から、富士山の湧き水が何百本もの白い絹糸のように流れ落ちる滝です。世界遺産「富士山」の構成資産でもあり、晴れた日には滝の上に雪をかぶった富士山が姿を見せ、ひときわ美しい景色になります。,,,Oui,Oui,
Fugaku Wind Cave,Grotte du vent de Fugaku,富岳風穴,Nature & Caves,"35.4775, 138.6575",https://www.tiktok.com/@random_japan_place/video/7663197308586102038,"Located in the Aokigahara forest in Fujikawaguchiko, Yamanashi Prefecture, Fugaku Wind Cave is a lava tube formed by an eruption of Mount Fuji over a thousand years ago. Staying around 3°C all year, it was once used as a natural refrigerator to store silkworm cocoons and seeds, and visitors can see ice pillars and rope-like lava formations inside.","Située dans la forêt d'Aokigahara, à Fujikawaguchiko (préfecture de Yamanashi), la grotte du vent de Fugaku est un tunnel de lave formé par une éruption du mont Fuji il y a plus de mille ans. Avec une température d'environ 3 °C toute l'année, elle servait autrefois de réfrigérateur naturel pour conserver cocons de vers à soie et graines, et l'on peut y voir des colonnes de glace et des coulées de lave cordées.",山梨県富士河口湖町の青木ヶ原樹海にある富岳風穴は、1000年以上前の富士山の噴火でできた溶岩洞窟です。一年を通して約3℃に保たれ、かつては蚕の繭や種の天然の貯蔵庫として使われていました。内部では氷柱や縄状の溶岩を見ることができます。,,,Oui,Oui,
Lake Yamanaka,Lac Yamanaka,山中湖,Lakes & Ponds,"35.4187, 138.8768",https://www.tiktok.com/@random_japan_place/video/7662037564949335318,"Located in Yamanakako, Yamanashi Prefecture, Lake Yamanaka is the largest and highest of the Fuji Five Lakes, sitting at about 980 meters above sea level. It offers some of the closest views of Mount Fuji, and in winter it is famous for the Diamond Fuji, when the sun sets exactly on the mountain's summit.","Situé à Yamanakako, dans la préfecture de Yamanashi, le lac Yamanaka est le plus grand et le plus haut des cinq lacs du Fuji, à environ 980 mètres d'altitude. Il offre l'une des vues les plus proches sur le mont Fuji, et il est célèbre en hiver pour le « Diamond Fuji », quand le soleil se couche exactement sur le sommet de la montagne.",山梨県山中湖村にある山中湖は、富士五湖の中で最も大きく、標高約980メートルと最も高い場所にある湖です。富士山を間近に望むことができ、冬には富士山頂に夕日が重なる「ダイヤモンド富士」の名所として知られています。,,,Oui,Oui,
Takaya Shrine,Sanctuaire Takaya,高屋神社,Shrines,"34.1523, 133.6499",https://www.tiktok.com/@random_japan_place/video/7662010480386428182,"Located on the summit of Mount Inazumi in Kanonji, Kagawa Prefecture, the upper shrine of Takaya Shrine is known for its Torii Gate in the Sky. Standing about 400 meters above sea level, the gate frames a sweeping view of the city of Kanonji and the Seto Inland Sea, especially stunning at sunset or above a sea of clouds.","Situé au sommet du mont Inazumi, à Kanonji (préfecture de Kagawa), le sanctuaire supérieur de Takaya est connu pour son « torii dans le ciel ». Perché à environ 400 mètres d'altitude, le portail encadre une vue panoramique sur la ville de Kanonji et la mer intérieure de Seto, particulièrement saisissante au coucher du soleil ou au-dessus d'une mer de nuages.",香川県観音寺市の稲積山の山頂にある高屋神社の本宮は、「天空の鳥居」で知られています。標高約400メートルに立つ鳥居からは観音寺の街並みと瀬戸内海を一望でき、夕暮れ時や雲海の日には特に息をのむ景色が広がります。,,,Oui,Oui,
Fukuroda Falls,Chutes de Fukuroda,袋田の滝,Waterfalls,"36.7646, 140.4073",https://www.tiktok.com/@random_japan_place/video/7661715350148418839,"Located in Daigo, Ibaraki Prefecture, Fukuroda Falls cascades 120 meters down four tiers of rock, which is why it is also called Yodo-no-taki, the four-step falls, and it ranks among Japan's three most famous waterfalls. A tunnel leads to viewing decks at its base, and in very cold winters the falls can freeze into a spectacular wall of ice.","Situées à Daigo, dans la préfecture d'Ibaraki, les chutes de Fukuroda dévalent 120 mètres sur quatre gradins de roche, d'où leur autre nom, Yodo-no-taki, la « cascade à quatre marches », et elles comptent parmi les trois cascades les plus célèbres du Japon. Un tunnel mène à des plateformes d'observation à leur pied, et lors des hivers très froids, la chute peut geler en un spectaculaire mur de glace.",茨城県大子町にある袋田の滝は、高さ120メートルの岩壁を4段に流れ落ちることから「四度の滝」とも呼ばれる、日本三名瀑のひとつです。トンネルを抜けた先の観瀑台から間近に眺めることができ、厳しい寒さの冬には滝全体が凍る「氷瀑」が見られることもあります。,,,Oui,Oui,
Noboribetsu Hell Valley,Vallée de l'Enfer de Noboribetsu,登別地獄谷,Onsen,"42.4976, 141.1453",https://www.tiktok.com/@random_japan_place/video/7659835068642397442,"Located in Noboribetsu, Hokkaido, Jigokudani, or Hell Valley, is a volcanic crater about 450 meters across, full of steaming vents, bubbling pools and sulfurous streams. It is the main source of Noboribetsu Onsen, one of Japan's most famous hot spring resorts, and wooden boardwalks let visitors explore its otherworldly landscape.","Située à Noboribetsu, à Hokkaido, Jigokudani, la « vallée de l'Enfer », est un cratère volcanique d'environ 450 mètres de diamètre rempli de fumerolles, de bassins bouillonnants et de ruisseaux soufrés. C'est la principale source de Noboribetsu Onsen, l'une des stations thermales les plus célèbres du Japon, et des passerelles en bois permettent d'explorer ce paysage d'un autre monde.",北海道登別市にある登別地獄谷は、直径約450メートルの爆裂火口で、噴気孔や煮えたぎる湯だまり、硫黄の流れがあちこちに見られます。日本有数の温泉地・登別温泉のおもな源泉で、木道を歩きながら、この世のものとは思えない景色を間近で見ることができます。,,,Oui,Oui,
Fuji Shibazakura Festival,Festival Fuji Shibazakura,富士芝桜まつり,Flowers,"35.4410, 138.5885",https://www.tiktok.com/@random_japan_place/video/7659091697707633942,"Held every spring near Lake Motosu in Fujikawaguchiko, Yamanashi Prefecture, the Fuji Shibazakura Festival covers the fields with around 500,000 moss phlox plants in shades of pink, white and purple. From mid-April to late May, the carpets of flowers stretch toward Mount Fuji, creating one of the most colorful views of the mountain.","Organisé chaque printemps près du lac Motosu, à Fujikawaguchiko (préfecture de Yamanashi), le festival Fuji Shibazakura recouvre les champs d'environ 500 000 phlox mousses aux teintes roses, blanches et violettes. De la mi-avril à la fin mai, ces tapis de fleurs s'étendent jusqu'au pied du mont Fuji, offrant l'une des vues les plus colorées de la montagne.",山梨県富士河口湖町、本栖湖の近くで毎年春に開かれる富士芝桜まつりでは、ピンク・白・紫の芝桜約50万株が会場一面を彩ります。4月中旬から5月下旬にかけて、花のじゅうたんの先に富士山がそびえる、色鮮やかな絶景が広がります。,,,Oui,Oui,
Hill of the Buddha,Colline du Bouddha,頭大仏,Statues,"42.92532, 141.37767",https://www.tiktok.com/@random_japan_place/video/7658359428789308694,"Located in the Makomanai Takino Cemetery in Sapporo, Hokkaido, the Hill of the Buddha is a 13.5-meter stone Buddha designed by architect Tadao Ando. The statue is surrounded by a hill planted with around 150,000 lavender plants, so that only its head peeks out, and visitors reach it through a long concrete tunnel, which gives it its nickname, Atama Daibutsu.","Située dans le cimetière de Makomanai Takino, à Sapporo (Hokkaido), la Colline du Bouddha abrite un bouddha de pierre de 13,5 mètres mis en scène par l'architecte Tadao Ando. La statue est entourée d'une colline plantée d'environ 150 000 pieds de lavande, si bien que seule sa tête dépasse, et on l'atteint par un long tunnel de béton, d'où son surnom d'Atama Daibutsu, le « Bouddha-tête ».",北海道札幌市の真駒内滝野霊園にある「頭大仏」は、建築家・安藤忠雄が設計した「大仏の丘」に鎮座する高さ13.5メートルの石の大仏です。約15万株のラベンダーが植えられた丘に囲まれて頭だけがのぞいていることからこう呼ばれ、長いコンクリートのトンネルを抜けて大仏のもとへ向かいます。,,,Oui,Oui,
Tōdai-ji Daibutsu-den,Tōdai-ji – Halle du Grand Bouddha,東大寺大仏殿,Temples,"34.6835, 135.8407",https://www.tiktok.com/@random_japan_place/video/7658356534505639190,"Located in Nara, Nara Prefecture, the Daibutsu-den is the Great Buddha Hall of Tōdai-ji temple, founded in the 8th century and part of a UNESCO World Heritage Site. It houses a 15-meter bronze statue of the Buddha Vairocana, and although rebuilt smaller in 1709, the hall is still one of the largest wooden buildings in the world.","Situé à Nara, dans la préfecture de Nara, le Daibutsu-den est la halle du Grand Bouddha du temple Tōdai-ji, fondé au VIIIe siècle et inscrit au patrimoine mondial de l'UNESCO. Il abrite une statue en bronze de 15 mètres du Bouddha Vairocana, et bien que reconstruit en plus petit en 1709, le bâtiment reste l'une des plus grandes constructions en bois du monde.",奈良県奈良市にある東大寺大仏殿は、8世紀に創建された東大寺の中心となるお堂で、ユネスコ世界遺産「古都奈良の文化財」の一部です。高さ約15メートルの盧舎那仏像（奈良の大仏）を安置し、1709年に規模を縮小して再建されたものの、今も世界最大級の木造建築です。,,,Oui,Oui,
Onion Island (Uzu no Oka),L'oignon géant d'Uzu no Oka,うずの丘 大鳴門橋記念館,Viewpoints,"34.2548, 134.6846",https://www.tiktok.com/@random_japan_place/video/7656854419396365590,"Located on the southern tip of Awaji Island in Minamiawaji, Hyogo Prefecture, Uzu no Oka is a hilltop viewpoint and museum overlooking the Onaruto Bridge and the Naruto Strait. It is famous for its giant onion-shaped photo spot, a tribute to Awaji's sweet onions, which you can sit inside for a fun picture with the sea behind you.","Situé à la pointe sud de l'île d'Awaji, à Minamiawaji (préfecture de Hyogo), Uzu no Oka est un belvédère et musée perché sur une colline, qui domine le pont d'Onaruto et le détroit de Naruto. Il est célèbre pour son oignon géant, un clin d'œil aux oignons doux d'Awaji, dans lequel on peut s'asseoir pour une photo amusante avec la mer en arrière-plan.",兵庫県南あわじ市、淡路島の南端にある「うずの丘 大鳴門橋記念館」は、大鳴門橋と鳴門海峡を見下ろす丘の上の展望施設です。淡路島名産の甘い玉ねぎにちなんだ巨大な「おっ玉葱」のモニュメントが人気で、中に座って海を背景に楽しい写真を撮ることができます。,,,Oui,Oui,
Heian Jingū,Sanctuaire Heian,平安神宮,Shrines,"35.0161, 135.7829",https://www.tiktok.com/@random_japan_place/video/7656517797115104534,"Located in Sakyo Ward, Kyoto, Heian Jingū was built in 1895 to celebrate the 1,100th anniversary of the founding of Kyoto, as a reduced-scale replica of the ancient imperial palace. It is famous for its giant vermilion torii, one of the largest in Japan, and for its beautiful strolling gardens with weeping cherry trees and a covered bridge over a pond.","Situé dans l'arrondissement de Sakyo, à Kyoto, le Heian Jingū a été construit en 1895 pour célébrer les 1 100 ans de la fondation de Kyoto, comme une réplique à échelle réduite de l'ancien palais impérial. Il est célèbre pour son torii vermillon géant, l'un des plus grands du Japon, et pour ses superbes jardins de promenade, avec leurs cerisiers pleureurs et leur pont couvert au-dessus d'un étang.",京都市左京区にある平安神宮は、平安遷都1100年を記念して1895年に創建され、平安京の朝堂院を縮小して再現した社殿をもつ神社です。日本有数の大きさを誇る朱色の大鳥居や、しだれ桜と池に架かる屋根付きの橋が美しい神苑で知られています。,,,Oui,Oui,
The Hells of Beppu,Les Enfers de Beppu,別府地獄めぐり,Onsen,"33.3159, 131.4697",https://www.tiktok.com/@random_japan_place/video/7655690260323585302,"Located in Beppu, Oita Prefecture, the Hells of Beppu are a group of spectacular hot springs meant for viewing rather than bathing, such as the cobalt-blue Umi Jigoku and the blood-red Chinoike Jigoku. Several are designated national scenic spots, and visitors can taste eggs and puddings steamed by the natural heat of the springs.","Situés à Beppu, dans la préfecture d'Oita, les Enfers de Beppu sont un ensemble de sources chaudes spectaculaires à admirer plutôt qu'à se baigner, comme Umi Jigoku, d'un bleu cobalt, ou Chinoike Jigoku, rouge sang. Plusieurs sont classés sites pittoresques nationaux, et on peut y goûter des œufs et des puddings cuits à la vapeur naturelle des sources.",大分県別府市にある「別府地獄めぐり」は、コバルトブルーの「海地獄」や真っ赤な「血の池地獄」など、入浴ではなく見て楽しむ迫力ある源泉の数々です。いくつかは国の名勝に指定されていて、温泉の蒸気で蒸した卵やプリンを味わうこともできます。,,,Oui,Oui,
Matsue Castle,Château de Matsue,松江城,Castles,"35.4751, 133.0508",https://www.tiktok.com/@random_japan_place/video/7653892463983119638,"Located in Matsue, Shimane Prefecture, Matsue Castle was completed in 1611 and is one of only twelve castles in Japan with an original keep, designated a National Treasure. Nicknamed the Black Castle for its dark wooden walls, it overlooks the city and Lake Shinji, and visitors can explore its moats on traditional Horikawa sightseeing boats.","Situé à Matsue, dans la préfecture de Shimane, le château de Matsue a été achevé en 1611 et fait partie des douze seuls châteaux du Japon ayant conservé leur donjon d'origine ; il est classé Trésor national. Surnommé le « château noir » pour ses murs en bois sombre, il domine la ville et le lac Shinji, et on peut parcourir ses douves à bord des bateaux traditionnels Horikawa.",島根県松江市にある松江城は、1611年に完成した城で、天守が現存する全国12城のひとつとして国宝に指定されています。黒い板張りの外観から「黒い城」とも呼ばれ、城下町と宍道湖を見下ろし、お堀を巡る「堀川遊覧船」からの眺めも楽しめます。,,,Oui,Oui,
Ibuki Tree Art Sculpture,Sculpture d'arbre d'Ibuki,伊吹の樹,Statues,"34.13015, 133.53454",https://www.tiktok.com/@random_japan_place/video/7691039736739269910,"Located on Ibuki Island in Kan'onji, Kagawa Prefecture, Ibuki no Ki (the Tree of Ibuki) is an artwork by Takashi Kuribayashi, created for the Setouchi Triennale and on display since 2019. The 7-metre tree lies on its side and its hollow trunk is lined with around 500 mirrors: look inside and it becomes a giant kaleidoscope reflecting the sky and the island. It stands on the site of the island's former debeya, where women once stayed around childbirth, and it symbolises a mother's womb.","Située sur l'île d'Ibuki, à Kan'onji dans la préfecture de Kagawa, « Ibuki no Ki » (l'Arbre d'Ibuki) est une œuvre de l'artiste Takashi Kuribayashi, créée pour la Triennale de Setouchi et exposée depuis 2019. Ce grand arbre de 7 mètres est couché sur le flanc, et son tronc creux est tapissé d'environ 500 miroirs : quand on regarde à l'intérieur, il devient un kaléidoscope géant qui reflète le ciel et l'île. Il occupe l'emplacement de l'ancien « debeya », la maison où les femmes de l'île séjournaient autour de leur accouchement, et symbolise le ventre maternel.",香川県観音寺市の伊吹島にある「伊吹の樹」は、瀬戸内国際芸術祭のために栗林隆さんが制作し、2019年から展示されているアート作品です。横たわる長さ7メートルの大樹の内側には約500枚の鏡が貼られ、中をのぞくと空や島の景色が万華鏡のように映し出されます。かつて出産前後の女性たちが過ごした「出部屋」の跡地に置かれ、樹は母親の子宮を表しています。,,,Oui,Oui,"🤖 Rempli par le robot (confiance : moyenne, position : Google Maps). Installation artistique de plein air située sur l'île d'Ibuki, liée à l'ambiance artistique insulaire de la région."
Shipporyu-ji,Temple Shipporyu-ji,七宝瀧寺,Temples,"34.33858, 135.38729",https://www.tiktok.com/@random_japan_place/video/7690679785537703190,"Located in Izumisano, Osaka Prefecture, Shipporyu-ji is the head temple of the Inunaki school of Shingon Buddhism. Hidden in the forested gorge of Mount Inunaki, this historic mountain temple is dedicated to Kurikara Fudo Myoo and lies along the Katsuragi 28 Shuku, an ancient pilgrimage route of mountain ascetics.","Situé à Izumisano, dans la préfecture d'Osaka, le temple Shipporyu-ji est le temple principal de l'école Inunaki du bouddhisme Shingon. Caché dans les gorges boisées du mont Inunaki, ce temple de montagne historique est dédié à Kurikara Fudo Myoo, et se trouve sur les Katsuragi 28 Shuku, un ancien chemin de pèlerinage des ascètes de la montagne.",大阪府泉佐野市にある七宝瀧寺は、真言宗犬鳴派の大本山です。犬鳴山の静かな山中に佇み、本尊として倶利伽羅大龍不動明王を祀る歴史ある寺院として知られています。,,,Oui,Oui,"🤖 Rempli par le robot (confiance : haute, position : Google Maps)."
Okama Crater,Cratère d'Okama,蔵王御釜,Lakes & Ponds,"38.13615, 140.44957",https://www.tiktok.com/@random_japan_place/video/7691439019229515030,"Perched near the summit of Mount Zao on the border between Miyagi and Yamagata Prefectures, Okama is a dramatic volcanic crater lake celebrated for its vibrant emerald waters. Nicknamed the 'Five Color Pond', its hues change constantly depending on the sunlight and weather. Surrounded by rugged volcanic crater walls, it offers one of the most iconic alpine landscapes in the Tohoku region.","Niché près du sommet du mont Zaō, à la frontière entre les préfectures de Miyagi et de Yamagata, le cratère d'Okama abrite un spectaculaire lac volcanique aux eaux d'un vert émeraude éclatant. Surnommé « l'étang aux cinq couleurs », ses reflets changent sans cesse selon l'ensoleillement et la météo. Ceinturé par des falaises volcaniques abruptes, il offre l'un des panoramas alpins les plus emblématiques de la région du Tōhoku.",宮城県と山形県の県境に位置する蔵王連峰の山頂付近にある「御釜」は、エメラルドグリーンの湖水が印象的な火口湖です。日光の当たり方や気象条件によって湖面の色合いが変化することから「五色沼」とも親しまれています。荒々しい火口壁に囲まれた神秘的な景観は、東北地方を代表する絶景スポットの一つです。,,https://en.wikipedia.org/wiki/Okama_Crater_Lake,Oui,Oui,"🤖 Rempli par le robot (confiance : haute, position : Google Maps)."
Mount Omuro,Mont Omuro,大室山,Mountains,"34.90418, 139.09629",https://www.tiktok.com/@random_japan_place/video/7691709951496064258,"Located in Ito, Shizuoka Prefecture, Mount Omuro is a striking 580-meter-high extinct volcano known for its smooth, symmetrical bowl shape resembling an inverted rice bowl. Covered in grass rather than trees due to a centuries-old annual mountain-burning tradition, it offers a scenic chairlift ride to the summit and a walking trail around its crater rim with panoramic ocean views.","Situé à Ito, dans la préfecture de Shizuoka, le mont Omuro est un volcan éteint remarquable culminant à 580 mètres, connu pour sa forme de cône symétrique rappelant un bol de riz inversé. Recouvert d'herbe plutôt que d'arbres en raison d'une tradition ancestrale de brûlage annuel, il offre un trajet en télésiège pittoresque jusqu'au sommet et un sentier circulaire le long de son cratère avec vue panoramique.",静岡県伊東市に位置する大室山は、お椀を伏せたような美しいおわん型の山容が特徴的な標高580メートルの火山です。700年以上続く伝統的な「山焼き」により樹木が育たず、一面が美しい草で覆われており、山頂へ向かうリフトや火口を一周する遊歩道からは素晴らしい景色が楽しめます。,,,Oui,Oui,"🤖 Rempli par le robot (confiance : haute, position : Google Maps). Catégorie à choisir."
Muro-ji,Murō-ji,室生寺,Temples,"34.53774, 136.04064",https://www.tiktok.com/@random_japan_place/video/7692105926723030294,"Located in Uda, Nara Prefecture, Murō-ji is a historic Shingon Buddhist temple nestled on the slopes of Mount Murō. Known affectionately as 'Nyaku Kōya' (Women's Koya), the serene mountain complex is home to one of the oldest standing five-storied pagodas in Japan. Surrounded by lush nature, the temple offers a deeply peaceful atmosphere that has drawn pilgrims and visitors for centuries.","Situé à Uda, dans la préfecture de Nara, le Murō-ji est un temple bouddhiste Shingon niché sur les flancs du mont Murō. Surnommé affectueusement le « Koya des femmes », ce paisible complexe de montagne abrite l'une des plus anciennes pagodes à cinq étages encore debout au Japon. Entouré d'une nature luxuriante, le site offre une atmosphère profondément sereine qui attire les pèlerins et les visiteurs depuis des siècles.",奈良県宇陀市の室生山山腹に位置する室生寺は、豊かな自然に囲まれた歴史ある真言宗の寺院です。「女人高野」の別称でも知られ、境内には国内最古級の美しい五重塔が佇んでいます。静寂に包まれた落ち着いた雰囲気の中で、訪れる人々を魅了し続けています。,,https://en.wikipedia.org/wiki/Mur%C5%8D-ji,Oui,Oui,"🤖 Rempli par le robot (confiance : haute, position : Google Maps)."
,,,,,,,,,,,Oui,,
,,,,,,,,,,,Oui,,
,,,,,,,,,,,Oui,,
,,,,,,,,,,,Oui,,
,,,,,,,,,,,Oui,,
,,,,,,,,,,,Oui,,
,,,,,,,,,,,Oui,,
,,,,,,,,,,,Oui,,
,,,,,,,,,,,Oui,,
,,,,,,,,,,,Oui,,
,,,,,,,,,,,Oui,,
,,,,,,,,,,,Oui,,
,,,,,,,,,,,Oui,,
,,,,,,,,,,,Oui,,
,,,,,,,,,,,Oui,,
,,,,,,,,,,,Oui,,
,,,,,,,,,,,Oui,,
,,,,,,,,,,,Oui,,
,,,,,,,,,,,Oui,,
,,,,,,,,,,,Oui,,
,,,,,,,,,,,Oui,,
,,,,,,,,,,,Oui,,
,,,,,,,,,,,Oui,,
,,,,,,,,,,,Oui,,
,,,,,,,,,,,Oui,,
,,,,,,,,,,,Oui,,
,,,,,,,,,,,Oui,,
,,,,,,,,,,,Oui,,
,,,,,,,,,,,Oui,,
,,,,,,,,,,,Oui,,
,,,,,,,,,,,Oui,,
,,,,,,,,,,,Oui,,
,,,,,,,,,,,Oui,,
,,,,,,,,,,,Oui,,
,,,,,,,,,,,Oui,,
,,,,,,,,,,,Oui,,
,,,,,,,,,,,Oui,,
,,,,,,,,,,,Oui,,
,,,,,,,,,,,Oui,,
,,,,,,,,,,,Oui,,
,,,,,,,,,,,Oui,,
,,,,,,,,,,,Oui,,
,,,,,,,,,,,Oui,,
,,,,,,,,,,,Oui,,
,,,,,,,,,,,Oui,,
,,,,,,,,,,,Oui,,
,,,,,,,,,,,Oui,,
,,,,,,,,,,,Oui,,
,,,,,,,,,,,Oui,,
,,,,,,,,,,,Oui,,
,,,,,,,,,,,Oui,,
,,,,,,,,,,,Oui,,
,,,,,,,,,,,Oui,,
,,,,,,,,,,,Oui,,
,,,,,,,,,,,Oui,,
,,,,,,,,,,,Oui,,
,,,,,,,,,,,Oui,,
,,,,,,,,,,,Oui,,
,,,,,,,,,,,Oui,,
,,,,,,,,,,,Oui,,
,,,,,,,,,,,Oui,,
,,,,,,,,,,,Oui,,
,,,,,,,,,,,Oui,,
,,,,,,,,,,,Oui,,
,,,,,,,,,,,Oui,,
,,,,,,,,,,,Oui,,
,,,,,,,,,,,Oui,,
,,,,,,,,,,,Oui,,
,,,,,,,,,,,Oui,,
,,,,,,,,,,,Oui,,
,,,,,,,,,,,Oui,,
,,,,,,,,,,,Oui,,
,,,,,,,,,,,Oui,,
,,,,,,,,,,,Oui,,
,,,,,,,,,,,Oui,,
,,,,,,,,,,,Oui,,
,,,,,,,,,,,Oui,,
,,,,,,,,,,,Oui,,
,,,,,,,,,,,Oui,,
,,,,,,,,,,,Oui,,
,,,,,,,,,,,Oui,,
,,,,,,,,,,,Oui,,
,,,,,,,,,,,Oui,,
,,,,,,,,,,,Oui,,
,,,,,,,,,,,Oui,,
,,,,,,,,,,,Oui,,
,,,,,,,,,,,Oui,,
,,,,,,,,,,,Oui,,
,,,,,,,,,,,Oui,,
,,,,,,,,,,,Oui,,
,,,,,,,,,,,Oui,,
,,,,,,,,,,,Oui,,
,,,,,,,,,,,Oui,,
,,,,,,,,,,,Oui,,
,,,,,,,,,,,Oui,,
,,,,,,,,,,,Oui,,
,,,,,,,,,,,Oui,,
,,,,,,,,,,,Oui,,
,,,,,,,,,,,Oui,,
,,,,,,,,,,,Oui,,
,,,,,,,,,,,Oui,,
,,,,,,,,,,,Oui,,
,,,,,,,,,,,Oui,,
,,,,,,,,,,,Oui,,
,,,,,,,,,,,Oui,,
,,,,,,,,,,,Oui,,
,,,,,,,,,,,Oui,,
,,,,,,,,,,,Oui,,
,,,,,,,,,,,Oui,,
,,,,,,,,,,,Oui,,
,,,,,,,,,,,Oui,,
,,,,,,,,,,,Oui,,
,,,,,,,,,,,Oui,,
,,,,,,,,,,,Oui,,
,,,,,,,,,,,Oui,,
,,,,,,,,,,,Oui,,
,,,,,,,,,,,Oui,,
,,,,,,,,,,,Oui,,
,,,,,,,,,,,Oui,,
,,,,,,,,,,,Oui,,
,,,,,,,,,,,Oui,,
,,,,,,,,,,,Oui,,
,,,,,,,,,,,Oui,,
,,,,,,,,,,,Oui,,
,,,,,,,,,,,Oui,,
,,,,,,,,,,,Oui,,
,,,,,,,,,,,Oui,,
,,,,,,,,,,,Oui,,
,,,,,,,,,,,Oui,,
,,,,,,,,,,,Oui,,
,,,,,,,,,,,Oui,,
,,,,,,,,,,,Oui,,
,,,,,,,,,,,Oui,,
,,,,,,,,,,,Oui,,
,,,,,,,,,,,Oui,,
,,,,,,,,,,,Oui,,
,,,,,,,,,,,Oui,,
,,,,,,,,,,,Oui,,
,,,,,,,,,,,Oui,,
,,,,,,,,,,,Oui,,
,,,,,,,,,,,Oui,,
,,,,,,,,,,,Oui,,
,,,,,,,,,,,Oui,,
,,,,,,,,,,,Oui,,
,,,,,,,,,,,Oui,,
,,,,,,,,,,,Oui,,
,,,,,,,,,,,Oui,,
,,,,,,,,,,,Oui,,
,,,,,,,,,,,Oui,,
,,,,,,,,,,,Oui,,
,,,,,,,,,,,Oui,,
,,,,,,,,,,,Oui,,
,,,,,,,,,,,Oui,,
,,,,,,,,,,,Oui,,
,,,,,,,,,,,Oui,,
,,,,,,,,,,,Oui,,
,,,,,,,,,,,Oui,,
,,,,,,,,,,,Oui,,
,,,,,,,,,,,Oui,,
,,,,,,,,,,,Oui,,
,,,,,,,,,,,Oui,,
,,,,,,,,,,,Oui,,
,,,,,,,,,,,Oui,,
,,,,,,,,,,,Oui,,
,,,,,,,,,,,Oui,,
,,,,,,,,,,,Oui,,
,,,,,,,,,,,Oui,,
,,,,,,,,,,,Oui,,
,,,,,,,,,,,Oui,,
,,,,,,,,,,,Oui,,
,,,,,,,,,,,Oui,,
,,,,,,,,,,,Oui,,
,,,,,,,,,,,Oui,,
,,,,,,,,,,,Oui,,
,,,,,,,,,,,Oui,,
,,,,,,,,,,,Oui,,
,,,,,,,,,,,Oui,,
,,,,,,,,,,,Oui,,
,,,,,,,,,,,Oui,,
,,,,,,,,,,,Oui,,
,,,,,,,,,,,Oui,,
,,,,,,,,,,,Oui,,
,,,,,,,,,,,Oui,,
,,,,,,,,,,,Oui,,
,,,,,,,,,,,Oui,,
,,,,,,,,,,,Oui,,
,,,,,,,,,,,Oui,,
,,,,,,,,,,,Oui,,
,,,,,,,,,,,Oui,,
,,,,,,,,,,,Oui,,
,,,,,,,,,,,Oui,,
,,,,,,,,,,,Oui,,
,,,,,,,,,,,Oui,,
,,,,,,,,,,,Oui,,
,,,,,,,,,,,Oui,,
,,,,,,,,,,,Oui,,
,,,,,,,,,,,Oui,,
,,,,,,,,,,,Oui,,
,,,,,,,,,,,Oui,,
,,,,,,,,,,,Oui,,
,,,,,,,,,,,Oui,,
,,,,,,,,,,,Oui,,
,,,,,,,,,,,Oui,,
,,,,,,,,,,,Oui,,
,,,,,,,,,,,Oui,,
,,,,,,,,,,,Oui,,
,,,,,,,,,,,Oui,,
,,,,,,,,,,,Oui,,
,,,,,,,,,,,Oui,,
,,,,,,,,,,,Oui,,
,,,,,,,,,,,Oui,,
,,,,,,,,,,,Oui,,
,,,,,,,,,,,Oui,,
,,,,,,,,,,,Oui,,
,,,,,,,,,,,Oui,,
,,,,,,,,,,,Oui,,
,,,,,,,,,,,Oui,,
,,,,,,,,,,,Oui,,
,,,,,,,,,,,Oui,,
,,,,,,,,,,,Oui,,
,,,,,,,,,,,Oui,,
,,,,,,,,,,,Oui,,
,,,,,,,,,,,Oui,,
,,,,,,,,,,,Oui,,
,,,,,,,,,,,Oui,,
,,,,,,,,,,,Oui,,
,,,,,,,,,,,Oui,,
,,,,,,,,,,,Oui,,
,,,,,,,,,,,Oui,,
,,,,,,,,,,,Oui,,
,,,,,,,,,,,Oui,,
,,,,,,,,,,,Oui,,
,,,,,,,,,,,Oui,,
,,,,,,,,,,,Oui,,
,,,,,,,,,,,Oui,,
,,,,,,,,,,,Oui,,
,,,,,,,,,,,Oui,,
,,,,,,,,,,,Oui,,
,,,,,,,,,,,Oui,,
,,,,,,,,,,,Oui,,
,,,,,,,,,,,Oui,,
,,,,,,,,,,,Oui,,
,,,,,,,,,,,Oui,,
,,,,,,,,,,,Oui,,
,,,,,,,,,,,Oui,,
,,,,,,,,,,,Oui,,
,,,,,,,,,,,Oui,,
,,,,,,,,,,,Oui,,
,,,,,,,,,,,Oui,,
,,,,,,,,,,,Oui,,
,,,,,,,,,,,Oui,,
,,,,,,,,,,,Oui,,
,,,,,,,,,,,Oui,,
,,,,,,,,,,,Oui,,
,,,,,,,,,,,Oui,,
,,,,,,,,,,,Oui,,
,,,,,,,,,,,Oui,,
,,,,,,,,,,,Oui,,
,,,,,,,,,,,Oui,,
,,,,,,,,,,,Oui,,
,,,,,,,,,,,Oui,,
,,,,,,,,,,,Oui,,
,,,,,,,,,,,Oui,,
,,,,,,,,,,,Oui,,
,,,,,,,,,,,Oui,,
,,,,,,,,,,,Oui,,
,,,,,,,,,,,Oui,,
,,,,,,,,,,,Oui,,
,,,,,,,,,,,Oui,,
,,,,,,,,,,,Oui,,
,,,,,,,,,,,Oui,,
,,,,,,,,,,,Oui,,
,,,,,,,,,,,Oui,,
,,,,,,,,,,,Oui,,
,,,,,,,,,,,Oui,,
,,,,,,,,,,,Oui,,
,,,,,,,,,,,Oui,,
,,,,,,,,,,,Oui,,
,,,,,,,,,,,Oui,,
,,,,,,,,,,,Oui,,
,,,,,,,,,,,Oui,,
,,,,,,,,,,,Oui,,
,,,,,,,,,,,Oui,,
,,,,,,,,,,,Oui,,
,,,,,,,,,,,Oui,,
,,,,,,,,,,,Oui,,
,,,,,,,,,,,Oui,,
,,,,,,,,,,,Oui,,
,,,,,,,,,,,Oui,,
,,,,,,,,,,,Oui,,
,,,,,,,,,,,Oui,,
,,,,,,,,,,,Oui,,
,,,,,,,,,,,Oui,,
,,,,,,,,,,,Oui,,
,,,,,,,,,,,Oui,,
,,,,,,,,,,,Oui,,
,,,,,,,,,,,Oui,,
,,,,,,,,,,,Oui,,
,,,,,,,,,,,Oui,,
,,,,,,,,,,,Oui,,
,,,,,,,,,,,Oui,,
,,,,,,,,,,,Oui,,
,,,,,,,,,,,Oui,,
,,,,,,,,,,,Oui,,
,,,,,,,,,,,Oui,,
,,,,,,,,,,,Oui,,
,,,,,,,,,,,Oui,,
,,,,,,,,,,,Oui,,
,,,,,,,,,,,Oui,,
,,,,,,,,,,,Oui,,
,,,,,,,,,,,Oui,,
,,,,,,,,,,,Oui,,
,,,,,,,,,,,Oui,,
,,,,,,,,,,,Oui,,
,,,,,,,,,,,Oui,,
,,,,,,,,,,,Oui,,
,,,,,,,,,,,Oui,,
,,,,,,,,,,,Oui,,
,,,,,,,,,,,Oui,,
,,,,,,,,,,,Oui,,
,,,,,,,,,,,Oui,,
,,,,,,,,,,,Oui,,
,,,,,,,,,,,Oui,,
,,,,,,,,,,,Oui,,
,,,,,,,,,,,Oui,,
,,,,,,,,,,,Oui,,
,,,,,,,,,,,Oui,,
,,,,,,,,,,,Oui,,
,,,,,,,,,,,Oui,,
,,,,,,,,,,,Oui,,
,,,,,,,,,,,Oui,,
,,,,,,,,,,,Oui,,
,,,,,,,,,,,Oui,,
,,,,,,,,,,,Oui,,
,,,,,,,,,,,Oui,,
,,,,,,,,,,,Oui,,
,,,,,,,,,,,Oui,,
,,,,,,,,,,,Oui,,
,,,,,,,,,,,Oui,,
,,,,,,,,,,,Oui,,
,,,,,,,,,,,Oui,,
,,,,,,,,,,,Oui,,
,,,,,,,,,,,Oui,,
,,,,,,,,,,,Oui,,
,,,,,,,,,,,Oui,,
,,,,,,,,,,,Oui,,
,,,,,,,,,,,Oui,,
,,,,,,,,,,,Oui,,
,,,,,,,,,,,Oui,,
,,,,,,,,,,,Oui,,
,,,,,,,,,,,Oui,,
,,,,,,,,,,,Oui,,
,,,,,,,,,,,Oui,,
,,,,,,,,,,,Oui,,
,,,,,,,,,,,Oui,,
,,,,,,,,,,,Oui,,
,,,,,,,,,,,Oui,,
,,,,,,,,,,,Oui,,
,,,,,,,,,,,Oui,,
,,,,,,,,,,,Oui,,
,,,,,,,,,,,Oui,,
,,,,,,,,,,,Oui,,
,,,,,,,,,,,Oui,,
,,,,,,,,,,,Oui,,
,,,,,,,,,,,Oui,,
,,,,,,,,,,,Oui,,
,,,,,,,,,,,Oui,,
,,,,,,,,,,,Oui,,
,,,,,,,,,,,Oui,,
,,,,,,,,,,,Oui,,
,,,,,,,,,,,Oui,,
,,,,,,,,,,,Oui,,
,,,,,,,,,,,Oui,,
,,,,,,,,,,,Oui,,
,,,,,,,,,,,Oui,,
,,,,,,,,,,,Oui,,
,,,,,,,,,,,Oui,,
,,,,,,,,,,,Oui,,
,,,,,,,,,,,Oui,,
,,,,,,,,,,,Oui,,
,,,,,,,,,,,Oui,,
,,,,,,,,,,,Oui,,
,,,,,,,,,,,Oui,,
,,,,,,,,,,,Oui,,
,,,,,,,,,,,Oui,,
,,,,,,,,,,,Oui,,
,,,,,,,,,,,Oui,,
,,,,,,,,,,,Oui,,
,,,,,,,,,,,Oui,,
,,,,,,,,,,,Oui,,
,,,,,,,,,,,Oui,,
,,,,,,,,,,,Oui,,
,,,,,,,,,,,Oui,,
,,,,,,,,,,,Oui,,
,,,,,,,,,,,Oui,,
,,,,,,,,,,,Oui,,
,,,,,,,,,,,Oui,,
,,,,,,,,,,,Oui,,
,,,,,,,,,,,Oui,,
,,,,,,,,,,,Oui,,
,,,,,,,,,,,Oui,,
,,,,,,,,,,,Oui,,
,,,,,,,,,,,Oui,,
,,,,,,,,,,,Oui,,
,,,,,,,,,,,Oui,,
,,,,,,,,,,,Oui,,
,,,,,,,,,,,Oui,,
,,,,,,,,,,,Oui,,
,,,,,,,,,,,Oui,,
,,,,,,,,,,,Oui,,
,,,,,,,,,,,Oui,,
,,,,,,,,,,,Oui,,
,,,,,,,,,,,Oui,,
,,,,,,,,,,,Oui,,
,,,,,,,,,,,Oui,,
,,,,,,,,,,,Oui,,
,,,,,,,,,,,Oui,,
,,,,,,,,,,,Oui,,
,,,,,,,,,,,Oui,,
,,,,,,,,,,,Oui,,
,,,,,,,,,,,Oui,,
,,,,,,,,,,,Oui,,
,,,,,,,,,,,Oui,,
,,,,,,,,,,,Oui,,
,,,,,,,,,,,Oui,,
,,,,,,,,,,,Oui,,
,,,,,,,,,,,Oui,,
,,,,,,,,,,,Oui,,
,,,,,,,,,,,Oui,,
,,,,,,,,,,,Oui,,
,,,,,,,,,,,Oui,,
,,,,,,,,,,,Oui,,
,,,,,,,,,,,Oui,,
,,,,,,,,,,,Oui,,
,,,,,,,,,,,Oui,,
,,,,,,,,,,,Oui,,
,,,,,,,,,,,Oui,,
,,,,,,,,,,,Oui,,
,,,,,,,,,,,Oui,,
,,,,,,,,,,,Oui,,
,,,,,,,,,,,Oui,,
,,,,,,,,,,,Oui,,
,,,,,,,,,,,Oui,,
,,,,,,,,,,,Oui,,
,,,,,,,,,,,Oui,,
,,,,,,,,,,,Oui,,
,,,,,,,,,,,Oui,,
,,,,,,,,,,,Oui,,
,,,,,,,,,,,Oui,,
,,,,,,,,,,,Oui,,
,,,,,,,,,,,Oui,,
,,,,,,,,,,,Oui,,
,,,,,,,,,,,Oui,,
,,,,,,,,,,,Oui,,
,,,,,,,,,,,Oui,,
,,,,,,,,,,,Oui,,
,,,,,,,,,,,Oui,,
,,,,,,,,,,,Oui,,
,,,,,,,,,,,Oui,,
,,,,,,,,,,,Oui,,
,,,,,,,,,,,Oui,,
,,,,,,,,,,,Oui,,
,,,,,,,,,,,Oui,,
,,,,,,,,,,,Oui,,
,,,,,,,,,,,Oui,,
,,,,,,,,,,,Oui,,
,,,,,,,,,,,Oui,,
,,,,,,,,,,,Oui,,
,,,,,,,,,,,Oui,,
,,,,,,,,,,,Oui,,
,,,,,,,,,,,Oui,,
,,,,,,,,,,,Oui,,
,,,,,,,,,,,Oui,,
,,,,,,,,,,,Oui,,
,,,,,,,,,,,Oui,,
,,,,,,,,,,,Oui,,
,,,,,,,,,,,Oui,,
,,,,,,,,,,,Oui,,
,,,,,,,,,,,Oui,,
,,,,,,,,,,,Oui,,
,,,,,,,,,,,Oui,,
,,,,,,,,,,,Oui,,
,,,,,,,,,,,Oui,,
,,,,,,,,,,,Oui,,
,,,,,,,,,,,Oui,,
,,,,,,,,,,,Oui,,
,,,,,,,,,,,Oui,,
,,,,,,,,,,,Oui,,
,,,,,,,,,,,Oui,,
,,,,,,,,,,,Oui,,
,,,,,,,,,,,Oui,,
,,,,,,,,,,,Oui,,
,,,,,,,,,,,Oui,,
,,,,,,,,,,,Oui,,
,,,,,,,,,,,Oui,,